hcp_id,engagement_date,channel,engagement_successful
1,2025-01-16 17:00:00,email,1
1,2025-02-21 16:00:00,email,1
1,2025-02-25 16:00:00,email,0
1,2025-03-13 14:00:00,email,0
1,2025-03-25 11:00:00,email,0
1,2025-04-28 14:00:00,rep_visit,0
1,2025-05-14 17:00:00,webinar,0
1,2025-06-18 16:00:00,email,0
1,2025-06-26 09:00:00,phone_call,0
1,2025-07-17 10:00:00,phone_call,0
1,2025-08-15 11:00:00,rep_visit,0
1,2025-08-20 14:00:00,webinar,0
1,2025-08-26 14:00:00,email,0
1,2025-09-05 11:00:00,phone_call,0
1,2025-09-10 17:00:00,email,0
1,2025-09-23 12:00:00,email,0
1,2025-10-02 16:00:00,email,0
1,2025-10-16 11:00:00,phone_call,0
1,2025-10-23 15:00:00,webinar,0
1,2025-11-07 08:00:00,webinar,1
1,2025-11-10 10:00:00,digital_ad,0
1,2025-12-15 08:00:00,rep_visit,0
1,2025-12-26 10:00:00,webinar,1
2,2025-01-31 08:00:00,email,0
2,2025-03-12 16:00:00,phone_call,0
2,2025-04-02 12:00:00,email,0
2,2025-04-17 10:00:00,webinar,0
2,2025-04-25 14:00:00,digital_ad,0
2,2025-05-14 13:00:00,phone_call,1
2,2025-05-26 16:00:00,webinar,0
2,2025-06-18 09:00:00,rep_visit,0
2,2025-07-23 09:00:00,digital_ad,0
2,2025-09-08 16:00:00,email,0
2,2025-09-29 10:00:00,phone_call,0
3,2025-01-15 14:00:00,email,0
3,2025-02-13 13:00:00,email,0
3,2025-03-12 13:00:00,digital_ad,0
3,2025-03-19 17:00:00,email,0
3,2025-03-26 17:00:00,digital_ad,0
3,2025-04-02 15:00:00,webinar,0
3,2025-04-09 12:00:00,digital_ad,0
3,2025-04-16 16:00:00,email,0
3,2025-05-22 14:00:00,webinar,0
3,2025-06-13 11:00:00,phone_call,0
3,2025-06-23 14:00:00,digital_ad,0
3,2025-07-04 09:00:00,email,0
3,2025-07-07 12:00:00,email,0
3,2025-07-14 10:00:00,phone_call,0
3,2025-07-29 17:00:00,digital_ad,0
3,2025-08-04 13:00:00,digital_ad,0
3,2025-08-21 10:00:00,digital_ad,0
3,2025-09-01 10:00:00,email,0
3,2025-09-12 12:00:00,digital_ad,0
3,2025-09-18 12:00:00,digital_ad,0
3,2025-09-24 13:00:00,rep_visit,1
3,2025-10-10 13:00:00,digital_ad,0
3,2025-10-15 14:00:00,webinar,0
3,2025-10-22 12:00:00,digital_ad,0
3,2025-10-31 17:00:00,digital_ad,0
3,2025-11-19 13:00:00,rep_visit,0
3,2025-11-28 12:00:00,digital_ad,0
3,2025-12-05 08:00:00,digital_ad,0
3,2025-12-11 17:00:00,phone_call,0
3,2025-12-25 08:00:00,digital_ad,0
4,2025-01-16 12:00:00,webinar,1
4,2025-01-23 14:00:00,webinar,0
4,2025-01-28 15:00:00,rep_visit,1
4,2025-02-27 13:00:00,phone_call,1
4,2025-03-21 12:00:00,webinar,0
4,2025-03-26 09:00:00,email,0
4,2025-05-08 17:00:00,phone_call,0
4,2025-05-21 12:00:00,email,0
4,2025-06-02 08:00:00,email,1
4,2025-06-20 11:00:00,email,1
4,2025-07-09 17:00:00,webinar,0
4,2025-07-14 09:00:00,webinar,0
4,2025-08-06 17:00:00,webinar,1
4,2025-09-10 11:00:00,email,0
4,2025-09-30 09:00:00,phone_call,1
4,2025-10-08 16:00:00,digital_ad,0
4,2025-10-16 13:00:00,digital_ad,0
4,2025-10-22 11:00:00,rep_visit,0
4,2025-10-28 08:00:00,phone_call,0
4,2025-11-05 09:00:00,email,1
4,2025-11-24 11:00:00,webinar,1
4,2025-12-02 17:00:00,phone_call,0
4,2025-12-08 11:00:00,webinar,0
4,2025-12-18 15:00:00,digital_ad,0
4,2025-12-22 17:00:00,phone_call,0
4,2026-01-01 15:00:00,phone_call,0
5,2025-01-30 17:00:00,rep_visit,1
5,2025-02-11 09:00:00,phone_call,1
5,2025-02-19 17:00:00,digital_ad,0
5,2025-02-25 17:00:00,rep_visit,0
5,2025-03-05 10:00:00,rep_visit,0
5,2025-03-12 08:00:00,phone_call,0
5,2025-03-31 10:00:00,phone_call,0
5,2025-04-18 10:00:00,email,1
5,2025-04-24 09:00:00,phone_call,0
5,2025-04-30 17:00:00,rep_visit,0
5,2025-05-07 17:00:00,rep_visit,1
5,2025-05-21 14:00:00,phone_call,0
5,2025-06-05 16:00:00,webinar,1
5,2025-06-20 08:00:00,rep_visit,1
5,2025-07-18 16:00:00,rep_visit,0
5,2025-07-24 10:00:00,phone_call,0
5,2025-08-07 11:00:00,email,0
5,2025-08-21 11:00:00,webinar,1
5,2025-08-27 17:00:00,webinar,1
5,2025-09-11 16:00:00,rep_visit,1
5,2025-09-30 09:00:00,phone_call,0
5,2025-10-10 11:00:00,rep_visit,1
5,2025-10-15 09:00:00,rep_visit,1
5,2025-11-17 08:00:00,rep_visit,1
5,2025-12-02 08:00:00,phone_call,1
5,2026-01-02 17:00:00,rep_visit,1
6,2025-03-04 17:00:00,webinar,0
6,2025-04-25 08:00:00,rep_visit,0
6,2025-05-07 14:00:00,rep_visit,0
6,2025-05-14 13:00:00,webinar,0
6,2025-05-28 08:00:00,phone_call,0
6,2025-06-23 15:00:00,webinar,0
6,2025-07-01 09:00:00,phone_call,0
6,2025-08-18 17:00:00,phone_call,1
6,2025-08-27 08:00:00,phone_call,0
6,2025-09-04 12:00:00,rep_visit,1
6,2025-09-29 08:00:00,rep_visit,1
6,2025-10-13 17:00:00,email,0
6,2025-11-13 17:00:00,phone_call,0
6,2025-11-26 09:00:00,rep_visit,0
7,2025-01-14 10:00:00,phone_call,1
7,2025-01-21 10:00:00,rep_visit,1
7,2025-01-30 09:00:00,rep_visit,0
7,2025-02-08 08:00:00,rep_visit,1
7,2025-02-15 17:00:00,phone_call,0
7,2025-02-21 10:00:00,webinar,0
7,2025-03-14 16:00:00,rep_visit,1
7,2025-03-20 15:00:00,rep_visit,1
7,2025-03-26 09:00:00,digital_ad,0
7,2025-04-09 15:00:00,rep_visit,1
7,2025-04-16 09:00:00,rep_visit,1
7,2025-04-22 09:00:00,rep_visit,1
7,2025-05-01 09:00:00,rep_visit,1
7,2025-05-06 09:00:00,phone_call,0
7,2025-05-22 12:00:00,rep_visit,1
7,2025-05-28 12:00:00,email,0
7,2025-06-18 14:00:00,phone_call,0
7,2025-06-24 13:00:00,webinar,1
7,2025-07-04 13:00:00,rep_visit,1
7,2025-07-10 14:00:00,phone_call,0
7,2025-07-23 11:00:00,digital_ad,0
7,2025-07-31 12:00:00,webinar,1
7,2025-08-08 15:00:00,rep_visit,0
7,2025-08-15 17:00:00,rep_visit,0
7,2025-08-19 11:00:00,phone_call,0
7,2025-08-26 15:00:00,phone_call,0
7,2025-09-12 14:00:00,webinar,0
7,2025-09-30 11:00:00,email,0
7,2025-10-24 17:00:00,rep_visit,1
7,2025-11-04 09:00:00,rep_visit,0
7,2025-11-12 12:00:00,phone_call,0
7,2025-11-25 11:00:00,rep_visit,1
7,2025-12-04 14:00:00,phone_call,1
8,2025-01-28 14:00:00,email,1
8,2025-02-12 11:00:00,digital_ad,0
8,2025-02-21 08:00:00,email,0
8,2025-02-25 11:00:00,phone_call,0
8,2025-03-19 08:00:00,webinar,0
8,2025-03-27 16:00:00,phone_call,0
8,2025-04-04 12:00:00,rep_visit,1
8,2025-04-17 12:00:00,digital_ad,0
8,2025-04-25 10:00:00,webinar,0
8,2025-05-07 11:00:00,digital_ad,0
8,2025-06-06 13:00:00,digital_ad,0
8,2025-06-11 13:00:00,digital_ad,0
8,2025-06-25 13:00:00,email,0
8,2025-07-04 08:00:00,webinar,0
8,2025-07-23 09:00:00,email,0
8,2025-08-05 11:00:00,email,1
8,2025-08-12 16:00:00,email,0
8,2025-08-29 11:00:00,webinar,0
8,2025-09-10 16:00:00,email,0
8,2025-09-15 17:00:00,email,0
8,2025-10-02 09:00:00,digital_ad,1
8,2025-10-08 17:00:00,phone_call,0
8,2025-10-23 12:00:00,email,0
8,2025-10-27 09:00:00,phone_call,0
8,2025-11-07 12:00:00,email,0
8,2025-11-20 16:00:00,phone_call,0
8,2025-12-15 14:00:00,email,1
9,2025-01-14 10:00:00,email,1
9,2025-01-24 13:00:00,digital_ad,0
9,2025-02-01 10:00:00,email,0
9,2025-02-04 16:00:00,rep_visit,1
9,2025-02-22 14:00:00,digital_ad,0
9,2025-02-28 11:00:00,webinar,0
9,2025-03-14 08:00:00,rep_visit,1
9,2025-03-28 09:00:00,email,1
9,2025-04-07 09:00:00,digital_ad,0
9,2025-04-23 17:00:00,digital_ad,0
9,2025-05-16 16:00:00,email,1
9,2025-05-22 11:00:00,email,0
9,2025-06-26 15:00:00,webinar,0
9,2025-07-14 15:00:00,rep_visit,1
9,2025-07-25 17:00:00,phone_call,0
9,2025-07-28 16:00:00,rep_visit,0
9,2025-08-11 12:00:00,webinar,0
9,2025-08-18 17:00:00,phone_call,0
9,2025-08-27 16:00:00,phone_call,0
9,2025-09-18 14:00:00,digital_ad,0
9,2025-09-26 16:00:00,digital_ad,0
9,2025-10-08 14:00:00,email,1
9,2025-10-15 15:00:00,digital_ad,0
9,2025-11-06 11:00:00,email,1
9,2025-11-28 13:00:00,phone_call,0
9,2025-12-04 17:00:00,digital_ad,0
9,2025-12-12 09:00:00,phone_call,0
9,2025-12-18 08:00:00,digital_ad,0
9,2026-01-01 13:00:00,phone_call,1
10,2025-01-25 13:00:00,email,0
10,2025-02-13 11:00:00,phone_call,0
10,2025-03-12 14:00:00,rep_visit,1
10,2025-03-25 17:00:00,phone_call,0
10,2025-07-02 10:00:00,email,0
10,2025-07-21 09:00:00,email,0
10,2025-09-09 10:00:00,phone_call,0
10,2025-09-26 12:00:00,email,0
10,2025-10-30 08:00:00,digital_ad,0
10,2025-11-05 11:00:00,webinar,0
10,2025-12-19 08:00:00,rep_visit,1
10,2025-12-30 12:00:00,email,0
11,2025-01-24 16:00:00,webinar,0
11,2025-02-13 09:00:00,rep_visit,1
11,2025-03-20 12:00:00,webinar,0
11,2025-04-04 15:00:00,rep_visit,1
11,2025-04-15 08:00:00,digital_ad,0
11,2025-06-19 10:00:00,rep_visit,1
11,2025-06-26 09:00:00,rep_visit,0
11,2025-07-24 09:00:00,webinar,0
11,2025-12-11 15:00:00,webinar,0
12,2025-01-15 16:00:00,email,0
12,2025-01-21 15:00:00,email,0
12,2025-04-10 14:00:00,digital_ad,0
12,2025-08-07 15:00:00,digital_ad,0
12,2025-08-20 10:00:00,digital_ad,0
12,2025-08-26 12:00:00,digital_ad,0
12,2025-11-03 15:00:00,phone_call,1
12,2025-11-11 10:00:00,email,0
12,2025-11-25 08:00:00,phone_call,0
12,2025-12-18 09:00:00,email,0
13,2025-02-07 08:00:00,digital_ad,0
13,2025-02-19 15:00:00,webinar,0
13,2025-03-20 13:00:00,email,0
13,2025-03-26 15:00:00,digital_ad,0
13,2025-04-04 09:00:00,digital_ad,0
13,2025-04-10 14:00:00,email,0
13,2025-04-16 14:00:00,digital_ad,0
13,2025-04-21 09:00:00,digital_ad,1
13,2025-05-02 09:00:00,digital_ad,1
13,2025-05-14 17:00:00,phone_call,0
13,2025-05-22 11:00:00,email,1
13,2025-05-29 15:00:00,digital_ad,1
13,2025-06-06 17:00:00,phone_call,0
13,2025-06-12 08:00:00,email,0
13,2025-06-17 15:00:00,email,0
13,2025-07-01 08:00:00,webinar,0
13,2025-07-08 08:00:00,phone_call,0
13,2025-07-22 16:00:00,email,1
13,2025-08-01 13:00:00,webinar,0
13,2025-08-13 09:00:00,phone_call,0
13,2025-08-22 09:00:00,email,1
13,2025-08-28 12:00:00,webinar,0
13,2025-09-05 15:00:00,rep_visit,1
13,2025-10-07 16:00:00,digital_ad,0
13,2025-10-21 15:00:00,webinar,1
13,2025-10-28 15:00:00,email,0
13,2025-11-12 16:00:00,digital_ad,0
13,2025-11-19 10:00:00,digital_ad,0
13,2025-11-28 17:00:00,rep_visit,0
13,2025-12-04 15:00:00,digital_ad,0
13,2025-12-10 10:00:00,webinar,0
13,2025-12-19 13:00:00,email,0
14,2025-01-14 15:00:00,rep_visit,1
14,2025-01-22 10:00:00,rep_visit,0
14,2025-01-28 15:00:00,webinar,0
14,2025-03-03 10:00:00,email,0
14,2025-04-02 15:00:00,phone_call,0
14,2025-04-11 15:00:00,email,0
14,2025-04-21 15:00:00,rep_visit,1
14,2025-05-02 14:00:00,phone_call,0
14,2025-05-13 10:00:00,webinar,0
14,2025-05-28 08:00:00,phone_call,0
14,2025-08-13 09:00:00,phone_call,0
14,2025-11-11 09:00:00,phone_call,0
14,2025-11-24 09:00:00,rep_visit,0
14,2025-12-02 13:00:00,rep_visit,0
14,2025-12-18 10:00:00,email,0
14,2025-12-22 11:00:00,rep_visit,0
15,2025-03-06 13:00:00,rep_visit,0
15,2025-03-10 14:00:00,phone_call,0
15,2025-04-02 13:00:00,rep_visit,0
15,2025-05-12 14:00:00,rep_visit,0
15,2025-05-28 14:00:00,email,0
15,2025-06-05 08:00:00,phone_call,0
15,2025-06-13 16:00:00,rep_visit,0
15,2025-06-18 12:00:00,rep_visit,0
15,2025-06-23 15:00:00,phone_call,0
15,2025-07-17 12:00:00,rep_visit,0
15,2025-07-23 15:00:00,webinar,0
15,2025-07-29 15:00:00,phone_call,0
15,2025-08-22 13:00:00,rep_visit,0
15,2025-09-18 14:00:00,rep_visit,1
15,2025-10-30 08:00:00,rep_visit,0
15,2025-11-03 16:00:00,email,0
15,2025-11-14 17:00:00,rep_visit,0
15,2025-11-19 16:00:00,rep_visit,0
16,2025-01-16 08:00:00,phone_call,1
16,2025-01-25 08:00:00,rep_visit,1
16,2025-02-08 13:00:00,webinar,0
16,2025-02-13 16:00:00,email,0
16,2025-02-18 17:00:00,rep_visit,1
16,2025-03-25 16:00:00,rep_visit,1
16,2025-04-02 11:00:00,rep_visit,0
16,2025-04-25 14:00:00,rep_visit,1
16,2025-05-07 17:00:00,rep_visit,1
16,2025-05-30 17:00:00,phone_call,1
16,2025-06-02 11:00:00,phone_call,0
16,2025-06-13 14:00:00,webinar,0
16,2025-06-17 11:00:00,phone_call,0
16,2025-07-01 11:00:00,rep_visit,1
16,2025-08-01 10:00:00,phone_call,1
16,2025-08-04 08:00:00,rep_visit,0
16,2025-08-11 09:00:00,rep_visit,0
16,2025-08-18 16:00:00,rep_visit,0
16,2025-08-25 13:00:00,email,0
16,2025-09-03 11:00:00,phone_call,1
16,2025-09-12 14:00:00,phone_call,1
16,2025-09-26 11:00:00,phone_call,0
16,2025-10-06 12:00:00,rep_visit,1
16,2025-10-20 12:00:00,webinar,0
16,2025-11-06 09:00:00,phone_call,1
16,2025-12-02 15:00:00,rep_visit,1
16,2025-12-31 14:00:00,rep_visit,0
17,2025-02-20 17:00:00,rep_visit,1
17,2025-03-11 14:00:00,email,1
17,2025-04-14 16:00:00,webinar,1
17,2025-06-04 16:00:00,phone_call,0
17,2025-06-20 13:00:00,email,0
17,2025-07-03 08:00:00,phone_call,0
17,2025-07-21 14:00:00,digital_ad,0
17,2025-09-12 08:00:00,rep_visit,1
17,2025-09-18 16:00:00,email,0
17,2025-11-14 14:00:00,phone_call,0
17,2025-12-08 17:00:00,phone_call,0
17,2025-12-19 08:00:00,phone_call,0
18,2025-01-22 17:00:00,rep_visit,1
18,2025-01-29 09:00:00,phone_call,1
18,2025-02-06 17:00:00,phone_call,0
18,2025-02-19 11:00:00,phone_call,0
18,2025-03-05 09:00:00,phone_call,1
18,2025-03-10 10:00:00,rep_visit,1
18,2025-03-17 13:00:00,email,1
18,2025-04-10 14:00:00,rep_visit,1
18,2025-04-18 08:00:00,rep_visit,1
18,2025-04-21 09:00:00,email,0
18,2025-05-02 09:00:00,webinar,1
18,2025-05-13 13:00:00,rep_visit,1
18,2025-06-26 14:00:00,email,0
18,2025-07-24 11:00:00,digital_ad,0
18,2025-08-05 09:00:00,rep_visit,1
18,2025-08-28 17:00:00,rep_visit,1
18,2025-09-08 11:00:00,phone_call,1
18,2025-09-18 17:00:00,email,0
18,2025-09-29 17:00:00,rep_visit,0
18,2025-10-06 11:00:00,phone_call,0
18,2025-10-24 09:00:00,phone_call,1
18,2025-11-04 08:00:00,email,0
18,2025-11-12 15:00:00,digital_ad,0
18,2025-11-19 10:00:00,webinar,0
18,2025-11-27 15:00:00,webinar,1
18,2025-12-02 17:00:00,phone_call,0
18,2025-12-16 15:00:00,rep_visit,1
19,2025-01-25 15:00:00,webinar,0
19,2025-02-07 08:00:00,phone_call,0
19,2025-02-22 08:00:00,digital_ad,0
19,2025-03-13 09:00:00,webinar,0
19,2025-04-23 08:00:00,rep_visit,1
19,2025-04-30 16:00:00,rep_visit,1
19,2025-05-05 15:00:00,digital_ad,0
19,2025-05-16 17:00:00,phone_call,0
19,2025-05-28 11:00:00,phone_call,0
19,2025-08-06 10:00:00,digital_ad,0
19,2025-09-03 12:00:00,email,1
19,2025-09-16 10:00:00,webinar,0
19,2025-09-26 17:00:00,phone_call,0
19,2025-10-06 10:00:00,rep_visit,0
19,2025-10-21 13:00:00,digital_ad,0
19,2025-12-02 15:00:00,digital_ad,1
19,2025-12-15 11:00:00,phone_call,0
20,2025-01-31 08:00:00,rep_visit,1
20,2025-02-20 09:00:00,rep_visit,1
20,2025-03-13 17:00:00,rep_visit,1
20,2025-04-16 17:00:00,rep_visit,1
20,2025-05-22 14:00:00,rep_visit,1
20,2025-10-14 11:00:00,rep_visit,1
20,2025-11-03 16:00:00,rep_visit,1
20,2025-11-11 09:00:00,webinar,0
20,2025-11-24 14:00:00,rep_visit,0
20,2025-12-16 12:00:00,digital_ad,0
21,2025-01-24 08:00:00,phone_call,1
21,2025-02-12 12:00:00,email,0
21,2025-03-12 15:00:00,email,0
21,2025-03-27 15:00:00,rep_visit,1
21,2025-03-31 12:00:00,rep_visit,1
21,2025-04-15 16:00:00,phone_call,1
21,2025-04-29 17:00:00,webinar,1
21,2025-05-07 10:00:00,webinar,0
21,2025-05-12 08:00:00,rep_visit,1
21,2025-05-26 08:00:00,digital_ad,0
21,2025-06-12 17:00:00,email,0
21,2025-06-16 10:00:00,phone_call,0
21,2025-06-27 15:00:00,phone_call,0
21,2025-07-16 16:00:00,phone_call,1
21,2025-07-25 16:00:00,webinar,0
21,2025-07-29 08:00:00,email,0
21,2025-08-11 14:00:00,rep_visit,0
21,2025-09-17 09:00:00,email,1
21,2025-09-29 16:00:00,rep_visit,0
21,2025-10-10 08:00:00,digital_ad,0
21,2025-10-31 11:00:00,digital_ad,0
21,2025-11-10 16:00:00,phone_call,0
21,2025-11-17 08:00:00,phone_call,0
21,2025-12-18 15:00:00,webinar,1
21,2025-12-24 17:00:00,email,0
21,2026-01-01 12:00:00,digital_ad,0
22,2025-01-18 09:00:00,webinar,0
22,2025-02-19 17:00:00,rep_visit,1
22,2025-02-28 16:00:00,email,0
22,2025-03-06 09:00:00,webinar,0
22,2025-03-12 14:00:00,rep_visit,0
22,2025-03-21 09:00:00,phone_call,0
22,2025-04-03 14:00:00,phone_call,1
22,2025-05-09 10:00:00,phone_call,0
22,2025-05-21 15:00:00,rep_visit,1
22,2025-06-20 12:00:00,webinar,1
22,2025-07-22 16:00:00,phone_call,1
22,2025-07-28 10:00:00,rep_visit,0
22,2025-08-05 14:00:00,phone_call,1
22,2025-08-27 10:00:00,rep_visit,1
22,2025-09-09 09:00:00,rep_visit,1
22,2025-09-26 09:00:00,rep_visit,1
22,2025-10-10 16:00:00,phone_call,0
22,2025-11-04 08:00:00,rep_visit,1
22,2025-11-13 09:00:00,rep_visit,1
22,2025-12-24 13:00:00,email,0
23,2025-01-15 15:00:00,rep_visit,1
23,2025-01-29 15:00:00,digital_ad,0
23,2025-02-07 12:00:00,rep_visit,0
23,2025-03-03 16:00:00,rep_visit,1
23,2025-03-13 11:00:00,email,0
23,2025-03-18 09:00:00,rep_visit,0
23,2025-04-04 13:00:00,email,1
23,2025-05-06 14:00:00,webinar,1
23,2025-05-29 17:00:00,phone_call,0
23,2025-06-05 14:00:00,rep_visit,1
23,2025-06-18 08:00:00,rep_visit,1
23,2025-07-04 13:00:00,rep_visit,1
23,2025-07-09 10:00:00,phone_call,0
23,2025-07-31 13:00:00,phone_call,0
23,2025-08-18 10:00:00,email,0
23,2025-10-21 16:00:00,rep_visit,1
23,2025-11-07 10:00:00,email,1
23,2025-11-19 14:00:00,rep_visit,1
23,2025-11-27 15:00:00,rep_visit,1
23,2025-12-05 17:00:00,webinar,0
23,2025-12-23 14:00:00,email,1
23,2026-01-01 13:00:00,digital_ad,0
24,2025-01-22 08:00:00,email,0
24,2025-02-22 13:00:00,email,0
24,2025-03-11 08:00:00,digital_ad,0
24,2025-03-20 09:00:00,email,0
24,2025-04-04 13:00:00,phone_call,0
24,2025-04-16 11:00:00,phone_call,0
24,2025-05-21 08:00:00,digital_ad,0
24,2025-07-04 11:00:00,email,0
24,2025-08-20 14:00:00,rep_visit,1
24,2025-08-28 09:00:00,rep_visit,0
24,2025-10-15 10:00:00,phone_call,1
24,2025-11-07 17:00:00,email,0
24,2025-11-26 15:00:00,phone_call,0
25,2025-01-31 08:00:00,phone_call,0
25,2025-02-12 09:00:00,rep_visit,1
25,2025-02-21 13:00:00,webinar,1
25,2025-03-13 09:00:00,rep_visit,1
25,2025-03-21 12:00:00,phone_call,0
25,2025-03-28 14:00:00,email,1
25,2025-04-14 10:00:00,digital_ad,0
25,2025-04-23 11:00:00,rep_visit,1
25,2025-05-01 13:00:00,phone_call,0
25,2025-06-05 08:00:00,email,1
25,2025-06-17 09:00:00,rep_visit,1
25,2025-08-21 11:00:00,email,0
25,2025-09-02 16:00:00,rep_visit,1
25,2025-09-18 15:00:00,phone_call,0
25,2025-10-14 11:00:00,rep_visit,1
25,2025-10-24 17:00:00,phone_call,0
25,2025-11-26 11:00:00,phone_call,0
25,2025-12-12 13:00:00,phone_call,0
25,2025-12-19 17:00:00,phone_call,0
25,2025-12-31 09:00:00,phone_call,0
26,2025-01-16 17:00:00,digital_ad,0
26,2025-01-21 16:00:00,email,0
26,2025-03-03 09:00:00,email,0
26,2025-03-11 10:00:00,webinar,1
26,2025-03-19 09:00:00,digital_ad,0
26,2025-03-26 09:00:00,digital_ad,0
26,2025-04-04 11:00:00,digital_ad,0
26,2025-04-10 09:00:00,digital_ad,0
26,2025-05-06 11:00:00,email,0
26,2025-05-14 08:00:00,email,0
26,2025-05-19 10:00:00,email,0
26,2025-06-12 11:00:00,webinar,0
26,2025-07-10 11:00:00,digital_ad,0
26,2025-07-17 14:00:00,digital_ad,0
26,2025-08-04 14:00:00,digital_ad,0
26,2025-08-12 13:00:00,digital_ad,0
26,2025-09-12 10:00:00,email,0
26,2025-09-17 08:00:00,digital_ad,0
26,2025-09-23 17:00:00,digital_ad,0
26,2025-10-08 14:00:00,email,0
26,2025-10-15 14:00:00,email,1
26,2025-10-24 17:00:00,email,0
26,2025-11-03 12:00:00,webinar,0
26,2025-11-11 12:00:00,email,0
26,2025-12-11 15:00:00,rep_visit,0
26,2025-12-25 13:00:00,email,0
26,2025-12-29 15:00:00,rep_visit,1
27,2025-01-21 17:00:00,phone_call,1
27,2025-04-04 16:00:00,digital_ad,0
27,2025-04-15 14:00:00,phone_call,0
27,2025-05-14 15:00:00,phone_call,0
27,2025-07-02 09:00:00,phone_call,0
27,2025-07-10 09:00:00,email,0
27,2025-08-25 09:00:00,webinar,0
27,2025-09-05 08:00:00,phone_call,0
27,2025-09-09 15:00:00,phone_call,0
27,2025-09-26 14:00:00,webinar,0
27,2025-10-06 08:00:00,email,0
27,2025-11-05 13:00:00,phone_call,1
27,2025-11-20 12:00:00,rep_visit,1
27,2025-11-27 11:00:00,rep_visit,0
27,2025-12-24 13:00:00,phone_call,0
27,2025-12-31 15:00:00,rep_visit,0
28,2025-02-28 13:00:00,email,0
28,2025-04-03 10:00:00,phone_call,0
28,2025-04-10 15:00:00,digital_ad,0
28,2025-05-14 16:00:00,digital_ad,1
28,2025-05-21 16:00:00,phone_call,0
28,2025-06-16 12:00:00,digital_ad,0
28,2025-07-02 12:00:00,email,0
28,2025-07-07 15:00:00,digital_ad,0
28,2025-07-30 10:00:00,rep_visit,1
28,2025-09-15 08:00:00,rep_visit,1
28,2025-10-21 12:00:00,rep_visit,1
28,2025-10-29 13:00:00,email,0
28,2025-11-12 15:00:00,rep_visit,1
28,2025-11-17 11:00:00,digital_ad,0
28,2025-11-25 09:00:00,digital_ad,0
28,2025-12-26 09:00:00,phone_call,0
29,2025-02-06 10:00:00,digital_ad,0
29,2025-02-18 15:00:00,rep_visit,0
29,2025-03-04 13:00:00,webinar,0
29,2025-06-24 11:00:00,rep_visit,0
29,2025-06-30 10:00:00,rep_visit,0
29,2025-07-15 13:00:00,rep_visit,0
29,2025-09-02 09:00:00,webinar,0
29,2025-09-12 11:00:00,rep_visit,0
29,2025-10-30 11:00:00,rep_visit,1
29,2025-12-15 10:00:00,digital_ad,0
30,2025-01-16 08:00:00,rep_visit,1
30,2025-01-21 08:00:00,rep_visit,1
30,2025-02-15 13:00:00,webinar,1
30,2025-02-21 11:00:00,phone_call,0
30,2025-03-11 17:00:00,webinar,1
30,2025-04-01 13:00:00,rep_visit,0
30,2025-05-02 10:00:00,phone_call,1
30,2025-05-22 10:00:00,webinar,1
30,2025-06-06 14:00:00,rep_visit,0
30,2025-07-03 16:00:00,rep_visit,1
30,2025-07-10 14:00:00,rep_visit,0
30,2025-07-22 13:00:00,rep_visit,1
30,2025-07-31 16:00:00,rep_visit,0
30,2025-08-14 16:00:00,digital_ad,0
30,2025-08-18 09:00:00,phone_call,0
30,2025-09-25 17:00:00,phone_call,1
30,2025-09-29 11:00:00,phone_call,0
30,2025-10-13 14:00:00,webinar,1
30,2025-10-22 12:00:00,webinar,0
30,2025-10-30 08:00:00,rep_visit,1
30,2025-11-03 17:00:00,phone_call,0
30,2025-11-11 13:00:00,webinar,1
30,2025-11-19 12:00:00,webinar,1
30,2025-12-03 08:00:00,rep_visit,1
30,2025-12-11 12:00:00,rep_visit,1
30,2025-12-29 12:00:00,digital_ad,0
31,2025-03-04 15:00:00,digital_ad,0
31,2025-04-18 12:00:00,email,0
31,2025-04-30 09:00:00,phone_call,0
31,2025-05-15 08:00:00,phone_call,0
31,2025-05-23 09:00:00,phone_call,0
31,2025-06-04 08:00:00,phone_call,0
31,2025-06-17 15:00:00,phone_call,0
31,2025-06-23 12:00:00,rep_visit,0
31,2025-07-15 13:00:00,digital_ad,0
31,2025-09-19 16:00:00,email,0
31,2025-10-16 17:00:00,webinar,1
31,2025-11-12 17:00:00,rep_visit,1
31,2025-12-02 08:00:00,email,0
31,2025-12-17 08:00:00,webinar,1
31,2026-01-01 12:00:00,digital_ad,0
32,2025-02-20 10:00:00,rep_visit,1
32,2025-02-28 14:00:00,phone_call,0
32,2025-03-05 15:00:00,rep_visit,1
32,2025-03-14 17:00:00,rep_visit,1
32,2025-04-03 14:00:00,rep_visit,0
32,2025-04-10 14:00:00,rep_visit,1
32,2025-04-18 11:00:00,phone_call,1
32,2025-04-25 12:00:00,email,0
32,2025-05-30 12:00:00,rep_visit,1
32,2025-06-04 12:00:00,rep_visit,1
32,2025-06-11 15:00:00,phone_call,0
32,2025-06-20 15:00:00,rep_visit,1
32,2025-07-01 15:00:00,phone_call,0
32,2025-07-10 09:00:00,digital_ad,0
32,2025-07-18 14:00:00,digital_ad,0
32,2025-08-08 09:00:00,phone_call,1
32,2025-08-11 14:00:00,phone_call,0
32,2025-09-04 16:00:00,email,0
32,2025-09-11 08:00:00,rep_visit,0
32,2025-10-03 09:00:00,rep_visit,1
32,2025-10-08 12:00:00,phone_call,0
32,2025-11-11 15:00:00,rep_visit,1
32,2025-11-26 09:00:00,rep_visit,1
32,2025-12-01 16:00:00,rep_visit,1
32,2025-12-11 12:00:00,phone_call,0
32,2025-12-18 17:00:00,webinar,1
33,2025-01-16 08:00:00,webinar,0
33,2025-02-12 16:00:00,phone_call,1
33,2025-02-18 11:00:00,rep_visit,0
33,2025-03-11 08:00:00,email,0
33,2025-03-26 16:00:00,email,0
33,2025-04-07 13:00:00,rep_visit,0
33,2025-04-23 12:00:00,rep_visit,1
33,2025-05-16 16:00:00,rep_visit,1
33,2025-05-21 16:00:00,rep_visit,0
33,2025-06-05 16:00:00,phone_call,1
33,2025-06-10 16:00:00,digital_ad,0
33,2025-07-10 09:00:00,rep_visit,1
33,2025-08-04 11:00:00,phone_call,1
33,2025-08-11 15:00:00,webinar,0
33,2025-08-27 12:00:00,phone_call,1
33,2025-09-02 17:00:00,webinar,0
33,2025-10-09 13:00:00,email,0
33,2025-10-16 11:00:00,rep_visit,1
33,2025-10-28 17:00:00,rep_visit,1
33,2025-11-06 17:00:00,phone_call,1
33,2025-11-27 08:00:00,rep_visit,1
33,2025-12-19 15:00:00,rep_visit,1
34,2025-01-21 17:00:00,digital_ad,0
34,2025-02-01 14:00:00,email,0
34,2025-02-08 12:00:00,digital_ad,0
34,2025-02-19 12:00:00,phone_call,0
34,2025-04-11 10:00:00,email,0
34,2025-04-16 10:00:00,webinar,1
34,2025-05-19 08:00:00,webinar,1
34,2025-05-27 08:00:00,email,0
34,2025-06-26 09:00:00,email,0
34,2025-07-08 09:00:00,email,0
34,2025-07-23 12:00:00,email,0
34,2025-08-04 14:00:00,webinar,0
34,2025-08-25 11:00:00,email,0
34,2025-09-02 10:00:00,email,1
34,2025-09-15 11:00:00,webinar,0
34,2025-09-24 14:00:00,digital_ad,0
34,2025-10-02 12:00:00,email,0
34,2025-10-06 11:00:00,webinar,0
34,2025-10-20 13:00:00,rep_visit,0
34,2025-11-05 14:00:00,digital_ad,0
34,2025-11-14 17:00:00,digital_ad,0
34,2025-11-27 17:00:00,email,0
34,2025-12-02 08:00:00,email,0
34,2025-12-10 11:00:00,phone_call,0
34,2025-12-19 14:00:00,digital_ad,0
34,2025-12-25 13:00:00,webinar,0
34,2026-01-02 14:00:00,phone_call,0
35,2025-01-23 11:00:00,webinar,1
35,2025-02-14 17:00:00,digital_ad,1
35,2025-02-19 15:00:00,phone_call,0
35,2025-03-03 08:00:00,email,0
35,2025-03-14 14:00:00,phone_call,0
35,2025-03-28 12:00:00,webinar,1
35,2025-04-10 09:00:00,email,0
35,2025-04-25 12:00:00,phone_call,0
35,2025-05-02 17:00:00,phone_call,0
35,2025-05-16 11:00:00,email,0
35,2025-05-20 12:00:00,email,0
35,2025-06-10 16:00:00,digital_ad,0
35,2025-06-17 12:00:00,phone_call,0
35,2025-06-30 08:00:00,email,0
35,2025-07-07 09:00:00,webinar,0
35,2025-07-14 17:00:00,email,0
35,2025-07-21 08:00:00,digital_ad,0
35,2025-08-14 13:00:00,email,0
35,2025-08-20 14:00:00,email,0
35,2025-08-26 10:00:00,webinar,0
35,2025-09-01 16:00:00,phone_call,0
35,2025-09-10 13:00:00,phone_call,0
35,2025-09-23 10:00:00,digital_ad,0
35,2025-10-03 14:00:00,digital_ad,0
35,2025-10-15 12:00:00,email,0
35,2025-10-31 14:00:00,digital_ad,0
35,2025-11-03 08:00:00,email,0
35,2025-11-14 17:00:00,digital_ad,0
35,2025-11-21 14:00:00,digital_ad,0
35,2025-12-09 17:00:00,digital_ad,1
35,2026-01-02 16:00:00,digital_ad,0
36,2025-01-25 12:00:00,email,0
36,2025-03-20 14:00:00,phone_call,0
36,2025-03-26 13:00:00,digital_ad,0
36,2025-05-01 12:00:00,digital_ad,0
36,2025-06-12 09:00:00,rep_visit,0
36,2025-07-15 10:00:00,digital_ad,0
36,2025-07-25 12:00:00,digital_ad,0
36,2025-08-08 11:00:00,digital_ad,1
36,2025-08-19 12:00:00,email,1
36,2025-09-30 09:00:00,phone_call,0
36,2025-11-11 17:00:00,webinar,0
36,2025-11-26 08:00:00,email,0
36,2026-01-01 08:00:00,email,1
37,2025-01-16 14:00:00,email,0
37,2025-01-30 08:00:00,digital_ad,1
37,2025-02-08 17:00:00,webinar,0
37,2025-02-21 09:00:00,email,0
37,2025-02-25 10:00:00,email,0
37,2025-03-12 13:00:00,rep_visit,1
37,2025-04-16 13:00:00,rep_visit,1
37,2025-04-25 09:00:00,email,0
37,2025-05-01 10:00:00,phone_call,0
37,2025-05-06 08:00:00,phone_call,0
37,2025-05-16 10:00:00,email,0
37,2025-05-30 10:00:00,email,0
37,2025-06-03 10:00:00,digital_ad,0
37,2025-06-10 17:00:00,webinar,0
37,2025-06-27 15:00:00,email,0
37,2025-07-01 11:00:00,phone_call,0
37,2025-07-08 08:00:00,phone_call,0
37,2025-07-14 17:00:00,phone_call,0
37,2025-08-01 10:00:00,phone_call,0
37,2025-09-08 10:00:00,phone_call,1
37,2025-09-23 08:00:00,email,0
37,2025-10-07 16:00:00,phone_call,0
37,2025-11-28 11:00:00,email,0
37,2025-12-04 11:00:00,email,0
37,2025-12-23 08:00:00,rep_visit,1
38,2025-01-30 09:00:00,phone_call,1
38,2025-02-21 17:00:00,rep_visit,1
38,2025-03-12 08:00:00,rep_visit,1
38,2025-03-19 08:00:00,phone_call,0
38,2025-03-25 12:00:00,rep_visit,1
38,2025-04-08 15:00:00,rep_visit,1
38,2025-04-14 09:00:00,email,0
38,2025-04-30 17:00:00,rep_visit,1
38,2025-05-20 11:00:00,email,0
38,2025-05-29 10:00:00,email,0
38,2025-06-12 17:00:00,rep_visit,1
38,2025-07-02 11:00:00,rep_visit,1
38,2025-08-08 09:00:00,webinar,1
38,2025-10-29 10:00:00,phone_call,0
38,2025-11-20 16:00:00,phone_call,0
39,2025-02-04 09:00:00,rep_visit,1
39,2025-02-22 14:00:00,webinar,0
39,2025-03-05 17:00:00,phone_call,0
39,2025-04-02 17:00:00,phone_call,0
39,2025-04-21 08:00:00,digital_ad,1
39,2025-05-09 09:00:00,digital_ad,1
39,2025-05-29 15:00:00,digital_ad,1
39,2025-06-03 11:00:00,webinar,1
39,2025-06-24 16:00:00,rep_visit,1
39,2025-07-02 13:00:00,phone_call,0
39,2025-07-15 10:00:00,email,1
39,2025-08-29 08:00:00,rep_visit,1
39,2025-09-12 17:00:00,phone_call,0
39,2025-09-29 11:00:00,phone_call,1
39,2025-10-13 15:00:00,webinar,0
39,2025-11-21 09:00:00,email,0
39,2025-12-19 12:00:00,webinar,0
40,2025-01-16 08:00:00,digital_ad,0
40,2025-02-06 12:00:00,webinar,0
40,2025-02-12 09:00:00,phone_call,0
40,2025-02-20 10:00:00,webinar,0
40,2025-02-26 08:00:00,rep_visit,0
40,2025-03-12 11:00:00,phone_call,1
40,2025-03-18 17:00:00,rep_visit,0
40,2025-04-01 11:00:00,rep_visit,0
40,2025-05-14 16:00:00,phone_call,1
40,2025-06-04 12:00:00,email,0
40,2025-06-18 16:00:00,email,0
40,2025-06-26 15:00:00,email,0
40,2025-07-08 14:00:00,email,1
40,2025-08-05 16:00:00,email,0
40,2025-08-13 11:00:00,phone_call,1
40,2025-08-20 12:00:00,webinar,0
40,2025-08-29 15:00:00,webinar,0
40,2025-09-11 16:00:00,rep_visit,1
40,2025-09-18 08:00:00,email,0
40,2025-09-22 13:00:00,email,1
40,2025-09-30 09:00:00,phone_call,1
40,2025-10-17 15:00:00,phone_call,0
40,2025-10-29 16:00:00,phone_call,0
40,2025-11-13 10:00:00,phone_call,0
40,2025-11-26 09:00:00,rep_visit,0
40,2025-12-10 13:00:00,email,0
40,2025-12-22 10:00:00,digital_ad,0
40,2025-12-29 17:00:00,digital_ad,0
41,2025-01-16 13:00:00,email,0
41,2025-02-13 12:00:00,rep_visit,1
41,2025-02-22 14:00:00,rep_visit,1
41,2025-02-27 08:00:00,rep_visit,0
41,2025-03-20 16:00:00,webinar,0
41,2025-04-17 14:00:00,rep_visit,0
41,2025-05-09 13:00:00,rep_visit,1
41,2025-06-02 17:00:00,rep_visit,0
41,2025-07-23 13:00:00,phone_call,0
41,2025-07-29 08:00:00,phone_call,0
41,2025-08-14 16:00:00,webinar,1
41,2025-08-19 08:00:00,phone_call,0
41,2025-09-04 08:00:00,rep_visit,0
41,2025-10-30 10:00:00,email,0
41,2025-11-27 14:00:00,phone_call,0
41,2025-12-23 08:00:00,email,0
42,2025-01-29 10:00:00,rep_visit,1
42,2025-02-05 11:00:00,rep_visit,0
42,2025-02-11 13:00:00,phone_call,0
42,2025-02-18 10:00:00,webinar,0
42,2025-03-06 14:00:00,email,0
42,2025-03-10 10:00:00,webinar,0
42,2025-03-19 08:00:00,email,0
42,2025-03-28 10:00:00,email,1
42,2025-04-02 16:00:00,webinar,0
42,2025-04-08 17:00:00,webinar,0
42,2025-05-16 16:00:00,webinar,0
42,2025-07-07 15:00:00,rep_visit,1
42,2025-07-25 08:00:00,webinar,0
42,2025-07-28 10:00:00,email,0
42,2025-08-18 17:00:00,webinar,1
42,2025-08-29 12:00:00,email,0
42,2025-09-10 11:00:00,email,0
42,2025-09-15 11:00:00,email,0
42,2025-09-24 11:00:00,webinar,1
42,2025-10-03 14:00:00,phone_call,0
42,2025-10-16 15:00:00,rep_visit,1
42,2025-10-31 13:00:00,email,0
42,2025-11-06 16:00:00,rep_visit,0
42,2025-11-20 09:00:00,rep_visit,0
42,2025-11-28 10:00:00,phone_call,0
43,2025-01-30 12:00:00,email,0
43,2025-02-05 08:00:00,webinar,0
43,2025-03-19 16:00:00,email,0
43,2025-04-04 09:00:00,phone_call,1
43,2025-05-14 11:00:00,phone_call,1
43,2025-05-22 11:00:00,webinar,0
43,2025-05-27 09:00:00,rep_visit,0
43,2025-06-06 14:00:00,rep_visit,1
43,2025-06-09 09:00:00,digital_ad,0
43,2025-06-27 12:00:00,digital_ad,0
43,2025-07-15 11:00:00,webinar,1
43,2025-07-31 10:00:00,phone_call,1
43,2025-08-05 10:00:00,rep_visit,0
43,2025-08-26 11:00:00,phone_call,1
43,2025-09-15 17:00:00,webinar,0
43,2025-09-29 16:00:00,rep_visit,0
43,2025-10-10 13:00:00,rep_visit,0
43,2025-10-20 14:00:00,rep_visit,1
43,2025-11-13 17:00:00,webinar,0
43,2025-12-01 12:00:00,rep_visit,1
43,2025-12-10 15:00:00,rep_visit,1
43,2025-12-26 11:00:00,webinar,0
44,2025-04-22 15:00:00,digital_ad,0
44,2025-04-28 17:00:00,digital_ad,0
44,2025-05-22 13:00:00,webinar,0
44,2025-07-16 13:00:00,webinar,0
44,2025-12-15 12:00:00,webinar,0
45,2025-02-25 16:00:00,rep_visit,1
45,2025-03-06 08:00:00,webinar,0
45,2025-03-12 16:00:00,phone_call,1
45,2025-05-19 09:00:00,phone_call,1
45,2025-05-27 15:00:00,rep_visit,0
45,2025-08-01 13:00:00,webinar,0
45,2025-08-04 16:00:00,email,0
45,2025-09-08 17:00:00,rep_visit,1
45,2025-09-18 11:00:00,digital_ad,0
45,2025-09-30 10:00:00,digital_ad,0
45,2025-10-17 14:00:00,phone_call,1
45,2025-10-29 08:00:00,rep_visit,1
45,2025-11-17 15:00:00,phone_call,1
45,2025-11-27 15:00:00,phone_call,1
46,2025-02-12 14:00:00,rep_visit,0
46,2025-02-21 13:00:00,email,0
46,2025-03-13 12:00:00,email,1
46,2025-03-31 15:00:00,webinar,0
46,2025-04-15 08:00:00,email,0
46,2025-06-10 08:00:00,rep_visit,1
46,2025-07-11 15:00:00,rep_visit,1
46,2025-07-21 16:00:00,phone_call,0
46,2025-08-01 12:00:00,digital_ad,0
46,2025-09-16 08:00:00,email,0
46,2025-10-16 17:00:00,email,1
46,2025-10-27 08:00:00,phone_call,0
46,2025-11-06 16:00:00,webinar,0
46,2025-11-17 11:00:00,email,0
47,2025-02-27 17:00:00,digital_ad,0
47,2025-03-03 15:00:00,email,0
47,2025-05-26 08:00:00,email,1
47,2025-06-02 15:00:00,webinar,0
47,2025-06-09 16:00:00,rep_visit,0
47,2025-06-16 17:00:00,phone_call,0
47,2025-07-11 12:00:00,email,0
47,2025-09-02 15:00:00,webinar,0
47,2025-09-12 10:00:00,email,1
47,2025-09-15 14:00:00,webinar,0
47,2025-10-09 16:00:00,phone_call,0
47,2025-11-13 09:00:00,rep_visit,0
47,2025-11-17 13:00:00,phone_call,0
47,2025-12-10 17:00:00,phone_call,0
47,2025-12-16 14:00:00,rep_visit,0
47,2025-12-25 10:00:00,digital_ad,0
48,2025-01-18 08:00:00,rep_visit,1
48,2025-02-01 12:00:00,phone_call,0
48,2025-02-21 09:00:00,phone_call,0
48,2025-02-25 11:00:00,digital_ad,0
48,2025-03-04 08:00:00,webinar,0
48,2025-03-25 16:00:00,webinar,1
48,2025-04-10 16:00:00,webinar,1
48,2025-04-16 13:00:00,email,0
48,2025-04-30 15:00:00,phone_call,0
48,2025-05-28 13:00:00,phone_call,0
48,2025-06-04 13:00:00,webinar,0
48,2025-06-10 11:00:00,email,0
48,2025-06-23 08:00:00,rep_visit,1
48,2025-07-14 11:00:00,phone_call,1
48,2025-07-28 11:00:00,webinar,0
48,2025-09-01 10:00:00,rep_visit,1
48,2025-09-09 10:00:00,phone_call,0
48,2025-09-17 10:00:00,webinar,0
48,2025-09-22 16:00:00,email,0
48,2025-10-23 17:00:00,phone_call,0
48,2025-12-10 10:00:00,email,0
48,2025-12-24 11:00:00,rep_visit,1
48,2025-12-30 09:00:00,digital_ad,0
49,2025-02-12 15:00:00,webinar,1
49,2025-02-25 14:00:00,webinar,1
49,2025-03-07 09:00:00,phone_call,0
49,2025-03-28 11:00:00,rep_visit,1
49,2025-04-09 10:00:00,webinar,0
49,2025-04-25 16:00:00,webinar,0
49,2025-04-30 14:00:00,phone_call,0
49,2025-05-26 16:00:00,digital_ad,1
49,2025-06-05 12:00:00,rep_visit,1
49,2025-06-19 16:00:00,webinar,1
49,2025-06-23 12:00:00,rep_visit,0
49,2025-07-11 09:00:00,rep_visit,1
49,2025-07-14 15:00:00,webinar,0
49,2025-09-05 17:00:00,webinar,0
49,2025-09-19 13:00:00,email,0
49,2025-09-25 12:00:00,rep_visit,0
49,2025-10-10 12:00:00,digital_ad,1
49,2025-10-23 15:00:00,email,0
49,2025-11-13 12:00:00,email,0
49,2025-11-20 17:00:00,phone_call,0
49,2025-11-25 12:00:00,phone_call,0
49,2025-12-02 15:00:00,email,0
49,2025-12-11 09:00:00,email,0
49,2025-12-23 11:00:00,rep_visit,1
50,2025-02-28 12:00:00,webinar,0
50,2025-03-17 12:00:00,rep_visit,1
50,2025-05-01 14:00:00,digital_ad,0
50,2025-05-05 15:00:00,rep_visit,1
50,2025-05-28 16:00:00,rep_visit,1
50,2025-06-13 16:00:00,rep_visit,1
50,2025-08-13 08:00:00,webinar,1
50,2025-09-30 17:00:00,digital_ad,0
50,2025-11-21 11:00:00,rep_visit,1
51,2025-01-15 10:00:00,webinar,0
51,2025-01-30 10:00:00,email,0
51,2025-02-06 11:00:00,email,1
51,2025-02-14 14:00:00,phone_call,1
51,2025-02-18 16:00:00,email,0
51,2025-02-25 13:00:00,rep_visit,0
51,2025-03-14 10:00:00,rep_visit,1
51,2025-03-19 11:00:00,email,0
51,2025-04-03 13:00:00,email,0
51,2025-04-10 17:00:00,digital_ad,0
51,2025-05-06 17:00:00,digital_ad,1
51,2025-05-12 13:00:00,digital_ad,0
51,2025-05-23 14:00:00,webinar,0
51,2025-05-27 11:00:00,rep_visit,0
51,2025-06-04 11:00:00,webinar,0
51,2025-06-19 09:00:00,digital_ad,0
51,2025-06-23 16:00:00,email,1
51,2025-07-11 13:00:00,phone_call,1
51,2025-07-16 13:00:00,phone_call,0
51,2025-08-04 14:00:00,email,0
51,2025-08-11 17:00:00,digital_ad,0
51,2025-09-12 17:00:00,email,1
51,2025-09-19 10:00:00,digital_ad,1
51,2025-10-13 12:00:00,email,0
51,2025-10-23 13:00:00,email,0
51,2025-11-13 15:00:00,digital_ad,0
51,2025-11-19 17:00:00,email,0
51,2025-11-28 16:00:00,email,0
51,2025-12-03 16:00:00,phone_call,0
51,2025-12-09 17:00:00,webinar,0
51,2025-12-17 16:00:00,webinar,0
52,2025-01-25 09:00:00,email,1
52,2025-02-06 13:00:00,rep_visit,0
52,2025-04-04 10:00:00,digital_ad,0
52,2025-05-01 14:00:00,digital_ad,0
52,2025-05-12 14:00:00,digital_ad,0
52,2025-05-23 14:00:00,digital_ad,0
52,2025-06-02 12:00:00,rep_visit,0
52,2025-07-01 14:00:00,email,0
52,2025-07-25 11:00:00,digital_ad,0
52,2025-07-30 15:00:00,webinar,0
52,2025-08-07 11:00:00,digital_ad,0
52,2025-08-18 13:00:00,digital_ad,1
52,2025-08-29 08:00:00,email,1
52,2025-09-03 13:00:00,email,0
52,2025-09-11 16:00:00,webinar,0
52,2025-09-18 14:00:00,phone_call,0
52,2025-09-26 17:00:00,digital_ad,0
52,2025-10-06 16:00:00,phone_call,0
52,2025-10-31 12:00:00,webinar,0
52,2025-11-14 14:00:00,digital_ad,1
52,2025-11-19 09:00:00,phone_call,0
52,2025-11-24 15:00:00,webinar,0
52,2025-12-11 08:00:00,email,0
53,2025-03-03 13:00:00,email,0
53,2025-03-25 14:00:00,digital_ad,0
53,2025-04-08 11:00:00,phone_call,0
53,2025-04-24 16:00:00,rep_visit,0
53,2025-06-27 17:00:00,phone_call,0
53,2025-07-04 15:00:00,webinar,0
53,2025-07-18 16:00:00,email,0
53,2025-07-30 14:00:00,webinar,0
53,2025-08-29 14:00:00,webinar,0
53,2025-09-04 11:00:00,phone_call,0
53,2025-10-09 09:00:00,email,0
53,2025-10-14 08:00:00,phone_call,0
53,2025-10-22 16:00:00,rep_visit,0
53,2025-11-05 10:00:00,email,0
53,2025-11-27 11:00:00,digital_ad,1
53,2025-12-10 16:00:00,digital_ad,1
53,2025-12-15 14:00:00,phone_call,0
53,2025-12-23 14:00:00,email,1
54,2025-01-14 15:00:00,digital_ad,0
54,2025-02-12 08:00:00,phone_call,0
54,2025-02-22 15:00:00,digital_ad,0
54,2025-03-10 10:00:00,digital_ad,0
54,2025-03-21 14:00:00,email,0
54,2025-03-24 10:00:00,email,0
54,2025-04-07 13:00:00,email,0
54,2025-04-30 08:00:00,email,1
54,2025-05-09 12:00:00,webinar,0
54,2025-06-03 09:00:00,webinar,0
54,2025-06-19 10:00:00,digital_ad,0
54,2025-06-25 10:00:00,email,0
54,2025-07-01 15:00:00,digital_ad,0
54,2025-07-10 17:00:00,email,0
54,2025-07-23 16:00:00,email,0
54,2025-08-13 12:00:00,rep_visit,0
54,2025-08-19 10:00:00,digital_ad,0
54,2025-08-29 16:00:00,email,0
54,2025-09-29 09:00:00,digital_ad,0
54,2025-10-10 13:00:00,email,1
54,2025-10-20 09:00:00,digital_ad,1
54,2025-11-07 10:00:00,phone_call,0
54,2025-11-24 12:00:00,digital_ad,0
54,2025-12-05 12:00:00,digital_ad,0
55,2025-01-15 14:00:00,rep_visit,1
55,2025-03-06 16:00:00,phone_call,0
55,2025-03-19 12:00:00,webinar,0
55,2025-04-04 11:00:00,email,1
55,2025-04-22 17:00:00,rep_visit,0
55,2025-04-28 16:00:00,rep_visit,0
55,2025-06-09 16:00:00,rep_visit,0
55,2025-06-17 17:00:00,phone_call,0
55,2025-06-30 11:00:00,rep_visit,0
55,2025-07-10 13:00:00,webinar,1
55,2025-07-16 16:00:00,webinar,0
55,2025-07-28 15:00:00,rep_visit,1
55,2025-08-07 16:00:00,phone_call,0
55,2025-08-11 17:00:00,webinar,0
55,2025-08-20 09:00:00,digital_ad,0
55,2025-09-01 08:00:00,rep_visit,0
55,2025-09-09 11:00:00,webinar,0
55,2025-09-16 13:00:00,email,0
55,2025-10-17 12:00:00,rep_visit,0
55,2025-10-30 17:00:00,digital_ad,0
55,2025-11-28 11:00:00,email,1
55,2025-12-03 11:00:00,email,0
55,2025-12-16 13:00:00,email,1
56,2025-01-14 09:00:00,email,1
56,2025-01-29 16:00:00,webinar,1
56,2025-02-05 08:00:00,digital_ad,0
56,2025-02-18 15:00:00,rep_visit,0
56,2025-03-04 09:00:00,digital_ad,0
56,2025-03-12 15:00:00,digital_ad,0
56,2025-03-26 12:00:00,email,0
56,2025-04-07 08:00:00,digital_ad,0
56,2025-04-14 14:00:00,webinar,0
56,2025-04-21 16:00:00,email,0
56,2025-04-29 14:00:00,digital_ad,0
56,2025-05-13 09:00:00,digital_ad,0
56,2025-05-20 13:00:00,email,0
56,2025-05-26 15:00:00,digital_ad,0
56,2025-06-03 08:00:00,email,1
56,2025-06-10 17:00:00,email,0
56,2025-06-20 09:00:00,email,0
56,2025-06-23 17:00:00,email,0
56,2025-06-30 16:00:00,digital_ad,0
56,2025-07-22 17:00:00,webinar,1
56,2025-07-29 11:00:00,webinar,0
56,2025-08-07 17:00:00,digital_ad,0
56,2025-08-13 11:00:00,rep_visit,0
56,2025-08-22 14:00:00,email,0
56,2025-08-28 16:00:00,digital_ad,0
56,2025-09-02 12:00:00,phone_call,0
56,2025-09-15 12:00:00,digital_ad,0
56,2025-10-20 10:00:00,email,0
56,2025-10-27 16:00:00,digital_ad,0
56,2025-11-06 09:00:00,phone_call,0
56,2025-11-12 14:00:00,email,0
56,2025-11-17 14:00:00,digital_ad,0
56,2025-12-09 09:00:00,email,1
56,2025-12-19 13:00:00,email,0
56,2025-12-25 12:00:00,digital_ad,0
57,2025-01-22 17:00:00,webinar,0
57,2025-02-07 11:00:00,rep_visit,1
57,2025-03-05 09:00:00,rep_visit,1
57,2025-04-29 14:00:00,webinar,0
57,2025-07-15 10:00:00,digital_ad,0
57,2025-07-24 12:00:00,rep_visit,1
57,2025-07-30 16:00:00,rep_visit,0
57,2025-09-01 16:00:00,rep_visit,1
57,2025-10-23 17:00:00,webinar,0
58,2025-01-15 12:00:00,email,1
58,2025-02-06 13:00:00,phone_call,0
58,2025-02-15 14:00:00,phone_call,1
58,2025-02-19 16:00:00,phone_call,0
58,2025-03-10 12:00:00,rep_visit,1
58,2025-04-03 15:00:00,webinar,0
58,2025-04-18 10:00:00,phone_call,1
58,2025-04-21 16:00:00,rep_visit,1
58,2025-05-13 09:00:00,rep_visit,1
58,2025-05-20 09:00:00,rep_visit,1
58,2025-06-02 14:00:00,email,0
58,2025-06-12 16:00:00,rep_visit,1
58,2025-07-04 08:00:00,rep_visit,1
58,2025-07-15 13:00:00,phone_call,0
58,2025-07-22 14:00:00,email,0
58,2025-08-13 13:00:00,rep_visit,1
58,2025-08-18 13:00:00,rep_visit,1
58,2025-08-28 12:00:00,rep_visit,0
58,2025-09-02 09:00:00,rep_visit,0
58,2025-09-19 10:00:00,email,1
58,2025-09-25 17:00:00,webinar,0
58,2025-10-09 08:00:00,digital_ad,0
58,2025-10-20 10:00:00,phone_call,0
58,2025-10-31 08:00:00,rep_visit,1
58,2025-11-10 15:00:00,rep_visit,1
58,2025-11-25 08:00:00,rep_visit,1
58,2025-12-03 14:00:00,rep_visit,1
58,2025-12-10 13:00:00,rep_visit,1
58,2025-12-19 14:00:00,email,0
58,2025-12-30 11:00:00,phone_call,0
59,2025-03-06 15:00:00,rep_visit,1
59,2025-04-22 17:00:00,rep_visit,0
59,2025-04-28 15:00:00,webinar,0
59,2025-06-10 12:00:00,webinar,0
59,2025-07-02 10:00:00,rep_visit,1
59,2025-07-11 15:00:00,digital_ad,0
59,2025-07-14 09:00:00,rep_visit,0
59,2025-08-26 14:00:00,rep_visit,1
59,2025-09-04 11:00:00,rep_visit,1
59,2025-09-25 17:00:00,webinar,0
59,2025-10-13 12:00:00,rep_visit,1
59,2025-10-30 17:00:00,rep_visit,1
59,2025-11-05 08:00:00,rep_visit,1
59,2025-12-11 09:00:00,rep_visit,1
60,2025-01-14 12:00:00,email,0
60,2025-01-22 10:00:00,email,0
60,2025-01-31 10:00:00,phone_call,0
60,2025-02-05 14:00:00,email,0
60,2025-02-22 16:00:00,webinar,0
60,2025-02-27 14:00:00,email,0
60,2025-03-07 08:00:00,rep_visit,1
60,2025-03-10 13:00:00,digital_ad,0
60,2025-03-18 16:00:00,rep_visit,0
60,2025-03-26 09:00:00,webinar,1
60,2025-04-04 10:00:00,email,0
60,2025-04-11 15:00:00,email,0
60,2025-04-18 17:00:00,digital_ad,0
60,2025-04-25 15:00:00,phone_call,0
60,2025-04-30 09:00:00,email,0
60,2025-05-05 17:00:00,digital_ad,0
60,2025-05-19 12:00:00,digital_ad,0
60,2025-05-28 12:00:00,email,1
60,2025-06-11 12:00:00,phone_call,0
60,2025-07-18 15:00:00,email,0
60,2025-08-05 09:00:00,phone_call,1
60,2025-08-14 09:00:00,webinar,0
60,2025-09-05 15:00:00,phone_call,0
60,2025-09-30 13:00:00,rep_visit,1
60,2025-10-08 16:00:00,phone_call,0
60,2025-10-15 16:00:00,digital_ad,0
60,2025-11-03 10:00:00,phone_call,0
60,2025-11-11 15:00:00,rep_visit,1
60,2025-12-08 13:00:00,digital_ad,0
60,2025-12-15 14:00:00,webinar,0
60,2025-12-29 12:00:00,webinar,0
61,2025-01-22 08:00:00,phone_call,1
61,2025-02-26 09:00:00,webinar,1
61,2025-03-25 09:00:00,webinar,0
61,2025-04-02 17:00:00,phone_call,0
61,2025-04-15 16:00:00,email,1
61,2025-04-30 09:00:00,digital_ad,0
61,2025-05-08 17:00:00,email,1
61,2025-05-13 16:00:00,rep_visit,0
61,2025-07-02 08:00:00,digital_ad,0
61,2025-07-10 09:00:00,webinar,0
61,2025-07-16 14:00:00,email,0
61,2025-08-04 15:00:00,phone_call,1
61,2025-08-26 11:00:00,email,0
61,2025-09-17 17:00:00,webinar,1
61,2025-10-10 13:00:00,webinar,1
61,2025-10-16 16:00:00,digital_ad,0
61,2025-10-23 11:00:00,rep_visit,0
61,2025-10-31 11:00:00,webinar,0
61,2025-11-03 17:00:00,rep_visit,0
61,2025-12-17 11:00:00,webinar,0
62,2025-01-23 17:00:00,rep_visit,0
62,2025-02-11 14:00:00,rep_visit,0
62,2025-02-28 14:00:00,digital_ad,0
62,2025-04-22 12:00:00,webinar,0
62,2025-05-01 10:00:00,digital_ad,0
62,2025-07-07 10:00:00,rep_visit,0
62,2025-07-29 16:00:00,digital_ad,0
62,2025-08-14 09:00:00,rep_visit,0
62,2025-09-08 15:00:00,rep_visit,1
62,2025-09-26 15:00:00,webinar,0
62,2025-09-29 08:00:00,rep_visit,0
62,2025-10-15 16:00:00,digital_ad,0
62,2025-10-27 12:00:00,rep_visit,1
62,2025-11-17 15:00:00,webinar,0
62,2025-11-24 17:00:00,digital_ad,0
63,2025-02-07 15:00:00,phone_call,1
63,2025-03-17 09:00:00,email,1
63,2025-03-26 13:00:00,phone_call,0
63,2025-05-01 10:00:00,webinar,0
63,2025-05-07 10:00:00,phone_call,1
63,2025-06-06 14:00:00,rep_visit,1
63,2025-07-08 13:00:00,rep_visit,0
63,2025-07-25 08:00:00,email,1
63,2025-08-01 14:00:00,webinar,0
63,2025-09-02 13:00:00,rep_visit,1
63,2025-09-16 14:00:00,digital_ad,0
63,2025-10-29 17:00:00,digital_ad,0
63,2025-11-06 17:00:00,webinar,0
63,2025-11-24 11:00:00,webinar,0
63,2025-12-12 12:00:00,email,1
64,2025-01-15 16:00:00,digital_ad,0
64,2025-02-01 15:00:00,phone_call,1
64,2025-02-12 10:00:00,phone_call,1
64,2025-02-28 14:00:00,phone_call,1
64,2025-03-14 15:00:00,digital_ad,0
64,2025-03-19 09:00:00,phone_call,0
64,2025-04-03 14:00:00,phone_call,1
64,2025-05-09 17:00:00,webinar,0
64,2025-05-13 17:00:00,digital_ad,0
64,2025-05-29 10:00:00,digital_ad,0
64,2025-06-13 13:00:00,rep_visit,1
64,2025-06-23 09:00:00,webinar,0
64,2025-07-23 16:00:00,rep_visit,1
64,2025-08-15 15:00:00,rep_visit,1
64,2025-08-26 12:00:00,phone_call,0
64,2025-09-02 08:00:00,phone_call,0
64,2025-09-18 08:00:00,phone_call,0
64,2025-09-23 11:00:00,email,0
64,2025-10-09 17:00:00,digital_ad,0
64,2025-11-12 15:00:00,digital_ad,0
64,2025-11-18 16:00:00,rep_visit,1
64,2025-11-26 11:00:00,phone_call,0
64,2025-12-10 10:00:00,email,1
64,2025-12-26 11:00:00,webinar,0
65,2025-02-01 08:00:00,phone_call,1
65,2025-02-12 08:00:00,rep_visit,1
65,2025-03-06 13:00:00,webinar,1
65,2025-03-18 10:00:00,webinar,1
65,2025-04-04 09:00:00,email,0
65,2025-04-16 12:00:00,webinar,1
65,2025-04-28 13:00:00,rep_visit,1
65,2025-05-29 08:00:00,phone_call,1
65,2025-06-02 13:00:00,rep_visit,0
65,2025-06-23 16:00:00,rep_visit,1
65,2025-06-30 17:00:00,rep_visit,0
65,2025-07-09 13:00:00,rep_visit,0
65,2025-07-17 11:00:00,phone_call,1
65,2025-08-07 17:00:00,webinar,1
65,2025-08-14 15:00:00,phone_call,0
65,2025-08-26 12:00:00,digital_ad,1
65,2025-09-03 14:00:00,rep_visit,1
65,2025-09-10 09:00:00,phone_call,0
65,2025-09-18 17:00:00,rep_visit,0
65,2025-09-24 12:00:00,rep_visit,0
65,2025-09-29 14:00:00,phone_call,1
65,2025-10-07 10:00:00,rep_visit,0
65,2025-10-21 15:00:00,rep_visit,1
65,2025-10-31 17:00:00,phone_call,1
65,2025-11-13 11:00:00,phone_call,1
65,2025-12-22 12:00:00,email,0
66,2025-01-18 17:00:00,rep_visit,0
66,2025-01-22 08:00:00,digital_ad,0
66,2025-02-05 11:00:00,email,0
66,2025-02-12 12:00:00,rep_visit,0
66,2025-02-19 11:00:00,rep_visit,1
66,2025-04-01 16:00:00,phone_call,1
66,2025-04-09 14:00:00,email,0
66,2025-04-18 11:00:00,phone_call,1
66,2025-05-06 09:00:00,email,0
66,2025-05-12 12:00:00,email,0
66,2025-05-22 08:00:00,email,0
66,2025-05-28 11:00:00,phone_call,0
66,2025-06-27 16:00:00,phone_call,1
66,2025-07-03 13:00:00,email,0
66,2025-07-22 11:00:00,rep_visit,0
66,2025-08-04 12:00:00,phone_call,1
66,2025-08-13 09:00:00,phone_call,0
66,2025-08-26 11:00:00,digital_ad,0
66,2025-09-18 15:00:00,email,0
66,2025-09-25 14:00:00,email,0
66,2025-10-01 16:00:00,digital_ad,0
66,2025-10-16 09:00:00,webinar,0
66,2025-10-20 17:00:00,phone_call,0
66,2025-11-11 08:00:00,phone_call,0
66,2025-12-15 17:00:00,rep_visit,0
67,2025-02-04 13:00:00,phone_call,0
67,2025-03-14 12:00:00,rep_visit,1
67,2025-03-26 12:00:00,webinar,0
67,2025-04-01 11:00:00,phone_call,0
67,2025-04-22 16:00:00,phone_call,0
67,2025-05-30 13:00:00,phone_call,0
67,2025-08-01 16:00:00,phone_call,0
67,2025-08-06 14:00:00,digital_ad,0
67,2025-08-14 13:00:00,rep_visit,1
67,2025-09-11 10:00:00,phone_call,1
67,2025-11-20 10:00:00,rep_visit,0
67,2025-12-12 15:00:00,webinar,1
67,2025-12-26 14:00:00,phone_call,1
67,2025-12-29 10:00:00,phone_call,0
68,2025-01-17 09:00:00,email,1
68,2025-02-08 08:00:00,email,1
68,2025-02-28 10:00:00,digital_ad,1
68,2025-03-06 15:00:00,webinar,0
68,2025-03-13 13:00:00,email,1
68,2025-03-27 12:00:00,webinar,1
68,2025-04-11 17:00:00,phone_call,0
68,2025-04-16 10:00:00,rep_visit,0
68,2025-04-24 11:00:00,rep_visit,0
68,2025-04-28 14:00:00,email,0
68,2025-05-09 14:00:00,digital_ad,1
68,2025-05-15 11:00:00,phone_call,0
68,2025-05-21 10:00:00,email,0
68,2025-06-19 13:00:00,digital_ad,0
68,2025-07-03 13:00:00,phone_call,1
68,2025-07-11 10:00:00,digital_ad,0
68,2025-07-14 12:00:00,webinar,0
68,2025-07-24 12:00:00,digital_ad,1
68,2025-08-04 15:00:00,email,0
68,2025-08-13 13:00:00,digital_ad,0
68,2025-08-26 17:00:00,digital_ad,0
68,2025-09-16 09:00:00,phone_call,1
68,2025-10-02 11:00:00,digital_ad,0
68,2025-10-08 10:00:00,digital_ad,0
68,2025-10-16 14:00:00,email,0
68,2025-10-22 13:00:00,webinar,0
68,2025-11-07 11:00:00,digital_ad,0
68,2025-11-13 10:00:00,phone_call,0
68,2025-11-19 15:00:00,phone_call,0
68,2025-11-28 17:00:00,webinar,1
68,2025-12-10 09:00:00,phone_call,1
68,2025-12-17 14:00:00,rep_visit,1
68,2025-12-24 09:00:00,digital_ad,0
68,2025-12-29 17:00:00,rep_visit,0
69,2025-01-30 09:00:00,phone_call,0
69,2025-02-08 16:00:00,webinar,0
69,2025-02-25 17:00:00,rep_visit,1
69,2025-03-07 11:00:00,rep_visit,0
69,2025-03-31 09:00:00,phone_call,0
69,2025-04-29 13:00:00,email,1
69,2025-05-06 08:00:00,email,0
69,2025-06-24 12:00:00,webinar,0
69,2025-08-05 11:00:00,webinar,1
69,2025-08-26 17:00:00,phone_call,1
69,2025-09-26 17:00:00,rep_visit,1
69,2025-10-08 12:00:00,email,0
69,2025-10-17 17:00:00,rep_visit,0
69,2025-10-28 14:00:00,phone_call,1
69,2025-11-10 09:00:00,rep_visit,0
69,2025-12-26 16:00:00,email,0
70,2025-01-29 14:00:00,digital_ad,0
70,2025-02-18 11:00:00,digital_ad,0
70,2025-03-31 14:00:00,email,1
70,2025-05-19 14:00:00,digital_ad,0
70,2025-06-16 08:00:00,digital_ad,1
70,2025-07-17 15:00:00,digital_ad,0
70,2025-07-22 14:00:00,phone_call,0
70,2025-07-30 15:00:00,webinar,0
70,2025-08-05 08:00:00,rep_visit,0
70,2025-08-15 08:00:00,webinar,0
70,2025-08-22 09:00:00,digital_ad,0
70,2025-09-08 10:00:00,email,1
70,2025-10-08 17:00:00,email,1
70,2025-10-23 17:00:00,digital_ad,0
70,2025-11-28 14:00:00,email,0
70,2025-12-31 17:00:00,email,0
71,2025-02-19 16:00:00,email,0
71,2025-03-04 08:00:00,email,1
71,2025-03-13 10:00:00,email,0
71,2025-03-21 09:00:00,phone_call,0
71,2025-04-01 16:00:00,email,0
71,2025-04-10 12:00:00,email,0
71,2025-05-07 09:00:00,email,0
71,2025-05-16 09:00:00,phone_call,0
71,2025-05-23 12:00:00,phone_call,0
71,2025-05-29 12:00:00,email,1
71,2025-06-17 17:00:00,email,1
71,2025-06-26 11:00:00,email,1
71,2025-07-03 15:00:00,email,0
71,2025-07-10 14:00:00,phone_call,0
71,2025-07-15 14:00:00,digital_ad,0
71,2025-07-22 17:00:00,digital_ad,0
71,2025-08-13 08:00:00,email,0
71,2025-08-20 13:00:00,email,1
71,2025-09-02 14:00:00,digital_ad,0
71,2025-09-15 09:00:00,phone_call,0
71,2025-09-29 12:00:00,email,0
71,2025-10-10 11:00:00,webinar,0
71,2025-10-21 11:00:00,digital_ad,0
71,2025-10-31 15:00:00,digital_ad,1
71,2025-11-28 16:00:00,digital_ad,0
71,2025-12-12 16:00:00,webinar,0
71,2025-12-23 09:00:00,email,1
72,2025-01-17 11:00:00,digital_ad,0
72,2025-01-28 09:00:00,rep_visit,0
72,2025-02-07 15:00:00,phone_call,1
72,2025-02-15 09:00:00,webinar,0
72,2025-03-03 10:00:00,webinar,0
72,2025-03-21 09:00:00,email,0
72,2025-03-27 17:00:00,email,0
72,2025-03-31 09:00:00,email,0
72,2025-04-10 15:00:00,webinar,0
72,2025-04-14 08:00:00,phone_call,0
72,2025-04-28 13:00:00,email,0
72,2025-05-05 16:00:00,rep_visit,0
72,2025-05-26 13:00:00,webinar,0
72,2025-06-05 12:00:00,rep_visit,1
72,2025-06-12 15:00:00,phone_call,0
72,2025-07-31 12:00:00,rep_visit,1
72,2025-08-06 17:00:00,email,0
72,2025-08-25 13:00:00,phone_call,1
72,2025-09-04 13:00:00,rep_visit,1
72,2025-09-15 13:00:00,phone_call,0
72,2025-10-02 17:00:00,webinar,0
72,2025-10-07 12:00:00,webinar,0
72,2025-10-14 17:00:00,phone_call,0
72,2025-10-27 13:00:00,digital_ad,0
72,2025-11-11 08:00:00,rep_visit,1
72,2025-11-24 08:00:00,phone_call,0
72,2025-12-04 08:00:00,rep_visit,0
72,2025-12-12 12:00:00,email,0
72,2025-12-24 16:00:00,phone_call,0
73,2025-01-15 14:00:00,rep_visit,1
73,2025-01-22 12:00:00,rep_visit,0
73,2025-01-28 08:00:00,email,1
73,2025-02-12 15:00:00,rep_visit,0
73,2025-02-21 09:00:00,rep_visit,0
73,2025-04-14 10:00:00,rep_visit,0
73,2025-04-23 11:00:00,phone_call,1
73,2025-04-30 17:00:00,rep_visit,0
73,2025-05-07 10:00:00,email,0
73,2025-05-30 17:00:00,phone_call,0
73,2025-07-04 08:00:00,rep_visit,1
73,2025-07-22 16:00:00,rep_visit,1
73,2025-07-30 17:00:00,rep_visit,0
73,2025-08-12 15:00:00,phone_call,1
73,2025-08-21 10:00:00,webinar,1
73,2025-08-28 14:00:00,rep_visit,0
73,2025-09-18 11:00:00,phone_call,1
73,2025-10-03 13:00:00,phone_call,1
73,2025-10-14 16:00:00,rep_visit,0
73,2025-10-22 12:00:00,email,0
73,2025-11-21 10:00:00,rep_visit,1
73,2025-11-24 11:00:00,webinar,0
73,2025-12-03 11:00:00,rep_visit,0
73,2025-12-15 09:00:00,email,1
73,2026-01-01 15:00:00,phone_call,1
74,2025-02-04 15:00:00,phone_call,0
74,2025-03-19 16:00:00,digital_ad,0
74,2025-03-28 10:00:00,phone_call,0
74,2025-04-30 10:00:00,phone_call,0
74,2025-05-29 13:00:00,email,1
74,2025-06-10 12:00:00,email,0
74,2025-09-02 09:00:00,webinar,1
74,2025-10-20 14:00:00,digital_ad,0
74,2025-11-05 09:00:00,phone_call,1
74,2025-12-18 17:00:00,phone_call,0
75,2025-01-24 14:00:00,digital_ad,0
75,2025-01-30 15:00:00,digital_ad,0
75,2025-02-04 09:00:00,webinar,0
75,2025-02-28 10:00:00,webinar,0
75,2025-04-18 12:00:00,digital_ad,0
75,2025-04-28 10:00:00,phone_call,0
75,2025-05-21 15:00:00,digital_ad,0
75,2025-06-11 15:00:00,email,0
75,2025-06-30 15:00:00,webinar,0
75,2025-07-14 14:00:00,email,0
75,2025-08-13 13:00:00,email,1
75,2025-09-10 11:00:00,phone_call,0
75,2025-12-02 14:00:00,email,0
75,2025-12-10 15:00:00,email,0
76,2025-01-18 16:00:00,email,1
76,2025-01-22 11:00:00,email,1
76,2025-02-01 11:00:00,digital_ad,0
76,2025-02-04 14:00:00,rep_visit,0
76,2025-02-13 12:00:00,digital_ad,0
76,2025-02-18 12:00:00,digital_ad,0
76,2025-02-27 15:00:00,phone_call,0
76,2025-03-04 14:00:00,digital_ad,0
76,2025-03-12 11:00:00,email,0
76,2025-03-20 14:00:00,email,0
76,2025-03-25 08:00:00,email,0
76,2025-04-17 10:00:00,phone_call,1
76,2025-05-16 10:00:00,digital_ad,0
76,2025-06-26 08:00:00,digital_ad,0
76,2025-07-03 12:00:00,phone_call,0
76,2025-07-14 13:00:00,phone_call,0
76,2025-07-22 12:00:00,digital_ad,0
76,2025-07-31 13:00:00,email,1
76,2025-08-04 09:00:00,rep_visit,0
76,2025-08-27 10:00:00,phone_call,1
76,2025-09-05 13:00:00,email,0
76,2025-09-12 13:00:00,email,0
76,2025-09-18 08:00:00,email,0
76,2025-10-01 11:00:00,phone_call,0
76,2025-10-09 10:00:00,digital_ad,0
76,2025-10-28 08:00:00,webinar,0
76,2025-11-04 14:00:00,email,0
76,2025-11-14 14:00:00,email,0
76,2025-11-20 10:00:00,digital_ad,0
76,2025-11-24 12:00:00,email,0
76,2025-12-05 08:00:00,email,0
76,2025-12-09 11:00:00,email,0
76,2025-12-17 08:00:00,digital_ad,0
76,2025-12-25 15:00:00,phone_call,0
77,2025-01-21 13:00:00,email,0
77,2025-02-07 11:00:00,webinar,0
77,2025-04-01 09:00:00,email,1
77,2025-05-26 15:00:00,rep_visit,0
77,2025-06-18 16:00:00,email,0
77,2025-06-26 15:00:00,email,0
77,2025-07-07 15:00:00,phone_call,0
77,2025-07-28 15:00:00,email,0
77,2025-08-06 11:00:00,digital_ad,0
77,2025-09-30 11:00:00,webinar,0
77,2025-10-16 17:00:00,phone_call,0
77,2025-11-11 12:00:00,digital_ad,0
78,2025-02-14 14:00:00,rep_visit,1
78,2025-03-18 17:00:00,webinar,0
78,2025-03-31 16:00:00,rep_visit,0
78,2025-05-05 13:00:00,digital_ad,0
78,2025-05-30 11:00:00,email,1
78,2025-06-17 11:00:00,phone_call,1
78,2025-07-04 16:00:00,phone_call,0
78,2025-07-07 14:00:00,rep_visit,0
78,2025-07-14 15:00:00,rep_visit,0
78,2025-07-25 08:00:00,rep_visit,0
78,2025-08-19 14:00:00,phone_call,0
78,2025-08-26 10:00:00,rep_visit,1
78,2025-09-12 15:00:00,phone_call,0
78,2025-10-21 11:00:00,rep_visit,0
78,2025-11-10 14:00:00,email,0
78,2025-12-12 14:00:00,rep_visit,1
78,2025-12-17 15:00:00,digital_ad,0
79,2025-01-24 15:00:00,email,0
79,2025-02-15 09:00:00,digital_ad,0
79,2025-02-28 08:00:00,phone_call,0
79,2025-03-12 12:00:00,email,0
79,2025-03-19 14:00:00,email,0
79,2025-04-09 16:00:00,digital_ad,0
79,2025-04-25 17:00:00,rep_visit,1
79,2025-04-29 10:00:00,email,0
79,2025-05-05 11:00:00,phone_call,0
79,2025-06-10 13:00:00,digital_ad,0
79,2025-06-26 12:00:00,rep_visit,1
79,2025-06-30 11:00:00,email,0
79,2025-08-06 12:00:00,email,0
79,2025-08-13 09:00:00,digital_ad,0
79,2025-09-04 12:00:00,phone_call,1
79,2025-09-09 11:00:00,webinar,0
79,2025-10-13 08:00:00,phone_call,0
79,2025-11-07 16:00:00,webinar,1
79,2025-11-27 12:00:00,webinar,1
79,2025-12-16 12:00:00,phone_call,0
79,2025-12-26 17:00:00,email,0
80,2025-01-15 10:00:00,webinar,0
80,2025-01-31 10:00:00,digital_ad,0
80,2025-02-21 09:00:00,webinar,0
80,2025-03-07 13:00:00,rep_visit,1
80,2025-03-14 15:00:00,rep_visit,1
80,2025-03-21 13:00:00,rep_visit,1
80,2025-03-24 17:00:00,phone_call,0
80,2025-04-02 10:00:00,webinar,0
80,2025-04-22 15:00:00,rep_visit,1
80,2025-04-30 16:00:00,phone_call,1
80,2025-05-05 15:00:00,digital_ad,1
80,2025-05-30 09:00:00,phone_call,1
80,2025-06-04 13:00:00,webinar,0
80,2025-06-18 16:00:00,phone_call,1
80,2025-06-26 14:00:00,phone_call,1
80,2025-07-03 13:00:00,webinar,0
80,2025-07-07 16:00:00,phone_call,0
80,2025-07-15 13:00:00,webinar,0
80,2025-07-29 08:00:00,phone_call,1
80,2025-08-15 08:00:00,phone_call,1
80,2025-08-25 08:00:00,phone_call,1
80,2025-09-11 14:00:00,rep_visit,1
80,2025-09-16 11:00:00,phone_call,0
80,2025-10-28 16:00:00,phone_call,1
80,2025-11-19 13:00:00,phone_call,1
80,2025-12-04 12:00:00,email,0
80,2025-12-12 11:00:00,webinar,0
80,2025-12-29 11:00:00,rep_visit,1
81,2025-01-23 11:00:00,email,1
81,2025-01-28 10:00:00,email,0
81,2025-02-11 09:00:00,email,0
81,2025-02-22 10:00:00,webinar,0
81,2025-02-28 10:00:00,email,0
81,2025-03-05 09:00:00,email,0
81,2025-03-18 09:00:00,digital_ad,0
81,2025-04-03 12:00:00,email,1
81,2025-04-09 13:00:00,digital_ad,0
81,2025-05-08 17:00:00,webinar,0
81,2025-05-19 08:00:00,email,0
81,2025-05-29 08:00:00,digital_ad,0
81,2025-06-03 16:00:00,digital_ad,0
81,2025-06-12 08:00:00,email,0
81,2025-06-16 12:00:00,digital_ad,0
81,2025-07-01 09:00:00,digital_ad,0
81,2025-07-25 12:00:00,digital_ad,0
81,2025-08-12 17:00:00,webinar,0
81,2025-08-18 12:00:00,digital_ad,0
81,2025-09-05 12:00:00,digital_ad,0
81,2025-09-08 13:00:00,digital_ad,0
81,2025-09-19 09:00:00,email,0
81,2025-09-22 13:00:00,digital_ad,0
81,2025-10-08 16:00:00,webinar,0
81,2025-10-23 10:00:00,phone_call,0
81,2025-11-04 15:00:00,email,1
81,2025-11-10 08:00:00,digital_ad,0
81,2025-11-21 08:00:00,phone_call,0
81,2025-12-01 16:00:00,phone_call,1
81,2025-12-17 16:00:00,email,0
82,2025-02-05 09:00:00,digital_ad,0
82,2025-03-13 16:00:00,digital_ad,0
82,2025-05-27 08:00:00,rep_visit,1
82,2025-07-03 08:00:00,webinar,0
82,2025-07-18 12:00:00,webinar,1
82,2025-08-08 10:00:00,webinar,1
82,2025-09-04 15:00:00,webinar,0
82,2025-11-11 17:00:00,rep_visit,1
83,2025-01-18 17:00:00,webinar,1
83,2025-01-31 10:00:00,webinar,1
83,2025-02-12 15:00:00,email,0
83,2025-02-19 14:00:00,phone_call,0
83,2025-02-28 14:00:00,digital_ad,0
83,2025-03-05 15:00:00,email,0
83,2025-03-25 17:00:00,rep_visit,0
83,2025-04-04 15:00:00,phone_call,0
83,2025-04-08 10:00:00,webinar,0
83,2025-04-18 16:00:00,phone_call,0
83,2025-04-30 10:00:00,email,0
83,2025-05-06 11:00:00,rep_visit,0
83,2025-05-22 13:00:00,webinar,1
83,2025-06-26 13:00:00,digital_ad,0
83,2025-07-22 15:00:00,webinar,1
83,2025-07-31 15:00:00,digital_ad,0
83,2025-08-21 14:00:00,phone_call,0
83,2025-09-04 08:00:00,rep_visit,1
83,2025-09-09 16:00:00,rep_visit,0
83,2025-09-18 15:00:00,digital_ad,0
83,2025-09-22 13:00:00,webinar,0
83,2025-10-14 17:00:00,rep_visit,0
83,2025-10-22 10:00:00,phone_call,0
83,2025-11-19 12:00:00,webinar,1
83,2025-11-26 17:00:00,phone_call,0
83,2025-12-29 11:00:00,webinar,1
84,2025-02-27 14:00:00,email,1
84,2025-03-12 16:00:00,phone_call,1
84,2025-04-01 17:00:00,email,1
84,2025-04-21 15:00:00,phone_call,1
84,2025-05-26 09:00:00,phone_call,0
84,2025-06-16 17:00:00,email,0
84,2025-07-01 11:00:00,phone_call,1
84,2025-07-14 16:00:00,rep_visit,1
84,2025-07-24 12:00:00,rep_visit,1
84,2025-08-01 09:00:00,rep_visit,1
84,2025-08-11 11:00:00,rep_visit,1
84,2025-08-22 17:00:00,digital_ad,0
84,2025-09-01 09:00:00,phone_call,0
84,2025-09-19 17:00:00,phone_call,0
84,2025-10-20 09:00:00,rep_visit,1
84,2025-10-29 10:00:00,rep_visit,0
84,2025-11-05 13:00:00,rep_visit,1
84,2025-11-13 15:00:00,phone_call,0
84,2025-12-03 10:00:00,webinar,0
84,2025-12-08 09:00:00,phone_call,0
84,2025-12-22 13:00:00,email,0
84,2026-01-01 14:00:00,rep_visit,1
85,2025-02-20 14:00:00,digital_ad,0
85,2025-03-04 12:00:00,email,0
85,2025-03-24 11:00:00,webinar,1
85,2025-04-14 17:00:00,webinar,0
85,2025-04-28 09:00:00,webinar,1
85,2025-05-16 09:00:00,email,0
85,2025-06-27 12:00:00,webinar,1
85,2025-06-30 08:00:00,digital_ad,0
85,2025-07-07 11:00:00,webinar,0
85,2025-07-28 12:00:00,phone_call,0
85,2025-08-08 13:00:00,webinar,1
85,2025-10-13 17:00:00,email,0
85,2025-11-10 10:00:00,email,0
85,2025-11-19 17:00:00,webinar,1
85,2025-12-16 17:00:00,email,0
86,2025-01-31 09:00:00,rep_visit,0
86,2025-02-06 12:00:00,email,0
86,2025-02-14 16:00:00,phone_call,1
86,2025-02-18 14:00:00,email,0
86,2025-03-04 16:00:00,email,0
86,2025-03-13 16:00:00,phone_call,0
86,2025-04-09 09:00:00,email,0
86,2025-04-21 16:00:00,phone_call,0
86,2025-05-05 08:00:00,email,0
86,2025-05-16 16:00:00,phone_call,0
86,2025-06-06 09:00:00,webinar,1
86,2025-06-20 08:00:00,email,0
86,2025-06-23 13:00:00,email,0
86,2025-07-01 08:00:00,digital_ad,0
86,2025-07-07 16:00:00,phone_call,1
86,2025-07-17 16:00:00,phone_call,0
86,2025-08-07 17:00:00,webinar,0
86,2025-08-19 09:00:00,email,0
86,2025-09-01 10:00:00,rep_visit,0
86,2025-09-29 10:00:00,phone_call,0
86,2025-10-06 10:00:00,email,0
86,2025-10-15 14:00:00,email,0
86,2025-10-28 10:00:00,webinar,0
86,2025-11-07 08:00:00,phone_call,0
86,2025-11-17 14:00:00,rep_visit,0
86,2025-12-17 08:00:00,email,0
86,2025-12-26 08:00:00,email,0
87,2025-01-15 17:00:00,email,0
87,2025-02-05 16:00:00,digital_ad,0
87,2025-02-21 14:00:00,digital_ad,0
87,2025-02-26 13:00:00,email,0
87,2025-03-18 13:00:00,webinar,0
87,2025-04-15 13:00:00,webinar,1
87,2025-04-30 14:00:00,email,0
87,2025-05-13 16:00:00,webinar,1
87,2025-06-11 12:00:00,digital_ad,0
87,2025-07-11 09:00:00,webinar,0
87,2025-07-22 08:00:00,email,0
87,2025-08-14 16:00:00,email,1
87,2025-08-22 12:00:00,webinar,0
87,2025-08-27 13:00:00,digital_ad,1
87,2025-09-18 09:00:00,webinar,1
87,2025-10-31 14:00:00,webinar,1
87,2025-11-14 17:00:00,email,1
87,2025-11-20 17:00:00,email,0
87,2025-11-28 14:00:00,digital_ad,0
88,2025-02-08 12:00:00,email,0
88,2025-02-13 13:00:00,digital_ad,0
88,2025-02-22 14:00:00,phone_call,0
88,2025-02-28 10:00:00,email,0
88,2025-04-01 10:00:00,phone_call,0
88,2025-04-11 09:00:00,phone_call,1
88,2025-04-28 10:00:00,rep_visit,0
88,2025-06-04 13:00:00,digital_ad,0
88,2025-06-26 11:00:00,phone_call,1
88,2025-06-30 16:00:00,email,0
88,2025-07-18 12:00:00,phone_call,1
88,2025-07-21 14:00:00,rep_visit,0
88,2025-08-06 16:00:00,rep_visit,0
88,2025-08-12 09:00:00,phone_call,0
88,2025-08-21 14:00:00,email,0
88,2025-09-08 16:00:00,rep_visit,0
88,2025-09-19 10:00:00,email,0
88,2025-09-22 12:00:00,phone_call,0
88,2025-10-09 10:00:00,rep_visit,1
88,2025-11-10 10:00:00,rep_visit,1
88,2025-11-20 11:00:00,phone_call,0
88,2025-11-25 14:00:00,phone_call,0
88,2025-12-12 09:00:00,rep_visit,1
89,2025-04-01 15:00:00,webinar,0
89,2025-07-09 12:00:00,digital_ad,0
89,2025-07-31 17:00:00,webinar,0
89,2025-08-04 10:00:00,digital_ad,0
89,2025-08-29 13:00:00,webinar,0
89,2025-09-05 14:00:00,webinar,0
89,2025-10-17 14:00:00,digital_ad,0
89,2025-10-24 09:00:00,digital_ad,0
89,2025-12-01 14:00:00,digital_ad,0
89,2025-12-25 10:00:00,digital_ad,1
90,2025-02-15 13:00:00,digital_ad,0
90,2025-04-07 17:00:00,rep_visit,0
90,2025-04-17 10:00:00,webinar,0
90,2025-05-29 15:00:00,rep_visit,0
90,2025-06-04 17:00:00,webinar,0
90,2025-09-05 15:00:00,webinar,0
90,2025-09-11 17:00:00,rep_visit,0
90,2025-10-10 13:00:00,rep_visit,0
90,2025-10-20 17:00:00,webinar,0
90,2025-10-28 11:00:00,digital_ad,0
90,2025-11-27 09:00:00,webinar,0
90,2025-12-12 09:00:00,webinar,0
91,2025-01-18 14:00:00,phone_call,1
91,2025-01-28 16:00:00,email,0
91,2025-02-14 10:00:00,webinar,0
91,2025-02-22 10:00:00,phone_call,1
91,2025-02-26 08:00:00,phone_call,1
91,2025-03-10 14:00:00,webinar,0
91,2025-03-19 16:00:00,phone_call,1
91,2025-04-01 11:00:00,webinar,1
91,2025-04-08 10:00:00,rep_visit,0
91,2025-04-17 11:00:00,phone_call,0
91,2025-05-02 15:00:00,phone_call,1
91,2025-05-06 13:00:00,rep_visit,0
91,2025-05-22 16:00:00,email,0
91,2025-06-04 09:00:00,rep_visit,0
91,2025-06-26 15:00:00,webinar,1
91,2025-07-01 09:00:00,rep_visit,0
91,2025-07-16 13:00:00,phone_call,1
91,2025-07-30 13:00:00,rep_visit,1
91,2025-08-18 11:00:00,webinar,0
91,2025-08-25 15:00:00,rep_visit,1
91,2025-09-11 16:00:00,webinar,1
91,2025-10-06 08:00:00,phone_call,1
91,2025-10-13 15:00:00,phone_call,1
91,2025-11-04 10:00:00,rep_visit,1
91,2025-11-13 14:00:00,digital_ad,0
91,2025-12-05 10:00:00,rep_visit,1
91,2025-12-08 11:00:00,webinar,0
92,2025-01-17 17:00:00,email,1
92,2025-03-12 12:00:00,rep_visit,0
92,2025-03-18 12:00:00,email,1
92,2025-04-11 15:00:00,email,0
92,2025-04-24 09:00:00,webinar,0
92,2025-05-06 16:00:00,email,0
92,2025-05-23 15:00:00,rep_visit,0
92,2025-06-18 08:00:00,digital_ad,0
92,2025-07-14 16:00:00,phone_call,1
92,2025-07-25 10:00:00,phone_call,0
92,2025-08-12 16:00:00,webinar,1
92,2025-08-29 13:00:00,email,0
92,2025-09-08 14:00:00,email,0
92,2025-10-20 13:00:00,rep_visit,0
92,2025-11-19 10:00:00,webinar,0
92,2025-12-04 16:00:00,email,0
93,2025-01-25 14:00:00,email,1
93,2025-02-08 17:00:00,email,0
93,2025-02-14 16:00:00,digital_ad,0
93,2025-02-20 09:00:00,digital_ad,0
93,2025-02-28 14:00:00,phone_call,0
93,2025-03-14 09:00:00,webinar,1
93,2025-03-20 08:00:00,email,1
93,2025-04-02 09:00:00,email,0
93,2025-04-21 10:00:00,email,0
93,2025-04-28 17:00:00,phone_call,0
93,2025-05-13 17:00:00,digital_ad,0
93,2025-06-20 12:00:00,email,0
93,2025-07-29 14:00:00,webinar,0
93,2025-08-21 15:00:00,digital_ad,0
93,2025-09-05 10:00:00,email,0
93,2025-09-22 12:00:00,email,0
93,2025-10-07 11:00:00,email,1
93,2025-10-17 16:00:00,webinar,1
93,2025-10-27 09:00:00,email,0
93,2025-11-04 08:00:00,email,0
93,2025-11-11 12:00:00,digital_ad,0
93,2025-11-17 13:00:00,webinar,0
93,2025-11-28 08:00:00,digital_ad,0
93,2025-12-10 10:00:00,webinar,0
94,2025-02-27 13:00:00,phone_call,0
94,2025-03-04 10:00:00,digital_ad,0
94,2025-04-22 11:00:00,phone_call,1
94,2025-04-29 10:00:00,rep_visit,1
94,2025-05-16 15:00:00,rep_visit,0
94,2025-05-23 15:00:00,digital_ad,0
94,2025-06-11 16:00:00,email,0
94,2025-06-30 15:00:00,email,0
94,2025-07-24 15:00:00,email,0
94,2025-08-08 09:00:00,phone_call,0
94,2025-09-24 14:00:00,email,0
94,2025-10-03 15:00:00,rep_visit,0
94,2025-10-30 14:00:00,phone_call,0
94,2025-11-05 12:00:00,email,0
94,2025-11-21 10:00:00,phone_call,0
94,2025-12-01 13:00:00,email,0
95,2025-01-15 16:00:00,email,0
95,2025-02-01 13:00:00,email,1
95,2025-02-28 09:00:00,email,1
95,2025-03-17 14:00:00,email,0
95,2025-03-28 08:00:00,phone_call,0
95,2025-04-01 09:00:00,email,1
95,2025-05-01 08:00:00,phone_call,0
95,2025-05-06 14:00:00,webinar,0
95,2025-05-22 08:00:00,webinar,0
95,2025-06-12 11:00:00,digital_ad,0
95,2025-07-03 12:00:00,webinar,1
95,2025-08-18 09:00:00,phone_call,0
95,2025-09-18 17:00:00,email,1
95,2025-11-06 11:00:00,webinar,1
95,2025-11-13 14:00:00,email,1
95,2025-12-05 15:00:00,digital_ad,0
95,2025-12-08 16:00:00,email,0
95,2025-12-30 12:00:00,digital_ad,0
96,2025-02-11 09:00:00,email,0
96,2025-02-25 17:00:00,email,0
96,2025-03-21 08:00:00,email,0
96,2025-04-03 15:00:00,webinar,1
96,2025-04-08 13:00:00,rep_visit,0
96,2025-05-15 11:00:00,phone_call,0
96,2025-05-27 17:00:00,phone_call,0
96,2025-06-04 15:00:00,phone_call,0
96,2025-06-10 08:00:00,webinar,0
96,2025-06-23 13:00:00,email,0
96,2025-07-17 10:00:00,phone_call,1
96,2025-07-21 17:00:00,webinar,0
96,2025-08-28 16:00:00,rep_visit,1
96,2025-09-04 14:00:00,rep_visit,1
96,2025-09-11 16:00:00,phone_call,0
96,2025-09-15 17:00:00,digital_ad,0
96,2025-09-24 14:00:00,email,0
96,2025-10-28 11:00:00,digital_ad,0
96,2025-11-03 09:00:00,webinar,0
96,2025-11-18 13:00:00,digital_ad,0
96,2025-12-03 14:00:00,rep_visit,1
97,2025-01-25 17:00:00,phone_call,1
97,2025-02-11 14:00:00,email,1
97,2025-03-11 17:00:00,phone_call,0
97,2025-03-19 16:00:00,phone_call,1
97,2025-03-24 08:00:00,phone_call,0
97,2025-04-18 17:00:00,webinar,1
97,2025-04-29 12:00:00,phone_call,0
97,2025-05-06 17:00:00,digital_ad,0
97,2025-05-14 08:00:00,webinar,0
97,2025-05-21 14:00:00,email,0
97,2025-06-04 10:00:00,digital_ad,0
97,2025-06-20 08:00:00,webinar,0
97,2025-06-26 08:00:00,rep_visit,0
97,2025-07-18 14:00:00,webinar,1
97,2025-07-29 10:00:00,digital_ad,0
97,2025-08-18 15:00:00,email,0
97,2025-09-03 15:00:00,rep_visit,1
97,2025-09-09 14:00:00,webinar,0
97,2025-09-15 10:00:00,webinar,1
97,2025-09-25 09:00:00,email,0
97,2025-11-06 16:00:00,email,1
97,2025-11-26 11:00:00,webinar,0
97,2025-12-03 09:00:00,rep_visit,0
97,2025-12-09 17:00:00,rep_visit,1
97,2025-12-15 08:00:00,digital_ad,0
97,2025-12-26 17:00:00,digital_ad,1
97,2026-01-02 08:00:00,email,1
98,2025-02-05 10:00:00,email,0
98,2025-02-18 17:00:00,rep_visit,1
98,2025-02-25 14:00:00,email,0
98,2025-04-01 15:00:00,rep_visit,1
98,2025-04-08 13:00:00,rep_visit,1
98,2025-04-18 11:00:00,rep_visit,0
98,2025-04-21 16:00:00,rep_visit,0
98,2025-05-05 17:00:00,rep_visit,1
98,2025-05-13 10:00:00,phone_call,0
98,2025-05-28 11:00:00,email,0
98,2025-06-03 14:00:00,digital_ad,1
98,2025-06-13 12:00:00,phone_call,1
98,2025-06-19 09:00:00,webinar,0
98,2025-07-01 17:00:00,phone_call,0
98,2025-07-11 17:00:00,phone_call,0
98,2025-08-19 13:00:00,phone_call,0
98,2025-08-26 08:00:00,rep_visit,1
98,2025-09-04 13:00:00,webinar,0
98,2025-09-23 08:00:00,phone_call,1
98,2025-10-20 10:00:00,webinar,1
98,2025-10-29 17:00:00,phone_call,0
98,2025-12-04 11:00:00,phone_call,0
98,2026-01-01 17:00:00,phone_call,0
99,2025-01-14 09:00:00,phone_call,0
99,2025-02-04 15:00:00,phone_call,0
99,2025-03-20 13:00:00,rep_visit,1
99,2025-04-16 13:00:00,phone_call,1
99,2025-05-20 13:00:00,phone_call,0
99,2025-06-09 17:00:00,webinar,0
99,2025-07-31 16:00:00,webinar,1
99,2025-09-24 17:00:00,email,0
99,2025-11-12 17:00:00,phone_call,0
99,2026-01-01 09:00:00,phone_call,0
100,2025-05-28 17:00:00,rep_visit,1
100,2025-06-09 09:00:00,webinar,1
100,2025-06-26 15:00:00,webinar,0
100,2025-07-31 11:00:00,rep_visit,1
100,2025-10-10 11:00:00,rep_visit,1
100,2025-10-14 08:00:00,rep_visit,1
100,2025-12-03 17:00:00,rep_visit,1
101,2025-02-06 10:00:00,rep_visit,0
101,2025-02-11 10:00:00,rep_visit,0
101,2025-03-06 13:00:00,rep_visit,0
101,2025-03-21 11:00:00,rep_visit,0
101,2025-04-24 13:00:00,rep_visit,1
101,2025-05-07 16:00:00,rep_visit,1
101,2025-05-27 17:00:00,rep_visit,1
101,2025-07-03 09:00:00,webinar,1
101,2025-07-11 09:00:00,rep_visit,0
101,2025-09-05 17:00:00,rep_visit,1
101,2025-09-08 11:00:00,rep_visit,0
101,2025-10-15 16:00:00,digital_ad,0
101,2025-10-23 16:00:00,rep_visit,1
101,2025-12-23 16:00:00,rep_visit,1
102,2025-01-22 10:00:00,rep_visit,1
102,2025-03-03 13:00:00,digital_ad,0
102,2025-04-24 09:00:00,rep_visit,0
102,2025-05-09 17:00:00,digital_ad,0
102,2025-07-16 14:00:00,digital_ad,0
102,2025-08-08 12:00:00,rep_visit,1
102,2025-09-01 16:00:00,rep_visit,0
103,2025-01-15 08:00:00,digital_ad,0
103,2025-02-01 14:00:00,digital_ad,0
103,2025-02-07 13:00:00,email,0
103,2025-03-14 11:00:00,phone_call,1
103,2025-04-04 13:00:00,phone_call,1
103,2025-04-10 16:00:00,email,0
103,2025-04-16 13:00:00,email,0
103,2025-05-01 12:00:00,webinar,1
103,2025-05-09 12:00:00,email,0
103,2025-06-06 09:00:00,email,0
103,2025-06-17 15:00:00,phone_call,0
103,2025-06-26 17:00:00,email,0
103,2025-08-04 15:00:00,rep_visit,1
103,2025-08-13 15:00:00,rep_visit,0
103,2025-08-28 09:00:00,digital_ad,0
103,2025-09-03 08:00:00,rep_visit,1
103,2025-09-08 09:00:00,phone_call,0
103,2025-10-23 11:00:00,email,0
103,2025-10-28 10:00:00,digital_ad,0
103,2025-11-07 17:00:00,webinar,1
103,2025-11-12 13:00:00,email,0
103,2025-11-20 09:00:00,phone_call,1
103,2025-11-28 10:00:00,email,1
103,2025-12-22 10:00:00,webinar,1
103,2025-12-31 14:00:00,email,1
104,2025-01-18 14:00:00,phone_call,0
104,2025-01-24 09:00:00,email,0
104,2025-02-01 13:00:00,email,0
104,2025-03-06 12:00:00,webinar,0
104,2025-03-14 08:00:00,webinar,0
104,2025-04-01 17:00:00,email,0
104,2025-04-21 11:00:00,rep_visit,1
104,2025-05-05 13:00:00,digital_ad,0
104,2025-07-17 11:00:00,email,0
104,2025-08-06 09:00:00,rep_visit,0
104,2025-09-04 12:00:00,email,1
104,2025-10-24 11:00:00,email,0
104,2025-11-07 08:00:00,digital_ad,1
104,2025-12-11 11:00:00,email,0
104,2025-12-31 10:00:00,digital_ad,0
105,2025-01-24 08:00:00,email,1
105,2025-02-04 12:00:00,webinar,0
105,2025-02-12 13:00:00,webinar,0
105,2025-03-06 12:00:00,webinar,0
105,2025-03-12 11:00:00,email,0
105,2025-03-20 16:00:00,digital_ad,0
105,2025-04-18 15:00:00,email,1
105,2025-05-02 12:00:00,email,0
105,2025-06-09 11:00:00,phone_call,0
105,2025-07-09 10:00:00,phone_call,0
105,2025-08-06 11:00:00,digital_ad,0
105,2025-09-08 11:00:00,email,1
105,2025-09-19 14:00:00,email,0
105,2025-09-22 11:00:00,email,0
105,2025-10-07 15:00:00,webinar,0
105,2025-11-27 13:00:00,email,1
105,2025-12-01 09:00:00,webinar,0
106,2025-01-16 14:00:00,rep_visit,0
106,2025-01-23 09:00:00,phone_call,0
106,2025-01-28 13:00:00,rep_visit,0
106,2025-02-08 15:00:00,email,0
106,2025-02-28 10:00:00,rep_visit,1
106,2025-03-05 14:00:00,phone_call,0
106,2025-03-11 16:00:00,phone_call,1
106,2025-03-19 14:00:00,phone_call,0
106,2025-03-25 15:00:00,rep_visit,1
106,2025-04-03 12:00:00,webinar,0
106,2025-04-10 11:00:00,phone_call,0
106,2025-05-22 16:00:00,rep_visit,1
106,2025-05-29 14:00:00,rep_visit,0
106,2025-06-10 15:00:00,email,0
106,2025-06-24 17:00:00,phone_call,0
106,2025-06-30 13:00:00,webinar,0
106,2025-07-10 16:00:00,phone_call,0
106,2025-07-14 14:00:00,rep_visit,0
106,2025-08-18 16:00:00,rep_visit,1
106,2025-09-04 14:00:00,rep_visit,1
106,2025-09-11 11:00:00,rep_visit,0
106,2025-09-23 09:00:00,phone_call,0
106,2025-10-07 14:00:00,rep_visit,1
106,2025-10-20 16:00:00,webinar,0
106,2025-10-29 14:00:00,phone_call,0
106,2025-11-06 16:00:00,webinar,0
106,2025-11-14 13:00:00,rep_visit,0
106,2025-11-20 16:00:00,email,0
106,2025-12-05 10:00:00,phone_call,0
106,2025-12-11 11:00:00,phone_call,1
106,2025-12-24 11:00:00,webinar,0
106,2026-01-01 16:00:00,rep_visit,1
107,2025-01-17 14:00:00,webinar,0
107,2025-02-05 08:00:00,email,0
107,2025-02-15 16:00:00,rep_visit,0
107,2025-02-26 08:00:00,rep_visit,0
107,2025-03-03 09:00:00,email,1
107,2025-03-13 14:00:00,email,0
107,2025-03-24 16:00:00,phone_call,1
107,2025-04-10 10:00:00,email,0
107,2025-04-25 10:00:00,phone_call,1
107,2025-04-28 15:00:00,phone_call,0
107,2025-05-09 15:00:00,rep_visit,1
107,2025-06-10 10:00:00,phone_call,1
107,2025-06-20 09:00:00,digital_ad,0
107,2025-06-27 11:00:00,email,0
107,2025-07-04 12:00:00,rep_visit,1
107,2025-07-09 11:00:00,email,0
107,2025-07-17 11:00:00,phone_call,0
107,2025-07-29 16:00:00,webinar,0
107,2025-08-19 09:00:00,digital_ad,0
107,2025-08-29 09:00:00,webinar,0
107,2025-09-02 13:00:00,rep_visit,0
107,2025-09-08 09:00:00,rep_visit,1
107,2025-09-17 12:00:00,rep_visit,0
107,2025-09-24 15:00:00,email,0
107,2025-10-01 17:00:00,digital_ad,0
107,2025-10-13 11:00:00,phone_call,1
107,2025-10-31 12:00:00,rep_visit,1
107,2025-11-05 09:00:00,email,0
107,2025-11-13 16:00:00,webinar,0
107,2025-11-28 12:00:00,phone_call,0
107,2025-12-10 08:00:00,email,0
107,2025-12-15 09:00:00,email,0
107,2025-12-24 15:00:00,webinar,0
107,2026-01-02 10:00:00,digital_ad,0
108,2025-01-14 08:00:00,email,1
108,2025-01-23 10:00:00,digital_ad,0
108,2025-01-31 09:00:00,digital_ad,0
108,2025-02-04 17:00:00,email,0
108,2025-02-11 09:00:00,digital_ad,0
108,2025-02-27 17:00:00,phone_call,0
108,2025-03-07 14:00:00,email,0
108,2025-03-21 09:00:00,digital_ad,0
108,2025-04-16 13:00:00,webinar,0
108,2025-04-23 08:00:00,digital_ad,0
108,2025-05-01 11:00:00,digital_ad,0
108,2025-05-05 09:00:00,email,0
108,2025-05-13 16:00:00,email,0
108,2025-05-20 08:00:00,rep_visit,0
108,2025-05-30 17:00:00,phone_call,0
108,2025-06-05 08:00:00,phone_call,0
108,2025-06-12 15:00:00,email,0
108,2025-06-18 10:00:00,digital_ad,0
108,2025-06-26 11:00:00,webinar,0
108,2025-07-01 14:00:00,digital_ad,0
108,2025-07-07 11:00:00,digital_ad,0
108,2025-07-22 15:00:00,phone_call,0
108,2025-08-22 09:00:00,webinar,0
108,2025-08-28 14:00:00,digital_ad,0
108,2025-09-01 15:00:00,webinar,0
108,2025-09-16 13:00:00,phone_call,0
108,2025-09-26 09:00:00,digital_ad,0
108,2025-10-07 08:00:00,email,0
108,2025-11-10 12:00:00,email,0
108,2025-11-24 13:00:00,email,0
108,2025-12-05 14:00:00,webinar,0
108,2025-12-12 13:00:00,webinar,0
108,2026-01-02 12:00:00,phone_call,0
109,2025-01-29 15:00:00,phone_call,1
109,2025-02-08 13:00:00,email,0
109,2025-02-15 09:00:00,rep_visit,0
109,2025-03-11 08:00:00,rep_visit,0
109,2025-04-01 17:00:00,phone_call,0
109,2025-04-30 16:00:00,email,0
109,2025-05-08 09:00:00,email,1
109,2025-05-22 11:00:00,phone_call,1
109,2025-05-30 13:00:00,phone_call,0
109,2025-06-10 08:00:00,phone_call,1
109,2025-06-18 08:00:00,rep_visit,1
109,2025-06-26 15:00:00,rep_visit,0
109,2025-07-10 10:00:00,webinar,1
109,2025-07-23 08:00:00,email,1
109,2025-08-07 12:00:00,phone_call,0
109,2025-08-12 08:00:00,webinar,0
109,2025-08-20 14:00:00,rep_visit,1
109,2025-09-18 14:00:00,rep_visit,1
109,2025-09-25 10:00:00,rep_visit,0
109,2025-09-30 09:00:00,rep_visit,0
109,2025-10-30 13:00:00,rep_visit,1
109,2025-11-10 14:00:00,email,0
109,2025-12-12 17:00:00,rep_visit,1
110,2025-01-18 12:00:00,email,0
110,2025-01-21 12:00:00,phone_call,0
110,2025-01-28 14:00:00,phone_call,0
110,2025-02-08 10:00:00,rep_visit,0
110,2025-02-15 09:00:00,webinar,0
110,2025-02-25 13:00:00,email,0
110,2025-04-15 14:00:00,email,0
110,2025-04-29 17:00:00,rep_visit,0
110,2025-06-27 15:00:00,rep_visit,1
110,2025-07-11 10:00:00,email,0
110,2025-07-23 11:00:00,rep_visit,1
110,2025-09-16 16:00:00,rep_visit,1
110,2025-10-17 17:00:00,rep_visit,1
110,2025-11-19 11:00:00,rep_visit,0
110,2025-12-16 15:00:00,rep_visit,1
111,2025-02-07 08:00:00,rep_visit,0
111,2025-02-21 16:00:00,rep_visit,1
111,2025-03-26 15:00:00,rep_visit,1
111,2025-07-02 14:00:00,rep_visit,1
111,2025-07-07 15:00:00,rep_visit,0
111,2025-07-22 13:00:00,webinar,0
111,2025-09-08 16:00:00,webinar,1
111,2025-10-07 17:00:00,rep_visit,0
111,2025-11-12 16:00:00,digital_ad,0
111,2025-12-05 13:00:00,digital_ad,1
112,2025-01-14 17:00:00,rep_visit,1
112,2025-01-21 10:00:00,rep_visit,1
112,2025-02-06 14:00:00,rep_visit,1
112,2025-02-14 11:00:00,rep_visit,1
112,2025-02-21 13:00:00,email,0
112,2025-02-28 13:00:00,phone_call,0
112,2025-03-04 15:00:00,email,0
112,2025-03-17 09:00:00,phone_call,1
112,2025-03-24 13:00:00,phone_call,1
112,2025-04-02 17:00:00,rep_visit,1
112,2025-05-01 12:00:00,rep_visit,1
112,2025-05-09 08:00:00,rep_visit,0
112,2025-05-13 11:00:00,webinar,0
112,2025-05-30 09:00:00,phone_call,1
112,2025-06-19 08:00:00,email,1
112,2025-06-23 08:00:00,webinar,0
112,2025-07-10 14:00:00,phone_call,1
112,2025-07-18 11:00:00,phone_call,0
112,2025-07-22 08:00:00,email,0
112,2025-08-11 11:00:00,phone_call,0
112,2025-08-20 11:00:00,rep_visit,1
112,2025-08-25 08:00:00,email,0
112,2025-09-02 16:00:00,phone_call,0
112,2025-09-18 14:00:00,rep_visit,1
112,2025-09-22 14:00:00,email,0
112,2025-10-13 15:00:00,phone_call,0
112,2025-11-18 16:00:00,rep_visit,1
112,2025-12-08 17:00:00,phone_call,0
113,2025-01-16 09:00:00,phone_call,1
113,2025-01-25 09:00:00,webinar,1
113,2025-01-28 13:00:00,digital_ad,0
113,2025-02-07 08:00:00,webinar,1
113,2025-02-12 13:00:00,email,0
113,2025-02-21 11:00:00,email,0
113,2025-02-25 10:00:00,digital_ad,1
113,2025-03-07 12:00:00,email,0
113,2025-03-11 14:00:00,digital_ad,0
113,2025-03-24 11:00:00,email,1
113,2025-03-31 11:00:00,webinar,0
113,2025-04-08 14:00:00,email,1
113,2025-04-25 11:00:00,phone_call,1
113,2025-05-16 16:00:00,digital_ad,0
113,2025-05-22 14:00:00,email,0
113,2025-05-28 12:00:00,phone_call,0
113,2025-06-02 17:00:00,email,0
113,2025-07-03 15:00:00,digital_ad,0
113,2025-07-14 12:00:00,email,1
113,2025-07-21 10:00:00,digital_ad,0
113,2025-08-12 12:00:00,webinar,0
113,2025-08-28 10:00:00,webinar,1
113,2025-09-03 14:00:00,email,0
113,2025-09-10 08:00:00,digital_ad,0
113,2025-09-17 10:00:00,webinar,0
113,2025-09-29 17:00:00,digital_ad,0
113,2025-10-08 12:00:00,email,0
113,2025-10-21 13:00:00,webinar,0
113,2025-11-03 14:00:00,digital_ad,0
113,2025-12-04 17:00:00,phone_call,1
113,2025-12-10 14:00:00,digital_ad,0
113,2025-12-15 17:00:00,digital_ad,0
113,2025-12-29 17:00:00,digital_ad,0
114,2025-01-17 11:00:00,digital_ad,0
114,2025-01-30 17:00:00,digital_ad,0
114,2025-02-27 16:00:00,phone_call,0
114,2025-03-13 10:00:00,email,1
114,2025-03-27 15:00:00,webinar,0
114,2025-04-04 14:00:00,digital_ad,0
114,2025-04-24 09:00:00,email,1
114,2025-05-02 08:00:00,phone_call,0
114,2025-05-09 12:00:00,email,0
114,2025-05-15 14:00:00,email,0
114,2025-05-30 09:00:00,digital_ad,0
114,2025-06-05 09:00:00,digital_ad,0
114,2025-06-30 17:00:00,webinar,0
114,2025-07-16 13:00:00,digital_ad,0
114,2025-07-24 09:00:00,digital_ad,0
114,2025-07-28 15:00:00,webinar,0
114,2025-08-26 13:00:00,digital_ad,0
114,2025-09-04 14:00:00,email,0
114,2025-09-16 15:00:00,digital_ad,1
114,2025-09-25 11:00:00,digital_ad,1
114,2025-10-01 17:00:00,webinar,0
114,2025-10-06 16:00:00,webinar,0
114,2025-10-13 15:00:00,webinar,0
114,2025-10-28 10:00:00,phone_call,0
114,2025-11-27 12:00:00,email,0
114,2025-12-03 14:00:00,digital_ad,0
114,2025-12-08 15:00:00,email,0
114,2025-12-31 14:00:00,email,0
115,2025-01-15 11:00:00,email,0
115,2025-01-24 08:00:00,phone_call,1
115,2025-02-06 17:00:00,phone_call,1
115,2025-02-14 10:00:00,phone_call,1
115,2025-03-18 16:00:00,phone_call,0
115,2025-04-18 11:00:00,webinar,0
115,2025-05-01 15:00:00,phone_call,1
115,2025-05-07 13:00:00,phone_call,0
115,2025-05-22 08:00:00,email,0
115,2025-06-06 09:00:00,webinar,0
115,2025-06-19 12:00:00,rep_visit,0
115,2025-06-24 17:00:00,phone_call,0
115,2025-07-02 09:00:00,phone_call,0
115,2025-07-31 12:00:00,rep_visit,1
115,2025-08-20 16:00:00,email,0
115,2025-09-12 11:00:00,digital_ad,0
115,2025-09-15 10:00:00,rep_visit,0
115,2025-10-13 13:00:00,rep_visit,0
115,2025-11-05 11:00:00,webinar,0
115,2025-11-19 16:00:00,rep_visit,0
115,2025-11-26 12:00:00,phone_call,0
115,2025-12-02 14:00:00,email,0
115,2025-12-10 11:00:00,digital_ad,0
115,2025-12-23 17:00:00,webinar,0
116,2025-01-25 09:00:00,digital_ad,0
116,2025-02-08 12:00:00,digital_ad,0
116,2025-02-13 09:00:00,digital_ad,0
116,2025-02-21 08:00:00,webinar,0
116,2025-02-28 17:00:00,webinar,0
116,2025-03-21 15:00:00,email,0
116,2025-03-25 09:00:00,rep_visit,0
116,2025-03-31 12:00:00,digital_ad,0
116,2025-04-09 16:00:00,digital_ad,0
116,2025-04-17 15:00:00,digital_ad,0
116,2025-04-23 11:00:00,webinar,0
116,2025-05-05 11:00:00,webinar,0
116,2025-05-13 11:00:00,email,1
116,2025-05-27 11:00:00,webinar,1
116,2025-06-06 11:00:00,digital_ad,1
116,2025-06-10 17:00:00,digital_ad,0
116,2025-06-25 16:00:00,digital_ad,0
116,2025-07-25 14:00:00,email,0
116,2025-08-01 13:00:00,rep_visit,1
116,2025-08-14 13:00:00,digital_ad,0
116,2025-08-26 13:00:00,phone_call,0
116,2025-09-12 17:00:00,email,0
116,2025-09-22 12:00:00,phone_call,0
116,2025-11-04 17:00:00,email,0
116,2025-11-11 13:00:00,digital_ad,0
116,2025-11-20 08:00:00,phone_call,0
116,2025-11-27 12:00:00,webinar,0
116,2025-12-02 08:00:00,digital_ad,0
117,2025-01-14 13:00:00,email,1
117,2025-01-22 11:00:00,rep_visit,0
117,2025-02-15 15:00:00,webinar,0
117,2025-02-18 12:00:00,digital_ad,0
117,2025-03-19 12:00:00,email,0
117,2025-04-10 14:00:00,phone_call,0
117,2025-05-02 12:00:00,phone_call,1
117,2025-05-12 11:00:00,email,0
117,2025-05-29 08:00:00,digital_ad,0
117,2025-06-10 11:00:00,webinar,0
117,2025-06-20 12:00:00,digital_ad,0
117,2025-06-25 16:00:00,email,1
117,2025-06-30 15:00:00,webinar,0
117,2025-07-29 12:00:00,digital_ad,0
117,2025-09-12 10:00:00,rep_visit,0
117,2025-09-16 15:00:00,digital_ad,0
117,2025-09-22 08:00:00,webinar,0
117,2025-10-08 11:00:00,digital_ad,0
117,2025-10-16 11:00:00,digital_ad,0
117,2025-10-23 15:00:00,digital_ad,0
117,2025-11-17 13:00:00,email,1
117,2025-11-26 10:00:00,phone_call,0
117,2025-12-15 10:00:00,email,1
117,2025-12-24 11:00:00,webinar,0
117,2025-12-29 08:00:00,rep_visit,1
118,2025-01-17 15:00:00,email,0
118,2025-01-24 09:00:00,phone_call,0
118,2025-01-28 11:00:00,rep_visit,0
118,2025-03-04 09:00:00,webinar,0
118,2025-03-19 11:00:00,rep_visit,1
118,2025-04-28 15:00:00,rep_visit,0
118,2025-05-07 16:00:00,webinar,0
118,2025-05-20 15:00:00,rep_visit,0
118,2025-05-29 09:00:00,rep_visit,1
118,2025-06-20 08:00:00,webinar,1
118,2025-07-01 11:00:00,rep_visit,0
118,2025-07-14 10:00:00,rep_visit,0
118,2025-09-11 14:00:00,rep_visit,1
118,2025-09-15 09:00:00,phone_call,0
118,2025-09-30 15:00:00,phone_call,1
118,2025-10-06 17:00:00,phone_call,0
118,2025-10-24 08:00:00,phone_call,1
118,2025-11-11 08:00:00,webinar,0
118,2025-12-02 17:00:00,rep_visit,1
118,2025-12-11 13:00:00,digital_ad,1
118,2025-12-16 13:00:00,rep_visit,0
118,2025-12-25 11:00:00,phone_call,1
119,2025-01-16 10:00:00,phone_call,0
119,2025-01-23 08:00:00,email,1
119,2025-01-29 15:00:00,digital_ad,0
119,2025-02-07 12:00:00,phone_call,0
119,2025-03-04 11:00:00,phone_call,0
119,2025-03-24 11:00:00,digital_ad,1
119,2025-04-18 08:00:00,webinar,0
119,2025-04-23 13:00:00,digital_ad,0
119,2025-05-02 16:00:00,email,1
119,2025-05-13 14:00:00,phone_call,0
119,2025-06-03 10:00:00,email,1
119,2025-06-20 13:00:00,email,0
119,2025-07-31 09:00:00,digital_ad,0
119,2025-08-04 13:00:00,phone_call,0
119,2025-08-18 13:00:00,email,0
119,2025-09-02 09:00:00,digital_ad,0
119,2025-09-11 14:00:00,webinar,1
119,2025-09-26 14:00:00,digital_ad,0
119,2025-10-06 10:00:00,digital_ad,0
119,2025-11-03 12:00:00,digital_ad,1
119,2025-11-25 10:00:00,email,1
119,2025-12-01 15:00:00,digital_ad,0
119,2025-12-26 13:00:00,phone_call,0
119,2025-12-30 17:00:00,digital_ad,0
120,2025-01-30 15:00:00,email,0
120,2025-02-06 11:00:00,email,1
120,2025-02-15 17:00:00,email,0
120,2025-02-20 09:00:00,email,0
120,2025-03-04 16:00:00,phone_call,0
120,2025-03-13 11:00:00,email,0
120,2025-03-20 12:00:00,webinar,0
120,2025-03-28 15:00:00,phone_call,0
120,2025-04-03 17:00:00,webinar,0
120,2025-04-07 11:00:00,phone_call,0
120,2025-05-12 16:00:00,digital_ad,0
120,2025-05-26 12:00:00,phone_call,1
120,2025-06-06 10:00:00,rep_visit,1
120,2025-06-13 15:00:00,rep_visit,1
120,2025-06-20 12:00:00,digital_ad,0
120,2025-06-30 12:00:00,digital_ad,0
120,2025-07-14 17:00:00,phone_call,0
120,2025-07-30 13:00:00,email,0
120,2025-08-08 17:00:00,phone_call,1
120,2025-08-13 09:00:00,rep_visit,0
120,2025-08-19 17:00:00,phone_call,0
120,2025-08-27 16:00:00,email,0
120,2025-09-12 09:00:00,phone_call,0
120,2025-09-23 13:00:00,rep_visit,1
120,2025-10-09 14:00:00,email,1
120,2025-10-22 16:00:00,email,0
120,2025-11-18 09:00:00,phone_call,0
120,2025-11-24 12:00:00,digital_ad,0
120,2025-12-09 16:00:00,email,0
120,2025-12-17 11:00:00,rep_visit,1
120,2025-12-22 14:00:00,rep_visit,1
121,2025-01-16 11:00:00,email,1
121,2025-01-30 10:00:00,digital_ad,0
121,2025-02-07 11:00:00,webinar,1
121,2025-02-18 08:00:00,webinar,0
121,2025-02-28 09:00:00,email,0
121,2025-03-03 12:00:00,digital_ad,0
121,2025-03-24 16:00:00,phone_call,0
121,2025-04-04 13:00:00,phone_call,1
121,2025-04-10 15:00:00,phone_call,1
121,2025-04-24 09:00:00,email,0
121,2025-06-11 15:00:00,phone_call,0
121,2025-06-24 13:00:00,digital_ad,0
121,2025-07-03 14:00:00,phone_call,0
121,2025-08-01 12:00:00,digital_ad,0
121,2025-08-13 09:00:00,email,0
121,2025-08-26 10:00:00,webinar,0
121,2025-09-26 15:00:00,rep_visit,0
121,2025-09-30 13:00:00,phone_call,0
121,2025-10-07 10:00:00,rep_visit,0
121,2025-10-13 16:00:00,digital_ad,0
121,2025-11-12 11:00:00,digital_ad,0
121,2025-11-17 15:00:00,email,0
121,2025-11-26 10:00:00,phone_call,0
121,2025-12-01 15:00:00,digital_ad,1
121,2025-12-11 14:00:00,email,1
121,2025-12-26 09:00:00,phone_call,0
122,2025-01-18 14:00:00,webinar,0
122,2025-02-01 13:00:00,webinar,0
122,2025-02-22 14:00:00,digital_ad,0
122,2025-03-06 14:00:00,digital_ad,0
122,2025-03-10 16:00:00,webinar,0
122,2025-04-10 14:00:00,email,1
122,2025-04-22 17:00:00,digital_ad,0
122,2025-04-28 14:00:00,phone_call,0
122,2025-05-08 08:00:00,webinar,0
122,2025-05-19 11:00:00,email,0
122,2025-06-04 09:00:00,digital_ad,0
122,2025-07-02 09:00:00,email,0
122,2025-07-29 08:00:00,digital_ad,0
122,2025-09-01 11:00:00,phone_call,0
122,2025-09-10 08:00:00,phone_call,0
122,2025-09-30 16:00:00,phone_call,0
122,2025-10-21 08:00:00,digital_ad,0
122,2025-11-27 17:00:00,rep_visit,0
122,2025-12-11 16:00:00,digital_ad,0
122,2025-12-24 16:00:00,email,0
123,2025-01-16 09:00:00,rep_visit,1
123,2025-02-11 15:00:00,webinar,1
123,2025-02-19 10:00:00,webinar,0
123,2025-02-28 13:00:00,email,0
123,2025-03-13 10:00:00,digital_ad,0
123,2025-03-21 14:00:00,email,0
123,2025-04-01 14:00:00,phone_call,0
123,2025-04-10 15:00:00,digital_ad,0
123,2025-04-21 12:00:00,rep_visit,1
123,2025-04-28 13:00:00,email,0
123,2025-05-23 17:00:00,webinar,1
123,2025-06-20 12:00:00,email,0
123,2025-06-25 13:00:00,phone_call,0
123,2025-07-15 09:00:00,phone_call,1
123,2025-07-31 12:00:00,email,0
123,2025-08-07 16:00:00,rep_visit,1
123,2025-08-21 16:00:00,email,0
123,2025-08-28 11:00:00,rep_visit,1
123,2025-09-29 09:00:00,phone_call,1
123,2025-10-08 14:00:00,phone_call,0
123,2025-10-23 12:00:00,phone_call,1
123,2025-11-07 16:00:00,rep_visit,1
123,2025-11-13 14:00:00,rep_visit,0
123,2025-12-12 16:00:00,phone_call,1
123,2025-12-24 11:00:00,phone_call,0
124,2025-02-04 12:00:00,digital_ad,0
124,2025-03-18 10:00:00,digital_ad,0
124,2025-04-04 17:00:00,phone_call,0
124,2025-04-09 08:00:00,webinar,0
124,2025-04-18 08:00:00,phone_call,0
124,2025-05-30 09:00:00,phone_call,1
124,2025-06-06 13:00:00,phone_call,1
124,2025-08-18 12:00:00,phone_call,0
124,2025-10-10 14:00:00,phone_call,1
124,2025-10-13 16:00:00,webinar,0
124,2025-12-04 14:00:00,phone_call,1
125,2025-01-17 12:00:00,rep_visit,1
125,2025-01-25 15:00:00,webinar,0
125,2025-01-30 15:00:00,phone_call,0
125,2025-02-04 13:00:00,rep_visit,0
125,2025-02-20 17:00:00,phone_call,0
125,2025-02-26 13:00:00,phone_call,0
125,2025-03-13 09:00:00,webinar,0
125,2025-03-20 12:00:00,webinar,0
125,2025-03-28 13:00:00,rep_visit,1
125,2025-04-02 17:00:00,rep_visit,1
125,2025-04-09 12:00:00,digital_ad,0
125,2025-04-16 12:00:00,rep_visit,1
125,2025-04-30 17:00:00,phone_call,0
125,2025-05-08 17:00:00,rep_visit,1
125,2025-05-12 14:00:00,phone_call,0
125,2025-05-19 09:00:00,rep_visit,0
125,2025-06-06 14:00:00,rep_visit,1
125,2025-07-11 10:00:00,phone_call,0
125,2025-07-30 11:00:00,email,0
125,2025-08-18 11:00:00,rep_visit,1
125,2025-09-03 14:00:00,rep_visit,1
125,2025-09-15 10:00:00,phone_call,1
125,2025-09-24 13:00:00,rep_visit,0
125,2025-10-06 10:00:00,phone_call,1
125,2025-10-15 13:00:00,email,0
125,2025-10-24 12:00:00,phone_call,0
125,2025-10-27 12:00:00,webinar,0
125,2025-11-07 17:00:00,email,0
125,2025-11-10 14:00:00,webinar,0
125,2025-11-20 15:00:00,phone_call,0
125,2025-11-24 12:00:00,rep_visit,0
125,2025-12-10 09:00:00,phone_call,0
125,2025-12-22 09:00:00,rep_visit,1
126,2025-01-14 16:00:00,webinar,1
126,2025-01-30 12:00:00,email,0
126,2025-02-05 13:00:00,email,0
126,2025-02-14 16:00:00,email,0
126,2025-03-25 08:00:00,digital_ad,0
126,2025-04-08 11:00:00,email,0
126,2025-04-23 08:00:00,email,1
126,2025-04-29 14:00:00,webinar,1
126,2025-05-21 12:00:00,webinar,1
126,2025-05-29 15:00:00,rep_visit,0
126,2025-06-05 17:00:00,rep_visit,0
126,2025-06-10 17:00:00,phone_call,0
126,2025-06-17 15:00:00,webinar,0
126,2025-06-27 14:00:00,phone_call,1
126,2025-07-09 17:00:00,phone_call,0
126,2025-07-16 10:00:00,email,0
126,2025-07-24 17:00:00,phone_call,0
126,2025-08-07 17:00:00,webinar,0
126,2025-08-19 17:00:00,phone_call,0
126,2025-09-02 12:00:00,rep_visit,0
126,2025-09-08 17:00:00,email,0
126,2025-09-15 16:00:00,email,0
126,2025-10-16 16:00:00,digital_ad,0
126,2025-10-22 16:00:00,email,0
126,2025-12-24 09:00:00,phone_call,1
126,2026-01-02 14:00:00,phone_call,0
127,2025-01-31 09:00:00,email,1
127,2025-03-03 10:00:00,email,1
127,2025-03-27 09:00:00,digital_ad,0
127,2025-04-07 12:00:00,digital_ad,0
127,2025-04-21 13:00:00,webinar,0
127,2025-05-29 16:00:00,email,1
127,2025-06-06 10:00:00,phone_call,0
127,2025-06-12 11:00:00,digital_ad,0
127,2025-07-10 14:00:00,email,1
127,2025-07-25 15:00:00,digital_ad,0
127,2025-08-04 17:00:00,email,0
127,2025-09-25 09:00:00,email,0
127,2025-10-08 09:00:00,digital_ad,0
127,2025-11-07 11:00:00,digital_ad,0
127,2025-12-10 10:00:00,phone_call,1
128,2025-02-01 13:00:00,webinar,1
128,2025-02-06 09:00:00,digital_ad,0
128,2025-02-14 10:00:00,email,0
128,2025-02-25 12:00:00,email,0
128,2025-03-04 11:00:00,digital_ad,0
128,2025-03-13 15:00:00,webinar,1
128,2025-03-28 14:00:00,webinar,1
128,2025-04-02 14:00:00,webinar,0
128,2025-04-18 14:00:00,email,0
128,2025-04-24 11:00:00,email,0
128,2025-04-30 08:00:00,email,0
128,2025-05-26 15:00:00,email,0
128,2025-06-11 17:00:00,email,0
128,2025-07-02 08:00:00,webinar,1
128,2025-07-25 14:00:00,email,0
128,2025-07-29 14:00:00,webinar,0
128,2025-08-07 14:00:00,webinar,1
128,2025-08-15 15:00:00,webinar,1
128,2025-08-21 08:00:00,phone_call,1
128,2025-09-09 14:00:00,email,1
128,2025-10-02 17:00:00,rep_visit,0
128,2025-10-20 08:00:00,digital_ad,0
128,2025-10-30 15:00:00,phone_call,0
128,2025-11-17 09:00:00,email,0
128,2025-11-27 11:00:00,email,0
128,2025-12-03 11:00:00,email,0
128,2025-12-12 13:00:00,phone_call,0
128,2025-12-17 09:00:00,email,0
129,2025-01-25 09:00:00,rep_visit,0
129,2025-02-08 14:00:00,webinar,0
129,2025-02-11 16:00:00,phone_call,0
129,2025-02-18 10:00:00,rep_visit,1
129,2025-03-06 11:00:00,rep_visit,1
129,2025-03-24 17:00:00,rep_visit,1
129,2025-04-09 10:00:00,phone_call,1
129,2025-04-17 09:00:00,rep_visit,1
129,2025-04-23 14:00:00,rep_visit,0
129,2025-05-08 09:00:00,email,1
129,2025-05-16 12:00:00,email,0
129,2025-06-17 17:00:00,phone_call,0
129,2025-07-16 16:00:00,rep_visit,0
129,2025-08-01 16:00:00,rep_visit,1
129,2025-08-29 17:00:00,email,1
129,2025-09-10 08:00:00,rep_visit,1
129,2025-10-06 13:00:00,rep_visit,1
129,2025-10-13 16:00:00,rep_visit,0
129,2025-10-21 10:00:00,rep_visit,0
129,2025-10-30 12:00:00,phone_call,1
129,2025-11-04 08:00:00,rep_visit,0
129,2025-11-10 10:00:00,phone_call,0
129,2025-11-17 16:00:00,phone_call,0
129,2025-11-28 10:00:00,phone_call,0
129,2025-12-01 10:00:00,phone_call,1
129,2025-12-09 09:00:00,webinar,0
129,2025-12-25 15:00:00,phone_call,0
130,2025-01-28 12:00:00,email,0
130,2025-02-18 13:00:00,digital_ad,0
130,2025-03-20 15:00:00,email,0
130,2025-04-08 08:00:00,email,0
130,2025-04-17 09:00:00,webinar,1
130,2025-04-25 08:00:00,rep_visit,0
130,2025-04-28 17:00:00,webinar,0
130,2025-05-05 15:00:00,phone_call,0
130,2025-05-19 17:00:00,rep_visit,0
130,2025-05-30 16:00:00,webinar,1
130,2025-06-25 13:00:00,rep_visit,1
130,2025-07-23 14:00:00,email,0
130,2025-08-20 09:00:00,phone_call,1
130,2025-08-28 12:00:00,phone_call,0
130,2025-09-03 16:00:00,digital_ad,0
130,2025-09-08 09:00:00,webinar,0
130,2025-09-16 09:00:00,webinar,1
130,2025-10-03 08:00:00,email,1
130,2025-10-20 14:00:00,digital_ad,0
130,2025-10-28 13:00:00,email,0
130,2025-11-07 17:00:00,email,1
130,2025-11-10 08:00:00,digital_ad,0
130,2025-12-02 13:00:00,phone_call,1
130,2025-12-11 14:00:00,phone_call,0
130,2025-12-22 17:00:00,webinar,0
130,2026-01-01 15:00:00,digital_ad,0
131,2025-02-01 09:00:00,digital_ad,0
131,2025-02-11 08:00:00,rep_visit,0
131,2025-04-29 10:00:00,rep_visit,1
131,2025-05-27 09:00:00,digital_ad,0
131,2025-06-24 16:00:00,digital_ad,0
131,2025-08-11 15:00:00,webinar,1
131,2025-09-19 10:00:00,digital_ad,0
131,2025-09-23 09:00:00,rep_visit,0
131,2025-10-03 16:00:00,digital_ad,1
131,2025-10-10 13:00:00,digital_ad,0
131,2025-10-20 17:00:00,rep_visit,0
132,2025-01-18 14:00:00,webinar,1
132,2025-02-26 12:00:00,rep_visit,1
132,2025-03-20 13:00:00,rep_visit,1
132,2025-03-24 13:00:00,phone_call,0
132,2025-03-31 09:00:00,rep_visit,0
132,2025-04-14 12:00:00,rep_visit,1
132,2025-04-22 11:00:00,rep_visit,0
132,2025-05-08 09:00:00,phone_call,0
132,2025-05-16 09:00:00,rep_visit,1
132,2025-05-23 14:00:00,rep_visit,0
132,2025-05-26 17:00:00,rep_visit,1
132,2025-06-12 14:00:00,rep_visit,1
132,2025-06-20 15:00:00,rep_visit,1
132,2025-07-01 11:00:00,phone_call,1
132,2025-07-09 10:00:00,email,0
132,2025-07-25 09:00:00,rep_visit,1
132,2025-08-04 09:00:00,digital_ad,0
132,2025-08-26 11:00:00,phone_call,1
132,2025-09-04 16:00:00,phone_call,0
132,2025-09-10 17:00:00,rep_visit,0
132,2025-10-01 09:00:00,digital_ad,0
132,2025-10-13 16:00:00,rep_visit,1
132,2025-10-30 11:00:00,rep_visit,1
132,2025-11-10 10:00:00,rep_visit,1
132,2025-11-21 10:00:00,phone_call,1
132,2025-12-17 16:00:00,digital_ad,0
133,2025-01-25 10:00:00,webinar,0
133,2025-02-22 08:00:00,webinar,0
133,2025-03-04 15:00:00,rep_visit,1
133,2025-04-07 16:00:00,digital_ad,0
133,2025-05-09 09:00:00,rep_visit,1
133,2025-05-21 08:00:00,webinar,0
133,2025-09-23 16:00:00,webinar,0
133,2025-10-29 11:00:00,webinar,0
134,2025-01-25 11:00:00,rep_visit,1
134,2025-01-31 09:00:00,phone_call,1
134,2025-03-06 11:00:00,digital_ad,0
134,2025-03-10 12:00:00,webinar,1
134,2025-03-18 11:00:00,webinar,0
134,2025-03-26 15:00:00,phone_call,1
134,2025-04-10 16:00:00,rep_visit,1
134,2025-04-17 13:00:00,digital_ad,0
134,2025-05-13 10:00:00,phone_call,1
134,2025-05-23 11:00:00,phone_call,0
134,2025-06-04 16:00:00,phone_call,1
134,2025-06-25 11:00:00,rep_visit,1
134,2025-07-01 12:00:00,email,0
134,2025-07-09 13:00:00,phone_call,0
134,2025-07-17 13:00:00,rep_visit,0
134,2025-07-31 12:00:00,email,0
134,2025-08-08 09:00:00,digital_ad,0
134,2025-09-05 13:00:00,email,1
134,2025-09-22 15:00:00,phone_call,0
134,2025-10-14 16:00:00,phone_call,1
134,2025-10-20 17:00:00,phone_call,1
134,2025-10-31 14:00:00,email,0
134,2025-11-20 13:00:00,webinar,1
134,2025-11-26 08:00:00,rep_visit,0
134,2025-12-09 11:00:00,digital_ad,0
134,2025-12-23 09:00:00,email,0
134,2026-01-02 14:00:00,digital_ad,0
135,2025-01-15 15:00:00,phone_call,0
135,2025-01-28 11:00:00,webinar,0
135,2025-03-04 11:00:00,phone_call,0
135,2025-04-21 09:00:00,rep_visit,0
135,2025-05-01 14:00:00,email,0
135,2025-05-16 17:00:00,digital_ad,0
135,2025-06-10 14:00:00,digital_ad,0
135,2025-06-16 17:00:00,email,0
135,2025-06-23 11:00:00,digital_ad,0
135,2025-07-14 15:00:00,webinar,0
135,2025-07-24 16:00:00,phone_call,0
135,2025-08-28 13:00:00,phone_call,1
135,2025-09-01 08:00:00,webinar,0
135,2025-09-25 12:00:00,webinar,0
135,2025-10-30 17:00:00,webinar,0
135,2025-11-06 09:00:00,email,0
135,2025-12-05 11:00:00,digital_ad,0
135,2025-12-19 17:00:00,rep_visit,0
135,2025-12-25 11:00:00,email,0
135,2026-01-01 14:00:00,webinar,0
136,2025-01-30 08:00:00,phone_call,1
136,2025-02-05 17:00:00,email,0
136,2025-02-13 17:00:00,email,0
136,2025-02-20 11:00:00,webinar,1
136,2025-03-06 12:00:00,digital_ad,0
136,2025-03-13 12:00:00,phone_call,1
136,2025-03-26 11:00:00,digital_ad,0
136,2025-04-02 15:00:00,digital_ad,1
136,2025-04-23 17:00:00,email,0
136,2025-05-02 09:00:00,phone_call,1
136,2025-06-03 14:00:00,email,0
136,2025-06-09 16:00:00,phone_call,0
136,2025-06-17 16:00:00,rep_visit,0
136,2025-07-16 14:00:00,phone_call,1
136,2025-07-29 14:00:00,digital_ad,0
136,2025-08-14 09:00:00,phone_call,0
136,2025-08-20 10:00:00,digital_ad,0
136,2025-08-28 08:00:00,phone_call,1
136,2025-09-04 12:00:00,digital_ad,0
136,2025-09-12 11:00:00,email,0
136,2025-09-30 16:00:00,rep_visit,1
136,2025-10-30 08:00:00,phone_call,1
136,2025-11-07 15:00:00,phone_call,0
136,2025-11-25 17:00:00,rep_visit,1
136,2025-12-03 16:00:00,phone_call,0
136,2025-12-09 17:00:00,rep_visit,0
137,2025-01-18 12:00:00,phone_call,0
137,2025-02-15 15:00:00,rep_visit,0
137,2025-02-21 13:00:00,webinar,0
137,2025-03-28 08:00:00,email,0
137,2025-04-17 08:00:00,email,1
137,2025-08-12 11:00:00,digital_ad,0
137,2025-08-27 16:00:00,phone_call,0
137,2025-09-04 10:00:00,phone_call,0
137,2025-09-26 15:00:00,email,0
137,2025-10-14 12:00:00,rep_visit,0
137,2025-12-23 10:00:00,phone_call,0
138,2025-01-25 08:00:00,webinar,1
138,2025-02-15 11:00:00,email,0
138,2025-02-22 13:00:00,email,1
138,2025-02-26 15:00:00,phone_call,0
138,2025-03-07 11:00:00,rep_visit,0
138,2025-03-17 10:00:00,webinar,0
138,2025-03-28 13:00:00,digital_ad,1
138,2025-05-22 09:00:00,email,0
138,2025-05-29 11:00:00,digital_ad,0
138,2025-06-03 13:00:00,phone_call,0
138,2025-06-17 10:00:00,email,0
138,2025-06-24 08:00:00,webinar,0
138,2025-07-10 12:00:00,rep_visit,0
138,2025-07-22 13:00:00,email,0
138,2025-07-29 16:00:00,phone_call,1
138,2025-08-04 08:00:00,email,0
138,2025-08-15 14:00:00,phone_call,0
138,2025-08-29 14:00:00,digital_ad,0
138,2025-09-01 15:00:00,digital_ad,0
138,2025-09-25 10:00:00,email,0
138,2025-10-01 17:00:00,email,1
138,2025-10-15 12:00:00,phone_call,1
138,2025-11-11 17:00:00,webinar,0
138,2025-12-10 13:00:00,digital_ad,0
138,2025-12-31 09:00:00,digital_ad,0
139,2025-01-30 13:00:00,digital_ad,0
139,2025-02-08 15:00:00,digital_ad,0
139,2025-02-28 08:00:00,phone_call,0
139,2025-03-06 17:00:00,email,0
139,2025-03-10 08:00:00,email,0
139,2025-04-02 09:00:00,phone_call,1
139,2025-04-09 13:00:00,email,0
139,2025-05-06 08:00:00,webinar,0
139,2025-05-16 13:00:00,rep_visit,1
139,2025-05-20 10:00:00,webinar,0
139,2025-06-09 17:00:00,rep_visit,1
139,2025-07-02 16:00:00,rep_visit,1
139,2025-07-09 12:00:00,phone_call,0
139,2025-07-15 16:00:00,rep_visit,0
139,2025-07-30 11:00:00,email,0
139,2025-08-07 09:00:00,digital_ad,0
139,2025-08-26 17:00:00,phone_call,1
139,2025-09-08 12:00:00,digital_ad,0
139,2025-09-15 08:00:00,email,0
139,2025-10-02 11:00:00,phone_call,1
139,2025-10-15 15:00:00,digital_ad,0
139,2025-10-20 12:00:00,email,0
139,2025-10-27 17:00:00,webinar,0
139,2025-11-03 12:00:00,email,0
139,2025-11-28 16:00:00,phone_call,0
140,2025-01-14 17:00:00,webinar,1
140,2025-04-18 17:00:00,digital_ad,0
140,2025-05-08 17:00:00,digital_ad,0
140,2025-06-13 12:00:00,webinar,1
140,2025-07-11 08:00:00,webinar,1
140,2025-08-08 16:00:00,digital_ad,0
140,2025-10-01 10:00:00,digital_ad,0
140,2025-10-15 13:00:00,webinar,1
140,2025-11-12 13:00:00,rep_visit,0
140,2025-11-20 12:00:00,digital_ad,0
141,2025-01-15 15:00:00,digital_ad,0
141,2025-01-21 15:00:00,email,0
141,2025-03-14 11:00:00,digital_ad,0
141,2025-04-04 12:00:00,digital_ad,0
141,2025-05-26 15:00:00,email,1
141,2025-06-06 09:00:00,digital_ad,0
141,2025-06-13 15:00:00,digital_ad,0
141,2025-06-16 16:00:00,phone_call,0
141,2025-09-03 09:00:00,email,0
141,2025-09-25 10:00:00,webinar,0
141,2025-10-31 12:00:00,email,0
141,2025-11-25 09:00:00,email,0
141,2025-12-05 12:00:00,email,0
142,2025-01-14 17:00:00,email,1
142,2025-01-30 17:00:00,rep_visit,1
142,2025-02-18 11:00:00,rep_visit,1
142,2025-02-27 12:00:00,email,0
142,2025-03-05 10:00:00,rep_visit,1
142,2025-03-14 09:00:00,webinar,0
142,2025-03-20 16:00:00,phone_call,0
142,2025-04-02 17:00:00,rep_visit,1
142,2025-04-08 08:00:00,rep_visit,0
142,2025-04-18 17:00:00,email,0
142,2025-04-23 09:00:00,rep_visit,0
142,2025-05-01 16:00:00,email,1
142,2025-05-08 14:00:00,phone_call,0
142,2025-05-16 11:00:00,rep_visit,1
142,2025-05-22 14:00:00,phone_call,1
142,2025-06-06 16:00:00,webinar,0
142,2025-06-13 13:00:00,rep_visit,0
142,2025-06-16 09:00:00,phone_call,0
142,2025-06-24 17:00:00,webinar,0
142,2025-07-11 09:00:00,webinar,0
142,2025-07-24 14:00:00,rep_visit,1
142,2025-08-01 09:00:00,rep_visit,0
142,2025-08-12 15:00:00,webinar,0
142,2025-08-29 10:00:00,email,0
142,2025-09-02 10:00:00,webinar,0
142,2025-10-15 17:00:00,rep_visit,1
142,2025-10-29 14:00:00,phone_call,1
142,2025-11-06 15:00:00,phone_call,0
142,2025-11-11 17:00:00,rep_visit,1
142,2025-11-27 16:00:00,digital_ad,0
142,2025-12-03 15:00:00,rep_visit,1
142,2025-12-12 08:00:00,rep_visit,0
142,2025-12-17 13:00:00,phone_call,0
143,2025-02-21 11:00:00,digital_ad,1
143,2025-04-18 14:00:00,digital_ad,0
143,2025-04-24 09:00:00,email,0
143,2025-05-14 09:00:00,email,1
143,2025-05-19 17:00:00,webinar,0
143,2025-05-26 08:00:00,webinar,0
143,2025-06-03 15:00:00,digital_ad,0
143,2025-06-09 09:00:00,phone_call,1
143,2025-06-17 11:00:00,digital_ad,0
143,2025-06-26 13:00:00,email,1
143,2025-07-22 17:00:00,email,0
143,2025-08-12 12:00:00,phone_call,1
143,2025-09-29 11:00:00,webinar,1
143,2025-10-20 10:00:00,webinar,0
143,2025-11-14 13:00:00,phone_call,0
143,2025-11-20 10:00:00,phone_call,0
144,2025-01-23 10:00:00,email,0
144,2025-02-07 09:00:00,webinar,1
144,2025-02-12 13:00:00,email,0
144,2025-03-07 17:00:00,email,0
144,2025-03-12 17:00:00,rep_visit,1
144,2025-03-17 14:00:00,digital_ad,0
144,2025-05-05 09:00:00,rep_visit,1
144,2025-05-16 15:00:00,email,1
144,2025-05-23 12:00:00,digital_ad,0
144,2025-05-26 16:00:00,webinar,0
144,2025-07-04 10:00:00,email,0
144,2025-07-15 11:00:00,email,0
144,2025-08-04 17:00:00,email,0
144,2025-09-09 16:00:00,email,0
144,2025-09-17 09:00:00,email,0
144,2025-10-27 12:00:00,webinar,0
144,2025-11-05 14:00:00,phone_call,0
144,2025-11-10 16:00:00,phone_call,0
144,2025-11-24 13:00:00,phone_call,0
144,2025-12-17 13:00:00,rep_visit,1
144,2025-12-31 17:00:00,email,0
145,2025-01-29 09:00:00,rep_visit,0
145,2025-03-05 16:00:00,phone_call,0
145,2025-03-11 12:00:00,rep_visit,0
145,2025-04-10 09:00:00,rep_visit,1
145,2025-05-02 12:00:00,rep_visit,1
145,2025-06-09 14:00:00,rep_visit,1
145,2025-06-17 12:00:00,rep_visit,0
145,2025-06-24 14:00:00,rep_visit,1
145,2025-07-04 13:00:00,phone_call,1
145,2025-07-25 12:00:00,digital_ad,0
145,2025-07-29 10:00:00,rep_visit,0
145,2025-08-12 08:00:00,phone_call,1
145,2025-08-20 11:00:00,rep_visit,1
145,2025-08-27 08:00:00,rep_visit,0
145,2025-09-10 12:00:00,webinar,1
145,2025-09-18 08:00:00,rep_visit,0
145,2025-09-24 14:00:00,digital_ad,1
145,2025-09-30 09:00:00,phone_call,0
145,2025-10-13 16:00:00,webinar,1
145,2025-10-23 13:00:00,rep_visit,1
145,2025-11-07 08:00:00,webinar,1
145,2025-11-12 12:00:00,phone_call,0
145,2025-11-25 14:00:00,phone_call,1
145,2025-12-05 16:00:00,phone_call,0
145,2025-12-12 09:00:00,digital_ad,0
145,2025-12-17 11:00:00,phone_call,1
145,2025-12-23 17:00:00,rep_visit,1
145,2026-01-01 17:00:00,rep_visit,1
146,2025-01-25 10:00:00,phone_call,0
146,2025-01-30 15:00:00,phone_call,0
146,2025-02-13 08:00:00,webinar,0
146,2025-02-25 11:00:00,rep_visit,1
146,2025-03-06 10:00:00,rep_visit,0
146,2025-03-17 11:00:00,webinar,0
146,2025-04-24 11:00:00,rep_visit,1
146,2025-04-28 12:00:00,phone_call,0
146,2025-05-15 14:00:00,webinar,1
146,2025-05-23 09:00:00,phone_call,1
146,2025-06-02 10:00:00,phone_call,1
146,2025-06-13 09:00:00,rep_visit,1
146,2025-06-30 17:00:00,rep_visit,0
146,2025-07-25 13:00:00,email,1
146,2025-08-01 11:00:00,phone_call,0
146,2025-08-06 11:00:00,phone_call,0
146,2025-08-15 14:00:00,digital_ad,0
146,2025-08-25 14:00:00,rep_visit,1
146,2025-09-11 10:00:00,email,1
146,2025-10-13 08:00:00,phone_call,0
146,2025-10-20 14:00:00,webinar,0
146,2025-11-05 11:00:00,rep_visit,1
146,2025-11-19 09:00:00,digital_ad,0
146,2025-12-12 11:00:00,webinar,1
146,2025-12-17 10:00:00,phone_call,1
147,2025-02-18 17:00:00,email,0
147,2025-03-27 14:00:00,phone_call,1
147,2025-05-15 15:00:00,email,0
147,2025-07-01 16:00:00,phone_call,0
147,2025-07-28 11:00:00,digital_ad,1
147,2025-09-16 08:00:00,digital_ad,0
147,2025-10-28 16:00:00,phone_call,0
147,2025-11-05 16:00:00,digital_ad,0
147,2025-11-12 12:00:00,webinar,0
147,2025-11-18 08:00:00,digital_ad,1
147,2025-11-28 12:00:00,webinar,0
147,2025-12-30 08:00:00,phone_call,0
148,2025-01-25 16:00:00,email,1
148,2025-02-20 15:00:00,email,1
148,2025-02-28 08:00:00,rep_visit,1
148,2025-04-07 12:00:00,webinar,0
148,2025-05-09 11:00:00,email,0
148,2025-06-09 08:00:00,phone_call,0
148,2025-09-23 12:00:00,phone_call,0
148,2025-11-19 17:00:00,rep_visit,1
148,2025-12-10 17:00:00,email,0
148,2025-12-30 16:00:00,rep_visit,1
149,2025-01-17 09:00:00,webinar,0
149,2025-01-22 10:00:00,phone_call,0
149,2025-02-21 14:00:00,rep_visit,1
149,2025-03-06 08:00:00,rep_visit,1
149,2025-03-11 10:00:00,rep_visit,1
149,2025-03-28 13:00:00,phone_call,0
149,2025-04-04 14:00:00,rep_visit,0
149,2025-04-08 17:00:00,phone_call,0
149,2025-04-17 08:00:00,email,0
149,2025-04-23 16:00:00,phone_call,1
149,2025-05-05 16:00:00,phone_call,0
149,2025-05-14 16:00:00,rep_visit,1
149,2025-05-20 11:00:00,rep_visit,1
149,2025-05-28 09:00:00,digital_ad,0
149,2025-06-17 16:00:00,rep_visit,1
149,2025-07-01 13:00:00,digital_ad,0
149,2025-07-08 17:00:00,phone_call,1
149,2025-07-28 15:00:00,email,0
149,2025-08-12 08:00:00,webinar,1
149,2025-09-25 15:00:00,phone_call,0
149,2025-10-03 13:00:00,phone_call,0
149,2025-10-09 11:00:00,rep_visit,1
149,2025-10-28 11:00:00,rep_visit,0
149,2025-11-06 12:00:00,phone_call,0
149,2025-12-09 13:00:00,webinar,1
149,2025-12-24 17:00:00,webinar,1
149,2025-12-30 15:00:00,webinar,0
150,2025-01-16 09:00:00,rep_visit,1
150,2025-02-11 17:00:00,rep_visit,1
150,2025-03-24 11:00:00,phone_call,1
150,2025-03-31 09:00:00,rep_visit,1
150,2025-04-07 12:00:00,phone_call,0
150,2025-05-15 17:00:00,rep_visit,1
150,2025-05-20 08:00:00,webinar,0
150,2025-05-26 16:00:00,rep_visit,1
150,2025-06-03 14:00:00,phone_call,0
150,2025-06-23 15:00:00,email,0
150,2025-07-04 11:00:00,phone_call,0
150,2025-07-08 12:00:00,phone_call,0
150,2025-07-25 13:00:00,webinar,0
150,2025-08-01 10:00:00,rep_visit,0
150,2025-08-13 15:00:00,rep_visit,1
150,2025-09-01 09:00:00,webinar,1
150,2025-09-19 08:00:00,phone_call,1
150,2025-09-29 08:00:00,rep_visit,0
150,2025-10-17 15:00:00,webinar,0
150,2025-11-13 08:00:00,email,0
150,2025-12-02 10:00:00,phone_call,1
150,2025-12-17 17:00:00,rep_visit,1
150,2025-12-23 11:00:00,rep_visit,0
151,2025-01-18 11:00:00,email,0
151,2025-01-30 09:00:00,digital_ad,0
151,2025-02-28 08:00:00,email,0
151,2025-03-19 08:00:00,phone_call,0
151,2025-03-27 09:00:00,digital_ad,0
151,2025-04-02 08:00:00,digital_ad,0
151,2025-04-16 13:00:00,digital_ad,0
151,2025-04-23 15:00:00,email,0
151,2025-04-30 11:00:00,digital_ad,0
151,2025-05-16 15:00:00,digital_ad,0
151,2025-06-06 08:00:00,email,0
151,2025-06-11 10:00:00,email,0
151,2025-06-19 17:00:00,phone_call,1
151,2025-07-11 10:00:00,email,0
151,2025-07-30 12:00:00,webinar,0
151,2025-08-11 12:00:00,digital_ad,0
151,2025-09-03 11:00:00,webinar,0
151,2025-10-08 13:00:00,email,0
151,2025-10-16 08:00:00,digital_ad,0
151,2025-11-26 09:00:00,digital_ad,0
151,2025-12-23 17:00:00,digital_ad,0
152,2025-01-17 11:00:00,phone_call,0
152,2025-01-22 09:00:00,rep_visit,0
152,2025-02-07 10:00:00,webinar,0
152,2025-02-25 10:00:00,rep_visit,1
152,2025-03-05 11:00:00,phone_call,1
152,2025-03-26 09:00:00,email,0
152,2025-04-09 16:00:00,webinar,1
152,2025-04-28 10:00:00,webinar,1
152,2025-05-05 11:00:00,phone_call,1
152,2025-05-16 12:00:00,phone_call,0
152,2025-05-28 08:00:00,email,0
152,2025-06-03 11:00:00,rep_visit,1
152,2025-07-04 14:00:00,rep_visit,1
152,2025-07-24 17:00:00,rep_visit,1
152,2025-08-01 17:00:00,phone_call,1
152,2025-08-12 15:00:00,digital_ad,0
152,2025-08-20 11:00:00,email,0
152,2025-08-28 09:00:00,webinar,1
152,2025-09-01 13:00:00,webinar,0
152,2025-09-09 08:00:00,rep_visit,1
152,2025-09-23 17:00:00,phone_call,1
152,2025-10-02 09:00:00,email,0
152,2025-10-08 12:00:00,webinar,0
152,2025-10-14 13:00:00,phone_call,0
152,2025-10-22 12:00:00,phone_call,0
152,2025-10-27 14:00:00,webinar,0
152,2025-11-03 14:00:00,phone_call,0
152,2025-11-14 11:00:00,phone_call,0
152,2025-11-20 16:00:00,rep_visit,0
152,2025-11-26 14:00:00,phone_call,0
152,2025-12-11 17:00:00,rep_visit,1
152,2025-12-22 16:00:00,digital_ad,0
153,2025-01-31 09:00:00,rep_visit,1
153,2025-02-27 10:00:00,phone_call,1
153,2025-03-10 15:00:00,rep_visit,1
153,2025-03-19 13:00:00,rep_visit,1
153,2025-03-25 14:00:00,phone_call,0
153,2025-04-02 14:00:00,phone_call,0
153,2025-04-18 11:00:00,phone_call,0
153,2025-04-29 17:00:00,rep_visit,0
153,2025-05-14 14:00:00,digital_ad,0
153,2025-05-27 10:00:00,webinar,0
153,2025-06-19 08:00:00,phone_call,0
153,2025-07-03 08:00:00,phone_call,0
153,2025-07-07 14:00:00,rep_visit,1
153,2025-07-15 12:00:00,rep_visit,1
153,2025-08-25 14:00:00,rep_visit,1
153,2025-09-25 16:00:00,phone_call,0
153,2025-10-13 17:00:00,rep_visit,1
153,2025-10-20 12:00:00,digital_ad,0
153,2025-11-07 09:00:00,phone_call,0
153,2025-11-14 17:00:00,rep_visit,1
153,2025-11-21 09:00:00,phone_call,0
153,2025-11-27 10:00:00,phone_call,0
153,2025-12-05 14:00:00,phone_call,0
153,2025-12-11 09:00:00,phone_call,0
153,2025-12-16 17:00:00,phone_call,0
153,2025-12-31 15:00:00,rep_visit,0
154,2025-01-31 11:00:00,phone_call,0
154,2025-02-27 16:00:00,phone_call,0
154,2025-03-18 14:00:00,email,1
154,2025-03-24 08:00:00,webinar,0
154,2025-04-09 17:00:00,webinar,1
154,2025-05-13 11:00:00,rep_visit,1
154,2025-05-22 09:00:00,phone_call,0
154,2025-05-30 13:00:00,digital_ad,0
154,2025-06-06 10:00:00,email,0
154,2025-06-19 16:00:00,webinar,0
154,2025-06-23 16:00:00,phone_call,0
154,2025-07-08 10:00:00,email,0
154,2025-07-14 08:00:00,digital_ad,1
154,2025-07-25 11:00:00,rep_visit,0
154,2025-08-20 16:00:00,rep_visit,1
154,2025-09-12 11:00:00,webinar,0
154,2025-09-26 08:00:00,email,0
154,2025-10-17 08:00:00,email,1
154,2025-10-24 10:00:00,rep_visit,0
154,2025-10-30 08:00:00,email,0
154,2025-11-03 09:00:00,phone_call,1
154,2025-11-12 11:00:00,rep_visit,1
154,2025-11-26 13:00:00,rep_visit,1
154,2025-12-05 11:00:00,webinar,0
154,2025-12-08 12:00:00,email,0
154,2025-12-31 13:00:00,webinar,1
155,2025-01-24 10:00:00,webinar,0
155,2025-02-14 13:00:00,webinar,0
155,2025-02-18 14:00:00,rep_visit,0
155,2025-03-04 11:00:00,email,1
155,2025-05-21 12:00:00,phone_call,0
155,2025-05-29 15:00:00,phone_call,0
155,2025-06-16 12:00:00,email,1
155,2025-07-09 13:00:00,phone_call,0
155,2025-08-14 11:00:00,email,0
155,2025-09-09 14:00:00,webinar,0
155,2025-09-15 11:00:00,phone_call,0
155,2025-10-07 16:00:00,digital_ad,0
155,2025-10-13 08:00:00,phone_call,0
155,2025-12-15 08:00:00,email,0
156,2025-01-17 10:00:00,phone_call,1
156,2025-01-21 10:00:00,email,0
156,2025-02-07 17:00:00,rep_visit,0
156,2025-02-19 16:00:00,digital_ad,0
156,2025-02-28 11:00:00,rep_visit,0
156,2025-03-13 11:00:00,phone_call,0
156,2025-03-19 09:00:00,webinar,0
156,2025-04-22 15:00:00,digital_ad,0
156,2025-05-12 09:00:00,digital_ad,0
156,2025-05-20 11:00:00,phone_call,0
156,2025-05-27 08:00:00,rep_visit,0
156,2025-06-04 13:00:00,rep_visit,0
156,2025-06-19 13:00:00,email,0
156,2025-07-04 13:00:00,phone_call,1
156,2025-07-22 14:00:00,rep_visit,0
156,2025-08-14 13:00:00,rep_visit,0
156,2025-08-25 14:00:00,webinar,0
156,2025-09-02 10:00:00,phone_call,0
156,2025-09-16 13:00:00,phone_call,1
156,2025-09-22 13:00:00,phone_call,0
156,2025-10-13 14:00:00,phone_call,1
156,2025-10-22 16:00:00,rep_visit,0
156,2025-10-29 11:00:00,phone_call,0
156,2025-12-12 11:00:00,webinar,0
156,2025-12-18 15:00:00,phone_call,0
156,2025-12-26 16:00:00,rep_visit,1
157,2025-01-18 14:00:00,digital_ad,1
157,2025-02-08 09:00:00,rep_visit,0
157,2025-02-11 17:00:00,email,0
157,2025-02-19 09:00:00,phone_call,1
157,2025-03-19 10:00:00,rep_visit,1
157,2025-04-11 16:00:00,digital_ad,0
157,2025-05-02 10:00:00,phone_call,0
157,2025-05-21 13:00:00,phone_call,0
157,2025-05-27 17:00:00,webinar,1
157,2025-06-16 09:00:00,email,0
157,2025-06-24 17:00:00,rep_visit,1
157,2025-07-04 16:00:00,email,0
157,2025-07-15 12:00:00,email,0
157,2025-07-23 08:00:00,digital_ad,0
157,2025-07-30 08:00:00,email,0
157,2025-08-04 08:00:00,digital_ad,0
157,2025-09-15 17:00:00,email,0
157,2025-09-24 17:00:00,digital_ad,0
157,2025-10-15 15:00:00,email,1
157,2025-10-22 08:00:00,email,0
157,2025-10-27 16:00:00,email,0
157,2025-12-18 17:00:00,phone_call,0
158,2025-01-14 08:00:00,digital_ad,1
158,2025-01-24 10:00:00,email,0
158,2025-02-07 16:00:00,digital_ad,0
158,2025-02-11 17:00:00,email,0
158,2025-02-20 15:00:00,webinar,0
158,2025-03-20 12:00:00,digital_ad,0
158,2025-03-26 11:00:00,digital_ad,0
158,2025-05-07 16:00:00,webinar,0
158,2025-05-20 15:00:00,rep_visit,1
158,2025-05-27 11:00:00,email,0
158,2025-07-21 16:00:00,phone_call,0
158,2025-07-29 16:00:00,webinar,0
158,2025-08-04 11:00:00,digital_ad,0
158,2025-08-11 10:00:00,email,0
158,2025-08-19 11:00:00,digital_ad,0
158,2025-09-02 17:00:00,email,0
158,2025-09-08 10:00:00,email,0
158,2025-09-19 09:00:00,webinar,1
158,2025-10-02 12:00:00,email,0
158,2025-10-09 15:00:00,email,0
158,2025-12-10 12:00:00,email,1
158,2025-12-19 10:00:00,digital_ad,0
158,2025-12-25 08:00:00,digital_ad,0
158,2025-12-31 12:00:00,webinar,0
159,2025-03-05 12:00:00,email,0
159,2025-04-04 13:00:00,phone_call,0
159,2025-04-24 16:00:00,rep_visit,1
159,2025-04-29 11:00:00,rep_visit,1
159,2025-07-09 12:00:00,email,0
159,2025-07-16 13:00:00,webinar,1
159,2025-07-22 16:00:00,rep_visit,0
159,2025-07-28 17:00:00,email,0
159,2025-09-03 10:00:00,phone_call,0
159,2025-10-17 15:00:00,email,0
159,2025-11-25 12:00:00,phone_call,0
159,2025-12-11 08:00:00,rep_visit,1
159,2025-12-15 08:00:00,webinar,0
160,2025-01-16 14:00:00,digital_ad,1
160,2025-02-08 12:00:00,webinar,1
160,2025-03-13 17:00:00,digital_ad,0
160,2025-03-27 17:00:00,email,0
160,2025-04-03 11:00:00,email,0
160,2025-04-09 10:00:00,rep_visit,0
160,2025-04-17 17:00:00,digital_ad,0
160,2025-04-25 13:00:00,email,0
160,2025-05-01 12:00:00,email,0
160,2025-05-12 12:00:00,email,0
160,2025-05-22 09:00:00,digital_ad,0
160,2025-06-02 10:00:00,email,0
160,2025-06-11 09:00:00,email,1
160,2025-06-20 13:00:00,phone_call,1
160,2025-07-02 08:00:00,email,0
160,2025-07-08 09:00:00,email,0
160,2025-07-25 12:00:00,digital_ad,1
160,2025-08-01 10:00:00,email,0
160,2025-08-08 10:00:00,digital_ad,1
160,2025-08-13 09:00:00,email,0
160,2025-08-19 14:00:00,webinar,0
160,2025-08-28 16:00:00,webinar,0
160,2025-09-03 08:00:00,email,0
160,2025-09-23 08:00:00,email,0
160,2025-10-02 11:00:00,phone_call,0
160,2025-10-10 12:00:00,email,1
160,2025-10-17 13:00:00,phone_call,1
160,2025-11-07 08:00:00,digital_ad,0
160,2025-11-21 13:00:00,digital_ad,0
160,2025-11-27 17:00:00,digital_ad,1
161,2025-01-14 13:00:00,phone_call,0
161,2025-02-22 09:00:00,webinar,0
161,2025-03-04 10:00:00,rep_visit,0
161,2025-03-14 17:00:00,email,1
161,2025-04-09 08:00:00,email,1
161,2025-06-02 15:00:00,email,0
161,2025-06-16 13:00:00,phone_call,0
161,2025-06-24 08:00:00,webinar,0
161,2025-07-17 12:00:00,rep_visit,1
161,2025-07-24 13:00:00,digital_ad,0
161,2025-08-11 13:00:00,rep_visit,1
161,2025-10-01 17:00:00,phone_call,1
161,2025-10-22 16:00:00,digital_ad,0
161,2025-11-17 10:00:00,email,0
161,2025-12-19 16:00:00,rep_visit,1
161,2025-12-29 10:00:00,phone_call,0
162,2025-01-21 14:00:00,rep_visit,1
162,2025-01-29 08:00:00,digital_ad,0
162,2025-02-05 09:00:00,email,0
162,2025-02-13 11:00:00,phone_call,0
162,2025-02-18 11:00:00,rep_visit,0
162,2025-03-07 09:00:00,digital_ad,0
162,2025-03-25 08:00:00,rep_visit,0
162,2025-04-03 11:00:00,phone_call,0
162,2025-04-18 12:00:00,rep_visit,1
162,2025-05-02 13:00:00,webinar,0
162,2025-05-07 17:00:00,webinar,0
162,2025-05-14 10:00:00,phone_call,0
162,2025-05-21 08:00:00,email,0
162,2025-06-26 14:00:00,phone_call,1
162,2025-06-30 14:00:00,webinar,0
162,2025-07-07 13:00:00,email,0
162,2025-07-14 11:00:00,email,0
162,2025-07-24 14:00:00,phone_call,1
162,2025-07-31 08:00:00,rep_visit,1
162,2025-08-05 08:00:00,phone_call,0
162,2025-08-15 14:00:00,webinar,0
162,2025-09-24 16:00:00,email,0
162,2025-09-30 12:00:00,webinar,0
162,2025-10-08 13:00:00,digital_ad,0
162,2025-10-23 10:00:00,email,0
162,2025-10-30 08:00:00,phone_call,0
162,2025-11-07 15:00:00,email,0
162,2025-11-28 16:00:00,rep_visit,1
162,2025-12-02 13:00:00,email,0
162,2025-12-11 12:00:00,email,0
163,2025-02-07 09:00:00,webinar,1
163,2025-02-11 12:00:00,webinar,0
163,2025-02-27 11:00:00,digital_ad,1
163,2025-03-05 15:00:00,rep_visit,1
163,2025-03-20 14:00:00,digital_ad,0
163,2025-04-01 11:00:00,email,0
163,2025-04-09 09:00:00,email,0
163,2025-05-07 16:00:00,digital_ad,0
163,2025-05-30 12:00:00,email,0
163,2025-06-19 08:00:00,email,1
163,2025-07-01 16:00:00,digital_ad,1
163,2025-07-08 14:00:00,email,0
163,2025-07-30 08:00:00,rep_visit,1
163,2025-08-05 08:00:00,digital_ad,0
163,2025-08-21 15:00:00,phone_call,1
163,2025-09-08 12:00:00,phone_call,1
163,2025-09-25 11:00:00,webinar,1
163,2025-10-09 09:00:00,email,0
163,2025-10-23 13:00:00,digital_ad,0
163,2025-11-21 14:00:00,webinar,0
163,2025-11-24 10:00:00,email,0
163,2025-12-02 16:00:00,email,1
163,2025-12-12 11:00:00,rep_visit,1
163,2025-12-25 14:00:00,email,0
163,2025-12-31 08:00:00,digital_ad,0
164,2025-02-04 09:00:00,webinar,0
164,2025-09-25 17:00:00,webinar,0
164,2025-10-17 12:00:00,rep_visit,1
164,2025-10-28 15:00:00,rep_visit,1
164,2025-12-09 15:00:00,rep_visit,0
165,2025-01-23 11:00:00,digital_ad,0
165,2025-02-08 17:00:00,phone_call,0
165,2025-02-12 11:00:00,email,0
165,2025-02-22 12:00:00,rep_visit,1
165,2025-02-26 16:00:00,webinar,0
165,2025-04-02 12:00:00,phone_call,0
165,2025-04-07 14:00:00,rep_visit,0
165,2025-04-15 16:00:00,webinar,0
165,2025-04-21 16:00:00,rep_visit,0
165,2025-04-28 09:00:00,phone_call,0
165,2025-05-23 16:00:00,webinar,0
165,2025-06-20 15:00:00,phone_call,0
165,2025-06-26 09:00:00,rep_visit,0
165,2025-07-09 11:00:00,email,0
165,2025-07-17 08:00:00,webinar,1
165,2025-08-28 13:00:00,rep_visit,1
165,2025-09-11 09:00:00,webinar,1
165,2025-09-15 13:00:00,rep_visit,0
165,2025-11-03 08:00:00,rep_visit,1
165,2025-12-10 08:00:00,phone_call,1
165,2025-12-18 08:00:00,phone_call,0
166,2025-01-15 11:00:00,email,1
166,2025-01-24 08:00:00,email,1
166,2025-01-29 08:00:00,digital_ad,0
166,2025-02-04 10:00:00,webinar,0
166,2025-02-21 17:00:00,email,0
166,2025-02-25 11:00:00,digital_ad,0
166,2025-03-06 08:00:00,email,0
166,2025-03-13 14:00:00,digital_ad,0
166,2025-03-18 08:00:00,digital_ad,0
166,2025-04-16 17:00:00,phone_call,0
166,2025-04-25 17:00:00,email,1
166,2025-05-14 14:00:00,email,1
166,2025-05-22 10:00:00,email,0
166,2025-06-03 14:00:00,email,1
166,2025-06-11 10:00:00,email,0
166,2025-06-16 09:00:00,phone_call,0
166,2025-07-07 10:00:00,digital_ad,0
166,2025-07-14 09:00:00,email,0
166,2025-07-28 17:00:00,phone_call,0
166,2025-08-27 08:00:00,email,0
166,2025-09-02 15:00:00,email,0
166,2025-10-02 15:00:00,rep_visit,0
166,2025-10-06 15:00:00,digital_ad,0
166,2025-10-15 16:00:00,webinar,0
166,2025-11-06 09:00:00,digital_ad,0
166,2025-11-12 16:00:00,email,1
166,2025-11-20 11:00:00,digital_ad,0
166,2025-11-24 15:00:00,email,0
166,2025-12-22 08:00:00,webinar,0
166,2025-12-31 12:00:00,email,0
167,2025-01-18 08:00:00,phone_call,1
167,2025-02-05 12:00:00,digital_ad,0
167,2025-02-19 15:00:00,email,1
167,2025-02-28 17:00:00,rep_visit,1
167,2025-03-04 11:00:00,email,0
167,2025-03-10 14:00:00,email,0
167,2025-03-27 11:00:00,rep_visit,1
167,2025-04-04 17:00:00,webinar,1
167,2025-04-16 17:00:00,rep_visit,1
167,2025-05-20 14:00:00,phone_call,1
167,2025-05-27 08:00:00,email,0
167,2025-06-02 10:00:00,phone_call,1
167,2025-07-10 13:00:00,rep_visit,1
167,2025-07-17 16:00:00,email,0
167,2025-07-29 10:00:00,rep_visit,1
167,2025-08-04 17:00:00,email,0
167,2025-08-15 10:00:00,webinar,1
167,2025-08-19 12:00:00,phone_call,0
167,2025-08-27 15:00:00,digital_ad,0
167,2025-09-05 11:00:00,webinar,0
167,2025-09-12 11:00:00,webinar,1
167,2025-10-02 11:00:00,email,0
167,2025-10-10 10:00:00,rep_visit,0
167,2025-10-20 08:00:00,rep_visit,1
167,2025-12-12 15:00:00,webinar,1
167,2025-12-19 17:00:00,phone_call,0
167,2025-12-24 12:00:00,phone_call,0
168,2025-01-30 15:00:00,phone_call,0
168,2025-03-04 13:00:00,rep_visit,1
168,2025-03-26 09:00:00,email,0
168,2025-04-03 15:00:00,rep_visit,0
168,2025-05-02 16:00:00,phone_call,0
168,2025-05-07 17:00:00,rep_visit,0
168,2025-06-16 12:00:00,rep_visit,1
168,2025-07-03 12:00:00,rep_visit,0
168,2025-07-09 17:00:00,rep_visit,0
168,2025-07-17 11:00:00,rep_visit,1
168,2025-07-23 15:00:00,email,0
168,2025-07-28 15:00:00,phone_call,0
168,2025-08-07 09:00:00,phone_call,0
168,2025-08-12 16:00:00,rep_visit,0
168,2025-08-28 14:00:00,webinar,0
168,2025-09-26 14:00:00,phone_call,0
168,2025-10-22 09:00:00,rep_visit,1
168,2025-11-13 15:00:00,phone_call,1
168,2025-12-18 12:00:00,rep_visit,1
168,2025-12-31 10:00:00,webinar,1
169,2025-01-15 14:00:00,phone_call,0
169,2025-02-06 17:00:00,rep_visit,0
169,2025-02-25 08:00:00,phone_call,0
169,2025-03-28 17:00:00,phone_call,0
169,2025-04-30 09:00:00,rep_visit,0
169,2025-05-08 12:00:00,webinar,0
169,2025-06-03 16:00:00,rep_visit,0
169,2025-06-16 16:00:00,phone_call,0
169,2025-06-24 08:00:00,phone_call,0
169,2025-07-23 09:00:00,rep_visit,0
169,2025-09-04 16:00:00,email,0
169,2025-09-12 13:00:00,webinar,0
169,2025-09-23 08:00:00,rep_visit,1
169,2025-11-25 11:00:00,rep_visit,0
170,2025-01-17 15:00:00,email,0
170,2025-02-07 08:00:00,phone_call,0
170,2025-03-06 10:00:00,email,0
170,2025-03-17 08:00:00,webinar,0
170,2025-04-15 11:00:00,phone_call,1
170,2025-05-14 11:00:00,rep_visit,1
170,2025-05-28 14:00:00,email,0
170,2025-06-09 08:00:00,webinar,0
170,2025-06-24 10:00:00,phone_call,0
170,2025-06-30 11:00:00,phone_call,0
170,2025-07-08 14:00:00,webinar,0
170,2025-08-14 12:00:00,webinar,0
170,2025-10-03 13:00:00,rep_visit,1
170,2025-12-10 14:00:00,rep_visit,1
170,2025-12-17 11:00:00,phone_call,0
170,2025-12-30 12:00:00,email,1
171,2025-01-22 17:00:00,webinar,1
171,2025-01-28 11:00:00,webinar,0
171,2025-02-27 13:00:00,phone_call,1
171,2025-03-06 09:00:00,digital_ad,0
171,2025-03-13 15:00:00,phone_call,1
171,2025-05-20 10:00:00,phone_call,0
171,2025-05-30 08:00:00,phone_call,0
171,2025-06-16 12:00:00,email,0
171,2025-07-10 17:00:00,phone_call,0
171,2025-07-15 15:00:00,email,0
171,2025-07-22 13:00:00,email,0
171,2025-08-01 10:00:00,phone_call,0
171,2025-08-07 10:00:00,phone_call,0
171,2025-08-21 09:00:00,email,0
171,2025-09-18 11:00:00,email,1
171,2025-11-26 13:00:00,digital_ad,0
171,2025-12-03 14:00:00,rep_visit,0
171,2025-12-11 17:00:00,email,0
171,2025-12-15 13:00:00,rep_visit,0
172,2025-01-14 15:00:00,webinar,0
172,2025-01-29 08:00:00,webinar,1
172,2025-02-06 13:00:00,rep_visit,0
172,2025-03-20 16:00:00,rep_visit,1
172,2025-03-27 17:00:00,digital_ad,1
172,2025-04-01 10:00:00,rep_visit,1
172,2025-04-14 14:00:00,rep_visit,1
172,2025-04-23 14:00:00,webinar,1
172,2025-05-13 12:00:00,webinar,1
172,2025-05-20 16:00:00,webinar,1
172,2025-05-28 09:00:00,rep_visit,0
172,2025-06-06 17:00:00,rep_visit,1
172,2025-06-13 10:00:00,rep_visit,0
172,2025-07-25 16:00:00,phone_call,0
172,2025-07-30 16:00:00,phone_call,0
172,2025-08-18 16:00:00,webinar,0
172,2025-09-01 09:00:00,phone_call,0
172,2025-09-17 12:00:00,phone_call,0
172,2025-09-26 13:00:00,rep_visit,1
172,2025-10-06 17:00:00,phone_call,0
172,2025-10-13 12:00:00,email,0
172,2025-10-29 16:00:00,rep_visit,1
172,2025-11-14 14:00:00,phone_call,0
172,2025-11-25 13:00:00,phone_call,0
172,2025-12-16 11:00:00,email,0
172,2026-01-02 10:00:00,rep_visit,0
173,2025-01-18 12:00:00,rep_visit,0
173,2025-01-24 09:00:00,webinar,0
173,2025-02-01 09:00:00,phone_call,0
173,2025-02-05 14:00:00,webinar,0
173,2025-02-13 16:00:00,digital_ad,0
173,2025-02-21 09:00:00,phone_call,0
173,2025-02-26 09:00:00,rep_visit,0
173,2025-03-10 17:00:00,email,0
173,2025-03-24 17:00:00,phone_call,0
173,2025-04-01 11:00:00,rep_visit,0
173,2025-04-11 12:00:00,rep_visit,1
173,2025-05-08 11:00:00,rep_visit,1
173,2025-06-03 10:00:00,webinar,0
173,2025-06-25 12:00:00,phone_call,0
173,2025-07-22 13:00:00,phone_call,0
173,2025-08-04 15:00:00,email,0
173,2025-08-26 12:00:00,webinar,0
173,2025-09-03 11:00:00,phone_call,1
173,2025-09-29 08:00:00,webinar,0
173,2025-10-10 09:00:00,email,0
173,2025-10-14 11:00:00,webinar,0
173,2025-10-23 09:00:00,email,0
173,2025-11-04 14:00:00,webinar,0
173,2025-12-04 10:00:00,rep_visit,0
173,2025-12-16 14:00:00,rep_visit,0
173,2026-01-01 12:00:00,email,0
174,2025-01-21 08:00:00,webinar,1
174,2025-02-07 16:00:00,phone_call,1
174,2025-02-11 10:00:00,webinar,0
174,2025-03-03 09:00:00,phone_call,1
174,2025-03-14 17:00:00,email,1
174,2025-03-21 17:00:00,rep_visit,0
174,2025-04-03 12:00:00,rep_visit,0
174,2025-04-10 14:00:00,digital_ad,0
174,2025-04-17 09:00:00,phone_call,0
174,2025-04-21 14:00:00,webinar,1
174,2025-05-01 11:00:00,rep_visit,0
174,2025-05-07 15:00:00,rep_visit,0
174,2025-06-11 12:00:00,digital_ad,0
174,2025-07-01 08:00:00,phone_call,1
174,2025-07-10 13:00:00,rep_visit,0
174,2025-07-31 17:00:00,phone_call,0
174,2025-08-07 13:00:00,rep_visit,0
174,2025-09-12 15:00:00,rep_visit,1
174,2025-09-16 11:00:00,rep_visit,1
174,2025-09-24 12:00:00,digital_ad,1
174,2025-10-02 10:00:00,webinar,0
174,2025-10-10 13:00:00,phone_call,0
174,2025-11-05 16:00:00,phone_call,1
174,2025-11-17 08:00:00,rep_visit,0
174,2025-11-24 10:00:00,rep_visit,0
174,2025-12-04 08:00:00,phone_call,0
174,2025-12-08 11:00:00,rep_visit,0
174,2025-12-29 11:00:00,rep_visit,0
175,2025-01-18 14:00:00,phone_call,1
175,2025-01-23 14:00:00,phone_call,1
175,2025-01-30 10:00:00,webinar,0
175,2025-02-14 09:00:00,phone_call,0
175,2025-02-22 09:00:00,rep_visit,0
175,2025-03-05 10:00:00,rep_visit,1
175,2025-04-15 10:00:00,rep_visit,1
175,2025-04-24 08:00:00,webinar,0
175,2025-04-29 11:00:00,email,0
175,2025-05-06 16:00:00,email,0
175,2025-05-28 16:00:00,webinar,1
175,2025-06-09 13:00:00,digital_ad,0
175,2025-07-03 10:00:00,email,0
175,2025-07-07 13:00:00,phone_call,0
175,2025-07-15 08:00:00,digital_ad,0
175,2025-08-12 13:00:00,phone_call,0
175,2025-08-20 16:00:00,webinar,0
175,2025-08-25 17:00:00,rep_visit,1
175,2025-09-01 16:00:00,webinar,0
175,2025-10-07 13:00:00,webinar,1
175,2025-10-16 17:00:00,email,1
175,2025-11-05 08:00:00,phone_call,0
175,2025-12-03 17:00:00,phone_call,1
175,2025-12-12 16:00:00,phone_call,0
175,2025-12-22 14:00:00,phone_call,1
175,2025-12-29 14:00:00,email,0
176,2025-01-24 14:00:00,email,1
176,2025-02-12 16:00:00,rep_visit,1
176,2025-02-26 11:00:00,phone_call,1
176,2025-03-10 11:00:00,phone_call,1
176,2025-03-17 14:00:00,phone_call,0
176,2025-03-24 17:00:00,rep_visit,1
176,2025-03-31 11:00:00,digital_ad,0
176,2025-04-08 17:00:00,phone_call,0
176,2025-04-30 15:00:00,rep_visit,1
176,2025-05-14 14:00:00,rep_visit,1
176,2025-06-06 11:00:00,digital_ad,0
176,2025-06-09 15:00:00,rep_visit,1
176,2025-06-27 15:00:00,rep_visit,1
176,2025-07-25 15:00:00,webinar,0
176,2025-07-31 16:00:00,phone_call,0
176,2025-08-07 12:00:00,rep_visit,1
176,2025-08-15 17:00:00,webinar,0
176,2025-09-11 09:00:00,digital_ad,0
176,2025-09-18 09:00:00,digital_ad,0
176,2025-10-06 15:00:00,email,0
176,2025-10-28 16:00:00,rep_visit,1
176,2025-11-10 08:00:00,rep_visit,1
176,2025-11-24 13:00:00,email,0
176,2025-12-02 17:00:00,phone_call,1
176,2025-12-15 16:00:00,email,1
176,2025-12-25 09:00:00,rep_visit,1
177,2025-02-15 14:00:00,rep_visit,1
177,2025-03-21 17:00:00,rep_visit,0
177,2025-07-30 15:00:00,digital_ad,0
177,2025-12-05 10:00:00,digital_ad,0
177,2025-12-08 09:00:00,rep_visit,0
177,2026-01-01 12:00:00,webinar,0
178,2025-01-24 10:00:00,webinar,0
178,2025-02-06 12:00:00,email,0
178,2025-03-06 17:00:00,rep_visit,1
178,2025-03-18 10:00:00,phone_call,0
178,2025-03-28 14:00:00,email,0
178,2025-04-10 16:00:00,email,0
178,2025-04-23 12:00:00,rep_visit,1
178,2025-05-09 09:00:00,phone_call,0
178,2025-06-10 14:00:00,phone_call,0
178,2025-06-27 16:00:00,phone_call,0
178,2025-06-30 11:00:00,digital_ad,0
178,2025-07-10 16:00:00,phone_call,0
178,2025-07-29 11:00:00,digital_ad,0
178,2025-08-06 15:00:00,digital_ad,0
178,2025-08-12 09:00:00,digital_ad,0
178,2025-09-18 15:00:00,digital_ad,0
178,2025-10-03 09:00:00,webinar,1
178,2025-12-03 11:00:00,phone_call,0
178,2025-12-12 09:00:00,email,0
178,2025-12-15 12:00:00,phone_call,0
178,2025-12-23 15:00:00,email,0
178,2025-12-29 09:00:00,webinar,0
179,2025-01-21 14:00:00,rep_visit,0
179,2025-02-21 16:00:00,phone_call,0
179,2025-02-28 14:00:00,email,1
179,2025-03-06 11:00:00,rep_visit,0
179,2025-03-25 09:00:00,rep_visit,0
179,2025-05-30 15:00:00,webinar,1
179,2025-06-02 15:00:00,email,0
179,2025-06-11 12:00:00,email,0
179,2025-07-01 11:00:00,email,0
179,2025-07-08 11:00:00,digital_ad,0
179,2025-07-23 15:00:00,email,0
179,2025-08-04 11:00:00,phone_call,0
179,2025-08-11 09:00:00,phone_call,0
179,2025-08-22 09:00:00,digital_ad,0
179,2025-08-29 16:00:00,email,0
179,2025-09-03 09:00:00,email,0
179,2025-10-09 13:00:00,email,1
179,2025-10-22 11:00:00,digital_ad,0
179,2025-11-19 16:00:00,digital_ad,1
179,2025-12-05 10:00:00,webinar,1
179,2025-12-12 10:00:00,rep_visit,0
179,2025-12-15 13:00:00,webinar,0
179,2025-12-22 14:00:00,digital_ad,0
180,2025-01-17 09:00:00,rep_visit,1
180,2025-01-25 11:00:00,rep_visit,1
180,2025-01-31 16:00:00,rep_visit,1
180,2025-02-12 16:00:00,phone_call,1
180,2025-03-17 14:00:00,phone_call,1
180,2025-03-26 08:00:00,rep_visit,1
180,2025-04-10 12:00:00,rep_visit,1
180,2025-04-14 08:00:00,phone_call,0
180,2025-04-22 16:00:00,rep_visit,1
180,2025-04-29 08:00:00,email,0
180,2025-05-15 16:00:00,phone_call,0
180,2025-06-05 11:00:00,rep_visit,1
180,2025-06-17 11:00:00,phone_call,0
180,2025-06-24 16:00:00,email,0
180,2025-07-04 16:00:00,rep_visit,1
180,2025-07-09 16:00:00,phone_call,0
180,2025-07-25 17:00:00,rep_visit,1
180,2025-08-01 14:00:00,email,0
180,2025-08-06 12:00:00,rep_visit,0
180,2025-08-14 11:00:00,rep_visit,0
180,2025-08-22 12:00:00,digital_ad,0
180,2025-08-26 16:00:00,webinar,0
180,2025-09-01 12:00:00,rep_visit,0
180,2025-09-15 11:00:00,rep_visit,1
180,2025-10-01 09:00:00,phone_call,1
180,2025-10-17 13:00:00,webinar,0
180,2025-10-23 13:00:00,digital_ad,0
180,2025-11-05 11:00:00,webinar,0
180,2025-11-13 14:00:00,phone_call,1
180,2025-11-17 16:00:00,phone_call,0
180,2025-12-04 10:00:00,rep_visit,1
180,2025-12-26 11:00:00,phone_call,1
180,2025-12-30 14:00:00,phone_call,0
181,2025-01-16 09:00:00,phone_call,1
181,2025-01-23 11:00:00,phone_call,1
181,2025-01-30 13:00:00,phone_call,0
181,2025-02-07 12:00:00,email,0
181,2025-02-18 10:00:00,email,0
181,2025-02-28 11:00:00,digital_ad,0
181,2025-03-04 13:00:00,email,0
181,2025-03-14 11:00:00,email,0
181,2025-03-20 12:00:00,digital_ad,0
181,2025-03-26 09:00:00,email,0
181,2025-04-08 11:00:00,digital_ad,0
181,2025-04-16 16:00:00,webinar,0
181,2025-04-21 08:00:00,phone_call,0
181,2025-05-02 08:00:00,email,0
181,2025-05-13 09:00:00,digital_ad,0
181,2025-05-20 12:00:00,email,0
181,2025-05-27 13:00:00,email,0
181,2025-06-18 09:00:00,webinar,0
181,2025-07-03 15:00:00,email,0
181,2025-07-16 11:00:00,email,0
181,2025-07-22 14:00:00,email,0
181,2025-07-31 09:00:00,rep_visit,1
181,2025-08-14 09:00:00,webinar,1
181,2025-08-20 15:00:00,rep_visit,1
181,2025-09-01 16:00:00,rep_visit,1
181,2025-09-16 15:00:00,phone_call,0
181,2025-09-30 08:00:00,rep_visit,1
181,2025-10-06 15:00:00,phone_call,0
181,2025-10-17 10:00:00,email,0
181,2025-10-20 11:00:00,email,1
181,2025-12-01 10:00:00,phone_call,0
181,2026-01-01 13:00:00,phone_call,1
182,2025-01-17 16:00:00,webinar,1
182,2025-01-22 10:00:00,rep_visit,0
182,2025-03-04 11:00:00,rep_visit,0
182,2025-03-10 13:00:00,webinar,0
182,2025-05-06 09:00:00,rep_visit,1
182,2025-06-25 15:00:00,rep_visit,1
182,2025-08-19 09:00:00,digital_ad,0
182,2025-09-17 13:00:00,rep_visit,0
182,2025-10-15 17:00:00,rep_visit,1
182,2026-01-02 16:00:00,webinar,1
183,2025-02-13 10:00:00,email,0
183,2025-02-28 15:00:00,digital_ad,0
183,2025-03-04 09:00:00,phone_call,0
183,2025-06-02 12:00:00,email,0
183,2025-06-27 17:00:00,digital_ad,0
183,2025-07-03 08:00:00,phone_call,0
183,2025-07-31 12:00:00,email,0
183,2025-08-12 16:00:00,email,0
183,2025-08-29 12:00:00,email,0
183,2025-10-07 14:00:00,rep_visit,0
183,2025-10-23 10:00:00,webinar,0
183,2025-12-12 08:00:00,email,1
183,2025-12-25 09:00:00,digital_ad,0
184,2025-01-25 14:00:00,email,1
184,2025-02-18 11:00:00,rep_visit,1
184,2025-03-04 09:00:00,digital_ad,0
184,2025-03-26 15:00:00,digital_ad,0
184,2025-04-02 08:00:00,digital_ad,0
184,2025-04-11 17:00:00,phone_call,0
184,2025-04-23 09:00:00,email,1
184,2025-05-01 15:00:00,phone_call,0
184,2025-05-05 10:00:00,email,0
184,2025-05-20 09:00:00,digital_ad,0
184,2025-05-26 08:00:00,email,0
184,2025-06-04 13:00:00,digital_ad,0
184,2025-06-12 13:00:00,phone_call,0
184,2025-06-16 08:00:00,email,0
184,2025-07-03 14:00:00,digital_ad,0
184,2025-07-10 17:00:00,email,0
184,2025-07-17 11:00:00,rep_visit,0
184,2025-07-22 16:00:00,digital_ad,0
184,2025-08-01 16:00:00,email,0
184,2025-08-08 10:00:00,phone_call,0
184,2025-08-25 08:00:00,email,0
184,2025-09-10 16:00:00,digital_ad,0
184,2025-09-17 13:00:00,phone_call,0
184,2025-09-25 14:00:00,digital_ad,0
184,2025-09-29 14:00:00,rep_visit,0
184,2025-10-09 11:00:00,email,0
184,2025-10-21 16:00:00,phone_call,0
184,2025-10-28 14:00:00,webinar,0
184,2025-11-13 11:00:00,digital_ad,0
184,2025-11-21 17:00:00,digital_ad,0
184,2025-11-24 14:00:00,phone_call,0
184,2025-12-05 15:00:00,digital_ad,0
184,2025-12-23 12:00:00,digital_ad,1
185,2025-01-29 14:00:00,webinar,0
185,2025-02-13 10:00:00,webinar,0
185,2025-02-26 08:00:00,webinar,0
185,2025-04-08 14:00:00,rep_visit,1
185,2025-04-24 12:00:00,rep_visit,1
185,2025-09-04 11:00:00,rep_visit,1
185,2025-09-30 12:00:00,rep_visit,1
185,2025-10-31 17:00:00,rep_visit,1
185,2025-12-22 17:00:00,rep_visit,1
185,2025-12-30 09:00:00,rep_visit,1
186,2025-01-23 13:00:00,webinar,1
186,2025-01-28 16:00:00,email,0
186,2025-02-04 15:00:00,webinar,1
186,2025-03-11 09:00:00,webinar,1
186,2025-03-24 08:00:00,email,0
186,2025-04-01 13:00:00,webinar,0
186,2025-04-18 14:00:00,webinar,1
186,2025-04-24 11:00:00,phone_call,0
186,2025-05-16 16:00:00,rep_visit,1
186,2025-05-27 15:00:00,phone_call,0
186,2025-06-09 17:00:00,digital_ad,0
186,2025-06-26 15:00:00,email,0
186,2025-07-10 15:00:00,digital_ad,0
186,2025-07-18 10:00:00,webinar,0
186,2025-07-23 12:00:00,rep_visit,0
186,2025-07-29 16:00:00,phone_call,0
186,2025-08-18 10:00:00,email,0
186,2025-09-02 17:00:00,digital_ad,0
186,2025-09-12 17:00:00,digital_ad,0
186,2025-09-22 14:00:00,email,0
186,2025-10-10 16:00:00,rep_visit,1
186,2025-11-03 08:00:00,email,0
186,2025-11-11 13:00:00,email,0
186,2025-11-24 11:00:00,rep_visit,0
186,2025-12-01 09:00:00,webinar,0
186,2025-12-08 11:00:00,rep_visit,0
186,2025-12-19 17:00:00,digital_ad,1
186,2026-01-02 15:00:00,email,0
187,2025-01-14 09:00:00,email,0
187,2025-01-21 16:00:00,email,0
187,2025-01-29 12:00:00,rep_visit,0
187,2025-02-04 14:00:00,email,1
187,2025-02-11 09:00:00,email,0
187,2025-02-20 15:00:00,digital_ad,0
187,2025-02-26 14:00:00,webinar,0
187,2025-03-03 17:00:00,email,0
187,2025-03-13 15:00:00,phone_call,0
187,2025-03-28 17:00:00,email,0
187,2025-04-02 16:00:00,digital_ad,0
187,2025-04-07 09:00:00,webinar,0
187,2025-04-14 15:00:00,digital_ad,0
187,2025-05-05 16:00:00,digital_ad,0
187,2025-05-15 09:00:00,digital_ad,0
187,2025-05-19 12:00:00,digital_ad,0
187,2025-05-27 09:00:00,digital_ad,0
187,2025-06-11 15:00:00,digital_ad,0
187,2025-06-24 08:00:00,email,0
187,2025-06-30 13:00:00,digital_ad,0
187,2025-07-10 09:00:00,phone_call,1
187,2025-07-14 12:00:00,email,0
187,2025-07-24 16:00:00,webinar,1
187,2025-08-08 10:00:00,email,0
187,2025-08-28 15:00:00,email,0
187,2025-09-04 10:00:00,digital_ad,0
187,2025-09-08 13:00:00,email,0
187,2025-09-26 09:00:00,email,0
187,2025-10-02 13:00:00,phone_call,0
187,2025-10-20 17:00:00,email,0
187,2025-11-07 16:00:00,email,0
187,2025-11-12 16:00:00,email,0
187,2025-11-24 10:00:00,email,0
187,2025-12-01 10:00:00,rep_visit,0
187,2025-12-26 11:00:00,email,0
188,2025-01-21 14:00:00,webinar,1
188,2025-01-29 11:00:00,digital_ad,0
188,2025-02-28 14:00:00,webinar,1
188,2025-03-19 17:00:00,digital_ad,0
188,2025-06-17 08:00:00,rep_visit,1
188,2025-07-25 11:00:00,rep_visit,0
188,2025-07-29 17:00:00,rep_visit,0
188,2025-08-28 15:00:00,webinar,0
188,2025-11-10 17:00:00,digital_ad,0
188,2025-11-17 15:00:00,digital_ad,0
188,2025-12-26 13:00:00,rep_visit,0
189,2025-01-25 13:00:00,webinar,0
189,2025-01-31 13:00:00,email,0
189,2025-02-07 15:00:00,email,0
189,2025-03-13 12:00:00,email,0
189,2025-04-03 10:00:00,webinar,0
189,2025-04-11 16:00:00,email,0
189,2025-04-18 11:00:00,email,0
189,2025-04-21 08:00:00,phone_call,0
189,2025-05-12 16:00:00,webinar,0
189,2025-05-20 15:00:00,email,0
189,2025-06-09 09:00:00,phone_call,0
189,2025-06-19 09:00:00,phone_call,0
189,2025-06-27 12:00:00,phone_call,0
189,2025-07-03 14:00:00,email,0
189,2025-07-21 09:00:00,digital_ad,0
189,2025-08-06 09:00:00,phone_call,1
189,2025-08-14 11:00:00,digital_ad,0
189,2025-08-20 10:00:00,webinar,0
189,2025-08-26 17:00:00,digital_ad,0
189,2025-10-15 15:00:00,rep_visit,0
189,2025-10-24 17:00:00,email,0
189,2025-11-06 08:00:00,phone_call,0
189,2025-11-11 16:00:00,digital_ad,0
189,2025-12-01 12:00:00,webinar,0
190,2025-01-25 12:00:00,rep_visit,1
190,2025-02-13 14:00:00,email,0
190,2025-03-06 08:00:00,email,0
190,2025-03-12 13:00:00,rep_visit,0
190,2025-04-04 13:00:00,rep_visit,1
190,2025-04-18 09:00:00,rep_visit,1
190,2025-05-16 08:00:00,webinar,1
190,2025-06-09 15:00:00,phone_call,0
190,2025-06-23 08:00:00,phone_call,0
190,2025-07-09 13:00:00,phone_call,0
190,2025-07-21 14:00:00,rep_visit,1
190,2025-09-03 08:00:00,rep_visit,0
190,2025-11-07 17:00:00,rep_visit,1
190,2025-11-17 13:00:00,phone_call,1
190,2025-12-08 08:00:00,rep_visit,1
190,2025-12-30 14:00:00,email,0
191,2025-02-01 12:00:00,phone_call,0
191,2025-02-05 13:00:00,phone_call,0
191,2025-02-15 11:00:00,rep_visit,1
191,2025-02-28 11:00:00,email,0
191,2025-03-07 14:00:00,phone_call,0
191,2025-03-12 11:00:00,email,0
191,2025-03-31 16:00:00,rep_visit,1
191,2025-04-17 15:00:00,rep_visit,1
191,2025-04-24 15:00:00,phone_call,1
191,2025-04-30 10:00:00,phone_call,0
191,2025-05-09 11:00:00,phone_call,0
191,2025-06-06 14:00:00,phone_call,1
191,2025-06-09 09:00:00,phone_call,0
191,2025-06-16 09:00:00,digital_ad,0
191,2025-07-08 15:00:00,digital_ad,0
191,2025-07-17 17:00:00,rep_visit,1
191,2025-08-04 11:00:00,webinar,0
191,2025-08-12 14:00:00,webinar,0
191,2025-09-25 12:00:00,rep_visit,1
191,2025-10-10 17:00:00,rep_visit,1
191,2025-10-13 13:00:00,rep_visit,0
191,2025-10-24 13:00:00,phone_call,0
191,2025-11-06 10:00:00,rep_visit,0
191,2025-11-21 14:00:00,rep_visit,1
191,2025-11-28 10:00:00,webinar,0
191,2025-12-04 11:00:00,digital_ad,0
191,2025-12-19 08:00:00,digital_ad,0
191,2026-01-01 14:00:00,rep_visit,1
192,2025-01-16 08:00:00,email,0
192,2025-01-22 17:00:00,email,0
192,2025-02-04 12:00:00,phone_call,0
192,2025-03-05 14:00:00,email,0
192,2025-03-13 16:00:00,webinar,1
192,2025-03-26 15:00:00,email,0
192,2025-04-03 14:00:00,email,0
192,2025-04-14 17:00:00,rep_visit,1
192,2025-04-21 17:00:00,email,0
192,2025-04-29 10:00:00,email,0
192,2025-05-07 10:00:00,digital_ad,0
192,2025-05-12 15:00:00,digital_ad,0
192,2025-05-23 17:00:00,webinar,0
192,2025-05-30 13:00:00,email,1
192,2025-06-13 15:00:00,email,1
192,2025-06-18 13:00:00,phone_call,0
192,2025-06-26 08:00:00,digital_ad,0
192,2025-07-03 14:00:00,digital_ad,0
192,2025-07-09 16:00:00,email,0
192,2025-07-22 17:00:00,email,1
192,2025-07-28 17:00:00,email,0
192,2025-08-05 15:00:00,webinar,0
192,2025-08-21 11:00:00,digital_ad,0
192,2025-08-26 10:00:00,phone_call,0
192,2025-09-11 15:00:00,digital_ad,0
192,2025-09-30 13:00:00,digital_ad,0
192,2025-10-20 09:00:00,phone_call,0
192,2025-10-28 12:00:00,digital_ad,0
192,2025-11-06 12:00:00,digital_ad,1
192,2025-11-28 09:00:00,digital_ad,1
192,2025-12-12 08:00:00,email,0
192,2025-12-19 09:00:00,digital_ad,0
193,2025-01-15 15:00:00,email,1
193,2025-01-23 14:00:00,digital_ad,0
193,2025-02-01 11:00:00,digital_ad,0
193,2025-02-06 12:00:00,phone_call,1
193,2025-02-19 10:00:00,email,0
193,2025-03-07 17:00:00,email,1
193,2025-03-13 15:00:00,email,1
193,2025-03-27 12:00:00,digital_ad,0
193,2025-04-03 13:00:00,webinar,0
193,2025-04-11 10:00:00,digital_ad,0
193,2025-04-18 14:00:00,phone_call,0
193,2025-04-22 08:00:00,email,0
193,2025-05-08 15:00:00,digital_ad,0
193,2025-05-13 17:00:00,email,0
193,2025-05-27 14:00:00,phone_call,0
193,2025-06-11 13:00:00,digital_ad,0
193,2025-07-03 14:00:00,digital_ad,0
193,2025-07-07 09:00:00,email,0
193,2025-07-16 17:00:00,email,0
193,2025-07-22 12:00:00,digital_ad,0
193,2025-08-07 17:00:00,email,1
193,2025-08-13 09:00:00,digital_ad,0
193,2025-08-21 16:00:00,email,0
193,2025-09-02 10:00:00,email,1
193,2025-09-12 12:00:00,email,0
193,2025-09-24 16:00:00,phone_call,0
193,2025-10-09 12:00:00,email,0
193,2025-10-21 17:00:00,rep_visit,1
193,2025-11-07 12:00:00,webinar,1
193,2025-11-12 11:00:00,digital_ad,0
193,2025-12-01 17:00:00,email,1
193,2025-12-10 12:00:00,digital_ad,0
193,2025-12-22 13:00:00,digital_ad,0
193,2025-12-30 14:00:00,email,0
194,2025-01-15 14:00:00,phone_call,1
194,2025-02-19 12:00:00,webinar,0
194,2025-03-18 08:00:00,digital_ad,1
194,2025-03-28 17:00:00,digital_ad,1
194,2025-04-14 16:00:00,rep_visit,0
194,2025-05-08 12:00:00,webinar,0
194,2025-05-26 13:00:00,rep_visit,0
194,2025-06-16 13:00:00,phone_call,0
194,2025-07-04 11:00:00,digital_ad,0
194,2025-08-27 09:00:00,webinar,0
194,2025-09-02 11:00:00,phone_call,0
194,2025-10-14 17:00:00,phone_call,0
194,2025-10-21 14:00:00,rep_visit,0
194,2025-11-03 17:00:00,digital_ad,0
194,2025-11-14 16:00:00,email,0
194,2025-12-17 09:00:00,email,0
194,2025-12-31 09:00:00,phone_call,1
195,2025-01-21 10:00:00,webinar,1
195,2025-02-04 08:00:00,webinar,1
195,2025-04-11 14:00:00,digital_ad,0
195,2025-04-30 11:00:00,rep_visit,0
195,2025-10-30 17:00:00,rep_visit,0
195,2025-11-11 11:00:00,digital_ad,0
195,2025-11-26 15:00:00,rep_visit,0
195,2025-12-05 11:00:00,rep_visit,0
196,2025-01-17 09:00:00,email,0
196,2025-01-24 15:00:00,rep_visit,1
196,2025-01-31 09:00:00,digital_ad,0
196,2025-02-04 09:00:00,rep_visit,0
196,2025-02-26 16:00:00,email,1
196,2025-03-20 17:00:00,digital_ad,1
196,2025-06-12 10:00:00,phone_call,0
196,2025-07-17 11:00:00,digital_ad,0
196,2025-07-21 16:00:00,digital_ad,0
196,2025-10-01 09:00:00,email,1
196,2025-11-14 14:00:00,email,0
196,2025-11-20 16:00:00,email,0
196,2025-11-27 15:00:00,phone_call,0
196,2025-12-01 15:00:00,digital_ad,0
196,2025-12-16 11:00:00,phone_call,0
196,2025-12-30 12:00:00,webinar,1
197,2025-01-25 13:00:00,rep_visit,0
197,2025-02-05 10:00:00,phone_call,0
197,2025-02-14 12:00:00,email,0
197,2025-02-21 16:00:00,email,0
197,2025-04-25 09:00:00,rep_visit,0
197,2025-05-16 10:00:00,email,0
197,2025-05-21 17:00:00,phone_call,0
197,2025-06-02 10:00:00,phone_call,0
197,2025-06-16 12:00:00,digital_ad,0
197,2025-07-24 09:00:00,email,0
197,2025-08-01 11:00:00,phone_call,0
197,2025-08-04 17:00:00,webinar,0
197,2025-08-14 09:00:00,email,0
197,2025-09-11 17:00:00,digital_ad,0
197,2025-09-15 15:00:00,email,0
197,2025-09-25 09:00:00,digital_ad,0
197,2025-10-06 17:00:00,phone_call,0
197,2025-10-22 17:00:00,digital_ad,0
197,2025-11-06 14:00:00,digital_ad,0
197,2025-11-26 12:00:00,phone_call,0
197,2025-12-04 16:00:00,webinar,0
197,2025-12-19 16:00:00,email,0
197,2025-12-24 08:00:00,email,0
198,2025-01-14 11:00:00,digital_ad,0
198,2025-01-24 14:00:00,rep_visit,1
198,2025-02-07 13:00:00,webinar,1
198,2025-02-14 16:00:00,digital_ad,0
198,2025-03-03 13:00:00,email,1
198,2025-03-14 12:00:00,email,0
198,2025-03-21 14:00:00,email,1
198,2025-03-28 14:00:00,webinar,0
198,2025-04-07 17:00:00,phone_call,0
198,2025-05-08 12:00:00,phone_call,1
198,2025-05-16 13:00:00,webinar,1
198,2025-05-27 16:00:00,digital_ad,0
198,2025-06-10 15:00:00,email,0
198,2025-06-18 16:00:00,digital_ad,0
198,2025-06-23 17:00:00,digital_ad,0
198,2025-08-07 10:00:00,digital_ad,0
198,2025-08-26 15:00:00,digital_ad,0
198,2025-10-03 17:00:00,email,1
198,2025-10-09 08:00:00,digital_ad,0
198,2025-10-27 16:00:00,email,1
198,2025-11-04 15:00:00,email,0
198,2025-11-19 15:00:00,webinar,0
198,2026-01-02 09:00:00,rep_visit,0
199,2025-01-16 12:00:00,email,1
199,2025-01-21 17:00:00,webinar,0
199,2025-02-04 13:00:00,digital_ad,0
199,2025-02-14 16:00:00,email,0
199,2025-02-20 13:00:00,digital_ad,0
199,2025-02-28 09:00:00,digital_ad,0
199,2025-03-10 16:00:00,email,1
199,2025-03-28 17:00:00,email,1
199,2025-04-03 15:00:00,digital_ad,0
199,2025-04-07 12:00:00,digital_ad,0
199,2025-04-15 12:00:00,email,0
199,2025-04-23 15:00:00,digital_ad,0
199,2025-05-13 17:00:00,email,0
199,2025-05-19 09:00:00,rep_visit,0
199,2025-05-26 09:00:00,phone_call,0
199,2025-06-11 08:00:00,digital_ad,0
199,2025-06-16 14:00:00,email,0
199,2025-06-26 15:00:00,digital_ad,0
199,2025-07-03 10:00:00,phone_call,0
199,2025-07-07 13:00:00,webinar,0
199,2025-07-14 08:00:00,phone_call,0
199,2025-08-01 17:00:00,phone_call,0
199,2025-08-08 13:00:00,digital_ad,0
199,2025-08-25 16:00:00,email,1
199,2025-10-01 13:00:00,email,1
199,2025-10-08 17:00:00,digital_ad,0
199,2025-10-21 17:00:00,webinar,0
199,2025-11-11 14:00:00,digital_ad,0
199,2025-11-28 17:00:00,email,0
199,2025-12-08 16:00:00,digital_ad,0
199,2025-12-24 16:00:00,email,0
200,2025-01-15 16:00:00,phone_call,0
200,2025-01-21 16:00:00,email,1
200,2025-01-31 08:00:00,email,0
200,2025-02-14 08:00:00,email,1
200,2025-02-21 16:00:00,rep_visit,0
200,2025-02-27 09:00:00,digital_ad,0
200,2025-03-13 08:00:00,email,0
200,2025-03-18 12:00:00,digital_ad,0
200,2025-03-25 10:00:00,digital_ad,0
200,2025-04-02 08:00:00,phone_call,0
200,2025-04-10 14:00:00,digital_ad,0
200,2025-04-16 12:00:00,digital_ad,0
200,2025-05-02 16:00:00,digital_ad,0
200,2025-05-09 09:00:00,digital_ad,0
200,2025-05-16 15:00:00,webinar,0
200,2025-05-26 12:00:00,webinar,0
200,2025-06-27 12:00:00,webinar,0
200,2025-07-14 12:00:00,digital_ad,0
200,2025-08-06 14:00:00,digital_ad,0
200,2025-08-12 10:00:00,email,0
200,2025-09-02 08:00:00,email,0
200,2025-09-11 09:00:00,email,0
200,2025-10-01 12:00:00,phone_call,0
200,2025-10-07 11:00:00,rep_visit,0
200,2025-10-15 11:00:00,email,0
200,2025-11-04 12:00:00,email,0
200,2025-12-08 10:00:00,rep_visit,1
200,2025-12-15 09:00:00,email,1
201,2025-01-15 08:00:00,digital_ad,1
201,2025-01-25 12:00:00,phone_call,1
201,2025-02-14 14:00:00,webinar,1
201,2025-03-19 10:00:00,webinar,1
201,2025-03-28 15:00:00,webinar,1
201,2025-04-03 14:00:00,phone_call,0
201,2025-05-02 14:00:00,phone_call,0
201,2025-05-21 17:00:00,rep_visit,0
201,2025-05-26 11:00:00,rep_visit,0
201,2025-06-03 13:00:00,phone_call,0
201,2025-06-11 13:00:00,email,0
201,2025-06-25 12:00:00,phone_call,1
201,2025-07-03 16:00:00,rep_visit,1
201,2025-07-14 11:00:00,email,0
201,2025-07-22 08:00:00,phone_call,0
201,2025-07-28 09:00:00,digital_ad,1
201,2025-09-17 10:00:00,phone_call,1
201,2025-09-23 17:00:00,rep_visit,0
201,2025-10-03 14:00:00,phone_call,0
201,2025-10-09 17:00:00,email,0
201,2025-10-23 10:00:00,phone_call,0
201,2025-10-30 16:00:00,email,0
201,2025-11-06 17:00:00,phone_call,0
201,2025-11-10 10:00:00,rep_visit,0
201,2025-11-20 17:00:00,phone_call,0
201,2025-12-08 17:00:00,webinar,1
201,2025-12-17 11:00:00,rep_visit,0
202,2025-02-13 10:00:00,webinar,0
202,2025-02-21 13:00:00,rep_visit,0
202,2025-05-16 14:00:00,rep_visit,0
202,2025-06-03 10:00:00,rep_visit,0
202,2025-07-10 13:00:00,phone_call,0
202,2025-08-12 15:00:00,phone_call,0
202,2025-08-27 14:00:00,rep_visit,0
202,2025-09-24 16:00:00,phone_call,0
202,2025-10-08 12:00:00,phone_call,1
202,2025-10-22 12:00:00,rep_visit,1
202,2025-10-27 16:00:00,email,0
202,2025-11-03 14:00:00,rep_visit,0
202,2025-11-10 14:00:00,phone_call,0
202,2025-11-18 08:00:00,phone_call,0
202,2025-12-30 09:00:00,rep_visit,1
203,2025-01-16 12:00:00,phone_call,1
203,2025-01-25 16:00:00,rep_visit,0
203,2025-02-15 15:00:00,phone_call,1
203,2025-02-20 10:00:00,rep_visit,0
203,2025-02-26 08:00:00,webinar,1
203,2025-04-11 15:00:00,rep_visit,1
203,2025-04-18 17:00:00,phone_call,1
203,2025-04-25 11:00:00,phone_call,0
203,2025-05-06 15:00:00,phone_call,1
203,2025-05-23 17:00:00,phone_call,1
203,2025-06-09 15:00:00,rep_visit,1
203,2025-06-18 15:00:00,webinar,0
203,2025-06-25 15:00:00,phone_call,1
203,2025-07-02 11:00:00,rep_visit,1
203,2025-07-14 13:00:00,rep_visit,1
203,2025-07-28 09:00:00,phone_call,0
203,2025-08-28 13:00:00,rep_visit,0
203,2025-09-15 16:00:00,webinar,0
203,2025-10-03 13:00:00,phone_call,0
203,2025-10-08 10:00:00,email,0
203,2025-10-13 16:00:00,rep_visit,1
203,2025-10-21 14:00:00,email,0
203,2025-10-29 09:00:00,rep_visit,1
203,2025-11-06 15:00:00,rep_visit,1
203,2025-11-12 14:00:00,webinar,0
203,2025-11-18 10:00:00,rep_visit,0
203,2025-11-24 17:00:00,email,0
203,2025-12-11 13:00:00,phone_call,1
203,2025-12-17 17:00:00,email,0
203,2025-12-26 13:00:00,webinar,0
203,2026-01-02 12:00:00,rep_visit,0
204,2025-01-15 10:00:00,digital_ad,1
204,2025-01-22 16:00:00,digital_ad,0
204,2025-02-11 10:00:00,digital_ad,0
204,2025-02-26 11:00:00,webinar,0
204,2025-03-19 17:00:00,digital_ad,0
204,2025-03-24 11:00:00,email,0
204,2025-04-01 12:00:00,email,0
204,2025-04-18 10:00:00,phone_call,0
204,2025-05-08 08:00:00,digital_ad,1
204,2025-05-16 08:00:00,email,0
204,2025-05-26 09:00:00,webinar,0
204,2025-06-12 11:00:00,webinar,0
204,2025-06-20 14:00:00,webinar,0
204,2025-06-26 11:00:00,digital_ad,0
204,2025-07-01 12:00:00,email,0
204,2025-07-07 11:00:00,webinar,0
204,2025-08-05 11:00:00,rep_visit,0
204,2025-08-19 08:00:00,email,1
204,2025-09-05 17:00:00,digital_ad,1
204,2025-09-11 16:00:00,phone_call,0
204,2025-09-22 15:00:00,digital_ad,0
204,2025-10-02 13:00:00,email,1
204,2025-10-08 16:00:00,digital_ad,0
204,2025-10-24 08:00:00,email,0
204,2025-10-31 08:00:00,email,0
204,2025-11-11 11:00:00,email,0
204,2025-11-19 08:00:00,digital_ad,0
204,2025-11-24 08:00:00,email,0
204,2025-12-08 16:00:00,email,1
204,2025-12-18 13:00:00,webinar,1
204,2025-12-25 08:00:00,email,1
204,2026-01-01 10:00:00,email,1
205,2025-01-18 16:00:00,phone_call,0
205,2025-02-05 15:00:00,webinar,1
205,2025-02-25 15:00:00,phone_call,0
205,2025-05-16 08:00:00,rep_visit,1
205,2025-05-22 14:00:00,email,0
205,2025-06-09 09:00:00,webinar,1
205,2025-07-10 17:00:00,email,0
205,2025-07-16 17:00:00,phone_call,0
205,2025-08-04 17:00:00,rep_visit,0
205,2025-09-02 12:00:00,rep_visit,0
205,2025-09-11 17:00:00,webinar,0
205,2025-10-30 16:00:00,digital_ad,0
205,2025-11-06 14:00:00,phone_call,0
205,2025-11-17 10:00:00,rep_visit,0
205,2025-11-28 08:00:00,email,0
205,2025-12-05 15:00:00,email,0
205,2025-12-10 12:00:00,webinar,0
205,2025-12-19 15:00:00,digital_ad,0
206,2025-02-20 15:00:00,phone_call,1
206,2025-02-27 09:00:00,phone_call,0
206,2025-03-06 10:00:00,phone_call,0
206,2025-03-31 15:00:00,rep_visit,0
206,2025-04-11 12:00:00,webinar,0
206,2025-05-28 09:00:00,rep_visit,0
206,2025-06-19 16:00:00,phone_call,0
206,2025-06-27 13:00:00,phone_call,0
206,2025-07-02 12:00:00,rep_visit,0
206,2025-07-08 16:00:00,phone_call,0
206,2025-07-14 14:00:00,rep_visit,0
206,2025-10-14 11:00:00,rep_visit,1
206,2025-10-23 08:00:00,rep_visit,0
207,2025-01-15 16:00:00,rep_visit,1
207,2025-01-29 15:00:00,webinar,1
207,2025-02-13 12:00:00,rep_visit,1
207,2025-03-10 09:00:00,rep_visit,1
207,2025-03-21 08:00:00,rep_visit,1
207,2025-04-22 10:00:00,rep_visit,0
207,2025-05-01 08:00:00,phone_call,0
207,2025-05-07 15:00:00,webinar,0
207,2025-05-15 15:00:00,rep_visit,1
207,2025-05-23 12:00:00,email,0
207,2025-06-03 12:00:00,phone_call,1
207,2025-06-16 16:00:00,rep_visit,1
207,2025-06-24 11:00:00,phone_call,0
207,2025-07-03 09:00:00,digital_ad,1
207,2025-07-08 16:00:00,rep_visit,0
207,2025-07-25 11:00:00,rep_visit,1
207,2025-07-30 17:00:00,rep_visit,1
207,2025-08-26 14:00:00,rep_visit,1
207,2025-09-01 11:00:00,rep_visit,0
207,2025-09-12 16:00:00,phone_call,0
207,2025-09-19 10:00:00,rep_visit,0
207,2025-09-26 11:00:00,rep_visit,0
207,2025-10-20 10:00:00,rep_visit,1
207,2025-10-29 15:00:00,email,0
207,2025-11-05 13:00:00,rep_visit,0
207,2025-11-24 16:00:00,rep_visit,1
207,2025-12-18 15:00:00,webinar,0
207,2026-01-01 10:00:00,phone_call,1
208,2025-01-16 10:00:00,digital_ad,0
208,2025-01-29 16:00:00,phone_call,0
208,2025-02-04 14:00:00,digital_ad,0
208,2025-02-13 09:00:00,webinar,0
208,2025-03-06 15:00:00,phone_call,0
208,2025-04-03 11:00:00,rep_visit,1
208,2025-04-21 13:00:00,webinar,0
208,2025-05-09 16:00:00,email,0
208,2025-05-23 10:00:00,phone_call,0
208,2025-05-26 17:00:00,email,0
208,2025-06-10 14:00:00,webinar,1
208,2025-07-21 15:00:00,phone_call,0
208,2025-08-14 15:00:00,digital_ad,0
208,2025-08-19 15:00:00,email,1
208,2025-09-01 17:00:00,rep_visit,1
208,2025-09-08 16:00:00,email,0
208,2025-09-23 08:00:00,email,0
208,2025-10-09 12:00:00,email,0
208,2025-10-21 12:00:00,phone_call,0
208,2025-11-11 11:00:00,email,0
208,2025-11-18 16:00:00,webinar,0
208,2025-11-28 09:00:00,digital_ad,0
208,2025-12-17 16:00:00,phone_call,0
208,2025-12-26 14:00:00,phone_call,1
208,2026-01-01 11:00:00,webinar,0
209,2025-01-16 08:00:00,webinar,1
209,2025-01-25 14:00:00,digital_ad,0
209,2025-02-28 13:00:00,webinar,0
209,2025-03-07 13:00:00,phone_call,0
209,2025-03-26 12:00:00,phone_call,1
209,2025-04-02 14:00:00,webinar,0
209,2025-04-11 16:00:00,phone_call,1
209,2025-04-14 16:00:00,rep_visit,0
209,2025-05-14 13:00:00,phone_call,1
209,2025-05-20 17:00:00,webinar,0
209,2025-05-30 09:00:00,rep_visit,0
209,2025-06-13 15:00:00,email,0
209,2025-06-17 17:00:00,rep_visit,1
209,2025-06-24 11:00:00,phone_call,1
209,2025-07-02 12:00:00,phone_call,0
209,2025-07-07 11:00:00,rep_visit,0
209,2025-07-18 09:00:00,rep_visit,0
209,2025-07-24 13:00:00,phone_call,0
209,2025-07-30 12:00:00,digital_ad,0
209,2025-08-21 12:00:00,phone_call,0
209,2025-08-29 14:00:00,phone_call,0
209,2025-09-03 08:00:00,phone_call,0
209,2025-09-16 16:00:00,rep_visit,0
209,2025-09-22 09:00:00,email,0
209,2025-10-01 15:00:00,rep_visit,0
209,2025-10-16 10:00:00,phone_call,1
209,2025-10-22 14:00:00,rep_visit,1
209,2025-10-31 17:00:00,rep_visit,0
209,2025-11-04 17:00:00,rep_visit,0
209,2025-11-25 12:00:00,phone_call,0
209,2025-12-03 13:00:00,webinar,0
209,2025-12-22 14:00:00,rep_visit,1
210,2025-01-29 16:00:00,phone_call,1
210,2025-02-22 17:00:00,phone_call,0
210,2025-03-27 08:00:00,rep_visit,0
210,2025-04-25 12:00:00,phone_call,1
210,2025-04-29 17:00:00,phone_call,1
210,2025-05-13 11:00:00,webinar,0
210,2025-06-04 09:00:00,rep_visit,1
210,2025-07-02 08:00:00,rep_visit,1
210,2025-08-01 14:00:00,phone_call,1
210,2025-08-06 15:00:00,rep_visit,1
210,2025-08-15 17:00:00,email,1
210,2025-08-20 08:00:00,phone_call,0
210,2025-08-27 09:00:00,email,0
210,2025-09-02 12:00:00,webinar,1
210,2025-09-18 16:00:00,rep_visit,1
210,2025-09-26 16:00:00,rep_visit,1
210,2025-10-03 11:00:00,email,0
210,2025-10-06 10:00:00,webinar,0
210,2025-10-17 10:00:00,phone_call,0
210,2025-10-27 13:00:00,email,0
210,2025-11-14 09:00:00,webinar,0
210,2025-11-25 12:00:00,phone_call,0
210,2025-12-10 11:00:00,webinar,0
210,2025-12-26 12:00:00,email,0
210,2025-12-30 17:00:00,rep_visit,1
211,2025-01-29 08:00:00,email,0
211,2025-02-06 11:00:00,webinar,1
211,2025-02-14 13:00:00,email,0
211,2025-04-10 11:00:00,rep_visit,1
211,2025-04-18 13:00:00,digital_ad,0
211,2025-05-15 15:00:00,email,0
211,2025-05-19 13:00:00,digital_ad,0
211,2025-05-29 16:00:00,phone_call,0
211,2025-06-16 14:00:00,phone_call,1
211,2025-07-21 14:00:00,rep_visit,1
211,2025-08-11 14:00:00,webinar,1
211,2025-09-19 17:00:00,email,0
211,2025-09-22 15:00:00,email,0
211,2025-12-25 11:00:00,webinar,0
211,2026-01-01 14:00:00,email,0
212,2025-01-17 16:00:00,email,0
212,2025-01-25 13:00:00,digital_ad,0
212,2025-01-29 12:00:00,digital_ad,0
212,2025-02-26 14:00:00,digital_ad,0
212,2025-03-05 10:00:00,email,0
212,2025-03-11 15:00:00,phone_call,0
212,2025-03-26 17:00:00,digital_ad,0
212,2025-04-17 15:00:00,email,1
212,2025-04-28 13:00:00,webinar,0
212,2025-05-05 15:00:00,phone_call,0
212,2025-05-16 14:00:00,rep_visit,0
212,2025-05-20 09:00:00,email,0
212,2025-05-28 10:00:00,email,0
212,2025-06-02 08:00:00,phone_call,0
212,2025-06-13 10:00:00,phone_call,0
212,2025-06-20 16:00:00,phone_call,0
212,2025-06-25 10:00:00,rep_visit,0
212,2025-07-09 09:00:00,email,0
212,2025-07-23 15:00:00,digital_ad,0
212,2025-07-29 11:00:00,rep_visit,1
212,2025-08-06 12:00:00,phone_call,0
212,2025-08-13 11:00:00,email,0
212,2025-08-20 14:00:00,phone_call,0
212,2025-09-05 09:00:00,phone_call,0
212,2025-09-09 16:00:00,webinar,0
212,2025-09-15 17:00:00,phone_call,0
212,2025-09-24 16:00:00,phone_call,0
212,2025-10-07 11:00:00,email,0
212,2025-10-24 17:00:00,phone_call,0
212,2025-10-28 15:00:00,rep_visit,0
212,2025-11-17 11:00:00,email,1
212,2025-11-28 16:00:00,email,0
212,2025-12-08 09:00:00,rep_visit,0
212,2025-12-26 14:00:00,digital_ad,0
213,2025-01-18 09:00:00,email,0
213,2025-01-30 12:00:00,email,1
213,2025-02-06 13:00:00,email,0
213,2025-02-18 12:00:00,rep_visit,0
213,2025-03-19 10:00:00,webinar,0
213,2025-03-25 13:00:00,rep_visit,0
213,2025-04-03 10:00:00,rep_visit,0
213,2025-04-11 16:00:00,rep_visit,0
213,2025-04-15 17:00:00,digital_ad,0
213,2025-05-13 12:00:00,phone_call,1
213,2025-05-22 12:00:00,phone_call,1
213,2025-05-30 10:00:00,rep_visit,1
213,2025-06-13 14:00:00,phone_call,1
213,2025-06-16 17:00:00,email,0
213,2025-06-23 09:00:00,phone_call,0
213,2025-07-04 15:00:00,rep_visit,0
213,2025-07-25 17:00:00,rep_visit,0
213,2025-07-28 17:00:00,phone_call,0
213,2025-08-07 10:00:00,webinar,0
213,2025-08-14 10:00:00,email,0
213,2025-08-22 15:00:00,email,0
213,2025-08-27 14:00:00,rep_visit,0
213,2025-09-02 10:00:00,digital_ad,0
213,2025-09-08 13:00:00,rep_visit,0
213,2025-09-18 17:00:00,webinar,1
213,2025-09-25 13:00:00,rep_visit,0
213,2025-09-30 17:00:00,webinar,0
213,2025-10-08 17:00:00,rep_visit,1
213,2025-10-23 09:00:00,email,0
213,2025-10-29 16:00:00,phone_call,0
213,2025-11-03 14:00:00,digital_ad,0
213,2025-11-20 15:00:00,rep_visit,1
213,2025-12-02 12:00:00,digital_ad,0
213,2025-12-12 14:00:00,webinar,1
213,2025-12-19 09:00:00,email,0
214,2025-01-23 16:00:00,rep_visit,0
214,2025-03-04 16:00:00,rep_visit,0
214,2025-04-04 11:00:00,rep_visit,1
214,2025-04-15 12:00:00,rep_visit,1
214,2025-04-28 13:00:00,webinar,1
214,2025-05-13 08:00:00,digital_ad,1
214,2025-05-23 13:00:00,rep_visit,0
214,2025-06-04 09:00:00,webinar,1
214,2025-07-22 15:00:00,rep_visit,1
214,2025-08-04 08:00:00,rep_visit,0
214,2025-10-01 15:00:00,webinar,0
214,2025-10-15 10:00:00,rep_visit,1
214,2025-10-23 15:00:00,rep_visit,0
214,2025-11-20 17:00:00,rep_visit,1
215,2025-02-22 10:00:00,digital_ad,1
215,2025-03-27 09:00:00,digital_ad,0
215,2025-05-01 17:00:00,digital_ad,0
215,2025-05-06 15:00:00,phone_call,0
215,2025-05-23 17:00:00,phone_call,0
215,2025-05-30 13:00:00,phone_call,0
215,2025-06-23 12:00:00,email,0
215,2025-07-16 13:00:00,webinar,0
215,2025-07-31 15:00:00,email,1
215,2025-08-06 12:00:00,digital_ad,0
215,2025-08-12 16:00:00,digital_ad,0
215,2025-08-29 08:00:00,digital_ad,0
215,2025-09-18 09:00:00,digital_ad,1
215,2025-09-24 17:00:00,digital_ad,0
215,2025-10-09 10:00:00,phone_call,0
215,2025-10-21 10:00:00,webinar,0
215,2025-10-29 15:00:00,email,0
215,2025-11-20 10:00:00,digital_ad,0
215,2025-12-12 13:00:00,rep_visit,1
216,2025-01-30 08:00:00,rep_visit,1
216,2025-02-06 10:00:00,email,0
216,2025-02-20 08:00:00,phone_call,0
216,2025-02-28 12:00:00,rep_visit,1
216,2025-03-07 14:00:00,webinar,0
216,2025-03-14 15:00:00,webinar,0
216,2025-03-25 08:00:00,phone_call,1
216,2025-04-11 08:00:00,email,0
216,2025-04-14 12:00:00,phone_call,0
216,2025-04-23 16:00:00,webinar,0
216,2025-05-01 15:00:00,phone_call,0
216,2025-05-06 13:00:00,webinar,0
216,2025-05-19 17:00:00,webinar,1
216,2025-05-26 08:00:00,rep_visit,1
216,2025-06-27 17:00:00,rep_visit,1
216,2025-06-30 09:00:00,rep_visit,0
216,2025-07-18 15:00:00,phone_call,0
216,2025-07-25 14:00:00,email,0
216,2025-08-01 11:00:00,rep_visit,0
216,2025-08-05 09:00:00,phone_call,0
216,2025-08-29 13:00:00,rep_visit,1
216,2025-09-12 17:00:00,rep_visit,1
216,2025-09-18 12:00:00,rep_visit,1
216,2025-09-22 10:00:00,rep_visit,1
216,2025-10-01 09:00:00,webinar,1
216,2025-11-06 09:00:00,phone_call,0
216,2025-11-28 15:00:00,digital_ad,0
216,2025-12-03 11:00:00,rep_visit,0
217,2025-01-29 16:00:00,webinar,0
217,2025-02-15 16:00:00,rep_visit,1
217,2025-02-20 17:00:00,digital_ad,0
217,2025-03-12 14:00:00,phone_call,0
217,2025-04-07 12:00:00,webinar,0
217,2025-04-23 10:00:00,webinar,1
217,2025-05-09 14:00:00,webinar,1
217,2025-05-12 17:00:00,phone_call,0
217,2025-05-21 14:00:00,webinar,1
217,2025-06-12 12:00:00,email,0
217,2025-08-06 09:00:00,email,0
217,2025-08-13 17:00:00,rep_visit,1
217,2025-08-19 16:00:00,phone_call,1
217,2025-08-25 15:00:00,phone_call,0
217,2025-09-01 13:00:00,phone_call,0
217,2025-10-07 12:00:00,email,0
217,2025-10-13 17:00:00,rep_visit,0
217,2025-10-20 08:00:00,rep_visit,0
217,2025-11-10 14:00:00,digital_ad,0
217,2025-11-17 08:00:00,phone_call,0
217,2025-12-15 16:00:00,webinar,1
218,2025-01-24 13:00:00,phone_call,1
218,2025-02-01 14:00:00,digital_ad,0
218,2025-02-06 17:00:00,email,1
218,2025-02-20 09:00:00,digital_ad,1
218,2025-02-25 15:00:00,email,0
218,2025-03-05 11:00:00,webinar,0
218,2025-03-14 14:00:00,email,0
218,2025-04-10 14:00:00,digital_ad,0
218,2025-04-23 11:00:00,rep_visit,1
218,2025-05-06 11:00:00,email,0
218,2025-05-21 17:00:00,phone_call,1
218,2025-06-13 15:00:00,email,0
218,2025-06-26 08:00:00,email,0
218,2025-07-04 16:00:00,email,0
218,2025-07-16 12:00:00,email,0
218,2025-08-12 10:00:00,rep_visit,0
218,2025-09-24 08:00:00,digital_ad,0
218,2025-09-30 12:00:00,digital_ad,0
218,2025-10-10 10:00:00,digital_ad,0
218,2025-10-23 14:00:00,email,1
218,2025-10-27 10:00:00,digital_ad,0
218,2025-11-10 08:00:00,email,1
218,2025-12-09 12:00:00,digital_ad,0
218,2025-12-18 09:00:00,rep_visit,0
218,2025-12-23 09:00:00,webinar,0
219,2025-01-16 12:00:00,email,1
219,2025-02-22 17:00:00,phone_call,0
219,2025-02-28 15:00:00,rep_visit,0
219,2025-03-21 17:00:00,phone_call,0
219,2025-05-06 09:00:00,webinar,0
219,2025-07-15 16:00:00,rep_visit,1
219,2025-07-25 12:00:00,email,0
219,2025-07-28 16:00:00,phone_call,0
219,2025-08-13 16:00:00,email,1
219,2025-09-03 14:00:00,phone_call,0
219,2025-09-19 16:00:00,webinar,0
219,2025-09-24 15:00:00,rep_visit,1
219,2025-10-03 13:00:00,email,0
219,2025-10-06 09:00:00,email,0
219,2025-10-16 13:00:00,rep_visit,1
219,2025-10-29 08:00:00,rep_visit,0
219,2025-11-04 15:00:00,email,0
219,2025-12-03 11:00:00,email,0
219,2025-12-10 10:00:00,phone_call,0
219,2025-12-25 08:00:00,webinar,1
220,2025-02-06 13:00:00,email,1
220,2025-02-12 16:00:00,webinar,0
220,2025-02-22 11:00:00,webinar,0
220,2025-03-04 13:00:00,email,0
220,2025-03-24 13:00:00,rep_visit,0
220,2025-03-31 11:00:00,email,0
220,2025-04-09 08:00:00,digital_ad,0
220,2025-04-15 13:00:00,email,0
220,2025-04-22 15:00:00,webinar,0
220,2025-04-28 17:00:00,phone_call,0
220,2025-05-08 08:00:00,digital_ad,0
220,2025-05-15 08:00:00,digital_ad,0
220,2025-05-27 10:00:00,digital_ad,0
220,2025-06-05 14:00:00,digital_ad,0
220,2025-06-12 08:00:00,digital_ad,0
220,2025-06-26 15:00:00,email,1
220,2025-07-10 14:00:00,email,1
220,2025-07-14 14:00:00,email,0
220,2025-07-21 12:00:00,phone_call,1
220,2025-07-30 10:00:00,digital_ad,0
220,2025-08-11 17:00:00,email,0
220,2025-08-21 12:00:00,email,0
220,2025-09-18 17:00:00,email,0
220,2025-09-29 15:00:00,phone_call,1
220,2025-10-09 08:00:00,digital_ad,0
220,2025-10-13 11:00:00,digital_ad,0
220,2025-10-28 13:00:00,phone_call,1
220,2025-11-04 12:00:00,webinar,0
220,2025-11-25 14:00:00,webinar,1
220,2025-12-10 13:00:00,email,1
220,2025-12-18 16:00:00,digital_ad,0
220,2026-01-01 08:00:00,webinar,1
221,2025-01-16 10:00:00,email,0
221,2025-01-21 13:00:00,webinar,0
221,2025-02-01 16:00:00,email,0
221,2025-02-08 11:00:00,digital_ad,0
221,2025-02-20 09:00:00,digital_ad,0
221,2025-02-28 11:00:00,email,0
221,2025-03-13 14:00:00,rep_visit,0
221,2025-04-03 08:00:00,email,1
221,2025-04-09 16:00:00,webinar,0
221,2025-04-16 09:00:00,phone_call,1
221,2025-04-23 11:00:00,digital_ad,0
221,2025-05-07 13:00:00,email,0
221,2025-05-20 13:00:00,digital_ad,0
221,2025-06-03 14:00:00,digital_ad,0
221,2025-06-19 15:00:00,phone_call,1
221,2025-06-26 13:00:00,email,0
221,2025-07-01 17:00:00,email,0
221,2025-07-14 17:00:00,email,0
221,2025-07-22 09:00:00,digital_ad,0
221,2025-07-28 15:00:00,rep_visit,0
221,2025-08-22 09:00:00,digital_ad,0
221,2025-08-25 15:00:00,digital_ad,0
221,2025-09-11 15:00:00,digital_ad,0
221,2025-09-26 15:00:00,phone_call,1
221,2025-10-14 14:00:00,webinar,1
221,2025-10-30 16:00:00,email,0
221,2025-11-03 10:00:00,digital_ad,0
221,2025-11-19 08:00:00,phone_call,1
221,2025-12-01 08:00:00,webinar,0
221,2025-12-08 17:00:00,digital_ad,1
221,2025-12-24 11:00:00,email,0
222,2025-01-29 14:00:00,rep_visit,0
222,2025-02-07 17:00:00,phone_call,0
222,2025-02-19 09:00:00,email,0
222,2025-04-07 14:00:00,webinar,0
222,2025-04-15 11:00:00,phone_call,0
222,2025-05-05 11:00:00,email,0
222,2025-05-29 17:00:00,email,0
222,2025-06-11 08:00:00,phone_call,1
222,2025-08-08 09:00:00,digital_ad,0
222,2025-08-15 14:00:00,digital_ad,0
222,2025-09-18 13:00:00,phone_call,0
222,2025-10-23 12:00:00,digital_ad,0
222,2025-11-25 16:00:00,phone_call,0
222,2025-12-04 08:00:00,phone_call,1
222,2025-12-18 09:00:00,phone_call,0
222,2025-12-30 17:00:00,email,0
223,2025-01-18 17:00:00,rep_visit,0
223,2025-01-21 15:00:00,phone_call,0
223,2025-01-28 11:00:00,rep_visit,0
223,2025-02-07 14:00:00,phone_call,0
223,2025-02-22 17:00:00,phone_call,0
223,2025-02-26 10:00:00,phone_call,0
223,2025-03-14 08:00:00,email,1
223,2025-03-20 11:00:00,phone_call,0
223,2025-03-27 15:00:00,rep_visit,0
223,2025-04-11 13:00:00,rep_visit,0
223,2025-04-15 17:00:00,phone_call,0
223,2025-04-28 13:00:00,phone_call,0
223,2025-05-13 08:00:00,rep_visit,1
223,2025-05-28 13:00:00,phone_call,0
223,2025-06-11 10:00:00,phone_call,0
223,2025-06-16 09:00:00,rep_visit,0
223,2025-06-23 14:00:00,webinar,1
223,2025-07-01 10:00:00,webinar,1
223,2025-07-07 15:00:00,email,1
223,2025-07-15 16:00:00,email,0
223,2025-08-14 11:00:00,email,0
223,2025-08-21 12:00:00,phone_call,0
223,2025-08-26 10:00:00,rep_visit,0
223,2025-09-11 16:00:00,rep_visit,1
223,2025-09-17 17:00:00,phone_call,0
223,2025-09-24 14:00:00,phone_call,0
223,2025-10-03 11:00:00,rep_visit,1
223,2025-10-09 14:00:00,rep_visit,1
223,2025-10-14 15:00:00,phone_call,1
223,2025-10-23 16:00:00,phone_call,0
223,2025-10-30 16:00:00,phone_call,1
223,2025-11-21 13:00:00,phone_call,1
223,2025-12-09 09:00:00,rep_visit,0
223,2025-12-19 13:00:00,rep_visit,1
223,2025-12-26 09:00:00,webinar,1
224,2025-01-23 08:00:00,email,0
224,2025-01-28 11:00:00,digital_ad,0
224,2025-02-15 15:00:00,rep_visit,1
224,2025-02-26 13:00:00,phone_call,1
224,2025-03-04 12:00:00,webinar,0
224,2025-04-03 10:00:00,rep_visit,1
224,2025-04-10 11:00:00,phone_call,1
224,2025-04-24 12:00:00,rep_visit,1
224,2025-05-21 09:00:00,rep_visit,1
224,2025-05-28 17:00:00,digital_ad,0
224,2025-06-02 08:00:00,email,0
224,2025-06-10 08:00:00,phone_call,0
224,2025-08-01 08:00:00,phone_call,1
224,2025-08-15 13:00:00,rep_visit,1
224,2025-08-29 11:00:00,email,0
224,2025-09-16 13:00:00,webinar,0
224,2025-11-07 12:00:00,email,0
224,2025-11-17 16:00:00,rep_visit,1
224,2025-12-12 14:00:00,phone_call,1
224,2025-12-16 13:00:00,email,1
225,2025-01-29 11:00:00,webinar,0
225,2025-02-08 11:00:00,webinar,0
225,2025-02-22 08:00:00,phone_call,1
225,2025-03-19 14:00:00,phone_call,0
225,2025-05-22 12:00:00,rep_visit,1
225,2025-06-11 11:00:00,rep_visit,1
225,2025-07-03 08:00:00,phone_call,1
225,2025-07-10 15:00:00,phone_call,0
225,2025-07-23 14:00:00,email,0
225,2025-07-31 17:00:00,rep_visit,1
225,2025-08-08 16:00:00,webinar,0
225,2025-08-18 11:00:00,rep_visit,0
225,2025-09-26 09:00:00,rep_visit,0
225,2025-10-10 09:00:00,phone_call,1
225,2025-10-15 09:00:00,rep_visit,0
225,2025-12-17 11:00:00,digital_ad,0
225,2025-12-29 12:00:00,webinar,0
226,2025-01-22 13:00:00,webinar,0
226,2025-02-01 11:00:00,email,0
226,2025-02-04 11:00:00,email,0
226,2025-02-13 10:00:00,phone_call,1
226,2025-03-05 12:00:00,rep_visit,0
226,2025-03-17 13:00:00,phone_call,1
226,2025-03-28 12:00:00,rep_visit,1
226,2025-04-03 09:00:00,rep_visit,0
226,2025-04-11 15:00:00,webinar,0
226,2025-04-14 16:00:00,email,0
226,2025-04-24 15:00:00,rep_visit,1
226,2025-05-01 11:00:00,rep_visit,1
226,2025-05-07 10:00:00,email,0
226,2025-05-15 08:00:00,phone_call,1
226,2025-05-22 12:00:00,rep_visit,0
226,2025-06-10 16:00:00,phone_call,1
226,2025-06-26 12:00:00,phone_call,1
226,2025-07-07 15:00:00,phone_call,1
226,2025-07-17 14:00:00,rep_visit,1
226,2025-07-22 11:00:00,rep_visit,0
226,2025-08-06 10:00:00,email,0
226,2025-08-19 09:00:00,phone_call,1
226,2025-08-27 10:00:00,phone_call,0
226,2025-09-04 11:00:00,email,0
226,2025-09-12 16:00:00,phone_call,1
226,2025-09-29 13:00:00,rep_visit,1
226,2025-10-08 14:00:00,webinar,0
226,2025-10-16 12:00:00,rep_visit,0
226,2025-11-06 12:00:00,rep_visit,1
226,2025-11-12 15:00:00,phone_call,0
226,2025-11-20 09:00:00,webinar,0
226,2025-11-26 15:00:00,rep_visit,1
226,2025-12-02 09:00:00,phone_call,0
226,2025-12-18 10:00:00,phone_call,1
226,2026-01-02 17:00:00,rep_visit,1
227,2025-01-24 09:00:00,email,0
227,2025-01-31 10:00:00,phone_call,0
227,2025-02-04 17:00:00,digital_ad,0
227,2025-02-15 14:00:00,webinar,0
227,2025-02-25 15:00:00,digital_ad,0
227,2025-03-04 09:00:00,digital_ad,0
227,2025-03-18 10:00:00,email,0
227,2025-03-28 10:00:00,phone_call,0
227,2025-04-07 16:00:00,email,1
227,2025-04-14 08:00:00,email,0
227,2025-04-25 16:00:00,digital_ad,1
227,2025-04-30 15:00:00,phone_call,0
227,2025-05-08 16:00:00,digital_ad,0
227,2025-05-23 13:00:00,webinar,1
227,2025-06-13 12:00:00,phone_call,0
227,2025-06-19 10:00:00,webinar,0
227,2025-06-25 14:00:00,webinar,0
227,2025-07-09 13:00:00,digital_ad,0
227,2025-07-29 12:00:00,digital_ad,0
227,2025-08-04 17:00:00,email,0
227,2025-08-13 17:00:00,phone_call,0
227,2025-08-19 15:00:00,email,0
227,2025-08-26 08:00:00,digital_ad,0
227,2025-09-03 17:00:00,digital_ad,0
227,2025-09-10 13:00:00,phone_call,0
227,2025-09-15 15:00:00,email,1
227,2025-09-24 11:00:00,rep_visit,0
227,2025-10-02 17:00:00,webinar,0
227,2025-10-17 15:00:00,digital_ad,0
227,2025-10-31 10:00:00,email,1
227,2025-11-04 12:00:00,email,1
227,2025-11-17 12:00:00,digital_ad,1
227,2025-12-09 10:00:00,digital_ad,0
227,2025-12-25 17:00:00,phone_call,0
227,2025-12-29 14:00:00,digital_ad,0
228,2025-01-21 11:00:00,webinar,1
228,2025-04-04 09:00:00,webinar,1
228,2025-04-15 14:00:00,rep_visit,0
228,2025-06-09 13:00:00,email,1
228,2025-06-25 12:00:00,phone_call,1
228,2025-07-11 08:00:00,phone_call,1
228,2025-07-22 17:00:00,digital_ad,0
228,2025-08-01 14:00:00,email,0
228,2025-08-04 15:00:00,rep_visit,0
228,2025-08-14 17:00:00,rep_visit,0
228,2025-08-29 09:00:00,email,0
228,2025-09-08 13:00:00,rep_visit,0
228,2025-09-16 15:00:00,webinar,0
228,2025-09-25 09:00:00,digital_ad,0
228,2025-10-06 17:00:00,email,0
228,2025-10-16 08:00:00,phone_call,0
228,2025-11-19 15:00:00,rep_visit,0
228,2025-12-01 09:00:00,phone_call,0
228,2025-12-11 12:00:00,digital_ad,0
228,2025-12-30 14:00:00,digital_ad,0
229,2025-01-14 14:00:00,digital_ad,0
229,2025-02-15 14:00:00,email,0
229,2025-03-03 16:00:00,email,0
229,2025-03-14 11:00:00,digital_ad,0
229,2025-03-18 15:00:00,digital_ad,0
229,2025-04-02 17:00:00,rep_visit,1
229,2025-04-18 10:00:00,digital_ad,0
229,2025-05-02 16:00:00,email,0
229,2025-05-19 09:00:00,digital_ad,0
229,2025-06-04 12:00:00,phone_call,1
229,2025-06-19 08:00:00,email,0
229,2025-06-25 12:00:00,email,0
229,2025-07-07 12:00:00,email,0
229,2025-07-23 11:00:00,digital_ad,0
229,2025-08-05 13:00:00,digital_ad,0
229,2025-08-11 10:00:00,digital_ad,0
229,2025-08-21 09:00:00,webinar,1
229,2025-09-02 11:00:00,phone_call,0
229,2025-09-30 13:00:00,phone_call,1
229,2025-10-20 17:00:00,phone_call,0
229,2025-10-29 08:00:00,webinar,0
229,2025-11-03 12:00:00,digital_ad,0
229,2025-11-13 11:00:00,email,0
229,2025-11-17 17:00:00,email,0
229,2025-12-09 14:00:00,digital_ad,0
229,2025-12-23 10:00:00,webinar,1
230,2025-01-17 14:00:00,webinar,1
230,2025-01-21 11:00:00,webinar,0
230,2025-01-28 11:00:00,phone_call,0
230,2025-02-07 12:00:00,phone_call,0
230,2025-02-18 09:00:00,phone_call,0
230,2025-02-28 17:00:00,webinar,0
230,2025-03-12 09:00:00,phone_call,0
230,2025-03-24 12:00:00,rep_visit,1
230,2025-03-31 11:00:00,email,0
230,2025-04-10 10:00:00,digital_ad,0
230,2025-04-18 17:00:00,rep_visit,1
230,2025-05-02 12:00:00,digital_ad,0
230,2025-05-06 15:00:00,email,0
230,2025-05-23 15:00:00,phone_call,0
230,2025-05-26 16:00:00,phone_call,0
230,2025-06-12 10:00:00,rep_visit,0
230,2025-06-25 15:00:00,email,0
230,2025-07-14 11:00:00,phone_call,1
230,2025-07-31 17:00:00,digital_ad,0
230,2025-08-08 15:00:00,digital_ad,0
230,2025-08-29 15:00:00,digital_ad,0
230,2025-09-03 12:00:00,webinar,0
230,2025-09-19 14:00:00,webinar,0
230,2025-09-22 13:00:00,email,0
230,2025-09-30 17:00:00,rep_visit,0
230,2025-10-23 11:00:00,webinar,0
230,2025-10-30 10:00:00,phone_call,0
230,2025-11-07 08:00:00,digital_ad,0
230,2025-11-12 09:00:00,phone_call,0
230,2025-11-17 10:00:00,digital_ad,0
230,2025-12-02 12:00:00,webinar,0
230,2025-12-08 14:00:00,digital_ad,0
230,2025-12-16 11:00:00,webinar,1
230,2025-12-23 13:00:00,email,1
230,2026-01-01 09:00:00,webinar,0
231,2025-02-01 11:00:00,digital_ad,0
231,2025-02-06 09:00:00,webinar,0
231,2025-02-12 13:00:00,phone_call,0
231,2025-02-28 12:00:00,email,0
231,2025-03-11 11:00:00,webinar,0
231,2025-04-02 09:00:00,phone_call,0
231,2025-04-16 08:00:00,phone_call,0
231,2025-04-24 08:00:00,email,0
231,2025-06-04 11:00:00,digital_ad,0
231,2025-07-02 13:00:00,webinar,0
231,2025-07-15 13:00:00,email,0
231,2025-08-27 16:00:00,email,1
231,2025-10-21 16:00:00,email,0
231,2025-11-24 11:00:00,rep_visit,1
231,2026-01-01 14:00:00,phone_call,0
232,2025-01-17 10:00:00,email,0
232,2025-01-23 09:00:00,email,0
232,2025-02-28 12:00:00,digital_ad,1
232,2025-03-12 09:00:00,email,0
232,2025-03-19 15:00:00,digital_ad,0
232,2025-04-15 11:00:00,digital_ad,0
232,2025-05-20 13:00:00,webinar,1
232,2025-06-06 13:00:00,webinar,0
232,2025-06-26 09:00:00,email,0
232,2025-07-09 14:00:00,phone_call,0
232,2025-07-18 09:00:00,webinar,0
232,2025-07-29 12:00:00,phone_call,0
232,2025-08-22 12:00:00,rep_visit,1
232,2025-08-25 16:00:00,email,0
232,2025-09-01 08:00:00,phone_call,0
232,2025-09-16 11:00:00,rep_visit,1
232,2025-10-17 10:00:00,email,0
232,2025-10-28 16:00:00,digital_ad,0
232,2025-11-07 11:00:00,phone_call,0
232,2025-11-19 12:00:00,webinar,0
232,2025-12-25 09:00:00,phone_call,0
232,2025-12-29 09:00:00,rep_visit,1
233,2025-01-15 09:00:00,email,1
233,2025-02-11 12:00:00,phone_call,0
233,2025-03-04 12:00:00,rep_visit,1
233,2025-03-11 15:00:00,rep_visit,1
233,2025-03-25 09:00:00,email,0
233,2025-04-08 10:00:00,webinar,1
233,2025-04-14 13:00:00,phone_call,0
233,2025-04-24 12:00:00,email,1
233,2025-05-22 15:00:00,digital_ad,0
233,2025-06-06 17:00:00,phone_call,0
233,2025-06-23 14:00:00,webinar,0
233,2025-08-06 14:00:00,rep_visit,1
233,2025-09-04 15:00:00,email,0
233,2025-09-11 17:00:00,webinar,0
233,2025-09-19 17:00:00,phone_call,0
233,2025-10-03 08:00:00,digital_ad,0
233,2025-10-09 16:00:00,rep_visit,1
233,2025-10-16 14:00:00,rep_visit,0
233,2025-12-02 16:00:00,digital_ad,0
233,2025-12-09 11:00:00,digital_ad,0
233,2025-12-19 11:00:00,rep_visit,0
234,2025-02-15 16:00:00,phone_call,0
234,2025-02-25 14:00:00,email,0
234,2025-03-10 09:00:00,phone_call,0
234,2025-03-19 13:00:00,phone_call,0
234,2025-03-31 16:00:00,email,0
234,2025-05-08 16:00:00,email,1
234,2025-06-06 08:00:00,phone_call,1
234,2025-06-17 08:00:00,digital_ad,0
234,2025-06-24 17:00:00,digital_ad,0
234,2025-08-19 11:00:00,phone_call,1
234,2025-08-29 14:00:00,rep_visit,1
234,2025-10-24 16:00:00,email,1
234,2025-11-11 15:00:00,email,0
234,2025-11-26 11:00:00,rep_visit,1
235,2025-01-14 14:00:00,phone_call,1
235,2025-01-23 16:00:00,phone_call,1
235,2025-02-05 10:00:00,rep_visit,1
235,2025-02-28 13:00:00,rep_visit,1
235,2025-03-18 08:00:00,rep_visit,1
235,2025-03-26 10:00:00,rep_visit,0
235,2025-04-01 16:00:00,email,0
235,2025-04-09 14:00:00,rep_visit,1
235,2025-04-18 09:00:00,digital_ad,0
235,2025-05-09 16:00:00,rep_visit,0
235,2025-05-14 08:00:00,rep_visit,1
235,2025-05-28 08:00:00,phone_call,1
235,2025-06-13 08:00:00,webinar,1
235,2025-06-17 11:00:00,phone_call,0
235,2025-06-26 17:00:00,phone_call,1
235,2025-07-01 15:00:00,phone_call,0
235,2025-07-14 16:00:00,webinar,0
235,2025-07-25 14:00:00,webinar,0
235,2025-07-29 11:00:00,rep_visit,0
235,2025-08-07 15:00:00,phone_call,1
235,2025-08-14 13:00:00,digital_ad,0
235,2025-08-27 16:00:00,rep_visit,1
235,2025-09-03 12:00:00,rep_visit,1
235,2025-09-16 15:00:00,digital_ad,0
235,2025-09-29 17:00:00,rep_visit,1
235,2025-10-06 12:00:00,rep_visit,0
235,2025-10-20 14:00:00,rep_visit,1
235,2025-10-30 11:00:00,email,0
235,2025-11-14 11:00:00,webinar,0
235,2025-11-25 15:00:00,webinar,0
235,2025-12-02 09:00:00,phone_call,0
235,2025-12-10 12:00:00,webinar,1
235,2025-12-15 15:00:00,email,0
235,2025-12-29 11:00:00,phone_call,0
236,2025-01-24 17:00:00,email,0
236,2025-02-12 13:00:00,webinar,0
236,2025-03-14 12:00:00,phone_call,0
236,2025-03-26 13:00:00,email,0
236,2025-04-22 10:00:00,phone_call,1
236,2025-04-28 11:00:00,digital_ad,1
236,2025-05-07 13:00:00,digital_ad,0
236,2025-05-28 13:00:00,email,1
236,2025-06-25 17:00:00,email,0
236,2025-07-01 14:00:00,digital_ad,0
236,2025-07-10 10:00:00,email,0
236,2025-07-15 16:00:00,phone_call,0
236,2025-07-21 08:00:00,digital_ad,0
236,2025-08-07 12:00:00,webinar,1
236,2025-08-22 13:00:00,email,0
236,2025-09-12 14:00:00,digital_ad,0
236,2025-09-24 16:00:00,digital_ad,0
236,2025-10-07 12:00:00,phone_call,0
236,2025-10-21 13:00:00,digital_ad,0
236,2025-10-29 17:00:00,digital_ad,0
236,2025-11-07 14:00:00,digital_ad,0
236,2025-11-21 16:00:00,digital_ad,0
236,2025-11-24 10:00:00,phone_call,0
236,2025-12-08 09:00:00,phone_call,0
236,2025-12-24 11:00:00,email,0
236,2026-01-02 08:00:00,phone_call,0
237,2025-02-05 11:00:00,phone_call,1
237,2025-02-11 17:00:00,phone_call,0
237,2025-02-18 08:00:00,phone_call,0
237,2025-02-28 16:00:00,webinar,0
237,2025-03-03 17:00:00,phone_call,0
237,2025-03-28 15:00:00,phone_call,0
237,2025-04-16 11:00:00,phone_call,0
237,2025-05-16 12:00:00,rep_visit,1
237,2025-05-21 11:00:00,phone_call,0
237,2025-07-23 17:00:00,rep_visit,1
237,2025-08-18 12:00:00,phone_call,1
237,2025-08-25 15:00:00,phone_call,0
237,2025-12-25 12:00:00,rep_visit,1
238,2025-01-15 09:00:00,phone_call,0
238,2025-01-21 16:00:00,email,0
238,2025-02-18 15:00:00,phone_call,0
238,2025-02-27 14:00:00,phone_call,1
238,2025-03-04 17:00:00,rep_visit,0
238,2025-04-02 13:00:00,phone_call,0
238,2025-04-17 16:00:00,phone_call,1
238,2025-04-23 12:00:00,webinar,0
238,2025-04-28 10:00:00,webinar,0
238,2025-05-14 09:00:00,rep_visit,1
238,2025-05-23 15:00:00,rep_visit,0
238,2025-06-09 11:00:00,webinar,0
238,2025-06-19 09:00:00,phone_call,0
238,2025-06-25 14:00:00,email,0
238,2025-07-11 08:00:00,phone_call,0
238,2025-07-31 13:00:00,rep_visit,0
238,2025-08-12 14:00:00,webinar,0
238,2025-08-22 17:00:00,email,0
238,2025-09-04 17:00:00,rep_visit,0
238,2025-10-13 09:00:00,phone_call,0
238,2025-10-29 17:00:00,rep_visit,0
238,2025-11-04 14:00:00,webinar,0
238,2025-11-20 09:00:00,rep_visit,1
238,2025-12-09 14:00:00,email,0
238,2025-12-26 13:00:00,email,0
238,2025-12-31 11:00:00,webinar,0
239,2025-01-31 11:00:00,phone_call,0
239,2025-02-21 15:00:00,rep_visit,0
239,2025-03-27 11:00:00,phone_call,0
239,2025-04-11 16:00:00,phone_call,1
239,2025-04-24 09:00:00,email,0
239,2025-05-22 09:00:00,rep_visit,0
239,2025-05-26 12:00:00,email,0
239,2025-06-13 17:00:00,email,0
239,2025-06-20 11:00:00,rep_visit,0
239,2025-07-16 08:00:00,email,1
239,2025-08-13 12:00:00,webinar,0
239,2025-09-08 08:00:00,email,0
239,2025-10-15 15:00:00,phone_call,0
239,2025-10-27 17:00:00,rep_visit,0
239,2025-11-20 10:00:00,rep_visit,0
239,2025-11-24 09:00:00,email,0
239,2025-12-18 12:00:00,digital_ad,0
240,2025-02-08 08:00:00,rep_visit,1
240,2025-02-13 15:00:00,email,0
240,2025-02-21 16:00:00,rep_visit,1
240,2025-03-07 14:00:00,email,0
240,2025-03-10 13:00:00,phone_call,0
240,2025-03-21 12:00:00,rep_visit,1
240,2025-03-26 16:00:00,rep_visit,0
240,2025-03-31 16:00:00,rep_visit,0
240,2025-04-21 10:00:00,phone_call,1
240,2025-05-19 11:00:00,email,0
240,2025-06-03 11:00:00,rep_visit,1
240,2025-07-30 15:00:00,digital_ad,0
240,2025-08-05 10:00:00,phone_call,1
240,2025-09-12 11:00:00,webinar,0
240,2025-09-30 14:00:00,phone_call,0
240,2025-10-08 16:00:00,rep_visit,0
240,2025-12-02 17:00:00,rep_visit,1
240,2025-12-11 11:00:00,phone_call,0
240,2025-12-19 16:00:00,phone_call,1
240,2025-12-26 11:00:00,rep_visit,0
241,2025-02-04 16:00:00,digital_ad,0
241,2025-03-17 15:00:00,digital_ad,0
241,2025-03-27 17:00:00,digital_ad,0
241,2025-04-09 13:00:00,digital_ad,0
241,2025-07-18 16:00:00,digital_ad,0
241,2025-07-28 15:00:00,webinar,0
241,2025-09-26 16:00:00,webinar,1
241,2025-11-26 12:00:00,webinar,1
242,2025-01-24 13:00:00,email,0
242,2025-02-08 17:00:00,webinar,0
242,2025-03-27 12:00:00,email,0
242,2025-04-10 09:00:00,email,0
242,2025-05-14 12:00:00,digital_ad,0
242,2025-06-06 10:00:00,rep_visit,1
242,2025-06-11 08:00:00,rep_visit,1
242,2025-09-01 10:00:00,email,0
242,2025-09-12 16:00:00,phone_call,1
242,2025-09-24 11:00:00,email,0
242,2025-10-23 12:00:00,phone_call,0
242,2025-11-07 16:00:00,digital_ad,0
242,2025-12-02 10:00:00,phone_call,0
242,2025-12-11 13:00:00,webinar,0
242,2025-12-26 12:00:00,webinar,0
243,2025-01-17 17:00:00,digital_ad,0
243,2025-02-19 12:00:00,email,0
243,2025-02-25 08:00:00,digital_ad,0
243,2025-03-13 15:00:00,rep_visit,1
243,2025-03-20 15:00:00,webinar,1
243,2025-03-24 10:00:00,email,0
243,2025-05-22 09:00:00,digital_ad,0
243,2025-06-13 08:00:00,webinar,1
243,2025-06-19 08:00:00,digital_ad,0
243,2025-06-25 16:00:00,phone_call,0
243,2025-06-30 11:00:00,phone_call,0
243,2025-07-16 16:00:00,email,0
243,2025-08-19 09:00:00,phone_call,0
243,2025-08-28 16:00:00,email,0
243,2025-09-19 16:00:00,email,0
243,2025-09-23 14:00:00,digital_ad,0
243,2025-10-06 13:00:00,digital_ad,0
243,2025-10-16 09:00:00,phone_call,0
243,2025-11-18 12:00:00,email,0
243,2025-12-26 08:00:00,webinar,1
244,2025-01-17 14:00:00,email,1
244,2025-01-31 08:00:00,email,0
244,2025-02-13 16:00:00,digital_ad,1
244,2025-02-26 08:00:00,webinar,1
244,2025-03-06 10:00:00,email,0
244,2025-03-14 16:00:00,rep_visit,1
244,2025-03-21 11:00:00,rep_visit,1
244,2025-04-25 08:00:00,rep_visit,1
244,2025-05-01 15:00:00,phone_call,0
244,2025-05-08 15:00:00,digital_ad,0
244,2025-05-27 12:00:00,rep_visit,1
244,2025-06-02 16:00:00,webinar,1
244,2025-06-16 12:00:00,webinar,1
244,2025-07-03 08:00:00,email,0
244,2025-07-11 11:00:00,email,0
244,2025-07-24 16:00:00,email,0
244,2025-08-06 15:00:00,email,0
244,2025-08-26 16:00:00,webinar,1
244,2025-09-08 17:00:00,webinar,1
244,2025-09-19 17:00:00,webinar,0
244,2025-10-03 09:00:00,email,0
244,2025-10-08 15:00:00,rep_visit,0
244,2025-10-28 15:00:00,email,0
244,2025-11-06 09:00:00,digital_ad,0
244,2025-11-13 17:00:00,rep_visit,1
244,2025-11-24 17:00:00,digital_ad,1
244,2025-12-02 12:00:00,webinar,0
244,2025-12-11 17:00:00,webinar,1
244,2025-12-15 08:00:00,rep_visit,1
244,2025-12-25 17:00:00,phone_call,1
245,2025-01-16 13:00:00,digital_ad,0
245,2025-01-31 10:00:00,rep_visit,1
245,2025-02-15 10:00:00,digital_ad,0
245,2025-02-28 16:00:00,digital_ad,0
245,2025-03-21 14:00:00,phone_call,0
245,2025-03-27 15:00:00,digital_ad,0
245,2025-04-01 10:00:00,rep_visit,0
245,2025-04-23 09:00:00,webinar,0
245,2025-05-02 13:00:00,rep_visit,0
245,2025-05-06 10:00:00,email,0
245,2025-05-20 10:00:00,phone_call,0
245,2025-06-02 09:00:00,email,0
245,2025-06-09 08:00:00,rep_visit,0
245,2025-06-17 14:00:00,rep_visit,1
245,2025-07-08 10:00:00,rep_visit,1
245,2025-07-18 13:00:00,webinar,1
245,2025-08-06 13:00:00,phone_call,1
245,2025-08-13 14:00:00,phone_call,0
245,2025-08-21 12:00:00,email,0
245,2025-10-21 09:00:00,rep_visit,1
245,2025-10-27 16:00:00,rep_visit,0
245,2025-11-03 08:00:00,rep_visit,1
245,2025-11-24 12:00:00,webinar,0
245,2025-12-02 08:00:00,phone_call,1
245,2025-12-15 11:00:00,phone_call,0
245,2025-12-30 13:00:00,email,0
246,2025-01-21 14:00:00,email,0
246,2025-02-22 09:00:00,digital_ad,0
246,2025-02-27 17:00:00,digital_ad,0
246,2025-04-02 12:00:00,webinar,1
246,2025-04-15 12:00:00,webinar,0
246,2025-05-14 10:00:00,email,0
246,2025-05-29 11:00:00,phone_call,1
246,2025-06-24 10:00:00,rep_visit,0
246,2025-07-16 08:00:00,phone_call,0
246,2025-08-01 09:00:00,digital_ad,0
246,2025-08-25 09:00:00,digital_ad,0
246,2025-09-16 08:00:00,digital_ad,0
246,2025-10-09 10:00:00,email,1
246,2025-10-31 10:00:00,rep_visit,0
246,2025-11-27 12:00:00,webinar,1
246,2025-12-09 13:00:00,digital_ad,0
246,2025-12-16 12:00:00,digital_ad,1
246,2025-12-29 16:00:00,phone_call,0
247,2025-01-24 10:00:00,digital_ad,0
247,2025-01-29 12:00:00,email,0
247,2025-02-07 11:00:00,digital_ad,0
247,2025-02-14 14:00:00,digital_ad,0
247,2025-03-04 08:00:00,phone_call,0
247,2025-04-01 14:00:00,rep_visit,1
247,2025-04-07 11:00:00,rep_visit,1
247,2025-04-17 11:00:00,phone_call,0
247,2025-05-06 09:00:00,phone_call,0
247,2025-06-12 17:00:00,digital_ad,0
247,2025-06-16 10:00:00,phone_call,0
247,2025-06-26 12:00:00,rep_visit,1
247,2025-07-15 16:00:00,email,0
247,2025-07-21 10:00:00,phone_call,0
247,2025-08-28 08:00:00,digital_ad,0
247,2025-09-10 13:00:00,rep_visit,0
247,2025-09-15 10:00:00,phone_call,0
247,2025-09-25 11:00:00,digital_ad,0
247,2025-10-01 16:00:00,phone_call,0
247,2025-10-08 11:00:00,rep_visit,1
247,2025-11-12 16:00:00,phone_call,0
247,2025-12-04 10:00:00,email,0
247,2025-12-24 11:00:00,rep_visit,1
248,2025-02-25 12:00:00,digital_ad,0
248,2025-03-27 16:00:00,phone_call,0
248,2025-04-28 09:00:00,email,1
248,2025-05-14 10:00:00,digital_ad,0
248,2025-05-22 10:00:00,digital_ad,0
248,2025-06-02 14:00:00,digital_ad,0
248,2025-06-30 17:00:00,digital_ad,0
248,2025-08-15 12:00:00,digital_ad,0
248,2025-08-21 14:00:00,email,0
248,2025-08-26 08:00:00,email,0
248,2025-09-04 16:00:00,digital_ad,0
248,2025-09-17 11:00:00,webinar,0
248,2025-10-09 10:00:00,digital_ad,1
248,2025-10-24 09:00:00,email,1
248,2025-10-27 10:00:00,email,0
248,2025-12-03 12:00:00,webinar,0
249,2025-01-15 11:00:00,digital_ad,0
249,2025-01-24 13:00:00,email,0
249,2025-01-31 16:00:00,phone_call,0
249,2025-02-06 15:00:00,webinar,0
249,2025-02-26 17:00:00,rep_visit,1
249,2025-03-05 08:00:00,webinar,0
249,2025-03-11 12:00:00,phone_call,0
249,2025-03-18 14:00:00,email,0
249,2025-03-24 10:00:00,webinar,0
249,2025-04-02 10:00:00,webinar,0
249,2025-04-09 09:00:00,digital_ad,0
249,2025-04-15 17:00:00,digital_ad,0
249,2025-04-24 11:00:00,email,1
249,2025-04-29 10:00:00,email,1
249,2025-05-20 16:00:00,rep_visit,0
249,2025-05-30 10:00:00,email,0
249,2025-06-10 08:00:00,email,1
249,2025-06-23 10:00:00,webinar,0
249,2025-07-11 14:00:00,digital_ad,1
249,2025-07-16 15:00:00,email,0
249,2025-07-21 16:00:00,email,0
249,2025-08-04 15:00:00,digital_ad,1
249,2025-08-13 09:00:00,digital_ad,0
249,2025-08-18 17:00:00,email,0
249,2025-08-27 08:00:00,email,1
249,2025-09-03 10:00:00,webinar,1
249,2025-09-23 13:00:00,email,1
249,2025-10-01 17:00:00,email,0
249,2025-11-06 13:00:00,email,1
249,2025-11-18 10:00:00,digital_ad,0
249,2025-11-24 17:00:00,email,0
249,2025-12-08 11:00:00,phone_call,0
249,2025-12-15 11:00:00,digital_ad,0
249,2025-12-29 17:00:00,rep_visit,1
250,2025-02-19 12:00:00,phone_call,0
250,2025-03-11 10:00:00,email,0
250,2025-04-18 09:00:00,email,0
250,2025-05-06 16:00:00,digital_ad,0
250,2025-05-15 17:00:00,email,0
250,2025-05-30 16:00:00,phone_call,0
250,2025-06-12 12:00:00,digital_ad,1
250,2025-06-17 17:00:00,digital_ad,0
250,2025-06-26 08:00:00,email,0
250,2025-07-08 09:00:00,email,0
250,2025-07-15 12:00:00,email,0
250,2025-07-29 13:00:00,email,0
250,2025-08-21 08:00:00,digital_ad,1
250,2025-09-17 09:00:00,digital_ad,0
250,2025-09-29 10:00:00,digital_ad,0
250,2025-10-10 13:00:00,webinar,0
250,2025-10-17 14:00:00,email,0
250,2025-11-28 11:00:00,webinar,0
250,2025-12-03 16:00:00,rep_visit,0
251,2025-02-06 15:00:00,rep_visit,0
251,2025-02-12 16:00:00,rep_visit,0
251,2025-03-18 11:00:00,rep_visit,0
251,2025-05-01 11:00:00,webinar,0
251,2025-06-05 11:00:00,rep_visit,1
251,2025-06-25 12:00:00,webinar,0
251,2025-07-09 08:00:00,webinar,0
251,2025-08-19 16:00:00,webinar,0
251,2025-11-10 16:00:00,rep_visit,1
251,2025-12-16 14:00:00,rep_visit,1
251,2025-12-30 14:00:00,rep_visit,1
252,2025-01-30 14:00:00,phone_call,0
252,2025-02-08 16:00:00,digital_ad,0
252,2025-02-22 17:00:00,webinar,0
252,2025-02-28 08:00:00,phone_call,0
252,2025-03-07 09:00:00,email,0
252,2025-03-19 11:00:00,rep_visit,1
252,2025-04-04 10:00:00,phone_call,0
252,2025-04-10 09:00:00,rep_visit,0
252,2025-04-30 14:00:00,email,0
252,2025-05-14 10:00:00,rep_visit,1
252,2025-05-20 08:00:00,email,0
252,2025-05-30 13:00:00,email,0
252,2025-06-06 13:00:00,rep_visit,0
252,2025-06-24 16:00:00,email,1
252,2025-06-30 11:00:00,email,0
252,2025-07-07 17:00:00,email,0
252,2025-07-14 13:00:00,email,0
252,2025-08-19 16:00:00,email,1
252,2025-09-01 15:00:00,rep_visit,0
252,2025-09-08 15:00:00,webinar,0
252,2025-09-16 17:00:00,webinar,1
252,2025-09-22 16:00:00,phone_call,0
252,2025-09-30 10:00:00,webinar,0
252,2025-10-15 16:00:00,rep_visit,0
252,2025-10-20 15:00:00,email,0
252,2025-10-31 12:00:00,digital_ad,0
252,2025-11-07 11:00:00,email,0
252,2025-11-11 09:00:00,webinar,1
252,2025-11-17 10:00:00,digital_ad,0
252,2025-11-24 16:00:00,webinar,0
252,2025-12-08 15:00:00,phone_call,0
252,2025-12-16 12:00:00,email,0
252,2025-12-31 08:00:00,email,0
253,2025-01-16 10:00:00,digital_ad,0
253,2025-01-23 15:00:00,digital_ad,0
253,2025-01-31 13:00:00,email,0
253,2025-02-07 08:00:00,rep_visit,1
253,2025-02-18 12:00:00,webinar,1
253,2025-03-20 16:00:00,email,0
253,2025-03-28 11:00:00,digital_ad,0
253,2025-04-03 17:00:00,email,0
253,2025-05-30 17:00:00,webinar,0
253,2025-07-15 15:00:00,email,1
253,2025-07-23 16:00:00,email,0
253,2025-07-28 10:00:00,email,0
253,2025-08-15 10:00:00,digital_ad,0
253,2025-09-02 17:00:00,email,0
253,2025-09-12 16:00:00,email,0
253,2025-09-17 09:00:00,webinar,0
253,2025-09-22 15:00:00,email,1
253,2025-09-30 17:00:00,digital_ad,0
253,2025-10-15 09:00:00,digital_ad,0
253,2025-10-22 10:00:00,digital_ad,0
253,2025-10-30 11:00:00,digital_ad,0
253,2025-11-13 17:00:00,digital_ad,0
253,2025-11-28 16:00:00,digital_ad,0
253,2025-12-05 10:00:00,digital_ad,0
253,2025-12-10 14:00:00,webinar,1
253,2025-12-17 17:00:00,phone_call,0
253,2025-12-24 08:00:00,digital_ad,0
253,2025-12-29 08:00:00,digital_ad,0
254,2025-01-15 09:00:00,digital_ad,0
254,2025-02-07 16:00:00,phone_call,0
254,2025-03-07 11:00:00,phone_call,1
254,2025-03-14 08:00:00,webinar,0
254,2025-03-17 15:00:00,phone_call,0
254,2025-04-03 10:00:00,phone_call,0
254,2025-04-11 10:00:00,email,1
254,2025-04-28 14:00:00,webinar,1
254,2025-05-13 15:00:00,digital_ad,0
254,2025-05-21 12:00:00,phone_call,0
254,2025-05-28 11:00:00,email,1
254,2025-06-05 16:00:00,rep_visit,1
254,2025-07-02 10:00:00,rep_visit,1
254,2025-07-07 11:00:00,phone_call,0
254,2025-07-21 11:00:00,email,0
254,2025-07-29 14:00:00,rep_visit,0
254,2025-08-21 15:00:00,rep_visit,1
254,2025-08-26 16:00:00,digital_ad,0
254,2025-10-07 14:00:00,rep_visit,0
254,2025-10-23 13:00:00,digital_ad,0
254,2025-10-28 16:00:00,email,0
254,2025-11-13 14:00:00,phone_call,0
254,2025-11-21 14:00:00,rep_visit,1
254,2025-11-26 14:00:00,webinar,0
254,2025-12-12 17:00:00,email,1
254,2025-12-17 08:00:00,phone_call,0
255,2025-01-30 11:00:00,phone_call,1
255,2025-02-07 11:00:00,digital_ad,0
255,2025-02-11 14:00:00,email,0
255,2025-04-24 08:00:00,rep_visit,1
255,2025-05-05 08:00:00,webinar,1
255,2025-06-10 15:00:00,phone_call,1
255,2025-06-27 17:00:00,webinar,1
255,2025-08-05 14:00:00,phone_call,0
255,2025-08-12 14:00:00,rep_visit,0
255,2025-09-30 12:00:00,phone_call,1
255,2025-11-04 17:00:00,digital_ad,0
255,2025-11-12 14:00:00,rep_visit,0
255,2025-11-24 10:00:00,email,0
256,2025-01-29 09:00:00,email,0
256,2025-02-12 10:00:00,phone_call,1
256,2025-02-27 15:00:00,email,1
256,2025-03-04 13:00:00,phone_call,0
256,2025-03-14 14:00:00,digital_ad,1
256,2025-04-04 10:00:00,email,0
256,2025-04-09 14:00:00,email,0
256,2025-04-14 16:00:00,digital_ad,0
256,2025-04-25 11:00:00,phone_call,0
256,2025-04-29 11:00:00,webinar,0
256,2025-05-12 13:00:00,phone_call,1
256,2025-05-21 10:00:00,email,0
256,2025-06-12 16:00:00,digital_ad,0
256,2025-07-18 10:00:00,webinar,0
256,2025-07-23 09:00:00,email,0
256,2025-07-31 12:00:00,email,0
256,2025-08-20 11:00:00,rep_visit,1
256,2025-08-28 12:00:00,rep_visit,1
256,2025-09-17 15:00:00,email,1
256,2025-09-22 12:00:00,phone_call,0
256,2025-10-21 09:00:00,rep_visit,1
256,2025-11-11 09:00:00,rep_visit,1
256,2025-11-19 08:00:00,phone_call,0
256,2025-12-05 11:00:00,digital_ad,0
257,2025-01-17 17:00:00,digital_ad,0
257,2025-02-22 16:00:00,webinar,0
257,2025-04-01 15:00:00,phone_call,0
257,2025-04-08 16:00:00,digital_ad,0
257,2025-04-17 15:00:00,rep_visit,0
257,2025-04-29 15:00:00,email,0
257,2025-05-06 15:00:00,digital_ad,0
257,2025-05-16 17:00:00,email,0
257,2025-05-27 11:00:00,webinar,0
257,2025-06-10 13:00:00,digital_ad,0
257,2025-06-17 17:00:00,email,1
257,2025-07-11 09:00:00,rep_visit,0
257,2025-07-14 14:00:00,rep_visit,0
257,2025-07-25 14:00:00,email,0
257,2025-08-07 12:00:00,digital_ad,0
257,2025-08-14 13:00:00,email,0
257,2025-08-28 16:00:00,digital_ad,1
257,2025-09-11 15:00:00,email,1
257,2025-09-15 14:00:00,email,0
257,2025-09-22 11:00:00,email,0
257,2025-10-09 08:00:00,email,1
257,2025-10-22 08:00:00,webinar,1
257,2025-10-31 17:00:00,phone_call,1
257,2025-11-07 14:00:00,digital_ad,0
257,2025-11-27 17:00:00,email,0
257,2025-12-05 15:00:00,email,0
257,2025-12-23 10:00:00,digital_ad,0
257,2025-12-30 17:00:00,digital_ad,0
258,2025-01-25 14:00:00,webinar,0
258,2025-02-25 17:00:00,email,1
258,2025-03-07 16:00:00,email,1
258,2025-05-08 10:00:00,digital_ad,0
258,2025-05-20 15:00:00,phone_call,1
258,2025-05-26 09:00:00,email,0
258,2025-06-04 08:00:00,digital_ad,0
258,2025-07-02 09:00:00,phone_call,0
258,2025-08-13 12:00:00,phone_call,0
258,2025-09-04 14:00:00,phone_call,0
258,2025-09-11 11:00:00,rep_visit,0
258,2025-12-16 14:00:00,email,0
258,2026-01-01 17:00:00,digital_ad,0
259,2025-02-08 11:00:00,rep_visit,0
259,2025-02-13 08:00:00,rep_visit,0
259,2025-02-26 15:00:00,digital_ad,0
259,2025-03-03 15:00:00,digital_ad,0
259,2025-04-23 10:00:00,phone_call,0
259,2025-05-05 13:00:00,email,0
259,2025-05-14 14:00:00,phone_call,0
259,2025-05-26 11:00:00,rep_visit,1
259,2025-06-24 16:00:00,rep_visit,1
259,2025-07-23 15:00:00,phone_call,0
259,2025-09-05 14:00:00,email,0
259,2025-10-31 14:00:00,email,0
259,2025-11-04 13:00:00,rep_visit,0
259,2025-11-19 17:00:00,digital_ad,0
259,2025-12-11 12:00:00,rep_visit,1
259,2025-12-17 15:00:00,phone_call,0
259,2025-12-26 13:00:00,digital_ad,0
260,2025-01-17 17:00:00,phone_call,1
260,2025-01-25 11:00:00,phone_call,0
260,2025-02-15 09:00:00,phone_call,0
260,2025-02-26 08:00:00,email,0
260,2025-04-17 10:00:00,phone_call,0
260,2025-04-21 10:00:00,email,0
260,2025-04-28 14:00:00,rep_visit,1
260,2025-05-09 15:00:00,email,0
260,2025-05-14 11:00:00,webinar,0
260,2025-05-22 12:00:00,phone_call,1
260,2025-06-03 16:00:00,rep_visit,1
260,2025-06-10 12:00:00,phone_call,0
260,2025-06-18 14:00:00,rep_visit,1
260,2025-06-25 11:00:00,phone_call,1
260,2025-07-03 10:00:00,email,0
260,2025-07-11 15:00:00,rep_visit,1
260,2025-07-24 08:00:00,rep_visit,1
260,2025-07-29 16:00:00,rep_visit,0
260,2025-08-05 17:00:00,rep_visit,1
260,2025-08-12 09:00:00,phone_call,0
260,2025-08-18 09:00:00,digital_ad,0
260,2025-08-26 10:00:00,rep_visit,1
260,2025-09-02 17:00:00,rep_visit,0
260,2025-09-09 13:00:00,webinar,0
260,2025-09-25 14:00:00,rep_visit,1
260,2025-09-29 15:00:00,rep_visit,0
260,2025-10-09 14:00:00,phone_call,1
260,2025-10-16 11:00:00,phone_call,0
260,2025-10-31 11:00:00,rep_visit,1
260,2025-11-14 17:00:00,rep_visit,1
260,2025-12-04 14:00:00,rep_visit,1
260,2025-12-11 15:00:00,rep_visit,1
260,2025-12-25 15:00:00,digital_ad,0
260,2026-01-01 17:00:00,digital_ad,0
261,2025-01-14 11:00:00,email,0
261,2025-01-21 13:00:00,rep_visit,1
261,2025-02-01 11:00:00,rep_visit,1
261,2025-02-15 14:00:00,webinar,0
261,2025-02-20 15:00:00,phone_call,0
261,2025-02-26 11:00:00,email,0
261,2025-03-19 17:00:00,rep_visit,1
261,2025-04-03 12:00:00,email,0
261,2025-04-09 13:00:00,phone_call,0
261,2025-04-16 14:00:00,phone_call,1
261,2025-05-01 17:00:00,phone_call,0
261,2025-05-15 10:00:00,webinar,0
261,2025-06-11 13:00:00,email,0
261,2025-07-16 10:00:00,digital_ad,1
261,2025-08-06 08:00:00,phone_call,0
261,2025-08-13 17:00:00,phone_call,0
261,2025-08-19 14:00:00,digital_ad,0
261,2025-09-04 14:00:00,phone_call,0
261,2025-09-12 09:00:00,webinar,0
261,2025-09-23 15:00:00,rep_visit,0
261,2025-10-07 16:00:00,digital_ad,0
261,2025-10-15 08:00:00,rep_visit,0
261,2025-10-24 09:00:00,email,0
261,2025-10-31 11:00:00,email,0
261,2025-11-21 16:00:00,phone_call,0
261,2025-12-04 08:00:00,email,0
261,2025-12-12 15:00:00,digital_ad,0
261,2025-12-29 08:00:00,phone_call,0
262,2025-03-26 16:00:00,webinar,0
262,2025-05-19 15:00:00,webinar,0
262,2025-06-13 15:00:00,digital_ad,0
262,2025-06-16 16:00:00,webinar,0
262,2025-07-21 17:00:00,webinar,0
262,2025-09-11 10:00:00,webinar,1
262,2025-10-03 10:00:00,webinar,0
262,2025-11-07 13:00:00,digital_ad,0
263,2025-02-05 16:00:00,rep_visit,0
263,2025-04-09 09:00:00,rep_visit,0
263,2025-04-17 16:00:00,phone_call,1
263,2025-05-30 11:00:00,webinar,1
263,2025-06-09 17:00:00,phone_call,1
263,2025-06-18 10:00:00,webinar,0
263,2025-07-22 15:00:00,rep_visit,0
263,2025-07-28 15:00:00,webinar,1
263,2025-08-25 15:00:00,webinar,1
263,2025-10-08 13:00:00,email,0
263,2025-10-13 08:00:00,digital_ad,0
263,2025-11-17 12:00:00,email,0
263,2025-12-04 12:00:00,email,0
263,2025-12-22 12:00:00,email,0
264,2025-02-15 11:00:00,phone_call,0
264,2025-02-21 11:00:00,digital_ad,0
264,2025-02-25 10:00:00,phone_call,0
264,2025-03-12 08:00:00,webinar,0
264,2025-03-18 13:00:00,email,0
264,2025-03-25 09:00:00,rep_visit,0
264,2025-04-03 17:00:00,phone_call,0
264,2025-04-11 12:00:00,digital_ad,0
264,2025-04-25 10:00:00,rep_visit,0
264,2025-04-28 11:00:00,rep_visit,0
264,2025-05-09 10:00:00,email,0
264,2025-05-21 13:00:00,phone_call,0
264,2025-06-06 12:00:00,email,0
264,2025-06-10 09:00:00,phone_call,0
264,2025-06-18 11:00:00,webinar,0
264,2025-06-26 08:00:00,rep_visit,0
264,2025-07-04 09:00:00,rep_visit,0
264,2025-07-17 15:00:00,digital_ad,0
264,2025-08-19 08:00:00,rep_visit,1
264,2025-08-29 16:00:00,phone_call,0
264,2025-09-03 15:00:00,rep_visit,0
264,2025-10-02 15:00:00,email,0
264,2025-10-06 11:00:00,email,0
264,2025-10-13 12:00:00,digital_ad,1
264,2025-11-14 16:00:00,rep_visit,0
264,2025-11-24 11:00:00,rep_visit,0
264,2025-12-16 08:00:00,phone_call,0
265,2025-01-16 15:00:00,email,0
265,2025-01-23 08:00:00,webinar,0
265,2025-01-28 13:00:00,email,0
265,2025-02-22 16:00:00,email,0
265,2025-03-10 14:00:00,email,0
265,2025-03-20 16:00:00,phone_call,1
265,2025-04-11 15:00:00,email,0
265,2025-06-23 10:00:00,digital_ad,0
265,2025-08-29 11:00:00,digital_ad,0
265,2025-09-19 09:00:00,digital_ad,0
265,2025-10-02 09:00:00,digital_ad,0
265,2025-10-06 13:00:00,phone_call,0
265,2025-10-13 08:00:00,email,1
265,2025-11-04 14:00:00,digital_ad,1
265,2025-11-14 09:00:00,digital_ad,0
265,2025-12-08 14:00:00,email,0
265,2025-12-17 10:00:00,email,0
265,2026-01-02 11:00:00,webinar,0
266,2025-01-18 14:00:00,webinar,1
266,2025-02-07 12:00:00,rep_visit,1
266,2025-02-13 12:00:00,webinar,0
266,2025-03-11 16:00:00,email,0
266,2025-03-21 13:00:00,webinar,0
266,2025-04-14 17:00:00,digital_ad,0
266,2025-04-25 17:00:00,email,0
266,2025-06-16 13:00:00,digital_ad,0
266,2025-06-24 11:00:00,email,0
266,2025-07-17 10:00:00,phone_call,0
266,2025-09-17 12:00:00,email,0
266,2025-10-21 15:00:00,digital_ad,0
266,2025-11-14 17:00:00,email,0
267,2025-01-14 12:00:00,digital_ad,0
267,2025-01-21 11:00:00,digital_ad,0
267,2025-02-14 08:00:00,rep_visit,1
267,2025-02-22 08:00:00,webinar,0
267,2025-02-25 13:00:00,phone_call,0
267,2025-03-07 08:00:00,webinar,0
267,2025-03-10 12:00:00,phone_call,0
267,2025-03-17 08:00:00,rep_visit,1
267,2025-04-18 10:00:00,phone_call,1
267,2025-04-30 09:00:00,email,0
267,2025-05-12 08:00:00,digital_ad,0
267,2025-05-20 08:00:00,webinar,0
267,2025-06-06 10:00:00,email,0
267,2025-06-13 12:00:00,email,0
267,2025-06-19 17:00:00,rep_visit,0
267,2025-06-27 13:00:00,webinar,0
267,2025-07-15 11:00:00,email,1
267,2025-07-21 16:00:00,phone_call,0
267,2025-08-01 09:00:00,rep_visit,0
267,2025-08-08 08:00:00,digital_ad,0
267,2025-08-13 08:00:00,phone_call,0
267,2025-08-21 15:00:00,digital_ad,0
267,2025-09-11 08:00:00,phone_call,1
267,2025-10-16 15:00:00,phone_call,1
267,2025-10-21 10:00:00,phone_call,0
267,2025-11-10 17:00:00,phone_call,1
267,2025-11-18 14:00:00,webinar,0
267,2025-11-25 11:00:00,phone_call,0
267,2025-12-02 16:00:00,rep_visit,0
267,2025-12-10 13:00:00,digital_ad,0
267,2025-12-18 13:00:00,phone_call,0
267,2025-12-25 10:00:00,phone_call,1
268,2025-01-14 17:00:00,webinar,0
268,2025-01-23 12:00:00,email,0
268,2025-02-27 09:00:00,digital_ad,0
268,2025-03-05 16:00:00,webinar,0
268,2025-04-01 10:00:00,phone_call,0
268,2025-04-08 09:00:00,email,0
268,2025-04-18 08:00:00,email,0
268,2025-05-19 11:00:00,digital_ad,0
268,2025-05-26 11:00:00,phone_call,0
268,2025-06-11 10:00:00,phone_call,1
268,2025-07-03 08:00:00,phone_call,0
268,2025-10-09 16:00:00,webinar,0
268,2025-10-23 12:00:00,digital_ad,0
268,2025-12-25 09:00:00,phone_call,0
268,2025-12-31 14:00:00,rep_visit,0
269,2025-02-05 08:00:00,email,0
269,2025-02-11 17:00:00,email,1
269,2025-02-18 11:00:00,email,0
269,2025-02-25 15:00:00,email,0
269,2025-03-06 10:00:00,rep_visit,1
269,2025-03-21 12:00:00,webinar,1
269,2025-04-07 11:00:00,webinar,1
269,2025-04-22 08:00:00,phone_call,0
269,2025-05-09 13:00:00,digital_ad,0
269,2025-05-23 09:00:00,digital_ad,0
269,2025-06-25 08:00:00,webinar,0
269,2025-07-16 11:00:00,webinar,1
269,2025-08-05 10:00:00,digital_ad,1
269,2025-08-14 13:00:00,phone_call,0
269,2025-08-22 12:00:00,phone_call,0
269,2025-08-25 08:00:00,phone_call,0
269,2025-09-01 10:00:00,digital_ad,0
269,2025-09-16 14:00:00,digital_ad,1
269,2025-09-30 08:00:00,webinar,0
269,2025-10-17 17:00:00,digital_ad,0
269,2025-10-27 17:00:00,phone_call,0
269,2025-11-03 14:00:00,rep_visit,1
269,2025-11-12 12:00:00,phone_call,1
269,2025-11-26 09:00:00,email,0
269,2025-12-12 10:00:00,email,0
269,2025-12-19 16:00:00,rep_visit,0
270,2025-01-18 10:00:00,webinar,0
270,2025-01-25 13:00:00,rep_visit,0
270,2025-02-08 11:00:00,phone_call,1
270,2025-02-15 17:00:00,digital_ad,0
270,2025-02-18 13:00:00,email,0
270,2025-03-06 12:00:00,rep_visit,1
270,2025-03-19 14:00:00,phone_call,0
270,2025-04-07 16:00:00,phone_call,1
270,2025-04-29 16:00:00,webinar,0
270,2025-05-16 08:00:00,rep_visit,1
270,2025-05-27 17:00:00,email,1
270,2025-06-11 15:00:00,phone_call,1
270,2025-06-25 16:00:00,phone_call,0
270,2025-07-09 17:00:00,rep_visit,1
270,2025-07-18 09:00:00,rep_visit,0
270,2025-07-31 12:00:00,phone_call,0
270,2025-08-18 11:00:00,webinar,0
270,2025-08-25 16:00:00,phone_call,0
270,2025-09-09 17:00:00,phone_call,1
270,2025-10-08 17:00:00,email,1
270,2025-10-17 14:00:00,phone_call,0
270,2025-11-14 14:00:00,rep_visit,1
270,2025-12-04 08:00:00,phone_call,1
270,2025-12-11 09:00:00,rep_visit,0
270,2025-12-26 08:00:00,phone_call,0
271,2025-03-28 14:00:00,email,0
271,2025-04-09 09:00:00,digital_ad,0
271,2025-04-14 09:00:00,webinar,0
271,2025-05-08 14:00:00,digital_ad,1
271,2025-05-26 08:00:00,email,1
271,2025-07-08 08:00:00,email,0
271,2025-08-04 17:00:00,phone_call,0
271,2025-08-22 17:00:00,digital_ad,0
271,2025-08-29 15:00:00,email,0
271,2025-10-08 09:00:00,phone_call,0
271,2025-11-13 17:00:00,email,1
271,2025-11-17 17:00:00,phone_call,0
271,2025-11-26 11:00:00,digital_ad,0
271,2025-12-19 16:00:00,webinar,1
272,2025-01-16 12:00:00,email,0
272,2025-01-21 08:00:00,phone_call,0
272,2025-03-28 13:00:00,digital_ad,0
272,2025-04-10 09:00:00,digital_ad,0
272,2025-05-13 16:00:00,phone_call,0
272,2025-05-26 12:00:00,rep_visit,0
272,2025-06-23 11:00:00,phone_call,0
272,2025-07-10 13:00:00,webinar,1
272,2025-07-22 17:00:00,email,1
272,2025-08-08 11:00:00,email,1
272,2025-08-20 13:00:00,email,1
272,2025-09-02 16:00:00,digital_ad,0
272,2025-09-26 14:00:00,digital_ad,0
272,2025-10-10 10:00:00,email,1
272,2025-10-16 10:00:00,webinar,0
272,2025-10-27 12:00:00,email,1
272,2025-11-03 17:00:00,digital_ad,0
272,2025-11-28 08:00:00,rep_visit,1
272,2025-12-12 09:00:00,digital_ad,0
272,2025-12-22 10:00:00,digital_ad,0
272,2025-12-30 11:00:00,email,0
273,2025-01-21 10:00:00,phone_call,0
273,2025-01-29 11:00:00,email,0
273,2025-02-15 17:00:00,rep_visit,0
273,2025-02-20 14:00:00,digital_ad,0
273,2025-02-28 14:00:00,webinar,0
273,2025-03-04 11:00:00,digital_ad,0
273,2025-03-10 16:00:00,email,0
273,2025-03-25 15:00:00,phone_call,0
273,2025-04-08 10:00:00,digital_ad,1
273,2025-04-15 13:00:00,phone_call,0
273,2025-04-25 14:00:00,digital_ad,0
273,2025-05-09 11:00:00,email,1
273,2025-05-30 10:00:00,digital_ad,1
273,2025-06-16 10:00:00,email,1
273,2025-07-02 13:00:00,email,0
273,2025-07-14 12:00:00,phone_call,0
273,2025-08-14 17:00:00,email,0
273,2025-08-20 17:00:00,email,0
273,2025-08-28 09:00:00,email,0
273,2025-09-02 08:00:00,digital_ad,0
273,2025-09-10 14:00:00,rep_visit,0
273,2025-09-16 13:00:00,email,0
273,2025-09-25 09:00:00,digital_ad,0
273,2025-10-10 15:00:00,phone_call,0
273,2025-10-16 14:00:00,digital_ad,0
273,2025-10-21 16:00:00,phone_call,0
273,2025-10-28 15:00:00,email,1
273,2025-11-03 13:00:00,email,0
273,2025-11-12 11:00:00,digital_ad,0
273,2025-12-05 08:00:00,webinar,1
273,2025-12-10 16:00:00,webinar,0
274,2025-02-04 16:00:00,email,0
274,2025-02-28 09:00:00,digital_ad,0
274,2025-03-14 10:00:00,rep_visit,0
274,2025-04-08 10:00:00,email,0
274,2025-04-14 17:00:00,email,0
274,2025-04-23 17:00:00,webinar,0
274,2025-05-02 17:00:00,phone_call,0
274,2025-07-25 16:00:00,digital_ad,0
274,2025-09-25 13:00:00,digital_ad,0
274,2025-10-01 15:00:00,digital_ad,0
274,2025-10-17 08:00:00,phone_call,1
274,2025-11-04 17:00:00,digital_ad,0
274,2025-12-05 11:00:00,webinar,0
274,2025-12-12 09:00:00,phone_call,0
274,2025-12-22 12:00:00,phone_call,0
275,2025-01-29 13:00:00,email,0
275,2025-02-13 11:00:00,digital_ad,0
275,2025-02-18 11:00:00,email,0
275,2025-03-07 08:00:00,email,0
275,2025-03-14 15:00:00,phone_call,0
275,2025-03-25 17:00:00,rep_visit,0
275,2025-04-09 10:00:00,email,0
275,2025-04-16 12:00:00,digital_ad,0
275,2025-05-09 10:00:00,rep_visit,1
275,2025-05-12 09:00:00,email,0
275,2025-05-23 10:00:00,email,0
275,2025-05-28 11:00:00,phone_call,0
275,2025-06-06 12:00:00,digital_ad,0
275,2025-06-11 17:00:00,digital_ad,0
275,2025-07-23 10:00:00,phone_call,0
275,2025-08-07 17:00:00,digital_ad,0
275,2025-08-15 12:00:00,phone_call,0
275,2025-08-21 12:00:00,webinar,0
275,2025-08-29 14:00:00,phone_call,0
275,2025-09-02 09:00:00,webinar,0
275,2025-09-11 14:00:00,digital_ad,0
275,2025-09-22 14:00:00,phone_call,0
275,2025-09-29 12:00:00,webinar,0
275,2025-10-10 11:00:00,phone_call,0
275,2025-11-11 09:00:00,email,0
275,2025-11-28 09:00:00,digital_ad,0
275,2025-12-05 17:00:00,email,0
275,2025-12-12 10:00:00,email,0
275,2025-12-19 09:00:00,phone_call,0
275,2025-12-22 17:00:00,rep_visit,1
275,2025-12-29 14:00:00,phone_call,0
276,2025-01-21 16:00:00,webinar,1
276,2025-01-31 08:00:00,rep_visit,1
276,2025-02-04 11:00:00,email,0
276,2025-02-11 16:00:00,digital_ad,0
276,2025-02-19 14:00:00,rep_visit,1
276,2025-02-25 10:00:00,email,0
276,2025-03-04 08:00:00,rep_visit,1
276,2025-03-12 16:00:00,email,0
276,2025-03-24 12:00:00,email,1
276,2025-04-03 08:00:00,email,0
276,2025-04-09 08:00:00,phone_call,0
276,2025-04-25 08:00:00,digital_ad,0
276,2025-05-14 13:00:00,phone_call,0
276,2025-06-06 12:00:00,phone_call,0
276,2025-06-19 14:00:00,email,1
276,2025-07-02 17:00:00,rep_visit,0
276,2025-07-09 14:00:00,rep_visit,0
276,2025-08-12 12:00:00,digital_ad,0
276,2025-08-21 14:00:00,rep_visit,1
276,2025-09-05 08:00:00,webinar,1
276,2025-10-06 11:00:00,rep_visit,0
276,2025-10-29 09:00:00,phone_call,1
276,2025-12-16 16:00:00,phone_call,1
276,2025-12-23 17:00:00,email,0
276,2026-01-01 17:00:00,rep_visit,0
277,2025-01-31 14:00:00,webinar,0
277,2025-02-28 15:00:00,phone_call,1
277,2025-03-20 16:00:00,digital_ad,0
277,2025-03-27 17:00:00,webinar,0
277,2025-04-07 13:00:00,phone_call,0
277,2025-04-28 14:00:00,webinar,1
277,2025-05-20 10:00:00,rep_visit,0
277,2025-06-17 11:00:00,email,1
277,2025-07-08 17:00:00,webinar,0
277,2025-07-17 15:00:00,digital_ad,0
277,2025-07-23 14:00:00,phone_call,0
277,2025-08-01 11:00:00,digital_ad,0
277,2025-08-05 16:00:00,digital_ad,0
277,2025-08-15 12:00:00,phone_call,1
277,2025-09-05 11:00:00,rep_visit,0
277,2025-09-11 12:00:00,email,0
277,2025-09-19 16:00:00,email,0
277,2025-10-07 17:00:00,phone_call,0
277,2025-10-29 16:00:00,webinar,0
277,2025-12-01 08:00:00,phone_call,1
277,2025-12-12 15:00:00,webinar,1
277,2025-12-17 10:00:00,email,0
278,2025-01-14 09:00:00,phone_call,0
278,2025-01-29 08:00:00,digital_ad,0
278,2025-02-08 17:00:00,digital_ad,0
278,2025-02-19 10:00:00,webinar,1
278,2025-03-03 09:00:00,phone_call,0
278,2025-03-14 13:00:00,digital_ad,0
278,2025-04-04 17:00:00,rep_visit,1
278,2025-05-15 10:00:00,phone_call,1
278,2025-05-21 10:00:00,phone_call,0
278,2025-05-29 13:00:00,email,0
278,2025-06-05 13:00:00,webinar,0
278,2025-06-13 10:00:00,email,0
278,2025-06-24 15:00:00,phone_call,1
278,2025-07-02 17:00:00,webinar,1
278,2025-07-31 12:00:00,email,0
278,2025-09-02 17:00:00,email,0
278,2025-09-09 13:00:00,phone_call,0
278,2025-09-16 08:00:00,phone_call,0
278,2025-09-25 16:00:00,rep_visit,0
278,2025-10-10 13:00:00,email,0
278,2025-10-29 17:00:00,webinar,1
278,2025-11-04 15:00:00,webinar,0
278,2025-11-14 10:00:00,rep_visit,1
278,2025-11-21 10:00:00,phone_call,1
278,2025-11-28 08:00:00,email,0
278,2025-12-03 08:00:00,phone_call,0
278,2025-12-09 11:00:00,digital_ad,0
278,2025-12-22 08:00:00,digital_ad,0
278,2025-12-31 17:00:00,phone_call,1
279,2025-01-16 08:00:00,email,0
279,2025-01-24 10:00:00,rep_visit,1
279,2025-01-28 14:00:00,email,0
279,2025-02-05 17:00:00,email,0
279,2025-02-18 14:00:00,email,0
279,2025-02-25 14:00:00,digital_ad,0
279,2025-03-05 17:00:00,email,0
279,2025-03-21 09:00:00,webinar,1
279,2025-03-31 08:00:00,digital_ad,0
279,2025-04-09 11:00:00,email,0
279,2025-04-28 11:00:00,email,1
279,2025-05-13 09:00:00,webinar,1
279,2025-05-20 14:00:00,digital_ad,1
279,2025-06-19 12:00:00,digital_ad,0
279,2025-07-21 17:00:00,digital_ad,1
279,2025-07-29 11:00:00,email,0
279,2025-08-11 12:00:00,email,0
279,2025-08-22 16:00:00,digital_ad,0
279,2025-08-26 09:00:00,digital_ad,0
279,2025-09-02 09:00:00,rep_visit,0
279,2025-09-16 17:00:00,digital_ad,0
279,2025-10-09 15:00:00,email,0
279,2025-10-24 12:00:00,email,0
279,2025-11-11 10:00:00,phone_call,1
279,2025-11-25 16:00:00,digital_ad,1
279,2025-12-10 16:00:00,email,0
280,2025-01-15 08:00:00,email,1
280,2025-02-01 14:00:00,rep_visit,0
280,2025-02-15 08:00:00,email,0
280,2025-03-04 11:00:00,email,0
280,2025-03-11 16:00:00,webinar,0
280,2025-03-24 08:00:00,webinar,0
280,2025-04-04 17:00:00,webinar,0
280,2025-04-07 11:00:00,phone_call,0
280,2025-04-15 12:00:00,digital_ad,0
280,2025-05-01 10:00:00,digital_ad,0
280,2025-05-06 17:00:00,email,0
280,2025-05-19 10:00:00,digital_ad,0
280,2025-06-09 10:00:00,digital_ad,0
280,2025-07-22 12:00:00,email,0
280,2025-08-08 12:00:00,email,0
280,2025-08-13 11:00:00,email,0
280,2025-09-08 10:00:00,email,0
280,2025-09-25 14:00:00,rep_visit,1
280,2025-09-30 15:00:00,phone_call,1
280,2025-10-08 12:00:00,rep_visit,0
280,2025-10-20 16:00:00,webinar,0
280,2025-10-27 11:00:00,rep_visit,0
280,2025-12-26 16:00:00,digital_ad,0
280,2026-01-01 13:00:00,digital_ad,0
281,2025-01-18 15:00:00,email,1
281,2025-02-08 08:00:00,webinar,1
281,2025-02-21 16:00:00,phone_call,0
281,2025-03-03 11:00:00,email,0
281,2025-03-13 12:00:00,phone_call,0
281,2025-03-20 12:00:00,phone_call,0
281,2025-04-07 12:00:00,email,1
281,2025-04-23 13:00:00,email,0
281,2025-05-01 11:00:00,digital_ad,0
281,2025-05-16 13:00:00,phone_call,0
281,2025-06-05 14:00:00,email,0
281,2025-06-10 13:00:00,email,0
281,2025-06-23 13:00:00,digital_ad,0
281,2025-07-03 15:00:00,digital_ad,0
281,2025-07-23 13:00:00,digital_ad,0
281,2025-07-29 11:00:00,phone_call,0
281,2025-08-05 11:00:00,rep_visit,0
281,2025-09-15 08:00:00,digital_ad,0
281,2025-09-23 08:00:00,email,0
281,2025-11-04 13:00:00,email,1
281,2025-11-20 10:00:00,webinar,1
281,2025-11-25 14:00:00,phone_call,1
281,2025-12-23 09:00:00,phone_call,0
282,2025-01-18 13:00:00,webinar,0
282,2025-01-24 13:00:00,rep_visit,0
282,2025-02-05 13:00:00,email,0
282,2025-02-18 12:00:00,rep_visit,0
282,2025-02-26 11:00:00,rep_visit,0
282,2025-03-20 14:00:00,digital_ad,1
282,2025-04-08 10:00:00,phone_call,0
282,2025-04-14 14:00:00,digital_ad,0
282,2025-05-08 16:00:00,rep_visit,0
282,2025-05-12 10:00:00,rep_visit,0
282,2025-06-20 10:00:00,email,0
282,2025-07-03 09:00:00,rep_visit,0
282,2025-07-29 11:00:00,email,0
282,2025-09-10 13:00:00,email,0
282,2025-09-15 17:00:00,webinar,1
282,2025-09-30 17:00:00,phone_call,0
282,2025-10-14 08:00:00,rep_visit,0
282,2025-10-27 13:00:00,email,0
282,2025-11-03 14:00:00,phone_call,0
282,2025-11-10 15:00:00,rep_visit,0
282,2025-11-24 08:00:00,email,1
282,2025-12-03 15:00:00,rep_visit,0
282,2025-12-15 08:00:00,rep_visit,0
283,2025-01-17 11:00:00,digital_ad,0
283,2025-01-21 09:00:00,webinar,0
283,2025-02-07 11:00:00,email,0
283,2025-02-19 09:00:00,webinar,1
283,2025-02-25 10:00:00,digital_ad,0
283,2025-03-06 12:00:00,email,0
283,2025-03-25 17:00:00,webinar,1
283,2025-04-03 16:00:00,email,0
283,2025-04-08 11:00:00,webinar,0
283,2025-04-17 17:00:00,phone_call,0
283,2025-04-25 16:00:00,phone_call,0
283,2025-05-01 10:00:00,rep_visit,1
283,2025-05-05 11:00:00,webinar,0
283,2025-05-15 09:00:00,digital_ad,0
283,2025-05-22 15:00:00,phone_call,0
283,2025-06-11 10:00:00,phone_call,0
283,2025-06-26 08:00:00,webinar,0
283,2025-07-03 13:00:00,phone_call,0
283,2025-07-18 16:00:00,email,1
283,2025-07-25 10:00:00,digital_ad,0
283,2025-07-29 17:00:00,phone_call,0
283,2025-08-13 17:00:00,phone_call,0
283,2025-09-10 16:00:00,rep_visit,1
283,2025-09-25 08:00:00,rep_visit,1
283,2025-10-24 14:00:00,digital_ad,0
283,2025-11-05 16:00:00,email,0
283,2025-11-12 14:00:00,webinar,0
283,2025-11-24 11:00:00,rep_visit,1
283,2025-12-16 13:00:00,rep_visit,1
283,2025-12-24 17:00:00,digital_ad,0
283,2025-12-31 12:00:00,rep_visit,1
284,2025-01-25 09:00:00,phone_call,1
284,2025-02-01 12:00:00,webinar,0
284,2025-02-20 17:00:00,webinar,0
284,2025-03-05 13:00:00,digital_ad,0
284,2025-05-06 12:00:00,phone_call,0
284,2025-05-13 09:00:00,email,0
284,2025-06-13 09:00:00,webinar,1
284,2025-06-17 11:00:00,digital_ad,0
284,2025-06-25 11:00:00,email,0
284,2025-08-05 08:00:00,phone_call,0
284,2025-09-10 10:00:00,rep_visit,1
284,2025-09-29 09:00:00,webinar,1
284,2025-10-08 13:00:00,digital_ad,0
284,2025-10-24 12:00:00,digital_ad,0
285,2025-02-01 16:00:00,webinar,0
285,2025-02-06 15:00:00,email,0
285,2025-02-19 12:00:00,rep_visit,1
285,2025-02-28 10:00:00,rep_visit,0
285,2025-03-07 12:00:00,email,1
285,2025-03-10 11:00:00,digital_ad,0
285,2025-03-18 09:00:00,rep_visit,1
285,2025-03-27 16:00:00,email,1
285,2025-04-04 10:00:00,webinar,0
285,2025-04-09 13:00:00,rep_visit,0
285,2025-04-16 16:00:00,rep_visit,0
285,2025-04-24 11:00:00,phone_call,0
285,2025-05-16 12:00:00,digital_ad,0
285,2025-06-17 13:00:00,webinar,0
285,2025-07-02 17:00:00,rep_visit,1
285,2025-07-10 12:00:00,phone_call,0
285,2025-07-17 11:00:00,phone_call,0
285,2025-08-29 12:00:00,webinar,0
285,2025-09-05 14:00:00,phone_call,0
285,2025-09-11 17:00:00,email,0
285,2025-09-30 08:00:00,email,0
285,2025-10-17 08:00:00,webinar,0
285,2025-10-28 16:00:00,rep_visit,0
285,2025-11-05 12:00:00,digital_ad,0
285,2025-11-10 10:00:00,phone_call,0
285,2025-11-27 12:00:00,phone_call,0
285,2025-12-03 13:00:00,email,0
285,2025-12-08 14:00:00,webinar,0
285,2025-12-23 15:00:00,webinar,1
285,2025-12-30 11:00:00,digital_ad,0
286,2025-03-10 11:00:00,rep_visit,1
286,2025-03-17 12:00:00,rep_visit,1
286,2025-04-01 14:00:00,rep_visit,1
286,2025-04-17 15:00:00,rep_visit,1
286,2025-05-08 16:00:00,webinar,0
286,2025-07-25 12:00:00,email,0
286,2025-08-11 17:00:00,phone_call,1
286,2025-08-21 17:00:00,rep_visit,1
286,2025-09-04 13:00:00,phone_call,1
286,2025-09-25 11:00:00,phone_call,0
286,2025-10-09 15:00:00,rep_visit,1
286,2025-10-27 12:00:00,phone_call,0
286,2025-11-24 09:00:00,rep_visit,1
286,2025-12-02 17:00:00,rep_visit,1
286,2025-12-23 11:00:00,phone_call,1
287,2025-01-24 14:00:00,rep_visit,1
287,2025-01-30 11:00:00,email,0
287,2025-02-05 16:00:00,phone_call,0
287,2025-02-18 15:00:00,phone_call,0
287,2025-02-28 16:00:00,phone_call,1
287,2025-03-12 11:00:00,digital_ad,0
287,2025-03-27 13:00:00,phone_call,0
287,2025-09-09 13:00:00,rep_visit,1
287,2025-09-18 09:00:00,digital_ad,0
287,2025-09-29 10:00:00,rep_visit,0
287,2025-11-10 14:00:00,webinar,0
287,2025-12-31 09:00:00,email,0
288,2025-02-06 12:00:00,phone_call,1
288,2025-02-11 11:00:00,rep_visit,0
288,2025-02-18 10:00:00,phone_call,0
288,2025-02-25 16:00:00,email,0
288,2025-03-06 09:00:00,email,0
288,2025-04-04 14:00:00,phone_call,0
288,2025-04-15 08:00:00,webinar,0
288,2025-05-15 09:00:00,webinar,0
288,2025-05-26 09:00:00,phone_call,0
288,2025-06-13 09:00:00,phone_call,0
288,2025-06-19 13:00:00,email,1
288,2025-07-15 09:00:00,rep_visit,0
288,2025-07-21 15:00:00,digital_ad,0
288,2025-08-15 11:00:00,digital_ad,1
288,2025-09-22 16:00:00,webinar,1
288,2025-11-03 08:00:00,digital_ad,1
288,2025-11-13 09:00:00,rep_visit,0
288,2025-11-20 16:00:00,digital_ad,0
288,2025-12-11 17:00:00,digital_ad,1
288,2025-12-23 12:00:00,email,0
289,2025-01-28 10:00:00,rep_visit,1
289,2025-02-07 17:00:00,rep_visit,1
289,2025-02-11 12:00:00,digital_ad,0
289,2025-02-22 09:00:00,phone_call,1
289,2025-02-28 12:00:00,phone_call,1
289,2025-03-18 12:00:00,rep_visit,1
289,2025-04-09 17:00:00,digital_ad,1
289,2025-04-15 17:00:00,webinar,1
289,2025-04-22 17:00:00,rep_visit,1
289,2025-05-12 13:00:00,rep_visit,1
289,2025-05-27 08:00:00,webinar,0
289,2025-06-02 08:00:00,rep_visit,0
289,2025-06-11 11:00:00,rep_visit,1
289,2025-06-16 14:00:00,webinar,0
289,2025-06-26 17:00:00,digital_ad,0
289,2025-07-08 09:00:00,webinar,1
289,2025-07-25 09:00:00,rep_visit,1
289,2025-07-28 14:00:00,rep_visit,1
289,2025-08-07 13:00:00,webinar,0
289,2025-08-13 12:00:00,webinar,0
289,2025-08-20 17:00:00,phone_call,1
289,2025-09-05 16:00:00,phone_call,1
289,2025-09-11 14:00:00,webinar,0
289,2025-09-16 13:00:00,webinar,0
289,2025-09-24 17:00:00,rep_visit,1
289,2025-10-06 10:00:00,rep_visit,1
289,2025-10-13 12:00:00,phone_call,0
289,2025-10-21 14:00:00,rep_visit,1
289,2025-11-07 11:00:00,rep_visit,1
289,2025-11-11 14:00:00,rep_visit,0
289,2025-11-19 13:00:00,rep_visit,1
289,2025-12-01 10:00:00,phone_call,0
289,2025-12-11 10:00:00,rep_visit,1
289,2025-12-17 17:00:00,phone_call,0
289,2025-12-31 11:00:00,phone_call,0
290,2025-01-22 12:00:00,digital_ad,0
290,2025-01-29 17:00:00,phone_call,0
290,2025-02-18 08:00:00,phone_call,0
290,2025-02-28 08:00:00,digital_ad,0
290,2025-04-08 10:00:00,email,0
290,2025-05-20 14:00:00,digital_ad,0
290,2025-05-30 15:00:00,rep_visit,0
290,2025-06-02 16:00:00,phone_call,0
290,2025-06-13 12:00:00,email,0
290,2025-06-26 10:00:00,webinar,0
290,2025-07-01 12:00:00,rep_visit,0
290,2025-07-14 12:00:00,email,0
290,2025-07-30 16:00:00,webinar,0
290,2025-08-08 10:00:00,rep_visit,0
290,2025-08-13 10:00:00,phone_call,0
290,2025-08-19 14:00:00,phone_call,0
290,2025-09-12 09:00:00,rep_visit,0
290,2025-09-22 12:00:00,webinar,0
290,2025-10-10 09:00:00,email,0
290,2025-10-16 13:00:00,phone_call,0
290,2025-10-27 13:00:00,email,0
290,2025-11-05 17:00:00,digital_ad,0
290,2025-11-14 16:00:00,phone_call,1
290,2025-11-21 11:00:00,rep_visit,0
290,2025-12-03 09:00:00,phone_call,1
290,2025-12-15 08:00:00,email,1
291,2025-02-06 16:00:00,digital_ad,0
291,2025-03-10 16:00:00,rep_visit,1
291,2025-03-28 08:00:00,phone_call,1
291,2025-04-01 17:00:00,phone_call,0
291,2025-06-13 16:00:00,rep_visit,1
291,2025-08-05 16:00:00,phone_call,0
291,2025-08-18 16:00:00,phone_call,0
291,2025-09-19 08:00:00,rep_visit,1
291,2025-10-08 10:00:00,rep_visit,1
291,2025-11-12 14:00:00,rep_visit,0
291,2025-12-08 12:00:00,rep_visit,0
291,2025-12-29 12:00:00,phone_call,1
292,2025-01-31 11:00:00,rep_visit,1
292,2025-02-13 14:00:00,rep_visit,1
292,2025-03-26 08:00:00,rep_visit,1
292,2025-04-25 08:00:00,email,0
292,2025-06-17 12:00:00,phone_call,1
292,2025-07-24 16:00:00,webinar,1
292,2025-08-18 11:00:00,phone_call,1
292,2025-09-10 14:00:00,email,0
292,2025-10-02 13:00:00,rep_visit,1
292,2025-10-09 15:00:00,rep_visit,1
292,2025-11-14 10:00:00,phone_call,1
292,2025-11-19 10:00:00,webinar,1
293,2025-02-14 17:00:00,digital_ad,1
293,2025-03-05 14:00:00,digital_ad,1
293,2025-03-19 16:00:00,digital_ad,0
293,2025-03-31 08:00:00,email,0
293,2025-05-12 09:00:00,email,0
293,2025-05-21 09:00:00,digital_ad,0
293,2025-05-30 17:00:00,email,0
293,2025-06-18 10:00:00,webinar,1
293,2025-06-30 15:00:00,digital_ad,0
293,2025-07-08 08:00:00,phone_call,1
293,2025-08-14 12:00:00,email,0
293,2025-08-19 17:00:00,rep_visit,0
293,2025-08-29 11:00:00,email,0
293,2025-09-30 11:00:00,email,0
293,2025-10-29 15:00:00,webinar,0
293,2025-11-06 12:00:00,phone_call,0
293,2025-11-20 16:00:00,email,0
293,2025-12-25 12:00:00,webinar,1
293,2026-01-02 12:00:00,digital_ad,0
294,2025-01-24 10:00:00,webinar,1
294,2025-02-01 15:00:00,phone_call,0
294,2025-02-08 09:00:00,email,0
294,2025-02-21 16:00:00,email,0
294,2025-03-28 14:00:00,rep_visit,1
294,2025-06-19 10:00:00,email,0
294,2025-08-21 12:00:00,rep_visit,0
294,2025-09-04 16:00:00,digital_ad,0
294,2025-09-23 10:00:00,phone_call,0
294,2025-10-14 11:00:00,digital_ad,0
294,2025-10-21 13:00:00,digital_ad,1
294,2025-11-03 13:00:00,rep_visit,0
295,2025-01-14 13:00:00,rep_visit,1
295,2025-01-21 09:00:00,rep_visit,0
295,2025-02-11 13:00:00,webinar,1
295,2025-02-19 17:00:00,digital_ad,0
295,2025-02-28 14:00:00,phone_call,0
295,2025-03-04 10:00:00,webinar,1
295,2025-03-12 10:00:00,rep_visit,1
295,2025-03-17 09:00:00,phone_call,0
295,2025-04-30 13:00:00,phone_call,1
295,2025-05-15 16:00:00,rep_visit,1
295,2025-05-21 08:00:00,rep_visit,0
295,2025-05-27 11:00:00,webinar,0
295,2025-06-03 13:00:00,phone_call,0
295,2025-06-17 11:00:00,email,0
295,2025-07-10 09:00:00,phone_call,1
295,2025-07-17 09:00:00,rep_visit,0
295,2025-07-22 14:00:00,phone_call,1
295,2025-08-27 08:00:00,rep_visit,1
295,2025-09-05 09:00:00,email,0
295,2025-09-19 11:00:00,rep_visit,1
295,2025-10-01 15:00:00,digital_ad,0
295,2025-10-15 15:00:00,email,0
295,2025-10-22 09:00:00,phone_call,0
295,2025-11-04 16:00:00,phone_call,1
295,2025-11-12 10:00:00,webinar,0
295,2025-11-24 15:00:00,phone_call,0
295,2025-12-09 13:00:00,rep_visit,1
295,2025-12-23 13:00:00,webinar,0
296,2025-02-19 12:00:00,digital_ad,0
296,2025-03-06 10:00:00,phone_call,0
296,2025-03-11 13:00:00,webinar,0
296,2025-03-21 09:00:00,phone_call,0
296,2025-05-26 08:00:00,webinar,0
296,2025-06-27 11:00:00,email,0
296,2025-08-12 12:00:00,phone_call,0
296,2025-08-20 17:00:00,phone_call,0
296,2025-09-09 12:00:00,digital_ad,0
296,2025-09-15 16:00:00,email,1
296,2025-10-28 08:00:00,phone_call,0
296,2025-12-22 17:00:00,phone_call,1
297,2025-01-22 11:00:00,digital_ad,0
297,2025-02-08 13:00:00,phone_call,1
297,2025-02-15 13:00:00,email,0
297,2025-03-06 12:00:00,email,0
297,2025-03-24 14:00:00,webinar,0
297,2025-04-04 11:00:00,rep_visit,0
297,2025-04-10 10:00:00,webinar,0
297,2025-06-11 14:00:00,phone_call,0
297,2025-08-01 15:00:00,digital_ad,1
297,2025-09-08 13:00:00,digital_ad,0
297,2025-09-26 15:00:00,email,1
297,2025-11-04 13:00:00,digital_ad,0
297,2025-11-21 08:00:00,email,0
297,2025-12-01 13:00:00,email,0
298,2025-01-14 08:00:00,rep_visit,0
298,2025-02-11 10:00:00,rep_visit,1
298,2025-02-25 15:00:00,email,0
298,2025-03-05 11:00:00,rep_visit,0
298,2025-03-11 15:00:00,email,0
298,2025-03-21 13:00:00,webinar,0
298,2025-05-08 16:00:00,phone_call,0
298,2025-05-14 16:00:00,rep_visit,1
298,2025-05-30 11:00:00,phone_call,1
298,2025-06-06 16:00:00,rep_visit,0
298,2025-06-10 12:00:00,rep_visit,0
298,2025-06-19 16:00:00,rep_visit,1
298,2025-07-24 14:00:00,rep_visit,0
298,2025-08-05 08:00:00,webinar,0
298,2025-08-26 13:00:00,phone_call,1
298,2025-09-09 12:00:00,rep_visit,1
298,2025-10-07 10:00:00,webinar,1
298,2025-10-22 12:00:00,phone_call,0
298,2025-10-31 17:00:00,phone_call,0
298,2025-11-03 09:00:00,phone_call,0
298,2025-11-12 13:00:00,digital_ad,0
298,2025-11-17 12:00:00,rep_visit,0
298,2025-12-09 10:00:00,phone_call,0
298,2025-12-17 09:00:00,rep_visit,1
299,2025-03-07 13:00:00,rep_visit,1
299,2025-03-17 11:00:00,phone_call,0
299,2025-04-18 08:00:00,phone_call,0
299,2025-05-27 08:00:00,phone_call,1
299,2025-06-18 08:00:00,rep_visit,0
299,2025-06-25 12:00:00,webinar,0
299,2025-07-18 12:00:00,digital_ad,0
299,2025-07-25 13:00:00,rep_visit,0
299,2025-07-31 17:00:00,rep_visit,0
299,2025-08-07 09:00:00,rep_visit,0
299,2025-08-13 11:00:00,phone_call,1
299,2025-08-25 14:00:00,phone_call,0
299,2025-09-05 15:00:00,phone_call,1
299,2025-09-09 11:00:00,rep_visit,0
299,2025-09-19 14:00:00,phone_call,1
299,2025-10-10 16:00:00,phone_call,0
299,2025-10-21 14:00:00,email,0
299,2025-10-27 11:00:00,webinar,0
299,2025-11-05 08:00:00,rep_visit,0
299,2025-11-10 12:00:00,webinar,0
299,2025-12-11 14:00:00,phone_call,1
299,2025-12-19 14:00:00,email,0
299,2025-12-31 12:00:00,digital_ad,0
300,2025-01-16 17:00:00,webinar,0
300,2025-01-21 15:00:00,webinar,0
300,2025-01-30 15:00:00,rep_visit,1
300,2025-02-11 14:00:00,webinar,1
300,2025-03-03 17:00:00,phone_call,1
300,2025-03-11 12:00:00,rep_visit,1
300,2025-03-17 16:00:00,rep_visit,1
300,2025-03-28 10:00:00,rep_visit,0
300,2025-04-01 08:00:00,rep_visit,0
300,2025-04-11 09:00:00,phone_call,0
300,2025-04-14 13:00:00,phone_call,0
300,2025-04-22 14:00:00,rep_visit,1
300,2025-05-07 17:00:00,phone_call,1
300,2025-05-16 17:00:00,rep_visit,1
300,2025-06-03 08:00:00,phone_call,0
300,2025-06-13 10:00:00,rep_visit,0
300,2025-07-09 09:00:00,rep_visit,1
300,2025-08-21 16:00:00,phone_call,1
300,2025-08-27 09:00:00,digital_ad,0
300,2025-09-03 17:00:00,phone_call,0
300,2025-09-10 15:00:00,phone_call,0
300,2025-09-23 12:00:00,digital_ad,0
300,2025-10-08 10:00:00,rep_visit,1
300,2025-10-13 09:00:00,phone_call,0
300,2025-10-24 15:00:00,webinar,0
300,2025-10-29 13:00:00,rep_visit,1
300,2025-12-15 13:00:00,rep_visit,1
300,2025-12-22 14:00:00,rep_visit,0
300,2026-01-01 10:00:00,webinar,0
301,2025-01-24 08:00:00,phone_call,1
301,2025-02-04 10:00:00,phone_call,1
301,2025-03-12 13:00:00,rep_visit,1
301,2025-03-17 11:00:00,webinar,0
301,2025-03-25 14:00:00,digital_ad,0
301,2025-04-04 17:00:00,phone_call,0
301,2025-04-24 08:00:00,rep_visit,1
301,2025-05-01 10:00:00,rep_visit,0
301,2025-05-19 12:00:00,phone_call,1
301,2025-05-29 16:00:00,phone_call,0
301,2025-06-02 11:00:00,rep_visit,0
301,2025-06-18 08:00:00,digital_ad,0
301,2025-07-02 10:00:00,phone_call,0
301,2025-07-17 12:00:00,email,0
301,2025-08-11 10:00:00,rep_visit,1
301,2025-09-04 08:00:00,phone_call,0
301,2025-10-17 13:00:00,rep_visit,1
301,2025-11-07 12:00:00,webinar,0
301,2025-11-11 16:00:00,rep_visit,0
301,2025-12-12 16:00:00,rep_visit,1
301,2025-12-26 14:00:00,phone_call,1
302,2025-01-24 12:00:00,email,0
302,2025-01-29 09:00:00,digital_ad,0
302,2025-03-07 09:00:00,phone_call,1
302,2025-04-03 17:00:00,digital_ad,1
302,2025-05-06 13:00:00,phone_call,0
302,2025-06-16 15:00:00,phone_call,0
302,2025-07-04 17:00:00,digital_ad,0
302,2025-07-11 13:00:00,webinar,0
302,2025-07-18 12:00:00,email,0
302,2025-08-15 13:00:00,phone_call,1
302,2025-08-26 08:00:00,digital_ad,0
302,2025-09-04 09:00:00,digital_ad,0
302,2025-10-10 09:00:00,digital_ad,0
302,2025-11-04 16:00:00,email,0
302,2025-12-31 15:00:00,phone_call,0
303,2025-01-17 16:00:00,rep_visit,1
303,2025-01-25 08:00:00,rep_visit,0
303,2025-02-08 08:00:00,rep_visit,0
303,2025-02-28 09:00:00,email,0
303,2025-03-03 08:00:00,digital_ad,0
303,2025-04-04 12:00:00,phone_call,1
303,2025-04-14 09:00:00,rep_visit,1
303,2025-05-05 16:00:00,email,1
303,2025-05-19 09:00:00,phone_call,0
303,2025-05-26 12:00:00,phone_call,0
303,2025-06-19 16:00:00,rep_visit,1
303,2025-07-01 14:00:00,rep_visit,0
303,2025-07-11 16:00:00,email,0
303,2025-07-14 08:00:00,email,0
303,2025-08-06 15:00:00,rep_visit,1
303,2025-08-28 14:00:00,email,0
303,2025-09-17 11:00:00,phone_call,1
303,2025-09-22 17:00:00,email,0
303,2025-10-08 16:00:00,digital_ad,0
303,2025-11-13 16:00:00,email,0
303,2025-12-02 15:00:00,digital_ad,1
303,2025-12-08 09:00:00,rep_visit,0
303,2025-12-15 13:00:00,digital_ad,0
303,2025-12-22 08:00:00,webinar,0
303,2025-12-30 09:00:00,phone_call,1
304,2025-01-16 10:00:00,webinar,0
304,2025-01-30 11:00:00,phone_call,0
304,2025-03-03 11:00:00,phone_call,0
304,2025-03-17 13:00:00,phone_call,0
304,2025-03-27 10:00:00,rep_visit,0
304,2025-04-03 12:00:00,rep_visit,0
304,2025-04-09 12:00:00,phone_call,0
304,2025-04-15 16:00:00,webinar,0
304,2025-04-29 12:00:00,rep_visit,1
304,2025-05-06 16:00:00,email,0
304,2025-05-15 08:00:00,phone_call,0
304,2025-05-21 11:00:00,email,0
304,2025-06-06 15:00:00,phone_call,0
304,2025-06-17 13:00:00,email,1
304,2025-07-02 10:00:00,email,0
304,2025-07-24 11:00:00,email,0
304,2025-07-29 10:00:00,rep_visit,0
304,2025-08-21 14:00:00,rep_visit,1
304,2025-09-03 09:00:00,email,0
304,2025-09-08 12:00:00,digital_ad,0
304,2025-10-23 17:00:00,phone_call,0
304,2025-11-20 09:00:00,digital_ad,0
304,2025-11-24 11:00:00,digital_ad,0
304,2025-12-02 08:00:00,phone_call,0
304,2025-12-11 11:00:00,email,0
304,2025-12-19 14:00:00,email,0
304,2025-12-23 15:00:00,email,0
305,2025-01-21 14:00:00,email,0
305,2025-02-08 14:00:00,email,0
305,2025-02-15 09:00:00,email,0
305,2025-03-12 08:00:00,digital_ad,1
305,2025-03-17 12:00:00,email,0
305,2025-03-25 10:00:00,email,0
305,2025-04-01 14:00:00,phone_call,0
305,2025-04-18 12:00:00,email,0
305,2025-04-28 14:00:00,email,0
305,2025-05-15 15:00:00,webinar,1
305,2025-05-22 14:00:00,digital_ad,0
305,2025-05-29 08:00:00,email,0
305,2025-06-20 17:00:00,webinar,1
305,2025-07-22 12:00:00,digital_ad,0
305,2025-08-12 08:00:00,phone_call,0
305,2025-09-02 08:00:00,email,0
305,2025-10-21 09:00:00,email,0
305,2025-12-03 11:00:00,email,0
305,2025-12-22 12:00:00,digital_ad,0
306,2025-02-26 08:00:00,digital_ad,0
306,2025-03-26 13:00:00,webinar,1
306,2025-06-11 14:00:00,digital_ad,0
306,2025-07-01 09:00:00,webinar,0
306,2025-08-26 12:00:00,webinar,0
306,2025-09-18 14:00:00,rep_visit,0
307,2025-02-15 14:00:00,digital_ad,0
307,2025-02-18 12:00:00,phone_call,0
307,2025-03-14 14:00:00,email,0
307,2025-05-16 12:00:00,email,0
307,2025-05-20 14:00:00,digital_ad,0
307,2025-05-28 09:00:00,email,0
307,2025-06-05 11:00:00,webinar,1
307,2025-06-25 17:00:00,digital_ad,0
307,2025-07-21 17:00:00,webinar,1
307,2025-08-05 11:00:00,phone_call,0
307,2025-09-02 15:00:00,email,0
307,2025-10-20 16:00:00,rep_visit,0
307,2025-11-24 15:00:00,rep_visit,0
308,2025-01-14 09:00:00,email,0
308,2025-02-04 13:00:00,digital_ad,0
308,2025-03-10 14:00:00,rep_visit,1
308,2025-03-19 13:00:00,webinar,0
308,2025-03-24 12:00:00,rep_visit,0
308,2025-04-17 14:00:00,digital_ad,0
308,2025-05-12 13:00:00,webinar,0
308,2025-05-23 17:00:00,webinar,1
308,2025-05-28 12:00:00,digital_ad,0
308,2025-06-06 08:00:00,phone_call,0
308,2025-06-12 13:00:00,rep_visit,0
308,2025-07-03 11:00:00,digital_ad,0
308,2025-07-11 09:00:00,phone_call,0
308,2025-07-14 14:00:00,rep_visit,0
308,2025-07-21 14:00:00,phone_call,0
308,2025-08-06 09:00:00,email,0
308,2025-08-12 16:00:00,phone_call,0
308,2025-08-22 09:00:00,webinar,0
308,2025-08-27 17:00:00,phone_call,0
308,2025-09-12 13:00:00,rep_visit,0
308,2025-09-15 15:00:00,webinar,0
308,2025-10-01 11:00:00,phone_call,0
308,2025-10-20 15:00:00,rep_visit,1
308,2025-11-06 09:00:00,webinar,0
308,2025-11-26 10:00:00,phone_call,0
308,2026-01-01 14:00:00,rep_visit,0
309,2025-01-18 17:00:00,phone_call,1
309,2025-01-31 11:00:00,digital_ad,1
309,2025-03-05 17:00:00,digital_ad,0
309,2025-03-11 11:00:00,email,1
309,2025-03-28 10:00:00,email,0
309,2025-04-01 14:00:00,email,0
309,2025-04-18 11:00:00,digital_ad,0
309,2025-04-25 13:00:00,webinar,1
309,2025-04-29 16:00:00,email,1
309,2025-05-06 10:00:00,rep_visit,0
309,2025-05-21 15:00:00,digital_ad,0
309,2025-06-13 11:00:00,digital_ad,1
309,2025-06-18 15:00:00,email,0
309,2025-06-24 17:00:00,digital_ad,0
309,2025-07-09 08:00:00,phone_call,1
309,2025-07-16 08:00:00,digital_ad,0
309,2025-07-29 11:00:00,email,0
309,2025-08-12 16:00:00,email,1
309,2025-08-19 15:00:00,rep_visit,0
309,2025-08-27 11:00:00,digital_ad,0
309,2025-09-01 09:00:00,phone_call,0
309,2025-09-18 12:00:00,rep_visit,0
309,2025-09-29 14:00:00,digital_ad,0
309,2025-10-08 16:00:00,email,0
309,2025-10-22 13:00:00,digital_ad,0
309,2025-10-28 17:00:00,email,0
309,2025-11-04 12:00:00,digital_ad,0
309,2025-11-18 14:00:00,email,1
309,2025-11-28 14:00:00,digital_ad,0
309,2025-12-02 14:00:00,rep_visit,0
309,2025-12-09 09:00:00,rep_visit,0
309,2025-12-18 15:00:00,email,0
309,2025-12-30 10:00:00,email,0
310,2025-01-16 13:00:00,webinar,1
310,2025-01-21 12:00:00,rep_visit,0
310,2025-01-30 14:00:00,webinar,0
310,2025-02-08 13:00:00,phone_call,0
310,2025-02-14 11:00:00,rep_visit,0
310,2025-03-07 15:00:00,webinar,1
310,2025-04-25 14:00:00,rep_visit,1
310,2025-05-02 17:00:00,webinar,0
310,2025-05-09 14:00:00,phone_call,1
310,2025-05-30 10:00:00,phone_call,0
310,2025-06-11 08:00:00,phone_call,1
310,2025-06-18 10:00:00,digital_ad,0
310,2025-07-02 12:00:00,webinar,0
310,2025-07-10 14:00:00,phone_call,0
310,2025-07-21 17:00:00,phone_call,1
310,2025-07-31 10:00:00,phone_call,1
310,2025-08-18 10:00:00,phone_call,0
310,2025-09-05 13:00:00,rep_visit,1
310,2025-10-10 12:00:00,email,0
310,2025-10-13 08:00:00,email,1
310,2025-10-20 17:00:00,email,0
310,2025-10-29 15:00:00,email,0
310,2025-11-13 10:00:00,phone_call,0
310,2025-12-10 14:00:00,rep_visit,1
310,2025-12-16 16:00:00,phone_call,0
310,2025-12-26 15:00:00,phone_call,0
310,2026-01-02 11:00:00,phone_call,0
311,2025-01-17 11:00:00,email,1
311,2025-01-31 11:00:00,phone_call,0
311,2025-02-18 15:00:00,email,0
311,2025-03-13 12:00:00,email,0
311,2025-03-18 14:00:00,webinar,0
311,2025-03-25 12:00:00,webinar,0
311,2025-04-08 15:00:00,phone_call,1
311,2025-04-16 11:00:00,phone_call,0
311,2025-05-19 12:00:00,email,0
311,2025-05-27 17:00:00,phone_call,1
311,2025-06-23 13:00:00,rep_visit,1
311,2025-07-09 08:00:00,digital_ad,0
311,2025-08-05 11:00:00,email,1
311,2025-08-15 09:00:00,phone_call,0
311,2025-08-18 13:00:00,email,0
311,2025-09-19 09:00:00,phone_call,0
311,2025-11-14 15:00:00,email,0
311,2025-12-16 15:00:00,webinar,0
311,2025-12-25 11:00:00,phone_call,0
312,2025-01-21 14:00:00,rep_visit,1
312,2025-01-29 13:00:00,email,0
312,2025-02-12 15:00:00,rep_visit,0
312,2025-02-21 09:00:00,webinar,0
312,2025-03-06 12:00:00,email,0
312,2025-03-14 15:00:00,digital_ad,0
312,2025-04-14 11:00:00,digital_ad,0
312,2025-04-30 17:00:00,phone_call,1
312,2025-05-29 15:00:00,webinar,1
312,2025-06-24 13:00:00,rep_visit,1
312,2025-07-04 12:00:00,webinar,0
312,2025-07-29 09:00:00,webinar,0
312,2025-08-04 09:00:00,phone_call,0
312,2025-08-14 17:00:00,phone_call,1
312,2025-08-18 15:00:00,email,0
312,2025-08-27 10:00:00,webinar,0
312,2025-10-03 10:00:00,phone_call,0
312,2025-10-07 14:00:00,rep_visit,0
312,2025-10-30 17:00:00,rep_visit,1
312,2025-11-10 08:00:00,webinar,0
312,2025-11-27 16:00:00,rep_visit,1
312,2025-12-11 12:00:00,rep_visit,0
312,2025-12-19 17:00:00,email,0
312,2025-12-30 11:00:00,rep_visit,1
313,2025-01-18 12:00:00,phone_call,1
313,2025-02-08 16:00:00,rep_visit,1
313,2025-02-15 12:00:00,phone_call,0
313,2025-03-04 17:00:00,rep_visit,1
313,2025-03-11 09:00:00,webinar,0
313,2025-04-02 13:00:00,phone_call,0
313,2025-04-15 10:00:00,webinar,1
313,2025-04-24 13:00:00,webinar,0
313,2025-04-28 09:00:00,webinar,1
313,2025-05-19 12:00:00,rep_visit,1
313,2025-05-28 09:00:00,phone_call,0
313,2025-06-05 14:00:00,phone_call,0
313,2025-06-09 16:00:00,rep_visit,0
313,2025-06-16 11:00:00,rep_visit,0
313,2025-06-26 08:00:00,rep_visit,1
313,2025-07-02 12:00:00,rep_visit,1
313,2025-07-10 15:00:00,phone_call,1
313,2025-07-16 11:00:00,email,0
313,2025-07-21 09:00:00,phone_call,0
313,2025-07-29 16:00:00,rep_visit,1
313,2025-08-08 16:00:00,email,0
313,2025-08-12 17:00:00,phone_call,0
313,2025-08-28 14:00:00,phone_call,0
313,2025-09-03 14:00:00,webinar,0
313,2025-09-15 10:00:00,rep_visit,1
313,2025-10-09 10:00:00,phone_call,0
313,2025-10-14 10:00:00,phone_call,1
313,2025-10-22 10:00:00,webinar,1
313,2025-10-31 16:00:00,phone_call,0
313,2025-11-07 10:00:00,phone_call,0
313,2025-11-28 10:00:00,phone_call,0
313,2025-12-09 15:00:00,digital_ad,0
313,2025-12-18 15:00:00,phone_call,0
313,2025-12-22 12:00:00,phone_call,0
313,2025-12-30 11:00:00,rep_visit,1
314,2025-01-16 10:00:00,phone_call,0
314,2025-01-25 12:00:00,digital_ad,0
314,2025-02-01 17:00:00,email,0
314,2025-02-04 16:00:00,digital_ad,0
314,2025-02-15 16:00:00,email,0
314,2025-02-21 13:00:00,rep_visit,1
314,2025-03-06 16:00:00,email,1
314,2025-03-21 09:00:00,phone_call,0
314,2025-03-27 10:00:00,digital_ad,0
314,2025-03-31 11:00:00,phone_call,0
314,2025-04-14 17:00:00,digital_ad,0
314,2025-04-29 14:00:00,webinar,1
314,2025-05-08 15:00:00,webinar,0
314,2025-06-10 13:00:00,email,0
314,2025-06-16 11:00:00,rep_visit,0
314,2025-06-23 12:00:00,email,0
314,2025-07-04 08:00:00,digital_ad,0
314,2025-08-01 14:00:00,webinar,0
314,2025-08-07 10:00:00,email,0
314,2025-09-18 16:00:00,email,1
314,2025-09-29 12:00:00,email,0
314,2025-10-06 16:00:00,digital_ad,0
314,2025-10-17 14:00:00,email,1
314,2025-11-27 11:00:00,phone_call,0
314,2025-12-02 09:00:00,email,1
314,2025-12-10 11:00:00,email,1
314,2025-12-25 13:00:00,webinar,0
314,2026-01-01 09:00:00,digital_ad,0
315,2025-01-16 10:00:00,webinar,0
315,2025-01-23 11:00:00,email,1
315,2025-02-07 09:00:00,email,0
315,2025-02-13 15:00:00,digital_ad,0
315,2025-02-28 13:00:00,phone_call,0
315,2025-03-06 08:00:00,email,0
315,2025-03-24 10:00:00,digital_ad,0
315,2025-04-02 14:00:00,webinar,0
315,2025-04-11 13:00:00,email,0
315,2025-04-23 09:00:00,phone_call,0
315,2025-05-23 13:00:00,email,0
315,2025-05-26 08:00:00,webinar,0
315,2025-06-02 11:00:00,email,0
315,2025-06-19 15:00:00,phone_call,0
315,2025-07-02 16:00:00,webinar,1
315,2025-07-10 15:00:00,email,0
315,2025-07-18 08:00:00,email,0
315,2025-07-25 11:00:00,webinar,1
315,2025-07-30 15:00:00,email,0
315,2025-08-08 09:00:00,digital_ad,0
315,2025-08-11 17:00:00,digital_ad,0
315,2025-08-19 12:00:00,phone_call,1
315,2025-08-26 09:00:00,digital_ad,0
315,2025-09-03 09:00:00,email,0
315,2025-09-09 13:00:00,rep_visit,0
315,2025-09-19 13:00:00,digital_ad,0
315,2025-09-23 11:00:00,email,0
315,2025-10-17 16:00:00,phone_call,0
315,2025-10-28 14:00:00,digital_ad,0
315,2025-11-05 17:00:00,digital_ad,0
315,2025-12-03 13:00:00,digital_ad,1
315,2025-12-23 11:00:00,email,0
315,2025-12-29 10:00:00,digital_ad,0
316,2025-01-22 17:00:00,email,1
316,2025-01-28 11:00:00,phone_call,0
316,2025-02-28 16:00:00,webinar,1
316,2025-03-10 09:00:00,email,1
316,2025-04-07 08:00:00,email,1
316,2025-05-08 13:00:00,email,1
316,2025-05-13 08:00:00,phone_call,0
316,2025-05-20 14:00:00,webinar,1
316,2025-05-27 12:00:00,phone_call,0
316,2025-06-11 08:00:00,email,1
316,2025-06-24 11:00:00,digital_ad,0
316,2025-07-01 09:00:00,phone_call,0
316,2025-07-07 16:00:00,rep_visit,0
316,2025-08-14 12:00:00,phone_call,1
316,2025-08-18 13:00:00,webinar,0
316,2025-08-26 11:00:00,phone_call,0
316,2025-09-01 08:00:00,rep_visit,0
316,2025-10-15 15:00:00,digital_ad,0
316,2025-10-31 14:00:00,rep_visit,1
316,2025-11-04 15:00:00,webinar,0
316,2025-11-25 17:00:00,webinar,0
316,2025-12-11 14:00:00,email,1
316,2025-12-19 10:00:00,digital_ad,0
316,2025-12-25 17:00:00,rep_visit,1
316,2025-12-30 09:00:00,email,0
317,2025-01-14 17:00:00,rep_visit,0
317,2025-01-23 16:00:00,email,0
317,2025-01-29 16:00:00,rep_visit,0
317,2025-02-05 11:00:00,rep_visit,0
317,2025-02-28 13:00:00,rep_visit,1
317,2025-03-11 15:00:00,rep_visit,0
317,2025-04-02 16:00:00,email,1
317,2025-04-16 11:00:00,webinar,0
317,2025-05-01 08:00:00,phone_call,0
317,2025-05-12 14:00:00,phone_call,1
317,2025-05-23 14:00:00,phone_call,0
317,2025-05-27 16:00:00,email,0
317,2025-07-10 08:00:00,phone_call,1
317,2025-07-21 09:00:00,webinar,0
317,2025-07-30 11:00:00,email,1
317,2025-08-08 12:00:00,rep_visit,0
317,2025-08-11 14:00:00,phone_call,0
317,2025-08-22 11:00:00,rep_visit,0
317,2025-08-29 08:00:00,rep_visit,0
317,2025-09-02 11:00:00,webinar,0
317,2025-09-17 09:00:00,phone_call,1
317,2025-10-01 14:00:00,email,0
317,2025-10-29 12:00:00,phone_call,1
317,2025-11-11 15:00:00,digital_ad,0
317,2025-12-04 15:00:00,phone_call,0
317,2026-01-01 09:00:00,email,0
318,2025-02-18 16:00:00,email,0
318,2025-03-13 10:00:00,webinar,1
318,2025-04-04 11:00:00,rep_visit,1
318,2025-04-15 15:00:00,rep_visit,1
318,2025-04-24 15:00:00,phone_call,1
318,2025-06-12 09:00:00,rep_visit,1
318,2025-06-24 10:00:00,phone_call,0
318,2025-07-02 17:00:00,rep_visit,1
318,2025-07-15 13:00:00,webinar,0
318,2025-07-29 15:00:00,rep_visit,1
318,2025-08-04 14:00:00,phone_call,0
318,2025-09-10 13:00:00,phone_call,0
318,2025-09-17 08:00:00,rep_visit,0
318,2025-09-30 14:00:00,phone_call,0
318,2025-10-30 11:00:00,phone_call,0
318,2025-11-13 15:00:00,email,0
318,2025-12-10 17:00:00,rep_visit,1
318,2025-12-23 08:00:00,rep_visit,1
319,2025-02-14 10:00:00,rep_visit,0
319,2025-03-27 15:00:00,rep_visit,0
319,2025-05-08 17:00:00,rep_visit,0
319,2025-06-16 11:00:00,rep_visit,1
319,2025-07-07 13:00:00,digital_ad,0
319,2025-08-04 09:00:00,webinar,1
319,2025-08-27 11:00:00,rep_visit,1
319,2025-10-01 12:00:00,webinar,1
319,2025-11-14 15:00:00,rep_visit,1
319,2025-11-21 08:00:00,rep_visit,0
320,2025-01-17 15:00:00,phone_call,0
320,2025-01-24 13:00:00,phone_call,1
320,2025-02-05 15:00:00,phone_call,1
320,2025-02-19 10:00:00,phone_call,1
320,2025-02-28 16:00:00,phone_call,0
320,2025-03-25 14:00:00,rep_visit,1
320,2025-04-23 15:00:00,phone_call,1
320,2025-05-07 13:00:00,email,0
320,2025-07-10 17:00:00,phone_call,0
320,2025-07-31 08:00:00,phone_call,0
320,2025-08-13 14:00:00,rep_visit,1
320,2025-09-02 10:00:00,rep_visit,1
320,2025-09-16 16:00:00,rep_visit,1
320,2025-09-25 15:00:00,webinar,0
320,2025-10-03 17:00:00,webinar,0
320,2025-10-30 11:00:00,rep_visit,1
320,2025-12-19 16:00:00,rep_visit,1
320,2025-12-23 13:00:00,rep_visit,0
321,2025-01-21 08:00:00,email,0
321,2025-02-25 12:00:00,webinar,1
321,2025-03-21 16:00:00,email,0
321,2025-04-04 17:00:00,email,0
321,2025-04-16 17:00:00,digital_ad,0
321,2025-04-23 08:00:00,email,0
321,2025-05-13 09:00:00,email,0
321,2025-05-28 16:00:00,digital_ad,0
321,2025-06-04 12:00:00,rep_visit,0
321,2025-06-19 14:00:00,rep_visit,1
321,2025-08-07 14:00:00,webinar,1
321,2025-08-14 09:00:00,email,0
321,2025-08-28 14:00:00,phone_call,1
321,2025-09-12 16:00:00,webinar,1
321,2025-11-06 10:00:00,rep_visit,1
321,2025-11-20 10:00:00,webinar,1
321,2025-12-05 15:00:00,webinar,1
321,2025-12-10 09:00:00,phone_call,0
321,2025-12-23 10:00:00,email,0
322,2025-01-31 14:00:00,email,0
322,2025-02-06 10:00:00,email,0
322,2025-02-12 08:00:00,digital_ad,0
322,2025-02-22 13:00:00,email,0
322,2025-03-04 13:00:00,email,1
322,2025-03-10 14:00:00,phone_call,0
322,2025-03-17 14:00:00,email,0
322,2025-03-27 09:00:00,rep_visit,0
322,2025-04-04 08:00:00,email,1
322,2025-04-17 08:00:00,digital_ad,0
322,2025-04-23 16:00:00,digital_ad,0
322,2025-04-29 15:00:00,digital_ad,0
322,2025-05-15 10:00:00,rep_visit,0
322,2025-05-19 14:00:00,digital_ad,0
322,2025-06-09 13:00:00,email,1
322,2025-06-25 10:00:00,digital_ad,0
322,2025-07-03 14:00:00,phone_call,0
322,2025-07-09 14:00:00,digital_ad,0
322,2025-07-15 13:00:00,digital_ad,0
322,2025-08-11 13:00:00,email,0
322,2025-08-22 12:00:00,email,1
322,2025-09-03 14:00:00,digital_ad,0
322,2025-09-10 14:00:00,email,0
322,2025-09-18 13:00:00,webinar,0
322,2025-09-22 13:00:00,rep_visit,0
322,2025-10-08 08:00:00,email,0
322,2025-11-03 12:00:00,webinar,0
322,2025-11-12 13:00:00,webinar,0
322,2025-11-26 08:00:00,digital_ad,0
322,2025-12-09 08:00:00,digital_ad,0
322,2025-12-19 08:00:00,digital_ad,0
322,2025-12-24 13:00:00,webinar,0
322,2025-12-31 13:00:00,digital_ad,0
323,2025-01-21 12:00:00,rep_visit,1
323,2025-02-05 09:00:00,rep_visit,1
323,2025-02-15 17:00:00,phone_call,1
323,2025-02-28 11:00:00,webinar,0
323,2025-03-07 12:00:00,digital_ad,0
323,2025-03-19 14:00:00,email,1
323,2025-03-25 11:00:00,rep_visit,1
323,2025-03-31 10:00:00,email,1
323,2025-04-18 15:00:00,webinar,1
323,2025-04-21 12:00:00,phone_call,1
323,2025-04-28 13:00:00,digital_ad,0
323,2025-05-06 09:00:00,email,0
323,2025-05-16 11:00:00,email,1
323,2025-05-19 12:00:00,digital_ad,0
323,2025-06-06 13:00:00,rep_visit,1
323,2025-06-09 10:00:00,phone_call,0
323,2025-06-19 10:00:00,email,0
323,2025-06-26 10:00:00,digital_ad,0
323,2025-06-30 14:00:00,rep_visit,0
323,2025-07-10 10:00:00,email,0
323,2025-08-04 14:00:00,phone_call,0
323,2025-08-13 15:00:00,phone_call,0
323,2025-08-19 09:00:00,email,0
323,2025-08-27 15:00:00,digital_ad,0
323,2025-09-04 14:00:00,webinar,1
323,2025-09-19 16:00:00,email,0
323,2025-09-23 09:00:00,phone_call,0
323,2025-10-17 15:00:00,phone_call,0
323,2025-10-21 11:00:00,digital_ad,0
323,2025-10-27 12:00:00,rep_visit,0
323,2025-11-06 10:00:00,phone_call,0
323,2025-11-11 13:00:00,digital_ad,0
323,2025-11-21 17:00:00,email,1
323,2025-11-24 16:00:00,email,0
323,2025-12-18 17:00:00,rep_visit,0
324,2025-01-18 16:00:00,rep_visit,1
324,2025-01-30 17:00:00,rep_visit,1
324,2025-02-06 17:00:00,phone_call,0
324,2025-02-12 17:00:00,rep_visit,1
324,2025-02-21 13:00:00,rep_visit,1
324,2025-02-28 17:00:00,rep_visit,1
324,2025-03-06 14:00:00,rep_visit,1
324,2025-03-11 17:00:00,rep_visit,1
324,2025-03-18 08:00:00,digital_ad,0
324,2025-03-24 08:00:00,rep_visit,0
324,2025-04-16 08:00:00,webinar,1
324,2025-04-23 12:00:00,webinar,0
324,2025-04-28 10:00:00,rep_visit,0
324,2025-05-16 10:00:00,webinar,1
324,2025-05-27 09:00:00,rep_visit,1
324,2025-06-06 16:00:00,rep_visit,1
324,2025-06-19 16:00:00,phone_call,1
324,2025-06-26 08:00:00,email,0
324,2025-07-29 11:00:00,rep_visit,1
324,2025-08-05 13:00:00,webinar,0
324,2025-08-12 15:00:00,rep_visit,0
324,2025-09-12 13:00:00,phone_call,1
324,2025-10-01 08:00:00,phone_call,0
324,2025-10-06 11:00:00,webinar,0
324,2025-10-30 10:00:00,phone_call,0
324,2025-12-25 14:00:00,email,0
325,2025-01-16 15:00:00,rep_visit,0
325,2025-02-01 15:00:00,phone_call,0
325,2025-03-04 15:00:00,phone_call,1
325,2025-04-09 13:00:00,webinar,1
325,2025-06-27 15:00:00,phone_call,1
325,2025-07-09 08:00:00,email,0
325,2025-08-08 15:00:00,email,0
325,2025-11-14 13:00:00,digital_ad,0
325,2025-11-28 15:00:00,webinar,0
325,2026-01-01 16:00:00,digital_ad,0
326,2025-01-14 13:00:00,email,0
326,2025-01-25 13:00:00,phone_call,0
326,2025-01-31 14:00:00,email,0
326,2025-02-08 10:00:00,phone_call,0
326,2025-03-06 16:00:00,webinar,1
326,2025-04-01 16:00:00,email,0
326,2025-05-01 17:00:00,phone_call,0
326,2025-05-12 17:00:00,digital_ad,0
326,2025-06-11 15:00:00,email,0
326,2025-06-20 13:00:00,email,0
326,2025-06-25 17:00:00,digital_ad,0
326,2025-07-11 08:00:00,email,0
326,2025-07-31 08:00:00,email,0
326,2025-08-07 09:00:00,digital_ad,0
326,2025-08-12 10:00:00,email,0
326,2025-08-27 10:00:00,digital_ad,1
326,2025-09-01 13:00:00,email,0
326,2025-09-08 16:00:00,phone_call,0
326,2025-10-02 08:00:00,digital_ad,0
326,2025-10-20 08:00:00,webinar,0
326,2025-10-30 08:00:00,phone_call,0
326,2025-11-03 11:00:00,digital_ad,0
326,2025-11-21 09:00:00,digital_ad,0
326,2025-12-04 16:00:00,digital_ad,0
326,2025-12-19 12:00:00,digital_ad,0
326,2026-01-01 16:00:00,digital_ad,0
327,2025-01-15 12:00:00,phone_call,0
327,2025-02-22 16:00:00,webinar,0
327,2025-02-28 16:00:00,rep_visit,1
327,2025-03-10 08:00:00,phone_call,0
327,2025-03-17 11:00:00,digital_ad,0
327,2025-03-25 16:00:00,digital_ad,1
327,2025-04-03 10:00:00,phone_call,1
327,2025-04-08 16:00:00,webinar,0
327,2025-04-16 13:00:00,rep_visit,1
327,2025-04-23 17:00:00,webinar,0
327,2025-04-29 14:00:00,webinar,0
327,2025-05-06 14:00:00,email,0
327,2025-05-14 14:00:00,digital_ad,0
327,2025-05-22 09:00:00,webinar,0
327,2025-06-18 14:00:00,phone_call,0
327,2025-06-24 16:00:00,digital_ad,0
327,2025-06-30 13:00:00,email,0
327,2025-07-08 09:00:00,phone_call,0
327,2025-07-24 11:00:00,phone_call,0
327,2025-07-30 10:00:00,digital_ad,0
327,2025-08-14 12:00:00,webinar,0
327,2025-08-29 08:00:00,email,0
327,2025-09-02 15:00:00,email,0
327,2025-09-09 15:00:00,email,0
327,2025-09-23 13:00:00,digital_ad,0
327,2025-10-01 10:00:00,email,0
327,2025-10-07 17:00:00,phone_call,0
327,2025-10-20 10:00:00,phone_call,0
327,2025-11-10 14:00:00,rep_visit,1
327,2025-11-19 13:00:00,phone_call,1
327,2025-11-27 14:00:00,rep_visit,0
327,2025-12-10 16:00:00,rep_visit,1
327,2025-12-16 08:00:00,phone_call,0
327,2025-12-25 10:00:00,phone_call,0
327,2025-12-31 15:00:00,digital_ad,0
328,2025-01-30 10:00:00,webinar,1
328,2025-03-04 13:00:00,rep_visit,1
328,2025-04-23 17:00:00,webinar,0
328,2025-05-05 09:00:00,email,0
328,2025-05-19 17:00:00,rep_visit,0
328,2025-05-26 14:00:00,webinar,0
328,2025-07-24 10:00:00,phone_call,0
328,2025-08-22 12:00:00,phone_call,1
328,2025-09-04 16:00:00,email,0
328,2025-10-02 10:00:00,email,0
329,2025-01-14 15:00:00,webinar,1
329,2025-01-25 10:00:00,phone_call,0
329,2025-02-07 14:00:00,email,1
329,2025-02-11 10:00:00,rep_visit,0
329,2025-02-27 09:00:00,rep_visit,1
329,2025-03-03 08:00:00,webinar,1
329,2025-03-18 08:00:00,rep_visit,1
329,2025-03-24 15:00:00,email,1
329,2025-04-15 15:00:00,rep_visit,1
329,2025-04-25 12:00:00,rep_visit,1
329,2025-04-28 15:00:00,webinar,0
329,2025-05-08 16:00:00,email,0
329,2025-05-14 14:00:00,digital_ad,0
329,2025-05-21 14:00:00,digital_ad,0
329,2025-05-30 16:00:00,webinar,0
329,2025-06-02 13:00:00,phone_call,0
329,2025-06-18 15:00:00,email,0
329,2025-06-25 11:00:00,digital_ad,0
329,2025-07-02 13:00:00,email,0
329,2025-07-08 11:00:00,rep_visit,0
329,2025-07-24 14:00:00,rep_visit,0
329,2025-07-28 14:00:00,digital_ad,0
329,2025-09-09 12:00:00,email,0
329,2025-09-18 16:00:00,email,0
329,2025-10-07 17:00:00,phone_call,0
329,2025-11-14 10:00:00,rep_visit,1
329,2025-11-26 15:00:00,phone_call,0
329,2025-12-05 15:00:00,email,0
329,2025-12-08 13:00:00,webinar,0
329,2025-12-18 14:00:00,email,0
329,2025-12-30 14:00:00,rep_visit,0
330,2025-01-29 08:00:00,rep_visit,0
330,2025-02-07 14:00:00,webinar,0
330,2025-02-15 16:00:00,rep_visit,0
330,2025-02-18 13:00:00,webinar,0
330,2025-02-25 09:00:00,digital_ad,0
330,2025-03-10 11:00:00,rep_visit,0
330,2025-03-18 10:00:00,phone_call,0
330,2025-04-02 10:00:00,phone_call,0
330,2025-04-18 09:00:00,rep_visit,1
330,2025-05-01 08:00:00,email,0
330,2025-05-15 10:00:00,rep_visit,1
330,2025-05-19 10:00:00,rep_visit,0
330,2025-06-12 15:00:00,phone_call,0
330,2025-06-23 08:00:00,digital_ad,0
330,2025-07-01 14:00:00,rep_visit,0
330,2025-07-07 17:00:00,rep_visit,0
330,2025-07-14 17:00:00,webinar,0
330,2025-08-08 17:00:00,rep_visit,0
330,2025-08-13 08:00:00,phone_call,0
330,2025-08-18 17:00:00,webinar,0
330,2025-08-29 13:00:00,phone_call,0
330,2025-09-08 15:00:00,rep_visit,0
330,2025-10-17 16:00:00,rep_visit,0
330,2025-10-31 10:00:00,rep_visit,0
330,2025-11-21 17:00:00,email,0
330,2025-12-19 15:00:00,rep_visit,0
330,2025-12-25 11:00:00,webinar,0
330,2026-01-01 12:00:00,phone_call,0
331,2025-01-25 12:00:00,phone_call,0
331,2025-01-29 16:00:00,webinar,1
331,2025-02-07 08:00:00,email,1
331,2025-02-20 09:00:00,webinar,1
331,2025-02-27 12:00:00,phone_call,1
331,2025-03-14 10:00:00,digital_ad,0
331,2025-03-27 14:00:00,rep_visit,1
331,2025-04-03 11:00:00,phone_call,0
331,2025-04-14 17:00:00,phone_call,0
331,2025-05-02 14:00:00,email,0
331,2025-05-09 13:00:00,phone_call,0
331,2025-05-22 13:00:00,digital_ad,0
331,2025-05-26 17:00:00,email,0
331,2025-06-02 11:00:00,webinar,0
331,2025-06-11 17:00:00,phone_call,0
331,2025-07-03 15:00:00,digital_ad,0
331,2025-07-11 17:00:00,digital_ad,0
331,2025-07-14 09:00:00,rep_visit,0
331,2025-07-23 12:00:00,phone_call,0
331,2025-08-07 08:00:00,digital_ad,0
331,2025-08-15 14:00:00,webinar,0
331,2025-08-18 12:00:00,webinar,0
331,2025-09-12 13:00:00,rep_visit,1
331,2025-09-25 13:00:00,email,0
331,2025-10-01 08:00:00,rep_visit,0
331,2025-10-22 11:00:00,email,0
331,2025-10-30 08:00:00,email,0
331,2025-11-06 17:00:00,digital_ad,0
331,2025-11-12 16:00:00,digital_ad,0
331,2025-11-20 12:00:00,webinar,0
331,2025-12-02 15:00:00,email,1
331,2025-12-11 08:00:00,phone_call,1
331,2025-12-26 11:00:00,phone_call,0
331,2025-12-30 11:00:00,email,0
332,2025-03-07 13:00:00,email,0
332,2025-03-17 13:00:00,webinar,0
332,2025-04-02 10:00:00,digital_ad,1
332,2025-04-28 10:00:00,phone_call,0
332,2025-05-21 15:00:00,rep_visit,0
332,2025-07-30 12:00:00,webinar,0
332,2025-08-20 08:00:00,rep_visit,0
332,2025-09-05 13:00:00,email,0
332,2025-09-09 12:00:00,email,0
332,2025-10-07 15:00:00,webinar,0
332,2025-10-21 14:00:00,digital_ad,1
332,2025-10-29 13:00:00,email,0
332,2025-11-14 11:00:00,digital_ad,0
333,2025-02-20 16:00:00,phone_call,1
333,2025-04-28 14:00:00,rep_visit,1
333,2025-05-20 13:00:00,phone_call,0
333,2025-05-27 08:00:00,phone_call,0
333,2025-07-15 14:00:00,rep_visit,1
333,2025-08-08 09:00:00,phone_call,1
333,2025-09-18 12:00:00,rep_visit,1
333,2025-10-09 09:00:00,rep_visit,1
333,2025-10-15 15:00:00,webinar,0
333,2025-10-20 10:00:00,phone_call,0
333,2025-12-11 15:00:00,phone_call,0
334,2025-01-21 15:00:00,webinar,0
334,2025-02-14 17:00:00,rep_visit,1
334,2025-02-20 11:00:00,rep_visit,1
334,2025-02-26 08:00:00,phone_call,0
334,2025-03-04 13:00:00,phone_call,0
334,2025-03-19 16:00:00,phone_call,1
334,2025-03-26 11:00:00,phone_call,1
334,2025-04-18 17:00:00,phone_call,1
334,2025-04-25 13:00:00,digital_ad,0
334,2025-05-09 14:00:00,webinar,0
334,2025-05-15 17:00:00,phone_call,0
334,2025-06-03 12:00:00,webinar,0
334,2025-06-09 08:00:00,rep_visit,0
334,2025-06-20 14:00:00,phone_call,1
334,2025-07-04 14:00:00,rep_visit,1
334,2025-07-10 15:00:00,webinar,0
334,2025-09-19 17:00:00,rep_visit,0
334,2025-10-03 11:00:00,phone_call,1
334,2025-10-31 16:00:00,phone_call,1
334,2025-11-04 08:00:00,rep_visit,0
334,2025-11-10 14:00:00,digital_ad,0
334,2025-11-18 11:00:00,rep_visit,1
334,2025-11-25 14:00:00,webinar,0
334,2025-12-05 15:00:00,webinar,0
334,2025-12-15 12:00:00,phone_call,1
334,2025-12-23 17:00:00,email,0
334,2025-12-29 08:00:00,webinar,0
335,2025-02-14 10:00:00,email,1
335,2025-02-25 16:00:00,rep_visit,1
335,2025-03-11 08:00:00,phone_call,0
335,2025-03-17 09:00:00,webinar,1
335,2025-04-02 11:00:00,rep_visit,0
335,2025-04-28 11:00:00,email,0
335,2025-05-07 17:00:00,rep_visit,0
335,2025-05-15 13:00:00,rep_visit,1
335,2025-05-20 11:00:00,rep_visit,0
335,2025-05-27 08:00:00,phone_call,0
335,2025-06-13 17:00:00,phone_call,0
335,2025-06-17 11:00:00,phone_call,0
335,2025-07-03 14:00:00,email,0
335,2025-07-10 16:00:00,phone_call,0
335,2025-08-01 11:00:00,phone_call,1
335,2025-08-26 12:00:00,rep_visit,1
335,2025-09-05 17:00:00,rep_visit,1
335,2025-09-17 08:00:00,phone_call,0
335,2025-09-29 11:00:00,phone_call,0
335,2025-10-08 09:00:00,webinar,0
335,2025-10-22 10:00:00,phone_call,0
335,2025-11-07 15:00:00,webinar,1
335,2025-11-18 12:00:00,rep_visit,1
335,2025-12-04 13:00:00,rep_visit,1
335,2025-12-09 12:00:00,rep_visit,1
335,2025-12-17 09:00:00,email,1
335,2025-12-31 10:00:00,phone_call,0
336,2025-01-30 09:00:00,rep_visit,0
336,2025-02-05 08:00:00,phone_call,0
336,2025-03-03 15:00:00,phone_call,0
336,2025-03-26 15:00:00,rep_visit,0
336,2025-05-01 15:00:00,webinar,1
336,2025-06-02 08:00:00,phone_call,0
336,2025-06-11 09:00:00,phone_call,0
336,2025-06-18 17:00:00,phone_call,0
336,2025-07-01 12:00:00,webinar,0
336,2025-07-18 12:00:00,email,1
336,2025-07-28 15:00:00,rep_visit,0
336,2025-08-12 15:00:00,email,0
336,2025-09-11 12:00:00,digital_ad,0
336,2025-10-01 17:00:00,rep_visit,1
336,2025-10-29 08:00:00,digital_ad,0
336,2025-12-05 10:00:00,rep_visit,0
336,2025-12-15 15:00:00,phone_call,1
337,2025-01-15 13:00:00,email,0
337,2025-01-24 15:00:00,webinar,0
337,2025-02-08 09:00:00,digital_ad,0
337,2025-02-12 14:00:00,digital_ad,0
337,2025-02-18 09:00:00,digital_ad,0
337,2025-02-25 13:00:00,digital_ad,0
337,2025-03-13 08:00:00,webinar,0
337,2025-03-21 08:00:00,rep_visit,1
337,2025-03-28 12:00:00,phone_call,0
337,2025-04-09 12:00:00,digital_ad,0
337,2025-04-16 11:00:00,webinar,0
337,2025-04-22 10:00:00,email,0
337,2025-05-02 13:00:00,email,0
337,2025-06-17 10:00:00,webinar,0
337,2025-06-25 13:00:00,email,0
337,2025-07-02 13:00:00,phone_call,0
337,2025-08-04 10:00:00,email,0
337,2025-09-11 14:00:00,phone_call,0
337,2025-09-15 08:00:00,webinar,0
337,2025-10-01 11:00:00,email,1
337,2025-10-22 10:00:00,webinar,0
337,2025-11-03 08:00:00,webinar,0
337,2025-11-21 15:00:00,digital_ad,0
337,2025-12-10 13:00:00,webinar,0
337,2025-12-24 08:00:00,rep_visit,0
338,2025-01-22 09:00:00,digital_ad,0
338,2025-02-08 10:00:00,phone_call,0
338,2025-02-15 17:00:00,webinar,0
338,2025-03-04 10:00:00,webinar,0
338,2025-03-11 17:00:00,email,0
338,2025-03-19 10:00:00,phone_call,0
338,2025-04-09 17:00:00,digital_ad,0
338,2025-04-25 13:00:00,webinar,0
338,2025-05-07 10:00:00,email,0
338,2025-05-13 09:00:00,digital_ad,0
338,2025-05-23 12:00:00,webinar,0
338,2025-06-09 12:00:00,phone_call,0
338,2025-06-24 15:00:00,email,1
338,2025-07-18 16:00:00,digital_ad,0
338,2025-07-23 08:00:00,digital_ad,0
338,2025-07-30 16:00:00,digital_ad,0
338,2025-08-05 10:00:00,digital_ad,0
338,2025-08-13 12:00:00,digital_ad,0
338,2025-08-27 09:00:00,digital_ad,0
338,2025-09-03 12:00:00,email,1
338,2025-09-08 17:00:00,digital_ad,1
338,2025-10-17 08:00:00,phone_call,1
338,2025-11-11 13:00:00,digital_ad,0
338,2025-11-21 14:00:00,email,0
338,2025-12-12 08:00:00,webinar,0
338,2025-12-16 11:00:00,phone_call,0
338,2026-01-02 12:00:00,digital_ad,1
339,2025-01-23 14:00:00,email,0
339,2025-02-21 13:00:00,webinar,0
339,2025-03-06 14:00:00,digital_ad,1
339,2025-03-12 08:00:00,email,1
339,2025-03-19 17:00:00,rep_visit,1
339,2025-04-02 08:00:00,phone_call,0
339,2025-04-07 14:00:00,phone_call,0
339,2025-04-25 16:00:00,digital_ad,0
339,2025-05-06 08:00:00,rep_visit,1
339,2025-05-21 17:00:00,rep_visit,0
339,2025-05-28 17:00:00,email,0
339,2025-06-09 09:00:00,rep_visit,0
339,2025-06-18 16:00:00,email,0
339,2025-06-24 17:00:00,rep_visit,0
339,2025-07-02 11:00:00,webinar,0
339,2025-07-08 12:00:00,email,0
339,2025-07-14 08:00:00,digital_ad,0
339,2025-07-23 17:00:00,phone_call,0
339,2025-07-28 11:00:00,digital_ad,0
339,2025-08-07 08:00:00,phone_call,0
339,2025-08-13 15:00:00,email,0
339,2025-08-21 13:00:00,email,0
339,2025-09-05 17:00:00,webinar,0
339,2025-09-09 16:00:00,email,0
339,2025-09-16 17:00:00,webinar,1
339,2025-11-07 09:00:00,email,0
339,2025-11-13 14:00:00,digital_ad,0
339,2025-12-15 17:00:00,email,0
340,2025-01-30 15:00:00,webinar,1
340,2025-02-21 10:00:00,email,0
340,2025-02-27 08:00:00,rep_visit,0
340,2025-03-11 14:00:00,phone_call,0
340,2025-03-25 09:00:00,rep_visit,1
340,2025-04-24 10:00:00,rep_visit,1
340,2025-04-28 11:00:00,phone_call,0
340,2025-05-12 08:00:00,rep_visit,1
340,2025-07-04 15:00:00,rep_visit,1
340,2025-07-08 08:00:00,rep_visit,0
340,2025-07-22 12:00:00,rep_visit,1
340,2025-08-01 16:00:00,webinar,0
340,2025-08-29 17:00:00,rep_visit,1
340,2025-09-01 08:00:00,rep_visit,0
340,2025-09-08 12:00:00,phone_call,0
340,2025-10-08 08:00:00,phone_call,0
340,2025-12-01 09:00:00,rep_visit,1
340,2025-12-19 16:00:00,rep_visit,1
340,2026-01-01 10:00:00,rep_visit,0
341,2025-02-28 08:00:00,email,0
341,2025-03-13 17:00:00,digital_ad,0
341,2025-03-17 11:00:00,email,0
341,2025-04-02 09:00:00,rep_visit,1
341,2025-04-23 10:00:00,webinar,0
341,2025-05-06 10:00:00,email,0
341,2025-05-15 09:00:00,digital_ad,0
341,2025-05-21 15:00:00,webinar,0
341,2025-05-29 17:00:00,webinar,0
341,2025-06-06 11:00:00,webinar,0
341,2025-06-13 15:00:00,rep_visit,0
341,2025-07-16 13:00:00,phone_call,1
341,2025-07-31 14:00:00,email,0
341,2025-08-05 14:00:00,email,0
341,2025-08-11 11:00:00,phone_call,0
341,2025-09-02 12:00:00,email,0
341,2025-09-18 08:00:00,email,0
341,2025-10-16 13:00:00,phone_call,0
341,2025-10-23 10:00:00,rep_visit,0
341,2025-11-04 15:00:00,email,0
341,2025-11-12 17:00:00,email,0
341,2025-11-20 10:00:00,email,0
341,2025-11-26 15:00:00,webinar,0
341,2025-12-05 16:00:00,email,0
341,2025-12-11 08:00:00,email,0
341,2025-12-23 11:00:00,phone_call,0
342,2025-01-21 12:00:00,webinar,1
342,2025-02-15 13:00:00,rep_visit,0
342,2025-02-22 15:00:00,digital_ad,0
342,2025-03-12 11:00:00,email,0
342,2025-03-24 17:00:00,phone_call,0
342,2025-04-15 08:00:00,digital_ad,1
342,2025-04-24 09:00:00,digital_ad,0
342,2025-05-14 11:00:00,rep_visit,1
342,2025-05-22 14:00:00,rep_visit,0
342,2025-06-05 14:00:00,phone_call,0
342,2025-06-13 15:00:00,phone_call,0
342,2025-06-19 16:00:00,phone_call,0
342,2025-07-01 15:00:00,digital_ad,0
342,2025-08-01 15:00:00,phone_call,1
342,2025-08-05 14:00:00,email,0
342,2025-08-12 09:00:00,email,0
342,2025-08-18 09:00:00,rep_visit,0
342,2025-09-09 11:00:00,digital_ad,1
342,2025-09-30 13:00:00,webinar,0
342,2025-10-14 08:00:00,phone_call,0
342,2025-10-28 12:00:00,digital_ad,1
342,2025-11-04 17:00:00,rep_visit,0
342,2025-11-11 12:00:00,email,0
342,2025-11-18 12:00:00,rep_visit,0
342,2025-11-24 10:00:00,phone_call,0
342,2025-12-08 09:00:00,digital_ad,0
342,2025-12-17 14:00:00,email,0
342,2025-12-24 17:00:00,digital_ad,0
342,2025-12-30 11:00:00,phone_call,0
343,2025-01-17 11:00:00,rep_visit,0
343,2025-01-25 13:00:00,rep_visit,0
343,2025-02-06 16:00:00,phone_call,1
343,2025-02-11 12:00:00,rep_visit,0
343,2025-02-20 13:00:00,phone_call,1
343,2025-02-28 16:00:00,rep_visit,0
343,2025-03-12 09:00:00,rep_visit,1
343,2025-03-25 11:00:00,digital_ad,0
343,2025-04-01 12:00:00,digital_ad,0
343,2025-04-11 13:00:00,email,0
343,2025-04-17 12:00:00,email,0
343,2025-05-13 14:00:00,rep_visit,0
343,2025-05-21 11:00:00,phone_call,0
343,2025-05-27 16:00:00,rep_visit,0
343,2025-06-04 14:00:00,email,0
343,2025-06-10 15:00:00,phone_call,0
343,2025-06-27 14:00:00,rep_visit,0
343,2025-07-07 13:00:00,rep_visit,0
343,2025-07-15 08:00:00,rep_visit,1
343,2025-07-31 13:00:00,phone_call,1
343,2025-08-08 17:00:00,webinar,0
343,2025-08-11 11:00:00,webinar,0
343,2025-09-02 13:00:00,email,1
343,2025-09-12 10:00:00,rep_visit,0
343,2025-09-17 14:00:00,phone_call,0
343,2025-10-16 10:00:00,webinar,1
343,2025-12-08 12:00:00,phone_call,1
343,2025-12-18 13:00:00,phone_call,1
343,2025-12-24 13:00:00,rep_visit,1
343,2025-12-31 13:00:00,rep_visit,0
344,2025-02-22 10:00:00,phone_call,0
344,2025-02-25 08:00:00,phone_call,0
344,2025-03-03 10:00:00,email,0
344,2025-03-19 14:00:00,webinar,0
344,2025-04-02 08:00:00,email,0
344,2025-04-24 08:00:00,webinar,0
344,2025-05-02 16:00:00,phone_call,0
344,2025-05-27 12:00:00,phone_call,0
344,2025-06-06 17:00:00,email,0
344,2025-06-23 12:00:00,rep_visit,1
344,2025-07-31 13:00:00,rep_visit,1
344,2025-08-06 15:00:00,phone_call,0
344,2025-08-27 13:00:00,webinar,0
344,2025-09-04 08:00:00,rep_visit,0
344,2025-09-15 10:00:00,phone_call,0
344,2025-10-10 13:00:00,digital_ad,0
344,2025-10-27 16:00:00,webinar,0
344,2025-11-07 13:00:00,email,0
344,2025-11-21 16:00:00,webinar,0
344,2025-12-08 15:00:00,phone_call,1
344,2025-12-26 17:00:00,webinar,0
345,2025-01-14 15:00:00,phone_call,1
345,2025-01-31 10:00:00,digital_ad,0
345,2025-02-06 12:00:00,email,0
345,2025-02-13 17:00:00,email,0
345,2025-02-22 12:00:00,email,0
345,2025-03-05 08:00:00,phone_call,0
345,2025-03-18 17:00:00,email,0
345,2025-04-01 09:00:00,digital_ad,0
345,2025-04-17 16:00:00,phone_call,0
345,2025-04-23 13:00:00,rep_visit,0
345,2025-05-02 09:00:00,phone_call,0
345,2025-05-07 08:00:00,email,0
345,2025-05-23 11:00:00,phone_call,0
345,2025-06-02 17:00:00,phone_call,0
345,2025-07-15 11:00:00,digital_ad,0
345,2025-07-24 14:00:00,email,1
345,2025-07-28 17:00:00,email,0
345,2025-08-15 13:00:00,phone_call,0
345,2025-08-22 08:00:00,digital_ad,0
345,2025-09-09 09:00:00,rep_visit,1
345,2025-10-10 10:00:00,digital_ad,0
345,2025-10-28 10:00:00,email,0
345,2025-11-11 14:00:00,digital_ad,0
345,2025-11-17 10:00:00,email,0
345,2025-11-28 10:00:00,phone_call,0
345,2025-12-10 12:00:00,webinar,1
345,2025-12-17 12:00:00,email,0
345,2025-12-22 13:00:00,email,0
345,2026-01-01 08:00:00,rep_visit,1
346,2025-02-18 17:00:00,phone_call,0
346,2025-02-25 11:00:00,phone_call,0
346,2025-03-04 13:00:00,webinar,0
346,2025-03-14 13:00:00,phone_call,0
346,2025-04-07 13:00:00,webinar,0
346,2025-04-23 14:00:00,webinar,0
346,2025-05-01 16:00:00,digital_ad,0
346,2025-05-14 13:00:00,email,1
346,2025-06-06 16:00:00,rep_visit,1
346,2025-08-15 12:00:00,digital_ad,0
346,2025-08-18 11:00:00,webinar,0
346,2025-09-02 14:00:00,webinar,1
346,2025-09-30 13:00:00,email,0
346,2025-10-07 09:00:00,phone_call,1
346,2025-10-20 08:00:00,webinar,1
346,2025-10-28 16:00:00,email,1
346,2025-11-13 17:00:00,phone_call,1
346,2025-12-29 15:00:00,webinar,0
347,2025-02-18 08:00:00,digital_ad,1
347,2025-03-04 10:00:00,email,0
347,2025-03-25 08:00:00,phone_call,0
347,2025-04-28 12:00:00,digital_ad,1
347,2025-05-20 10:00:00,phone_call,1
347,2025-05-26 17:00:00,phone_call,0
347,2025-06-10 16:00:00,email,0
347,2025-08-14 08:00:00,digital_ad,0
347,2025-09-03 12:00:00,rep_visit,1
347,2025-09-12 10:00:00,digital_ad,0
347,2025-09-18 17:00:00,phone_call,0
347,2025-09-29 17:00:00,phone_call,0
347,2025-10-24 17:00:00,rep_visit,1
347,2025-12-12 13:00:00,rep_visit,1
348,2025-01-21 13:00:00,rep_visit,1
348,2025-02-28 11:00:00,rep_visit,1
348,2025-03-05 11:00:00,rep_visit,1
348,2025-04-03 08:00:00,webinar,1
348,2025-08-20 12:00:00,rep_visit,1
348,2025-08-27 08:00:00,rep_visit,0
348,2025-09-22 14:00:00,rep_visit,1
348,2025-10-03 17:00:00,digital_ad,0
348,2025-11-03 08:00:00,digital_ad,0
349,2025-02-01 15:00:00,digital_ad,0
349,2025-04-09 08:00:00,phone_call,1
349,2025-06-06 12:00:00,email,0
349,2025-07-18 08:00:00,digital_ad,0
349,2025-07-23 10:00:00,rep_visit,0
349,2025-08-18 15:00:00,email,0
349,2025-09-10 08:00:00,email,0
349,2025-11-17 12:00:00,webinar,0
349,2025-12-01 13:00:00,webinar,1
349,2025-12-24 12:00:00,phone_call,1
349,2025-12-30 16:00:00,rep_visit,1
350,2025-01-16 12:00:00,email,1
350,2025-01-28 09:00:00,email,0
350,2025-02-14 10:00:00,digital_ad,0
350,2025-03-03 09:00:00,rep_visit,1
350,2025-03-28 16:00:00,digital_ad,0
350,2025-04-10 14:00:00,phone_call,0
350,2025-05-13 17:00:00,rep_visit,1
350,2025-06-17 13:00:00,rep_visit,0
350,2025-07-25 11:00:00,rep_visit,1
350,2025-08-01 12:00:00,digital_ad,0
350,2025-08-29 15:00:00,phone_call,0
350,2025-09-12 15:00:00,phone_call,0
350,2025-11-14 17:00:00,digital_ad,0
350,2025-12-08 12:00:00,email,0
350,2025-12-19 14:00:00,rep_visit,0
350,2026-01-02 13:00:00,digital_ad,0
351,2025-01-15 16:00:00,rep_visit,1
351,2025-01-22 09:00:00,webinar,1
351,2025-02-13 14:00:00,email,0
351,2025-02-22 17:00:00,rep_visit,1
351,2025-02-26 11:00:00,email,0
351,2025-03-03 12:00:00,digital_ad,0
351,2025-03-11 10:00:00,email,0
351,2025-03-18 17:00:00,email,0
351,2025-04-04 16:00:00,phone_call,0
351,2025-04-07 14:00:00,webinar,0
351,2025-04-16 13:00:00,digital_ad,0
351,2025-04-24 17:00:00,phone_call,1
351,2025-04-29 14:00:00,email,0
351,2025-05-05 17:00:00,email,0
351,2025-05-12 11:00:00,digital_ad,0
351,2025-05-19 16:00:00,webinar,0
351,2025-06-06 11:00:00,email,0
351,2025-07-02 10:00:00,digital_ad,1
351,2025-07-09 08:00:00,email,0
351,2025-07-16 12:00:00,phone_call,0
351,2025-07-23 16:00:00,phone_call,0
351,2025-08-04 13:00:00,email,0
351,2025-08-20 13:00:00,digital_ad,0
351,2025-08-25 15:00:00,rep_visit,1
351,2025-09-04 10:00:00,digital_ad,0
351,2025-09-09 10:00:00,email,0
351,2025-09-17 14:00:00,webinar,1
351,2025-09-24 17:00:00,email,0
351,2025-10-10 10:00:00,rep_visit,0
351,2025-10-16 13:00:00,rep_visit,0
351,2025-11-03 14:00:00,rep_visit,1
351,2025-11-24 16:00:00,email,0
351,2025-12-01 08:00:00,phone_call,0
351,2025-12-12 08:00:00,phone_call,1
351,2025-12-24 14:00:00,rep_visit,1
352,2025-02-06 16:00:00,digital_ad,1
352,2025-02-11 15:00:00,phone_call,0
352,2025-02-25 14:00:00,digital_ad,0
352,2025-03-11 12:00:00,digital_ad,0
352,2025-03-17 17:00:00,digital_ad,0
352,2025-04-14 13:00:00,webinar,0
352,2025-04-30 09:00:00,webinar,1
352,2025-05-08 12:00:00,phone_call,0
352,2025-05-12 11:00:00,phone_call,0
352,2025-05-20 08:00:00,webinar,0
352,2025-06-03 13:00:00,rep_visit,1
352,2025-06-20 16:00:00,digital_ad,0
352,2025-07-03 09:00:00,email,0
352,2025-07-16 12:00:00,email,0
352,2025-07-21 14:00:00,webinar,1
352,2025-07-28 17:00:00,webinar,0
352,2025-08-05 12:00:00,email,0
352,2025-09-04 16:00:00,email,0
352,2025-10-02 12:00:00,digital_ad,0
352,2025-10-09 10:00:00,digital_ad,0
352,2025-10-16 15:00:00,email,0
352,2025-11-03 09:00:00,email,0
352,2025-11-19 15:00:00,phone_call,0
352,2025-12-10 16:00:00,phone_call,1
352,2025-12-22 13:00:00,webinar,1
353,2025-01-18 17:00:00,webinar,1
353,2025-01-31 12:00:00,phone_call,0
353,2025-02-07 10:00:00,rep_visit,0
353,2025-02-18 09:00:00,phone_call,0
353,2025-03-07 16:00:00,rep_visit,1
353,2025-03-11 13:00:00,rep_visit,0
353,2025-03-27 09:00:00,webinar,1
353,2025-04-01 10:00:00,webinar,0
353,2025-04-10 15:00:00,webinar,0
353,2025-04-14 15:00:00,phone_call,0
353,2025-05-20 08:00:00,digital_ad,0
353,2025-06-05 11:00:00,email,0
353,2025-06-20 09:00:00,digital_ad,0
353,2025-06-23 11:00:00,email,0
353,2025-07-09 08:00:00,email,0
353,2025-07-16 09:00:00,rep_visit,0
353,2025-07-23 17:00:00,phone_call,0
353,2025-08-20 11:00:00,digital_ad,0
353,2025-09-18 16:00:00,email,0
353,2025-10-02 17:00:00,digital_ad,0
353,2025-10-07 09:00:00,webinar,0
353,2025-10-16 12:00:00,email,0
353,2025-10-24 15:00:00,rep_visit,0
353,2025-10-29 17:00:00,phone_call,0
353,2025-11-13 09:00:00,phone_call,0
353,2025-11-18 17:00:00,phone_call,0
353,2025-12-12 17:00:00,webinar,1
353,2025-12-22 16:00:00,email,0
354,2025-01-17 11:00:00,rep_visit,0
354,2025-02-07 17:00:00,phone_call,0
354,2025-02-14 11:00:00,phone_call,0
354,2025-02-26 15:00:00,digital_ad,0
354,2025-03-04 13:00:00,webinar,1
354,2025-03-25 14:00:00,phone_call,0
354,2025-04-22 11:00:00,rep_visit,1
354,2025-06-11 14:00:00,phone_call,1
354,2025-06-20 17:00:00,phone_call,0
354,2025-07-04 15:00:00,phone_call,1
354,2025-07-14 14:00:00,phone_call,1
354,2025-07-22 12:00:00,rep_visit,1
354,2025-07-29 16:00:00,webinar,0
354,2025-08-22 09:00:00,rep_visit,1
354,2025-10-02 13:00:00,digital_ad,0
354,2025-10-16 08:00:00,rep_visit,1
354,2025-11-26 12:00:00,rep_visit,1
354,2025-12-31 15:00:00,digital_ad,0
355,2025-01-17 10:00:00,phone_call,1
355,2025-01-22 12:00:00,webinar,1
355,2025-02-08 13:00:00,rep_visit,1
355,2025-02-26 09:00:00,rep_visit,1
355,2025-03-03 16:00:00,rep_visit,0
355,2025-04-01 14:00:00,rep_visit,1
355,2025-04-11 14:00:00,phone_call,1
355,2025-04-30 13:00:00,email,0
355,2025-05-06 11:00:00,webinar,0
355,2025-05-23 10:00:00,webinar,1
355,2025-05-30 08:00:00,rep_visit,1
355,2025-06-03 09:00:00,email,0
355,2025-06-09 10:00:00,phone_call,1
355,2025-06-24 17:00:00,rep_visit,1
355,2025-06-30 12:00:00,webinar,0
355,2025-07-14 16:00:00,rep_visit,1
355,2025-07-21 10:00:00,webinar,1
355,2025-09-19 17:00:00,phone_call,1
355,2025-09-25 16:00:00,rep_visit,0
355,2025-10-07 17:00:00,rep_visit,1
355,2025-10-16 15:00:00,phone_call,0
355,2025-10-27 10:00:00,rep_visit,1
355,2025-11-14 11:00:00,phone_call,0
355,2025-12-25 17:00:00,rep_visit,1
355,2026-01-02 08:00:00,rep_visit,1
356,2025-01-24 15:00:00,phone_call,0
356,2025-01-28 08:00:00,webinar,0
356,2025-02-12 17:00:00,rep_visit,0
356,2025-02-20 11:00:00,phone_call,0
356,2025-02-28 16:00:00,phone_call,0
356,2025-03-13 12:00:00,email,0
356,2025-04-18 12:00:00,rep_visit,0
356,2025-05-01 15:00:00,phone_call,0
356,2025-05-14 16:00:00,rep_visit,1
356,2025-06-05 09:00:00,webinar,0
356,2025-07-02 14:00:00,digital_ad,0
356,2025-07-21 15:00:00,rep_visit,1
356,2025-09-26 13:00:00,rep_visit,0
356,2025-10-06 14:00:00,phone_call,0
356,2025-10-31 13:00:00,phone_call,0
356,2025-11-07 10:00:00,email,1
356,2025-12-04 17:00:00,digital_ad,0
356,2025-12-12 13:00:00,rep_visit,0
356,2025-12-29 10:00:00,email,0
357,2025-02-07 10:00:00,phone_call,0
357,2025-03-05 13:00:00,rep_visit,0
357,2025-04-25 11:00:00,rep_visit,1
357,2025-04-29 11:00:00,rep_visit,0
357,2025-05-29 12:00:00,rep_visit,1
357,2025-06-02 16:00:00,phone_call,0
357,2025-06-12 14:00:00,phone_call,1
357,2025-06-18 09:00:00,phone_call,1
357,2025-06-27 09:00:00,phone_call,0
357,2025-07-23 15:00:00,email,0
357,2025-08-05 10:00:00,webinar,0
357,2025-08-11 14:00:00,phone_call,0
357,2025-08-21 15:00:00,phone_call,0
357,2025-08-29 10:00:00,email,0
357,2025-09-16 15:00:00,phone_call,1
357,2025-09-29 09:00:00,phone_call,0
357,2025-11-13 11:00:00,webinar,0
357,2025-12-09 12:00:00,rep_visit,0
358,2025-02-06 09:00:00,webinar,0
358,2025-02-14 17:00:00,digital_ad,0
358,2025-02-18 16:00:00,digital_ad,0
358,2025-03-18 10:00:00,phone_call,0
358,2025-04-15 12:00:00,phone_call,1
358,2025-04-22 11:00:00,phone_call,0
358,2025-04-29 14:00:00,email,1
358,2025-07-15 12:00:00,phone_call,1
358,2025-09-10 12:00:00,email,0
358,2025-09-30 14:00:00,email,0
358,2025-11-19 08:00:00,email,0
359,2025-01-14 17:00:00,webinar,1
359,2025-01-25 10:00:00,email,0
359,2025-01-28 17:00:00,phone_call,0
359,2025-02-08 13:00:00,phone_call,0
359,2025-02-15 08:00:00,email,0
359,2025-02-28 08:00:00,email,1
359,2025-04-01 11:00:00,digital_ad,0
359,2025-04-10 12:00:00,email,0
359,2025-04-21 10:00:00,digital_ad,0
359,2025-04-29 11:00:00,digital_ad,1
359,2025-05-09 12:00:00,email,0
359,2025-05-20 12:00:00,email,0
359,2025-06-03 08:00:00,phone_call,0
359,2025-06-16 08:00:00,webinar,0
359,2025-07-17 11:00:00,digital_ad,0
359,2025-07-31 16:00:00,digital_ad,0
359,2025-08-08 17:00:00,phone_call,0
359,2025-08-14 10:00:00,phone_call,0
359,2025-08-22 12:00:00,email,1
359,2025-09-17 10:00:00,phone_call,0
359,2025-10-30 12:00:00,email,0
359,2025-11-20 08:00:00,webinar,0
359,2025-12-03 11:00:00,digital_ad,0
359,2025-12-18 09:00:00,email,0
359,2025-12-22 13:00:00,email,0
360,2025-01-14 10:00:00,phone_call,1
360,2025-01-30 09:00:00,email,1
360,2025-02-11 14:00:00,phone_call,0
360,2025-02-19 17:00:00,webinar,1
360,2025-03-21 08:00:00,rep_visit,1
360,2025-04-04 15:00:00,rep_visit,1
360,2025-04-17 17:00:00,digital_ad,0
360,2025-05-23 08:00:00,webinar,1
360,2025-05-26 14:00:00,digital_ad,0
360,2025-06-06 17:00:00,email,0
360,2025-06-17 11:00:00,phone_call,1
360,2025-06-30 15:00:00,rep_visit,1
360,2025-07-25 09:00:00,phone_call,0
360,2025-09-01 11:00:00,rep_visit,0
360,2025-10-21 10:00:00,webinar,1
360,2025-11-03 11:00:00,email,0
360,2025-12-05 14:00:00,digital_ad,0
360,2025-12-17 11:00:00,digital_ad,0
360,2026-01-01 11:00:00,rep_visit,1
361,2025-01-30 09:00:00,rep_visit,1
361,2025-02-05 12:00:00,email,1
361,2025-02-19 09:00:00,digital_ad,0
361,2025-02-28 14:00:00,digital_ad,0
361,2025-03-12 09:00:00,email,0
361,2025-03-17 15:00:00,webinar,0
361,2025-03-26 09:00:00,digital_ad,0
361,2025-04-01 14:00:00,rep_visit,0
361,2025-04-16 16:00:00,email,0
361,2025-05-14 12:00:00,digital_ad,0
361,2025-05-23 11:00:00,rep_visit,0
361,2025-05-30 15:00:00,phone_call,0
361,2025-06-05 12:00:00,phone_call,1
361,2025-06-11 11:00:00,digital_ad,0
361,2025-06-16 10:00:00,email,0
361,2025-06-25 09:00:00,rep_visit,1
361,2025-06-30 08:00:00,digital_ad,0
361,2025-07-08 14:00:00,digital_ad,0
361,2025-07-18 10:00:00,rep_visit,1
361,2025-07-24 15:00:00,phone_call,0
361,2025-07-30 13:00:00,webinar,0
361,2025-08-11 11:00:00,webinar,0
361,2025-08-18 10:00:00,rep_visit,1
361,2025-08-28 08:00:00,email,0
361,2025-09-03 12:00:00,phone_call,0
361,2025-09-22 09:00:00,phone_call,0
361,2025-10-03 11:00:00,digital_ad,0
361,2025-10-24 08:00:00,digital_ad,0
361,2025-10-30 13:00:00,webinar,1
361,2025-11-05 14:00:00,webinar,1
361,2025-11-14 14:00:00,webinar,1
361,2025-11-20 09:00:00,email,0
361,2025-12-01 15:00:00,digital_ad,0
361,2025-12-09 15:00:00,email,0
361,2025-12-29 09:00:00,phone_call,1
362,2025-01-21 09:00:00,webinar,1
362,2025-01-31 15:00:00,phone_call,0
362,2025-02-05 17:00:00,email,0
362,2025-02-15 10:00:00,digital_ad,0
362,2025-02-19 09:00:00,phone_call,0
362,2025-03-12 12:00:00,webinar,1
362,2025-03-21 08:00:00,webinar,0
362,2025-03-24 10:00:00,digital_ad,0
362,2025-04-03 12:00:00,rep_visit,1
362,2025-04-07 13:00:00,rep_visit,1
362,2025-04-18 10:00:00,phone_call,0
362,2025-04-28 15:00:00,phone_call,0
362,2025-05-06 08:00:00,email,0
362,2025-05-15 17:00:00,rep_visit,1
362,2025-05-29 09:00:00,email,1
362,2025-06-02 12:00:00,email,0
362,2025-06-11 17:00:00,webinar,0
362,2025-06-27 08:00:00,email,0
362,2025-06-30 10:00:00,digital_ad,0
362,2025-07-07 11:00:00,rep_visit,1
362,2025-07-16 16:00:00,phone_call,0
362,2025-07-22 13:00:00,phone_call,0
362,2025-07-29 08:00:00,webinar,1
362,2025-08-07 17:00:00,email,0
362,2025-08-14 08:00:00,webinar,0
362,2025-08-19 14:00:00,digital_ad,0
362,2025-09-02 16:00:00,rep_visit,1
362,2025-09-18 08:00:00,webinar,1
362,2025-09-24 12:00:00,digital_ad,0
362,2025-09-30 16:00:00,rep_visit,0
362,2025-10-13 11:00:00,email,0
362,2025-10-20 14:00:00,webinar,0
362,2025-11-10 15:00:00,email,0
362,2025-12-15 08:00:00,rep_visit,1
362,2025-12-22 10:00:00,phone_call,0
363,2025-01-17 14:00:00,phone_call,0
363,2025-02-07 12:00:00,digital_ad,0
363,2025-03-07 15:00:00,digital_ad,0
363,2025-03-10 16:00:00,digital_ad,0
363,2025-03-24 13:00:00,digital_ad,0
363,2025-04-01 09:00:00,rep_visit,0
363,2025-04-09 14:00:00,digital_ad,0
363,2025-04-14 14:00:00,rep_visit,1
363,2025-04-23 09:00:00,digital_ad,0
363,2025-05-05 13:00:00,rep_visit,0
363,2025-05-15 08:00:00,phone_call,1
363,2025-05-19 17:00:00,phone_call,0
363,2025-06-03 08:00:00,digital_ad,0
363,2025-06-16 17:00:00,rep_visit,1
363,2025-07-02 15:00:00,email,0
363,2025-07-07 17:00:00,email,0
363,2025-07-17 08:00:00,email,0
363,2025-07-23 17:00:00,email,1
363,2025-08-01 11:00:00,webinar,0
363,2025-08-15 12:00:00,email,0
363,2025-09-02 14:00:00,digital_ad,0
363,2025-09-08 16:00:00,rep_visit,0
363,2025-09-19 08:00:00,phone_call,1
363,2025-09-26 15:00:00,email,0
363,2025-10-02 17:00:00,rep_visit,0
363,2025-10-09 13:00:00,phone_call,1
363,2025-10-13 09:00:00,rep_visit,0
363,2025-10-24 11:00:00,email,0
363,2025-11-05 08:00:00,digital_ad,0
363,2025-11-11 15:00:00,rep_visit,1
363,2025-11-25 15:00:00,rep_visit,1
363,2025-12-03 09:00:00,rep_visit,1
363,2025-12-16 09:00:00,email,0
363,2025-12-23 16:00:00,rep_visit,0
363,2025-12-29 10:00:00,webinar,0
364,2025-01-15 10:00:00,phone_call,0
364,2025-01-22 11:00:00,phone_call,0
364,2025-01-29 08:00:00,email,1
364,2025-02-06 11:00:00,digital_ad,0
364,2025-02-26 13:00:00,email,0
364,2025-03-07 14:00:00,email,0
364,2025-03-21 09:00:00,webinar,1
364,2025-03-28 16:00:00,digital_ad,1
364,2025-04-16 10:00:00,email,1
364,2025-04-28 08:00:00,email,1
364,2025-05-09 10:00:00,email,0
364,2025-05-21 16:00:00,email,1
364,2025-05-29 17:00:00,webinar,1
364,2025-06-03 17:00:00,phone_call,0
364,2025-06-09 12:00:00,email,0
364,2025-07-04 12:00:00,digital_ad,0
364,2025-07-14 15:00:00,rep_visit,0
364,2025-07-31 09:00:00,email,1
364,2025-08-08 10:00:00,webinar,0
364,2025-09-09 08:00:00,phone_call,0
364,2025-09-24 15:00:00,digital_ad,0
364,2025-09-29 15:00:00,digital_ad,0
364,2025-10-06 12:00:00,email,0
364,2025-10-23 16:00:00,phone_call,1
364,2025-11-10 08:00:00,webinar,0
364,2025-11-19 08:00:00,rep_visit,1
364,2025-12-11 14:00:00,webinar,1
364,2025-12-26 13:00:00,webinar,1
364,2026-01-02 12:00:00,phone_call,1
365,2025-01-15 08:00:00,email,0
365,2025-01-31 17:00:00,phone_call,0
365,2025-02-05 08:00:00,digital_ad,0
365,2025-03-07 16:00:00,rep_visit,1
365,2025-03-26 12:00:00,phone_call,0
365,2025-04-02 10:00:00,email,0
365,2025-04-25 11:00:00,digital_ad,0
365,2025-05-02 12:00:00,digital_ad,0
365,2025-05-08 17:00:00,webinar,0
365,2025-05-29 08:00:00,email,0
365,2025-07-01 16:00:00,webinar,0
365,2025-07-07 14:00:00,digital_ad,1
365,2025-07-14 16:00:00,email,0
365,2025-07-25 15:00:00,rep_visit,0
365,2025-08-11 17:00:00,email,0
365,2025-08-18 16:00:00,phone_call,0
365,2025-08-28 11:00:00,digital_ad,0
365,2025-09-05 13:00:00,email,0
365,2025-09-15 08:00:00,digital_ad,0
365,2025-09-26 14:00:00,digital_ad,0
365,2025-10-02 09:00:00,webinar,1
365,2025-10-15 10:00:00,email,0
365,2025-10-24 12:00:00,phone_call,0
365,2025-11-05 09:00:00,email,0
365,2025-11-11 13:00:00,email,0
366,2025-01-15 08:00:00,phone_call,0
366,2025-01-23 10:00:00,digital_ad,0
366,2025-01-30 13:00:00,email,0
366,2025-02-07 15:00:00,phone_call,0
366,2025-03-12 17:00:00,webinar,1
366,2025-03-18 15:00:00,digital_ad,0
366,2025-05-16 13:00:00,webinar,1
366,2025-05-30 13:00:00,phone_call,1
366,2025-06-03 09:00:00,phone_call,0
366,2025-06-17 11:00:00,email,0
366,2025-07-02 12:00:00,email,0
366,2025-07-15 12:00:00,webinar,1
366,2025-07-30 08:00:00,rep_visit,1
366,2025-08-29 08:00:00,webinar,0
366,2025-09-03 11:00:00,rep_visit,0
366,2025-09-25 16:00:00,webinar,0
366,2025-10-03 17:00:00,phone_call,0
366,2025-10-21 12:00:00,digital_ad,0
366,2025-11-05 09:00:00,rep_visit,1
366,2025-12-01 08:00:00,phone_call,0
366,2025-12-23 09:00:00,phone_call,0
366,2025-12-30 13:00:00,rep_visit,1
367,2025-01-15 14:00:00,webinar,0
367,2025-01-21 10:00:00,phone_call,0
367,2025-01-30 12:00:00,webinar,0
367,2025-02-04 10:00:00,email,0
367,2025-02-14 17:00:00,digital_ad,0
367,2025-02-22 16:00:00,rep_visit,0
367,2025-03-07 09:00:00,phone_call,0
367,2025-03-19 12:00:00,phone_call,1
367,2025-04-17 16:00:00,webinar,0
367,2025-05-12 10:00:00,digital_ad,0
367,2025-05-28 11:00:00,digital_ad,0
367,2025-06-06 16:00:00,email,0
367,2025-06-09 16:00:00,webinar,0
367,2025-06-18 13:00:00,webinar,0
367,2025-06-24 09:00:00,webinar,0
367,2025-07-07 12:00:00,phone_call,0
367,2025-07-17 08:00:00,digital_ad,0
367,2025-07-31 08:00:00,webinar,0
367,2025-08-06 12:00:00,phone_call,0
367,2025-09-04 17:00:00,rep_visit,0
367,2025-09-09 14:00:00,webinar,0
367,2025-09-19 09:00:00,digital_ad,0
367,2025-09-26 15:00:00,phone_call,0
367,2025-09-29 12:00:00,digital_ad,0
367,2025-10-17 13:00:00,digital_ad,0
367,2025-10-23 14:00:00,webinar,0
367,2025-10-28 15:00:00,email,1
367,2025-11-06 17:00:00,digital_ad,0
367,2025-11-13 09:00:00,webinar,0
367,2025-11-24 15:00:00,email,1
367,2025-12-02 10:00:00,email,0
367,2025-12-12 08:00:00,email,0
367,2025-12-26 12:00:00,email,0
367,2026-01-02 17:00:00,email,0
368,2025-01-16 11:00:00,email,1
368,2025-03-12 17:00:00,digital_ad,0
368,2025-04-01 16:00:00,email,0
368,2025-04-23 08:00:00,digital_ad,1
368,2025-04-29 17:00:00,email,0
368,2025-05-13 13:00:00,phone_call,1
368,2025-05-23 12:00:00,phone_call,1
368,2025-06-11 10:00:00,webinar,0
368,2025-07-15 16:00:00,phone_call,0
368,2025-07-29 17:00:00,webinar,0
368,2025-09-18 17:00:00,rep_visit,1
368,2025-10-20 12:00:00,phone_call,0
368,2025-10-28 17:00:00,webinar,0
368,2025-11-05 15:00:00,email,0
368,2025-11-28 16:00:00,email,0
368,2025-12-01 09:00:00,email,0
368,2025-12-18 12:00:00,email,0
369,2025-01-22 15:00:00,rep_visit,1
369,2025-01-29 09:00:00,phone_call,0
369,2025-02-11 16:00:00,rep_visit,1
369,2025-02-20 16:00:00,rep_visit,1
369,2025-03-18 10:00:00,email,0
369,2025-03-27 12:00:00,email,0
369,2025-04-07 17:00:00,rep_visit,1
369,2025-04-18 17:00:00,rep_visit,1
369,2025-04-23 12:00:00,webinar,0
369,2025-04-30 16:00:00,rep_visit,1
369,2025-05-09 13:00:00,rep_visit,1
369,2025-05-12 14:00:00,email,0
369,2025-05-21 09:00:00,rep_visit,1
369,2025-05-27 15:00:00,phone_call,0
369,2025-06-04 08:00:00,phone_call,0
369,2025-06-19 16:00:00,rep_visit,0
369,2025-07-01 10:00:00,rep_visit,1
369,2025-07-10 16:00:00,rep_visit,1
369,2025-07-18 15:00:00,rep_visit,0
369,2025-08-08 17:00:00,rep_visit,1
369,2025-08-19 08:00:00,rep_visit,1
369,2025-08-27 16:00:00,digital_ad,0
369,2025-09-05 10:00:00,rep_visit,1
369,2025-09-11 12:00:00,phone_call,0
369,2025-09-17 09:00:00,webinar,0
369,2025-09-22 10:00:00,phone_call,1
369,2025-10-14 08:00:00,email,0
369,2025-11-07 16:00:00,rep_visit,1
369,2025-11-20 17:00:00,phone_call,1
369,2025-12-09 12:00:00,rep_visit,1
369,2025-12-29 14:00:00,phone_call,0
370,2025-01-22 10:00:00,phone_call,1
370,2025-02-04 17:00:00,phone_call,1
370,2025-03-21 15:00:00,digital_ad,0
370,2025-04-10 15:00:00,phone_call,1
370,2025-06-12 14:00:00,rep_visit,1
370,2025-06-19 13:00:00,phone_call,0
370,2025-07-21 11:00:00,rep_visit,1
370,2025-08-05 17:00:00,phone_call,1
370,2025-08-20 09:00:00,email,1
370,2025-09-17 17:00:00,email,0
370,2025-11-24 15:00:00,phone_call,0
370,2025-12-10 16:00:00,phone_call,0
370,2026-01-01 14:00:00,phone_call,0
371,2025-02-14 09:00:00,rep_visit,1
371,2025-02-19 09:00:00,email,1
371,2025-03-04 08:00:00,rep_visit,1
371,2025-03-27 16:00:00,webinar,0
371,2025-04-10 12:00:00,phone_call,1
371,2025-04-17 10:00:00,rep_visit,0
371,2025-05-08 12:00:00,phone_call,1
371,2025-05-23 11:00:00,rep_visit,1
371,2025-06-04 08:00:00,rep_visit,1
371,2025-06-18 13:00:00,rep_visit,1
371,2025-06-25 14:00:00,phone_call,1
371,2025-07-10 10:00:00,phone_call,1
371,2025-07-14 13:00:00,phone_call,0
371,2025-07-24 16:00:00,email,0
371,2025-08-06 13:00:00,rep_visit,1
371,2025-08-20 17:00:00,phone_call,1
371,2025-09-04 09:00:00,digital_ad,0
371,2025-09-11 08:00:00,webinar,0
371,2025-09-18 11:00:00,rep_visit,0
371,2025-10-07 15:00:00,rep_visit,0
371,2025-11-28 09:00:00,rep_visit,1
372,2025-02-12 10:00:00,email,0
372,2025-02-20 14:00:00,rep_visit,1
372,2025-03-04 08:00:00,email,0
372,2025-05-02 15:00:00,rep_visit,1
372,2025-05-05 13:00:00,webinar,0
372,2025-05-15 12:00:00,phone_call,0
372,2025-05-23 14:00:00,phone_call,1
372,2025-06-05 11:00:00,phone_call,1
372,2025-06-19 10:00:00,webinar,0
372,2025-07-17 14:00:00,webinar,1
372,2025-07-24 08:00:00,webinar,0
372,2025-08-01 15:00:00,rep_visit,1
372,2025-08-08 12:00:00,phone_call,0
372,2025-08-13 17:00:00,phone_call,0
372,2025-08-18 09:00:00,webinar,0
372,2025-09-09 15:00:00,phone_call,0
372,2025-09-17 13:00:00,phone_call,0
372,2025-09-24 13:00:00,digital_ad,0
372,2025-10-27 12:00:00,webinar,0
372,2025-11-05 11:00:00,webinar,0
372,2025-11-13 17:00:00,rep_visit,0
372,2025-11-26 14:00:00,phone_call,0
372,2025-12-05 09:00:00,rep_visit,1
372,2025-12-26 10:00:00,rep_visit,1
372,2025-12-29 17:00:00,webinar,0
373,2025-01-25 11:00:00,rep_visit,0
373,2025-02-21 12:00:00,phone_call,1
373,2025-02-28 14:00:00,rep_visit,1
373,2025-03-11 17:00:00,rep_visit,0
373,2025-03-17 09:00:00,phone_call,0
373,2025-03-25 15:00:00,phone_call,0
373,2025-04-03 15:00:00,phone_call,0
373,2025-05-30 08:00:00,email,1
373,2025-06-02 09:00:00,webinar,0
373,2025-06-12 11:00:00,webinar,0
373,2025-06-18 11:00:00,rep_visit,0
373,2025-07-02 17:00:00,webinar,0
373,2025-07-07 09:00:00,phone_call,0
373,2025-08-14 09:00:00,webinar,0
373,2025-08-29 09:00:00,rep_visit,1
373,2025-09-05 08:00:00,rep_visit,1
373,2025-09-10 09:00:00,rep_visit,0
373,2025-09-15 12:00:00,webinar,0
373,2025-09-30 12:00:00,phone_call,0
373,2025-10-10 09:00:00,webinar,1
373,2025-10-20 08:00:00,rep_visit,1
373,2025-10-31 15:00:00,phone_call,0
373,2025-11-14 14:00:00,rep_visit,1
373,2025-11-17 15:00:00,rep_visit,0
373,2025-12-02 14:00:00,rep_visit,1
373,2025-12-11 12:00:00,webinar,0
373,2025-12-17 09:00:00,rep_visit,0
373,2025-12-24 09:00:00,phone_call,0
373,2026-01-01 11:00:00,rep_visit,1
374,2025-01-18 17:00:00,email,0
374,2025-04-09 10:00:00,email,1
374,2025-04-23 17:00:00,digital_ad,0
374,2025-04-29 10:00:00,email,1
374,2025-05-07 15:00:00,webinar,0
374,2025-05-15 09:00:00,email,1
374,2025-05-28 13:00:00,rep_visit,1
374,2025-06-12 13:00:00,rep_visit,1
374,2025-06-26 15:00:00,digital_ad,0
374,2025-07-24 11:00:00,email,0
374,2025-07-30 14:00:00,phone_call,0
374,2025-08-06 11:00:00,email,0
374,2025-08-13 12:00:00,phone_call,0
374,2025-08-18 10:00:00,digital_ad,0
374,2025-08-27 12:00:00,email,0
374,2025-09-01 14:00:00,email,0
374,2025-09-11 10:00:00,digital_ad,0
374,2025-09-18 12:00:00,email,0
374,2025-09-26 09:00:00,phone_call,0
374,2025-10-24 09:00:00,phone_call,1
374,2025-11-06 11:00:00,phone_call,0
374,2025-11-17 12:00:00,webinar,0
374,2025-11-28 12:00:00,digital_ad,0
374,2025-12-03 09:00:00,digital_ad,0
374,2025-12-10 17:00:00,rep_visit,0
374,2025-12-16 09:00:00,webinar,0
375,2025-01-30 12:00:00,phone_call,0
375,2025-02-15 11:00:00,rep_visit,1
375,2025-02-28 09:00:00,phone_call,0
375,2025-03-07 09:00:00,phone_call,0
375,2025-03-26 08:00:00,webinar,1
375,2025-04-01 09:00:00,phone_call,0
375,2025-04-08 10:00:00,rep_visit,0
375,2025-04-14 13:00:00,rep_visit,0
375,2025-04-23 15:00:00,rep_visit,0
375,2025-05-15 12:00:00,phone_call,0
375,2025-05-22 17:00:00,rep_visit,0
375,2025-06-12 11:00:00,phone_call,0
375,2025-06-27 08:00:00,phone_call,1
375,2025-07-17 09:00:00,rep_visit,1
375,2025-07-21 16:00:00,phone_call,0
375,2025-08-01 13:00:00,rep_visit,0
375,2025-08-13 11:00:00,phone_call,1
375,2025-09-03 14:00:00,rep_visit,1
375,2025-09-19 17:00:00,phone_call,0
375,2025-09-22 11:00:00,rep_visit,0
375,2025-10-02 12:00:00,webinar,0
375,2025-10-21 10:00:00,phone_call,1
375,2025-10-30 14:00:00,rep_visit,1
375,2025-11-03 16:00:00,phone_call,0
375,2025-11-12 17:00:00,email,0
375,2025-11-18 11:00:00,rep_visit,0
375,2025-12-05 15:00:00,phone_call,1
375,2025-12-08 15:00:00,rep_visit,0
375,2025-12-17 09:00:00,phone_call,0
375,2025-12-26 17:00:00,webinar,0
376,2025-01-29 11:00:00,email,0
376,2025-03-31 13:00:00,email,0
376,2025-04-08 13:00:00,webinar,0
376,2025-04-25 09:00:00,email,0
376,2025-05-01 16:00:00,email,1
376,2025-05-13 17:00:00,email,0
376,2025-06-06 12:00:00,webinar,0
376,2025-06-09 11:00:00,email,0
376,2025-08-05 13:00:00,rep_visit,1
376,2025-08-12 16:00:00,phone_call,0
376,2025-09-22 09:00:00,phone_call,0
376,2025-09-29 11:00:00,phone_call,0
376,2025-10-20 15:00:00,digital_ad,0
376,2025-10-31 08:00:00,email,1
377,2025-01-24 17:00:00,digital_ad,0
377,2025-02-08 08:00:00,email,0
377,2025-02-13 17:00:00,email,0
377,2025-03-07 09:00:00,email,0
377,2025-03-12 12:00:00,email,0
377,2025-03-20 17:00:00,phone_call,0
377,2025-03-28 14:00:00,email,0
377,2025-04-07 12:00:00,digital_ad,0
377,2025-05-02 14:00:00,digital_ad,0
377,2025-05-15 14:00:00,digital_ad,0
377,2025-05-19 09:00:00,phone_call,0
377,2025-06-06 16:00:00,email,0
377,2025-06-09 10:00:00,phone_call,0
377,2025-06-16 09:00:00,email,0
377,2025-07-08 15:00:00,phone_call,0
377,2025-07-28 10:00:00,email,0
377,2025-08-08 17:00:00,rep_visit,0
377,2025-08-20 12:00:00,email,1
377,2025-09-05 14:00:00,webinar,0
377,2025-09-11 10:00:00,email,0
377,2025-10-01 17:00:00,digital_ad,0
377,2025-10-10 12:00:00,digital_ad,0
377,2025-10-17 08:00:00,email,0
377,2025-11-06 08:00:00,email,0
377,2025-11-14 09:00:00,digital_ad,0
377,2025-11-19 17:00:00,email,0
377,2025-11-28 17:00:00,email,0
377,2025-12-04 11:00:00,digital_ad,0
377,2025-12-12 09:00:00,email,0
377,2025-12-17 12:00:00,email,0
377,2025-12-22 15:00:00,phone_call,0
378,2025-01-21 16:00:00,rep_visit,1
378,2025-01-30 14:00:00,webinar,0
378,2025-03-21 10:00:00,rep_visit,1
378,2025-05-12 15:00:00,rep_visit,1
378,2025-05-30 09:00:00,rep_visit,1
378,2025-06-24 09:00:00,webinar,0
378,2025-08-11 14:00:00,rep_visit,1
378,2025-09-12 17:00:00,rep_visit,1
378,2025-11-26 09:00:00,rep_visit,1
378,2025-12-12 13:00:00,rep_visit,1
379,2025-01-16 15:00:00,email,1
379,2025-01-22 13:00:00,email,0
379,2025-02-04 11:00:00,digital_ad,1
379,2025-03-20 09:00:00,digital_ad,0
379,2025-03-25 09:00:00,email,1
379,2025-04-16 17:00:00,email,0
379,2025-04-24 12:00:00,digital_ad,0
379,2025-05-02 11:00:00,digital_ad,0
379,2025-05-13 14:00:00,phone_call,0
379,2025-06-06 09:00:00,email,1
379,2025-06-30 12:00:00,email,1
379,2025-07-10 12:00:00,email,0
379,2025-07-23 17:00:00,email,0
379,2025-08-01 16:00:00,digital_ad,0
379,2025-08-04 08:00:00,email,0
379,2025-08-18 08:00:00,email,0
379,2025-08-25 16:00:00,email,0
379,2025-09-05 10:00:00,webinar,0
379,2025-09-10 15:00:00,email,0
379,2025-09-18 17:00:00,digital_ad,0
379,2025-09-26 17:00:00,phone_call,0
379,2025-09-30 16:00:00,email,0
379,2025-10-16 10:00:00,digital_ad,0
379,2025-10-30 13:00:00,digital_ad,1
379,2025-11-05 15:00:00,digital_ad,0
379,2025-11-12 12:00:00,digital_ad,0
379,2025-12-03 16:00:00,phone_call,0
379,2025-12-10 17:00:00,phone_call,0
379,2025-12-15 13:00:00,phone_call,0
379,2025-12-31 16:00:00,phone_call,1
380,2025-02-18 14:00:00,rep_visit,0
380,2025-02-28 08:00:00,webinar,0
380,2025-04-15 09:00:00,email,0
380,2025-04-22 09:00:00,rep_visit,0
380,2025-05-16 15:00:00,rep_visit,1
380,2025-06-13 10:00:00,rep_visit,1
380,2025-06-25 15:00:00,email,0
380,2025-08-01 10:00:00,email,0
380,2025-08-04 11:00:00,rep_visit,0
380,2025-08-20 15:00:00,phone_call,1
380,2025-09-04 15:00:00,rep_visit,1
380,2025-09-11 09:00:00,webinar,0
380,2025-09-16 17:00:00,phone_call,0
380,2025-09-22 15:00:00,rep_visit,0
380,2025-10-31 08:00:00,phone_call,0
380,2025-11-05 08:00:00,rep_visit,0
381,2025-01-30 11:00:00,rep_visit,1
381,2025-02-11 14:00:00,digital_ad,0
381,2025-02-20 14:00:00,webinar,0
381,2025-03-05 12:00:00,webinar,1
381,2025-04-21 13:00:00,webinar,0
381,2025-05-01 10:00:00,rep_visit,0
381,2025-05-08 17:00:00,rep_visit,0
381,2025-05-14 13:00:00,rep_visit,0
381,2025-05-27 11:00:00,rep_visit,0
381,2025-06-05 10:00:00,rep_visit,0
381,2025-07-24 12:00:00,rep_visit,0
381,2025-08-15 09:00:00,webinar,0
381,2025-10-31 09:00:00,rep_visit,0
381,2025-11-03 13:00:00,rep_visit,0
381,2025-12-18 17:00:00,rep_visit,1
381,2025-12-29 15:00:00,rep_visit,0
382,2025-01-16 15:00:00,email,0
382,2025-01-29 08:00:00,webinar,1
382,2025-02-05 13:00:00,phone_call,0
382,2025-02-13 09:00:00,email,0
382,2025-02-22 08:00:00,phone_call,0
382,2025-03-04 17:00:00,rep_visit,1
382,2025-04-14 09:00:00,digital_ad,0
382,2025-05-02 14:00:00,email,0
382,2025-06-20 13:00:00,email,0
382,2025-06-25 09:00:00,digital_ad,0
382,2025-07-21 10:00:00,digital_ad,0
382,2025-08-04 10:00:00,email,0
382,2025-09-04 10:00:00,phone_call,0
382,2025-09-16 08:00:00,email,1
382,2025-09-30 15:00:00,digital_ad,0
382,2025-10-09 09:00:00,digital_ad,0
382,2025-10-15 12:00:00,phone_call,0
382,2025-11-18 08:00:00,phone_call,1
382,2025-12-03 15:00:00,rep_visit,1
382,2025-12-08 16:00:00,email,0
382,2025-12-15 09:00:00,phone_call,0
382,2025-12-23 08:00:00,email,0
382,2025-12-29 17:00:00,rep_visit,0
383,2025-01-16 08:00:00,phone_call,1
383,2025-02-07 14:00:00,digital_ad,0
383,2025-02-14 10:00:00,rep_visit,0
383,2025-03-10 15:00:00,email,0
383,2025-04-09 09:00:00,digital_ad,0
383,2025-05-01 10:00:00,webinar,0
383,2025-05-09 11:00:00,rep_visit,0
383,2025-05-23 17:00:00,rep_visit,0
383,2025-05-27 09:00:00,phone_call,0
383,2025-06-18 17:00:00,digital_ad,0
383,2025-07-02 11:00:00,webinar,0
383,2025-07-09 14:00:00,email,0
383,2025-07-24 17:00:00,email,0
383,2025-08-22 09:00:00,email,0
383,2025-08-29 17:00:00,email,0
383,2025-11-24 08:00:00,rep_visit,1
383,2025-12-03 08:00:00,webinar,0
383,2025-12-12 09:00:00,digital_ad,0
384,2025-01-18 10:00:00,email,1
384,2025-01-24 11:00:00,rep_visit,1
384,2025-02-01 16:00:00,digital_ad,0
384,2025-02-04 08:00:00,webinar,0
384,2025-02-21 16:00:00,digital_ad,1
384,2025-02-26 17:00:00,phone_call,0
384,2025-03-13 16:00:00,email,1
384,2025-04-03 16:00:00,webinar,0
384,2025-04-15 10:00:00,webinar,0
384,2025-04-28 12:00:00,webinar,0
384,2025-05-05 11:00:00,email,0
384,2025-05-15 12:00:00,digital_ad,0
384,2025-05-30 08:00:00,email,1
384,2025-06-04 16:00:00,email,0
384,2025-06-13 09:00:00,email,0
384,2025-06-20 13:00:00,email,0
384,2025-06-24 14:00:00,digital_ad,0
384,2025-07-04 08:00:00,email,1
384,2025-07-11 17:00:00,digital_ad,0
384,2025-07-17 12:00:00,digital_ad,1
384,2025-07-23 10:00:00,digital_ad,0
384,2025-08-01 10:00:00,email,1
384,2025-08-22 08:00:00,email,0
384,2025-08-27 14:00:00,phone_call,0
384,2025-09-10 17:00:00,email,0
384,2025-10-10 13:00:00,digital_ad,0
384,2025-10-13 15:00:00,webinar,0
384,2025-10-22 12:00:00,webinar,0
384,2025-11-05 15:00:00,email,1
384,2025-11-12 17:00:00,phone_call,1
384,2025-11-21 10:00:00,webinar,0
384,2025-12-08 08:00:00,phone_call,0
384,2025-12-16 16:00:00,email,0
384,2026-01-01 14:00:00,webinar,0
385,2025-01-15 12:00:00,webinar,0
385,2025-01-29 14:00:00,webinar,1
385,2025-02-22 09:00:00,digital_ad,0
385,2025-04-01 13:00:00,email,0
385,2025-04-24 17:00:00,rep_visit,1
385,2025-05-01 12:00:00,digital_ad,0
385,2025-05-07 12:00:00,email,0
385,2025-05-16 13:00:00,email,1
385,2025-05-29 08:00:00,email,0
385,2025-06-10 13:00:00,digital_ad,0
385,2025-06-27 10:00:00,digital_ad,0
385,2025-08-15 12:00:00,webinar,1
385,2025-08-19 09:00:00,rep_visit,0
385,2025-09-25 15:00:00,digital_ad,0
385,2025-10-10 11:00:00,webinar,1
385,2025-11-06 09:00:00,digital_ad,0
385,2025-12-12 13:00:00,webinar,1
385,2025-12-15 08:00:00,email,0
385,2025-12-29 17:00:00,email,0
386,2025-03-06 12:00:00,webinar,0
386,2025-04-01 13:00:00,webinar,0
386,2025-05-06 15:00:00,webinar,0
386,2025-05-30 10:00:00,webinar,0
386,2025-08-15 17:00:00,digital_ad,0
386,2025-09-08 15:00:00,digital_ad,1
386,2025-09-17 13:00:00,digital_ad,0
386,2025-12-16 08:00:00,digital_ad,0
387,2025-01-28 13:00:00,rep_visit,1
387,2025-02-07 16:00:00,phone_call,0
387,2025-02-21 15:00:00,rep_visit,1
387,2025-03-11 08:00:00,webinar,1
387,2025-03-20 14:00:00,rep_visit,0
387,2025-03-28 08:00:00,email,0
387,2025-03-31 08:00:00,phone_call,0
387,2025-04-11 08:00:00,webinar,1
387,2025-04-29 10:00:00,webinar,1
387,2025-05-06 16:00:00,phone_call,0
387,2025-05-12 17:00:00,phone_call,0
387,2025-05-21 17:00:00,rep_visit,1
387,2025-05-30 11:00:00,phone_call,0
387,2025-06-05 11:00:00,rep_visit,0
387,2025-06-09 14:00:00,digital_ad,0
387,2025-06-19 10:00:00,email,0
387,2025-06-30 09:00:00,rep_visit,1
387,2025-07-10 14:00:00,email,1
387,2025-07-17 14:00:00,webinar,0
387,2025-07-23 15:00:00,rep_visit,1
387,2025-07-30 14:00:00,digital_ad,0
387,2025-08-12 16:00:00,webinar,1
387,2025-08-20 14:00:00,email,0
387,2025-08-28 16:00:00,phone_call,0
387,2025-09-02 12:00:00,rep_visit,1
387,2025-09-19 17:00:00,phone_call,1
387,2025-09-24 15:00:00,email,0
387,2025-09-30 08:00:00,phone_call,1
387,2025-10-16 08:00:00,phone_call,1
387,2025-10-20 15:00:00,phone_call,0
387,2025-10-30 13:00:00,rep_visit,1
387,2025-11-07 09:00:00,rep_visit,0
387,2025-12-04 11:00:00,phone_call,1
387,2025-12-12 11:00:00,rep_visit,1
387,2025-12-31 15:00:00,phone_call,0
388,2025-01-23 16:00:00,rep_visit,1
388,2025-01-30 10:00:00,rep_visit,1
388,2025-02-07 16:00:00,phone_call,0
388,2025-02-22 08:00:00,rep_visit,1
388,2025-03-04 10:00:00,rep_visit,1
388,2025-03-27 14:00:00,rep_visit,1
388,2025-04-25 13:00:00,rep_visit,1
388,2025-04-30 14:00:00,webinar,0
388,2025-05-06 12:00:00,rep_visit,1
388,2025-05-23 10:00:00,rep_visit,1
388,2025-06-05 13:00:00,webinar,0
388,2025-06-16 10:00:00,rep_visit,1
388,2025-06-27 09:00:00,webinar,0
388,2025-07-23 10:00:00,phone_call,1
388,2025-08-14 13:00:00,webinar,0
388,2025-08-21 15:00:00,email,0
388,2025-08-27 09:00:00,rep_visit,1
388,2025-09-12 12:00:00,rep_visit,0
388,2025-09-25 11:00:00,rep_visit,1
388,2025-09-29 17:00:00,digital_ad,0
388,2025-10-08 17:00:00,email,0
388,2025-10-13 15:00:00,phone_call,0
388,2025-10-23 13:00:00,phone_call,1
388,2025-10-31 16:00:00,phone_call,1
388,2025-11-26 09:00:00,rep_visit,0
388,2025-12-24 13:00:00,rep_visit,1
389,2025-01-17 14:00:00,digital_ad,1
389,2025-01-21 10:00:00,digital_ad,1
389,2025-02-07 12:00:00,email,0
389,2025-02-15 12:00:00,email,0
389,2025-02-27 08:00:00,email,0
389,2025-03-05 12:00:00,digital_ad,0
389,2025-03-21 13:00:00,phone_call,0
389,2025-03-24 11:00:00,digital_ad,0
389,2025-03-31 08:00:00,email,0
389,2025-04-11 16:00:00,digital_ad,0
389,2025-04-15 10:00:00,digital_ad,0
389,2025-05-09 15:00:00,digital_ad,0
389,2025-05-13 15:00:00,email,1
389,2025-05-21 09:00:00,webinar,0
389,2025-06-04 11:00:00,email,0
389,2025-06-24 17:00:00,digital_ad,1
389,2025-07-02 15:00:00,webinar,0
389,2025-07-07 12:00:00,email,0
389,2025-07-16 13:00:00,digital_ad,0
389,2025-07-23 09:00:00,digital_ad,0
389,2025-08-29 12:00:00,webinar,0
389,2025-09-01 16:00:00,webinar,1
389,2025-09-08 11:00:00,phone_call,0
389,2025-09-16 10:00:00,webinar,0
389,2025-09-25 09:00:00,digital_ad,0
389,2025-10-03 16:00:00,email,0
389,2025-10-16 14:00:00,email,0
389,2025-10-22 12:00:00,email,1
389,2025-10-29 17:00:00,digital_ad,0
389,2025-11-03 09:00:00,digital_ad,0
389,2025-11-14 14:00:00,rep_visit,0
389,2025-11-24 13:00:00,phone_call,0
389,2025-12-05 10:00:00,digital_ad,1
389,2025-12-08 16:00:00,digital_ad,1
389,2025-12-26 11:00:00,digital_ad,0
390,2025-02-04 10:00:00,phone_call,0
390,2025-02-11 16:00:00,phone_call,0
390,2025-02-27 10:00:00,email,0
390,2025-03-31 11:00:00,email,0
390,2025-04-10 09:00:00,webinar,0
390,2025-04-18 12:00:00,email,0
390,2025-05-05 10:00:00,email,0
390,2025-05-19 17:00:00,email,0
390,2025-06-10 13:00:00,webinar,0
390,2025-06-24 15:00:00,digital_ad,0
390,2025-07-09 17:00:00,email,0
390,2025-07-14 15:00:00,digital_ad,0
390,2025-07-23 13:00:00,email,0
390,2025-08-13 14:00:00,email,0
390,2025-08-18 08:00:00,digital_ad,0
390,2025-09-08 08:00:00,digital_ad,1
390,2025-11-06 16:00:00,email,0
390,2025-11-13 12:00:00,webinar,0
390,2025-12-12 10:00:00,phone_call,1
390,2025-12-17 10:00:00,phone_call,0
390,2025-12-22 13:00:00,email,0
390,2025-12-29 13:00:00,digital_ad,0
391,2025-01-17 17:00:00,digital_ad,0
391,2025-02-12 16:00:00,digital_ad,0
391,2025-02-20 17:00:00,webinar,0
391,2025-02-28 13:00:00,email,0
391,2025-03-05 15:00:00,email,0
391,2025-03-11 09:00:00,email,1
391,2025-04-02 08:00:00,digital_ad,0
391,2025-04-08 13:00:00,digital_ad,0
391,2025-04-15 14:00:00,digital_ad,0
391,2025-05-05 12:00:00,phone_call,1
391,2025-06-17 11:00:00,digital_ad,0
391,2025-06-25 11:00:00,webinar,0
391,2025-08-12 12:00:00,email,0
391,2025-08-19 12:00:00,digital_ad,0
391,2025-09-04 17:00:00,email,0
391,2025-09-16 13:00:00,digital_ad,0
391,2025-10-13 10:00:00,email,0
391,2025-10-22 12:00:00,phone_call,1
391,2025-10-29 15:00:00,webinar,0
391,2025-11-14 13:00:00,phone_call,0
391,2025-12-05 09:00:00,digital_ad,0
391,2025-12-16 13:00:00,phone_call,0
391,2025-12-31 11:00:00,email,1
392,2025-01-22 16:00:00,rep_visit,0
392,2025-01-29 09:00:00,email,0
392,2025-02-08 10:00:00,phone_call,0
392,2025-02-14 08:00:00,webinar,0
392,2025-02-25 11:00:00,digital_ad,0
392,2025-03-12 08:00:00,email,1
392,2025-03-19 16:00:00,rep_visit,1
392,2025-03-25 14:00:00,digital_ad,0
392,2025-04-11 13:00:00,phone_call,0
392,2025-05-07 08:00:00,digital_ad,0
392,2025-06-13 14:00:00,rep_visit,0
392,2025-06-30 16:00:00,digital_ad,0
392,2025-07-18 14:00:00,webinar,1
392,2025-08-06 11:00:00,rep_visit,1
392,2025-08-21 09:00:00,phone_call,0
392,2025-08-27 14:00:00,phone_call,0
392,2025-09-08 17:00:00,phone_call,0
392,2025-09-19 14:00:00,rep_visit,0
392,2025-09-29 09:00:00,digital_ad,0
392,2025-10-06 08:00:00,phone_call,0
392,2025-10-17 16:00:00,email,0
392,2025-10-20 08:00:00,rep_visit,1
392,2025-10-29 15:00:00,rep_visit,1
392,2025-11-17 13:00:00,digital_ad,0
392,2025-11-26 11:00:00,phone_call,0
392,2025-12-04 16:00:00,phone_call,0
392,2026-01-01 14:00:00,webinar,0
393,2025-01-14 12:00:00,phone_call,0
393,2025-01-23 12:00:00,rep_visit,0
393,2025-03-14 16:00:00,webinar,0
393,2025-03-17 15:00:00,webinar,0
393,2025-05-14 13:00:00,email,0
393,2025-05-21 09:00:00,email,1
393,2025-05-27 09:00:00,email,0
393,2025-06-11 08:00:00,digital_ad,0
393,2025-07-04 17:00:00,digital_ad,0
393,2025-07-08 08:00:00,digital_ad,0
393,2025-07-15 11:00:00,email,0
393,2025-07-22 16:00:00,webinar,0
393,2025-11-07 10:00:00,email,0
393,2026-01-02 13:00:00,email,1
394,2025-01-25 17:00:00,digital_ad,1
394,2025-02-01 11:00:00,email,0
394,2025-02-06 14:00:00,email,0
394,2025-02-11 08:00:00,phone_call,0
394,2025-03-05 15:00:00,digital_ad,0
394,2025-03-13 17:00:00,digital_ad,0
394,2025-03-20 15:00:00,digital_ad,0
394,2025-03-25 13:00:00,digital_ad,0
394,2025-04-03 13:00:00,email,0
394,2025-05-26 16:00:00,email,1
394,2025-06-09 13:00:00,digital_ad,0
394,2025-06-17 08:00:00,digital_ad,0
394,2025-06-27 10:00:00,webinar,0
394,2025-06-30 10:00:00,email,0
394,2025-08-22 12:00:00,webinar,0
394,2025-09-01 15:00:00,phone_call,1
394,2025-10-01 13:00:00,digital_ad,1
394,2025-10-06 12:00:00,email,0
394,2025-10-22 08:00:00,email,1
394,2025-10-27 11:00:00,email,1
394,2025-11-11 13:00:00,digital_ad,0
394,2025-11-17 17:00:00,phone_call,0
394,2025-12-03 11:00:00,webinar,1
394,2025-12-11 12:00:00,email,0
394,2025-12-15 14:00:00,rep_visit,0
394,2025-12-31 11:00:00,webinar,1
395,2025-01-14 17:00:00,digital_ad,1
395,2025-01-30 08:00:00,webinar,0
395,2025-02-07 12:00:00,phone_call,0
395,2025-02-22 12:00:00,webinar,1
395,2025-02-26 12:00:00,rep_visit,0
395,2025-03-05 14:00:00,email,0
395,2025-03-14 08:00:00,phone_call,0
395,2025-03-18 10:00:00,phone_call,0
395,2025-04-04 16:00:00,phone_call,1
395,2025-04-10 16:00:00,rep_visit,0
395,2025-04-23 11:00:00,phone_call,0
395,2025-04-29 13:00:00,phone_call,0
395,2025-05-06 08:00:00,email,0
395,2025-05-20 14:00:00,digital_ad,0
395,2025-05-26 14:00:00,rep_visit,0
395,2025-06-02 15:00:00,phone_call,0
395,2025-06-26 11:00:00,digital_ad,0
395,2025-07-03 10:00:00,email,0
395,2025-07-11 10:00:00,email,0
395,2025-08-08 16:00:00,rep_visit,1
395,2025-08-21 17:00:00,rep_visit,1
395,2025-08-28 13:00:00,webinar,1
395,2025-09-12 13:00:00,rep_visit,1
395,2025-09-18 11:00:00,email,0
395,2025-09-23 11:00:00,phone_call,0
395,2025-10-23 15:00:00,digital_ad,0
395,2025-11-06 15:00:00,digital_ad,0
395,2025-11-19 08:00:00,webinar,1
395,2025-11-25 08:00:00,digital_ad,0
395,2025-12-18 17:00:00,rep_visit,1
395,2025-12-23 15:00:00,rep_visit,0
395,2026-01-02 15:00:00,rep_visit,0
396,2025-01-22 16:00:00,digital_ad,1
396,2025-01-30 08:00:00,phone_call,0
396,2025-03-03 14:00:00,webinar,1
396,2025-03-19 11:00:00,webinar,1
396,2025-04-11 16:00:00,email,0
396,2025-04-14 14:00:00,digital_ad,0
396,2025-04-22 12:00:00,email,0
396,2025-05-06 10:00:00,phone_call,0
396,2025-06-04 10:00:00,digital_ad,0
396,2025-07-04 09:00:00,digital_ad,1
396,2025-07-17 11:00:00,email,0
396,2025-09-19 12:00:00,phone_call,0
396,2025-09-24 08:00:00,email,0
396,2025-11-06 11:00:00,email,0
396,2025-12-03 14:00:00,webinar,1
396,2025-12-15 11:00:00,webinar,1
396,2025-12-25 12:00:00,phone_call,0
396,2026-01-02 13:00:00,phone_call,0
397,2025-01-24 16:00:00,webinar,1
397,2025-02-04 14:00:00,webinar,0
397,2025-03-26 17:00:00,digital_ad,1
397,2025-03-31 09:00:00,email,0
397,2025-05-06 17:00:00,email,1
397,2025-07-01 16:00:00,phone_call,1
397,2025-07-23 14:00:00,digital_ad,0
397,2025-08-26 13:00:00,phone_call,0
397,2025-10-02 09:00:00,email,1
397,2025-10-14 12:00:00,email,0
397,2025-11-20 09:00:00,webinar,0
397,2025-12-18 12:00:00,email,0
398,2025-01-17 15:00:00,digital_ad,0
398,2025-01-25 14:00:00,rep_visit,0
398,2025-01-31 08:00:00,rep_visit,0
398,2025-02-06 08:00:00,webinar,0
398,2025-02-15 12:00:00,email,0
398,2025-02-20 16:00:00,rep_visit,1
398,2025-02-28 14:00:00,phone_call,0
398,2025-03-13 14:00:00,webinar,0
398,2025-03-19 11:00:00,rep_visit,0
398,2025-04-04 11:00:00,digital_ad,0
398,2025-04-10 10:00:00,email,0
398,2025-04-14 13:00:00,email,0
398,2025-04-30 15:00:00,email,0
398,2025-05-22 10:00:00,digital_ad,0
398,2025-06-02 08:00:00,rep_visit,1
398,2025-06-23 12:00:00,rep_visit,1
398,2025-07-02 10:00:00,phone_call,0
398,2025-07-08 17:00:00,rep_visit,0
398,2025-07-14 12:00:00,phone_call,1
398,2025-07-28 13:00:00,rep_visit,1
398,2025-08-07 16:00:00,phone_call,1
398,2025-08-12 11:00:00,digital_ad,0
398,2025-08-29 13:00:00,phone_call,1
398,2025-09-04 10:00:00,rep_visit,1
398,2025-09-08 13:00:00,digital_ad,0
398,2025-09-19 08:00:00,email,0
398,2025-09-22 15:00:00,digital_ad,0
398,2025-09-29 11:00:00,digital_ad,0
398,2025-10-09 09:00:00,email,0
398,2025-10-13 17:00:00,email,0
398,2025-10-22 13:00:00,email,0
398,2025-11-03 11:00:00,email,0
398,2025-12-09 16:00:00,webinar,0
398,2025-12-17 08:00:00,webinar,0
398,2026-01-02 13:00:00,email,1
399,2025-01-31 08:00:00,email,1
399,2025-03-05 14:00:00,digital_ad,0
399,2025-04-16 15:00:00,email,0
399,2025-04-25 10:00:00,email,0
399,2025-06-20 12:00:00,email,1
399,2025-08-18 12:00:00,phone_call,1
399,2025-08-28 12:00:00,email,0
399,2025-09-02 13:00:00,digital_ad,0
399,2025-09-29 12:00:00,email,0
399,2025-11-14 15:00:00,digital_ad,0
399,2025-12-03 11:00:00,email,0
400,2025-01-22 12:00:00,digital_ad,0
400,2025-01-31 14:00:00,digital_ad,0
400,2025-03-06 09:00:00,digital_ad,0
400,2025-03-11 14:00:00,digital_ad,0
400,2025-03-19 16:00:00,webinar,1
400,2025-03-24 15:00:00,digital_ad,0
400,2025-04-08 17:00:00,email,0
400,2025-04-14 16:00:00,webinar,0
400,2025-04-23 12:00:00,webinar,0
400,2025-04-30 11:00:00,digital_ad,0
400,2025-05-14 17:00:00,phone_call,0
400,2025-05-19 11:00:00,digital_ad,0
400,2025-05-26 17:00:00,email,0
400,2025-06-13 13:00:00,email,0
400,2025-06-19 17:00:00,email,0
400,2025-06-27 15:00:00,email,0
400,2025-07-11 10:00:00,digital_ad,1
400,2025-07-24 14:00:00,phone_call,1
400,2025-07-30 12:00:00,email,1
400,2025-08-08 12:00:00,webinar,0
400,2025-08-15 17:00:00,email,0
400,2025-08-19 14:00:00,digital_ad,1
400,2025-08-26 10:00:00,email,0
400,2025-09-18 09:00:00,webinar,1
400,2025-09-26 15:00:00,email,0
400,2025-10-02 17:00:00,digital_ad,0
400,2025-10-09 10:00:00,digital_ad,0
400,2025-10-20 16:00:00,digital_ad,0
400,2025-10-31 16:00:00,phone_call,0
400,2025-11-03 08:00:00,phone_call,0
400,2025-11-17 08:00:00,phone_call,0
400,2025-11-24 17:00:00,email,0
400,2025-12-26 09:00:00,digital_ad,0
400,2025-12-31 16:00:00,email,1
401,2025-01-14 15:00:00,rep_visit,0
401,2025-05-05 08:00:00,rep_visit,0
401,2025-05-20 17:00:00,rep_visit,1
401,2025-09-01 15:00:00,rep_visit,1
401,2025-09-11 13:00:00,webinar,0
401,2025-12-22 09:00:00,rep_visit,1
402,2025-01-22 16:00:00,email,1
402,2025-01-29 09:00:00,email,0
402,2025-02-14 09:00:00,rep_visit,1
402,2025-03-05 14:00:00,digital_ad,0
402,2025-03-14 11:00:00,email,0
402,2025-04-02 12:00:00,digital_ad,0
402,2025-04-08 15:00:00,webinar,0
402,2025-04-14 15:00:00,digital_ad,0
402,2025-04-25 16:00:00,digital_ad,0
402,2025-05-05 14:00:00,phone_call,0
402,2025-05-13 09:00:00,digital_ad,0
402,2025-05-19 09:00:00,email,0
402,2025-06-04 15:00:00,phone_call,0
402,2025-06-30 11:00:00,webinar,1
402,2025-07-10 11:00:00,digital_ad,0
402,2025-07-17 15:00:00,email,0
402,2025-07-24 15:00:00,phone_call,0
402,2025-08-12 16:00:00,email,0
402,2025-08-18 08:00:00,phone_call,0
402,2025-09-03 11:00:00,email,1
402,2025-09-09 11:00:00,webinar,0
402,2025-09-25 10:00:00,phone_call,0
402,2025-11-04 11:00:00,digital_ad,0
402,2025-11-12 09:00:00,webinar,0
402,2025-11-24 13:00:00,digital_ad,0
402,2025-12-03 10:00:00,webinar,0
402,2025-12-10 15:00:00,email,0
402,2025-12-17 16:00:00,digital_ad,0
403,2025-02-07 12:00:00,webinar,0
403,2025-02-22 12:00:00,phone_call,1
403,2025-02-26 14:00:00,phone_call,1
403,2025-03-12 10:00:00,digital_ad,1
403,2025-03-28 10:00:00,email,0
403,2025-04-18 12:00:00,webinar,0
403,2025-04-24 14:00:00,digital_ad,0
403,2025-04-29 12:00:00,email,0
403,2025-05-27 11:00:00,email,0
403,2025-06-25 08:00:00,digital_ad,0
403,2025-07-11 10:00:00,phone_call,1
403,2025-07-16 17:00:00,email,0
403,2025-08-15 13:00:00,rep_visit,1
403,2025-08-18 11:00:00,phone_call,0
403,2025-09-22 14:00:00,phone_call,1
403,2025-09-29 16:00:00,phone_call,0
403,2025-10-08 09:00:00,email,0
403,2025-10-14 15:00:00,rep_visit,0
403,2025-10-23 14:00:00,webinar,0
403,2025-10-30 08:00:00,email,0
403,2025-11-04 10:00:00,email,0
403,2025-11-12 13:00:00,rep_visit,0
403,2025-11-21 15:00:00,rep_visit,0
403,2025-12-26 11:00:00,rep_visit,1
403,2026-01-01 10:00:00,email,0
404,2025-01-21 08:00:00,rep_visit,0
404,2025-01-29 08:00:00,digital_ad,0
404,2025-02-06 17:00:00,rep_visit,0
404,2025-02-28 15:00:00,email,1
404,2025-03-31 13:00:00,rep_visit,0
404,2025-04-15 08:00:00,phone_call,1
404,2025-04-24 16:00:00,phone_call,0
404,2025-04-30 12:00:00,webinar,0
404,2025-05-14 16:00:00,digital_ad,0
404,2025-05-20 11:00:00,phone_call,0
404,2025-06-24 11:00:00,phone_call,1
404,2025-07-08 12:00:00,webinar,0
404,2025-07-17 15:00:00,digital_ad,0
404,2025-07-31 17:00:00,webinar,1
404,2025-08-05 09:00:00,digital_ad,0
404,2025-08-14 15:00:00,email,0
404,2025-09-03 10:00:00,email,0
404,2025-09-23 12:00:00,webinar,1
404,2025-10-01 15:00:00,webinar,0
404,2025-10-30 08:00:00,phone_call,1
404,2025-11-26 15:00:00,email,0
404,2025-12-11 17:00:00,webinar,1
404,2025-12-25 09:00:00,digital_ad,1
404,2025-12-29 16:00:00,digital_ad,0
405,2025-01-18 15:00:00,email,0
405,2025-01-31 10:00:00,email,0
405,2025-02-12 17:00:00,digital_ad,0
405,2025-02-21 10:00:00,webinar,1
405,2025-02-28 11:00:00,webinar,0
405,2025-03-12 15:00:00,webinar,0
405,2025-04-03 11:00:00,digital_ad,0
405,2025-05-06 14:00:00,webinar,0
405,2025-05-27 17:00:00,rep_visit,0
405,2025-06-02 09:00:00,rep_visit,0
405,2025-07-01 12:00:00,email,0
405,2025-07-21 16:00:00,email,0
405,2025-08-28 15:00:00,digital_ad,0
405,2025-09-05 08:00:00,webinar,1
405,2025-09-09 15:00:00,phone_call,0
405,2025-09-25 14:00:00,email,0
405,2025-10-31 14:00:00,rep_visit,1
405,2025-11-12 11:00:00,digital_ad,0
405,2025-12-25 14:00:00,email,1
406,2025-01-25 15:00:00,digital_ad,1
406,2025-01-28 13:00:00,email,0
406,2025-02-04 14:00:00,email,0
406,2025-02-15 13:00:00,phone_call,0
406,2025-02-19 12:00:00,digital_ad,0
406,2025-02-26 15:00:00,email,0
406,2025-03-03 11:00:00,email,0
406,2025-03-12 10:00:00,webinar,1
406,2025-03-28 16:00:00,phone_call,0
406,2025-04-15 16:00:00,digital_ad,0
406,2025-05-05 09:00:00,digital_ad,0
406,2025-05-14 14:00:00,webinar,1
406,2025-05-27 16:00:00,email,0
406,2025-06-16 15:00:00,email,0
406,2025-07-01 08:00:00,webinar,0
406,2025-07-08 10:00:00,email,0
406,2025-07-16 12:00:00,digital_ad,0
406,2025-07-31 13:00:00,phone_call,0
406,2025-08-29 10:00:00,webinar,0
406,2025-09-11 09:00:00,phone_call,0
406,2025-10-14 16:00:00,email,0
406,2025-11-03 17:00:00,phone_call,0
406,2025-11-17 10:00:00,webinar,0
406,2025-12-05 08:00:00,digital_ad,1
406,2025-12-08 16:00:00,email,0
406,2025-12-24 12:00:00,webinar,1
407,2025-01-22 12:00:00,email,1
407,2025-02-05 10:00:00,digital_ad,0
407,2025-02-12 12:00:00,email,0
407,2025-02-22 15:00:00,rep_visit,1
407,2025-03-04 16:00:00,webinar,0
407,2025-03-12 16:00:00,webinar,0
407,2025-03-19 10:00:00,rep_visit,0
407,2025-04-02 14:00:00,digital_ad,0
407,2025-04-16 10:00:00,rep_visit,0
407,2025-04-21 17:00:00,rep_visit,0
407,2025-04-30 11:00:00,rep_visit,0
407,2025-05-06 11:00:00,email,0
407,2025-05-14 09:00:00,digital_ad,0
407,2025-05-22 14:00:00,email,0
407,2025-06-03 10:00:00,phone_call,0
407,2025-06-17 17:00:00,phone_call,1
407,2025-07-16 10:00:00,phone_call,0
407,2025-07-22 12:00:00,email,0
407,2025-08-15 16:00:00,phone_call,1
407,2025-08-18 11:00:00,rep_visit,0
407,2025-10-06 08:00:00,email,0
407,2025-10-24 09:00:00,webinar,1
407,2025-10-27 17:00:00,rep_visit,0
407,2025-11-03 11:00:00,rep_visit,0
407,2025-11-20 13:00:00,rep_visit,1
407,2025-12-08 08:00:00,email,0
407,2025-12-24 11:00:00,email,0
407,2026-01-01 12:00:00,webinar,0
408,2025-01-16 17:00:00,phone_call,0
408,2025-01-21 14:00:00,email,0
408,2025-01-30 12:00:00,phone_call,0
408,2025-02-06 11:00:00,rep_visit,0
408,2025-03-28 10:00:00,phone_call,0
408,2025-04-30 16:00:00,phone_call,0
408,2025-05-07 09:00:00,phone_call,0
408,2025-05-28 17:00:00,phone_call,0
408,2025-06-10 17:00:00,rep_visit,0
408,2025-06-20 08:00:00,email,0
408,2025-06-27 10:00:00,phone_call,0
408,2025-07-03 12:00:00,webinar,0
408,2025-07-25 17:00:00,digital_ad,0
408,2025-08-12 11:00:00,phone_call,0
408,2025-08-19 12:00:00,email,0
408,2025-08-28 11:00:00,webinar,1
408,2025-09-04 08:00:00,rep_visit,0
408,2025-10-14 08:00:00,webinar,1
408,2025-11-13 12:00:00,webinar,0
408,2025-12-29 13:00:00,rep_visit,0
409,2025-01-14 16:00:00,email,1
409,2025-02-18 11:00:00,digital_ad,0
409,2025-03-07 09:00:00,digital_ad,0
409,2025-03-12 16:00:00,phone_call,0
409,2025-04-04 12:00:00,webinar,0
409,2025-04-17 11:00:00,webinar,0
409,2025-05-01 10:00:00,email,0
409,2025-05-13 15:00:00,email,0
409,2025-05-23 08:00:00,rep_visit,0
409,2025-05-29 15:00:00,digital_ad,0
409,2025-06-27 09:00:00,email,1
409,2025-07-16 17:00:00,digital_ad,0
409,2025-07-21 15:00:00,rep_visit,0
409,2025-08-13 14:00:00,webinar,0
409,2025-09-12 11:00:00,phone_call,0
409,2025-10-20 09:00:00,email,0
409,2025-10-30 17:00:00,email,0
409,2025-11-06 09:00:00,digital_ad,0
409,2025-11-24 10:00:00,digital_ad,0
410,2025-03-13 13:00:00,email,0
410,2025-03-24 12:00:00,rep_visit,1
410,2025-03-31 13:00:00,digital_ad,0
410,2025-04-24 13:00:00,rep_visit,1
410,2025-05-19 14:00:00,rep_visit,1
410,2025-07-29 13:00:00,phone_call,1
410,2025-09-17 12:00:00,phone_call,1
410,2025-10-06 14:00:00,email,1
410,2025-11-07 11:00:00,phone_call,0
410,2025-11-18 14:00:00,rep_visit,1
411,2025-01-18 10:00:00,digital_ad,0
411,2025-01-25 14:00:00,phone_call,0
411,2025-03-31 14:00:00,rep_visit,0
411,2025-04-15 16:00:00,email,0
411,2025-05-29 08:00:00,email,0
411,2025-06-04 10:00:00,email,0
411,2025-06-11 10:00:00,digital_ad,0
411,2025-06-27 12:00:00,webinar,0
411,2025-07-02 11:00:00,email,0
411,2025-07-24 14:00:00,webinar,1
411,2025-08-19 10:00:00,rep_visit,0
411,2025-09-17 17:00:00,email,1
411,2025-09-23 14:00:00,email,0
411,2025-10-23 14:00:00,email,1
411,2025-10-28 14:00:00,phone_call,0
411,2025-11-12 12:00:00,phone_call,0
411,2025-12-23 11:00:00,email,0
411,2025-12-31 17:00:00,email,0
412,2025-02-07 13:00:00,digital_ad,1
412,2025-03-06 11:00:00,phone_call,0
412,2025-04-10 12:00:00,email,0
412,2025-04-23 09:00:00,digital_ad,0
412,2025-06-23 13:00:00,webinar,0
412,2025-07-28 17:00:00,email,0
412,2025-08-28 13:00:00,email,1
412,2025-09-10 16:00:00,digital_ad,0
412,2025-09-30 17:00:00,digital_ad,0
412,2025-10-27 09:00:00,rep_visit,0
412,2025-11-04 08:00:00,digital_ad,0
412,2025-12-18 10:00:00,email,0
413,2025-01-31 11:00:00,email,1
413,2025-02-15 11:00:00,email,0
413,2025-02-21 14:00:00,email,0
413,2025-03-31 17:00:00,digital_ad,0
413,2025-04-08 15:00:00,email,0
413,2025-04-17 14:00:00,webinar,0
413,2025-05-13 11:00:00,email,0
413,2025-05-20 15:00:00,rep_visit,0
413,2025-06-26 14:00:00,email,0
413,2025-08-11 16:00:00,digital_ad,1
413,2025-09-02 11:00:00,webinar,1
413,2025-09-23 08:00:00,digital_ad,0
413,2025-10-28 08:00:00,email,0
413,2025-11-07 13:00:00,webinar,0
413,2025-11-10 12:00:00,digital_ad,0
413,2025-12-10 08:00:00,email,0
414,2025-01-25 10:00:00,digital_ad,0
414,2025-02-07 14:00:00,phone_call,0
414,2025-03-21 17:00:00,email,0
414,2025-04-07 13:00:00,digital_ad,1
414,2025-05-05 10:00:00,email,0
414,2025-05-13 13:00:00,email,1
414,2025-05-22 17:00:00,email,0
414,2025-06-17 13:00:00,phone_call,1
414,2025-07-17 09:00:00,phone_call,0
414,2025-07-25 17:00:00,email,0
414,2025-07-30 09:00:00,rep_visit,0
414,2025-08-15 08:00:00,rep_visit,1
414,2025-09-10 09:00:00,email,0
414,2025-09-19 13:00:00,phone_call,1
414,2025-10-07 10:00:00,digital_ad,0
414,2025-10-28 10:00:00,digital_ad,1
414,2025-11-04 17:00:00,phone_call,0
414,2025-12-16 17:00:00,digital_ad,0
414,2025-12-22 17:00:00,digital_ad,0
415,2025-02-01 15:00:00,phone_call,0
415,2025-02-14 16:00:00,webinar,1
415,2025-03-06 10:00:00,phone_call,0
415,2025-03-13 15:00:00,phone_call,0
415,2025-03-18 10:00:00,email,0
415,2025-04-08 10:00:00,digital_ad,0
415,2025-04-15 15:00:00,email,0
415,2025-04-25 09:00:00,rep_visit,1
415,2025-04-30 12:00:00,phone_call,0
415,2025-05-09 12:00:00,rep_visit,1
415,2025-05-14 11:00:00,email,0
415,2025-05-28 17:00:00,email,0
415,2025-06-06 10:00:00,digital_ad,0
415,2025-06-19 11:00:00,email,1
415,2025-06-30 13:00:00,digital_ad,0
415,2025-07-16 17:00:00,phone_call,1
415,2025-08-08 08:00:00,digital_ad,0
415,2025-08-11 17:00:00,rep_visit,0
415,2025-08-21 09:00:00,rep_visit,1
415,2025-08-29 16:00:00,rep_visit,1
415,2025-09-26 09:00:00,email,0
415,2025-10-14 10:00:00,webinar,1
415,2025-10-24 17:00:00,email,0
415,2025-10-31 15:00:00,webinar,0
415,2025-11-19 14:00:00,digital_ad,0
415,2025-12-12 09:00:00,rep_visit,1
415,2025-12-18 08:00:00,digital_ad,0
416,2025-02-01 17:00:00,phone_call,1
416,2025-02-19 13:00:00,email,0
416,2025-03-14 09:00:00,digital_ad,1
416,2025-05-21 09:00:00,rep_visit,1
416,2025-06-18 10:00:00,email,0
416,2025-07-17 12:00:00,rep_visit,0
416,2025-09-02 09:00:00,digital_ad,0
416,2025-10-14 08:00:00,phone_call,0
416,2025-11-24 10:00:00,email,0
416,2025-12-11 15:00:00,phone_call,0
417,2025-01-18 15:00:00,rep_visit,1
417,2025-01-29 14:00:00,phone_call,0
417,2025-02-05 11:00:00,webinar,0
417,2025-03-14 16:00:00,digital_ad,0
417,2025-04-16 15:00:00,rep_visit,0
417,2025-05-06 10:00:00,rep_visit,1
417,2025-05-13 10:00:00,email,0
417,2025-05-21 08:00:00,phone_call,0
417,2025-05-30 09:00:00,phone_call,0
417,2025-06-30 10:00:00,phone_call,1
417,2025-08-01 09:00:00,email,0
417,2025-08-06 15:00:00,phone_call,1
417,2025-08-22 14:00:00,digital_ad,0
417,2025-09-03 13:00:00,digital_ad,0
417,2025-09-26 17:00:00,phone_call,0
417,2025-11-24 09:00:00,digital_ad,0
417,2025-12-05 15:00:00,webinar,1
417,2025-12-11 09:00:00,webinar,0
417,2025-12-26 12:00:00,webinar,0
418,2025-01-24 08:00:00,email,0
418,2025-02-28 14:00:00,phone_call,1
418,2025-03-19 08:00:00,email,0
418,2025-04-17 16:00:00,rep_visit,1
418,2025-04-24 12:00:00,phone_call,1
418,2025-05-21 09:00:00,rep_visit,0
418,2025-06-13 08:00:00,phone_call,1
418,2025-06-20 13:00:00,email,0
418,2025-06-24 16:00:00,phone_call,0
418,2025-07-28 12:00:00,digital_ad,1
418,2025-08-04 15:00:00,email,0
418,2025-08-21 08:00:00,email,0
418,2025-08-28 14:00:00,webinar,1
418,2025-09-10 09:00:00,digital_ad,0
418,2025-10-29 14:00:00,email,0
418,2025-11-06 13:00:00,email,0
418,2025-11-10 11:00:00,rep_visit,0
418,2025-12-03 11:00:00,phone_call,1
418,2025-12-08 13:00:00,webinar,0
419,2025-01-15 15:00:00,email,0
419,2025-01-22 17:00:00,webinar,0
419,2025-02-01 11:00:00,email,0
419,2025-02-07 17:00:00,phone_call,0
419,2025-02-19 10:00:00,email,0
419,2025-03-04 11:00:00,phone_call,1
419,2025-03-14 15:00:00,webinar,0
419,2025-03-28 11:00:00,digital_ad,0
419,2025-03-31 13:00:00,phone_call,0
419,2025-04-18 14:00:00,rep_visit,1
419,2025-05-02 16:00:00,webinar,0
419,2025-05-07 15:00:00,email,0
419,2025-05-13 17:00:00,webinar,0
419,2025-06-03 16:00:00,email,0
419,2025-06-09 08:00:00,phone_call,0
419,2025-06-17 08:00:00,digital_ad,0
419,2025-08-07 15:00:00,rep_visit,1
419,2025-08-14 09:00:00,email,0
419,2025-08-22 15:00:00,email,0
419,2025-08-28 11:00:00,digital_ad,0
419,2025-09-04 15:00:00,digital_ad,0
419,2025-09-11 12:00:00,digital_ad,0
419,2025-09-17 11:00:00,email,0
419,2025-10-13 10:00:00,rep_visit,0
419,2025-10-21 10:00:00,rep_visit,1
419,2025-11-03 14:00:00,phone_call,0
419,2025-11-17 10:00:00,email,0
419,2025-11-26 11:00:00,webinar,0
419,2025-12-10 17:00:00,email,0
419,2025-12-15 13:00:00,phone_call,0
419,2025-12-22 14:00:00,digital_ad,0
419,2025-12-30 15:00:00,email,0
420,2025-01-17 11:00:00,digital_ad,0
420,2025-01-31 12:00:00,digital_ad,0
420,2025-04-04 09:00:00,email,0
420,2025-06-04 10:00:00,rep_visit,1
420,2025-06-18 16:00:00,digital_ad,0
420,2025-07-08 13:00:00,digital_ad,0
420,2025-07-30 15:00:00,email,0
420,2025-08-04 08:00:00,email,0
420,2025-08-15 17:00:00,email,0
420,2025-09-11 16:00:00,email,1
420,2025-09-16 12:00:00,digital_ad,0
420,2025-10-24 11:00:00,digital_ad,0
420,2025-10-29 09:00:00,email,0
420,2025-12-24 10:00:00,email,1
420,2025-12-31 08:00:00,email,0
421,2025-01-25 10:00:00,digital_ad,1
421,2025-02-01 11:00:00,email,0
421,2025-02-05 11:00:00,email,0
421,2025-03-13 13:00:00,rep_visit,1
421,2025-03-26 14:00:00,email,0
421,2025-04-01 08:00:00,email,1
421,2025-04-17 17:00:00,email,1
421,2025-04-25 11:00:00,email,0
421,2025-05-02 14:00:00,email,0
421,2025-05-09 13:00:00,rep_visit,0
421,2025-05-13 11:00:00,phone_call,0
421,2025-05-23 14:00:00,phone_call,0
421,2025-05-26 10:00:00,webinar,0
421,2025-06-04 15:00:00,email,1
421,2025-06-10 08:00:00,rep_visit,0
421,2025-06-24 15:00:00,email,0
421,2025-07-16 12:00:00,email,0
421,2025-07-22 09:00:00,webinar,0
421,2025-08-08 16:00:00,rep_visit,1
421,2025-08-20 09:00:00,digital_ad,0
421,2025-08-26 13:00:00,phone_call,0
421,2025-09-02 15:00:00,phone_call,0
421,2025-09-16 08:00:00,email,0
421,2025-10-07 10:00:00,email,0
421,2025-10-15 17:00:00,digital_ad,0
421,2025-10-23 13:00:00,digital_ad,0
421,2025-11-03 13:00:00,digital_ad,0
421,2025-11-11 14:00:00,email,0
421,2025-11-21 16:00:00,digital_ad,1
421,2025-11-25 14:00:00,digital_ad,0
421,2025-12-05 13:00:00,digital_ad,0
421,2025-12-08 12:00:00,email,0
421,2025-12-18 09:00:00,webinar,0
421,2025-12-30 08:00:00,email,1
422,2025-01-16 14:00:00,digital_ad,1
422,2025-01-31 14:00:00,email,1
422,2025-02-13 14:00:00,digital_ad,0
422,2025-02-20 16:00:00,webinar,0
422,2025-02-27 10:00:00,digital_ad,0
422,2025-03-14 10:00:00,email,0
422,2025-03-17 13:00:00,email,0
422,2025-03-28 13:00:00,phone_call,0
422,2025-04-29 08:00:00,webinar,0
422,2025-05-14 11:00:00,email,0
422,2025-05-23 08:00:00,email,1
422,2025-06-02 14:00:00,digital_ad,0
422,2025-06-13 15:00:00,digital_ad,0
422,2025-06-16 16:00:00,email,0
422,2025-07-04 12:00:00,webinar,0
422,2025-07-11 09:00:00,phone_call,1
422,2025-07-18 08:00:00,phone_call,0
422,2025-07-28 14:00:00,email,0
422,2025-08-12 15:00:00,phone_call,1
422,2025-08-28 10:00:00,email,0
422,2025-09-04 08:00:00,email,0
422,2025-09-12 09:00:00,email,0
422,2025-09-22 13:00:00,rep_visit,0
422,2025-10-03 16:00:00,email,1
422,2025-10-29 15:00:00,email,1
422,2025-11-07 12:00:00,email,1
422,2025-11-13 15:00:00,email,0
422,2025-11-18 16:00:00,webinar,1
422,2025-12-05 13:00:00,webinar,1
422,2025-12-11 12:00:00,email,0
422,2025-12-26 15:00:00,email,0
422,2026-01-01 09:00:00,webinar,0
423,2025-01-16 13:00:00,email,0
423,2025-03-31 09:00:00,webinar,0
423,2025-04-15 15:00:00,phone_call,0
423,2025-04-23 17:00:00,rep_visit,0
423,2025-05-07 16:00:00,rep_visit,1
423,2025-06-04 13:00:00,rep_visit,1
423,2025-06-13 09:00:00,phone_call,1
423,2025-06-16 10:00:00,digital_ad,0
423,2025-07-01 09:00:00,phone_call,1
423,2025-07-14 12:00:00,phone_call,1
423,2025-08-27 14:00:00,phone_call,1
423,2025-09-04 17:00:00,rep_visit,0
423,2025-09-10 13:00:00,email,0
423,2025-09-15 11:00:00,rep_visit,0
423,2025-09-25 14:00:00,email,0
423,2025-10-07 11:00:00,phone_call,1
423,2025-10-29 13:00:00,phone_call,1
423,2025-11-05 14:00:00,phone_call,0
423,2025-11-20 09:00:00,phone_call,0
423,2025-12-26 15:00:00,phone_call,1
424,2025-01-16 11:00:00,rep_visit,0
424,2025-02-04 08:00:00,webinar,0
424,2025-02-11 16:00:00,email,0
424,2025-03-07 15:00:00,email,0
424,2025-05-08 14:00:00,digital_ad,0
424,2025-06-16 12:00:00,digital_ad,0
424,2025-07-03 17:00:00,phone_call,0
424,2025-07-08 17:00:00,phone_call,0
424,2025-07-24 10:00:00,rep_visit,0
424,2025-08-21 09:00:00,digital_ad,0
424,2025-09-02 15:00:00,digital_ad,0
424,2025-10-29 09:00:00,email,0
424,2025-11-05 12:00:00,digital_ad,0
424,2025-12-01 15:00:00,rep_visit,1
424,2025-12-09 08:00:00,digital_ad,1
424,2025-12-18 09:00:00,email,0
424,2025-12-23 08:00:00,digital_ad,0
424,2025-12-30 11:00:00,phone_call,0
425,2025-01-22 16:00:00,phone_call,0
425,2025-02-08 08:00:00,rep_visit,1
425,2025-02-11 11:00:00,webinar,0
425,2025-02-22 11:00:00,email,0
425,2025-02-28 13:00:00,phone_call,1
425,2025-04-01 13:00:00,email,0
425,2025-04-14 15:00:00,phone_call,1
425,2025-05-01 12:00:00,webinar,0
425,2025-05-21 17:00:00,email,0
425,2025-05-28 09:00:00,rep_visit,0
425,2025-06-11 09:00:00,digital_ad,0
425,2025-06-19 11:00:00,rep_visit,0
425,2025-06-26 08:00:00,webinar,0
425,2025-06-30 15:00:00,rep_visit,1
425,2025-07-07 11:00:00,digital_ad,0
425,2025-07-22 09:00:00,phone_call,1
425,2025-09-10 15:00:00,email,0
425,2025-10-16 15:00:00,rep_visit,1
425,2025-10-28 15:00:00,webinar,0
425,2025-11-05 12:00:00,digital_ad,0
425,2025-11-27 10:00:00,webinar,0
425,2025-12-01 12:00:00,rep_visit,0
425,2025-12-08 08:00:00,webinar,0
425,2025-12-22 16:00:00,rep_visit,1
425,2025-12-31 16:00:00,phone_call,0
426,2025-01-21 08:00:00,rep_visit,1
426,2025-02-07 17:00:00,email,0
426,2025-02-11 13:00:00,phone_call,0
426,2025-02-18 09:00:00,rep_visit,1
426,2025-02-28 09:00:00,webinar,0
426,2025-03-06 17:00:00,digital_ad,1
426,2025-03-12 10:00:00,rep_visit,1
426,2025-03-20 08:00:00,phone_call,0
426,2025-03-28 14:00:00,webinar,0
426,2025-04-03 16:00:00,email,0
426,2025-04-07 17:00:00,rep_visit,0
426,2025-04-15 13:00:00,email,0
426,2025-04-22 16:00:00,phone_call,0
426,2025-05-09 16:00:00,webinar,1
426,2025-05-14 16:00:00,rep_visit,1
426,2025-06-11 13:00:00,rep_visit,1
426,2025-07-03 17:00:00,rep_visit,1
426,2025-07-08 17:00:00,phone_call,0
426,2025-08-01 17:00:00,email,0
426,2025-08-29 09:00:00,phone_call,1
426,2025-09-11 17:00:00,phone_call,0
426,2025-10-03 16:00:00,phone_call,1
426,2025-10-23 17:00:00,digital_ad,0
426,2025-10-31 08:00:00,email,0
426,2025-11-06 08:00:00,email,0
426,2025-11-19 12:00:00,email,0
426,2025-12-18 09:00:00,phone_call,0
426,2025-12-22 10:00:00,webinar,1
426,2025-12-29 12:00:00,email,0
427,2025-01-28 08:00:00,digital_ad,0
427,2025-02-08 12:00:00,email,0
427,2025-02-22 12:00:00,email,0
427,2025-02-25 16:00:00,phone_call,0
427,2025-03-25 16:00:00,rep_visit,1
427,2025-04-08 17:00:00,email,1
427,2025-04-15 15:00:00,phone_call,0
427,2025-05-08 14:00:00,email,1
427,2025-05-14 08:00:00,digital_ad,0
427,2025-05-21 17:00:00,rep_visit,0
427,2025-05-26 08:00:00,webinar,0
427,2025-06-05 08:00:00,email,1
427,2025-06-11 14:00:00,webinar,0
427,2025-07-01 15:00:00,email,0
427,2025-07-10 13:00:00,webinar,0
427,2025-07-15 16:00:00,email,0
427,2025-08-19 14:00:00,phone_call,1
427,2025-09-05 13:00:00,email,1
427,2025-09-18 09:00:00,email,1
427,2025-09-25 17:00:00,phone_call,0
427,2025-09-29 16:00:00,phone_call,0
427,2025-10-09 08:00:00,rep_visit,0
427,2025-10-16 13:00:00,digital_ad,0
427,2025-10-21 09:00:00,rep_visit,1
427,2025-11-06 10:00:00,email,1
427,2025-11-19 13:00:00,email,1
427,2025-11-24 13:00:00,phone_call,0
427,2025-12-19 17:00:00,email,0
427,2026-01-01 13:00:00,digital_ad,0
428,2025-01-14 11:00:00,email,0
428,2025-01-21 11:00:00,phone_call,0
428,2025-01-28 15:00:00,phone_call,0
428,2025-02-07 13:00:00,email,0
428,2025-02-21 14:00:00,email,0
428,2025-02-28 13:00:00,digital_ad,0
428,2025-03-03 14:00:00,digital_ad,0
428,2025-03-24 17:00:00,digital_ad,0
428,2025-04-08 13:00:00,email,1
428,2025-04-30 11:00:00,email,0
428,2025-05-06 10:00:00,digital_ad,0
428,2025-05-20 17:00:00,email,0
428,2025-05-30 09:00:00,phone_call,0
428,2025-06-05 10:00:00,digital_ad,0
428,2025-06-11 15:00:00,digital_ad,0
428,2025-06-20 15:00:00,rep_visit,0
428,2025-06-23 10:00:00,email,0
428,2025-07-02 14:00:00,digital_ad,1
428,2025-07-11 10:00:00,email,1
428,2025-07-18 11:00:00,email,0
428,2025-07-24 15:00:00,email,0
428,2025-07-30 12:00:00,rep_visit,0
428,2025-08-08 14:00:00,email,0
428,2025-08-18 10:00:00,email,0
428,2025-09-05 10:00:00,email,0
428,2025-09-10 17:00:00,digital_ad,0
428,2025-09-19 11:00:00,email,1
428,2025-10-14 09:00:00,rep_visit,0
428,2025-11-13 17:00:00,email,0
428,2025-12-03 17:00:00,phone_call,0
428,2025-12-09 10:00:00,phone_call,0
428,2025-12-26 12:00:00,email,1
428,2025-12-29 10:00:00,email,0
429,2025-01-17 12:00:00,rep_visit,1
429,2025-01-31 15:00:00,webinar,0
429,2025-02-18 15:00:00,phone_call,1
429,2025-03-04 09:00:00,email,0
429,2025-03-27 11:00:00,rep_visit,1
429,2025-05-02 17:00:00,email,1
429,2025-05-13 16:00:00,email,1
429,2025-05-22 14:00:00,email,0
429,2025-05-28 12:00:00,rep_visit,0
429,2025-06-17 15:00:00,email,1
429,2025-06-27 10:00:00,rep_visit,1
429,2025-07-29 17:00:00,email,1
429,2025-08-04 17:00:00,webinar,0
429,2025-08-11 14:00:00,phone_call,0
429,2025-09-18 17:00:00,phone_call,0
429,2025-10-01 11:00:00,phone_call,0
429,2025-10-08 10:00:00,phone_call,0
429,2025-10-15 13:00:00,rep_visit,1
429,2025-10-21 10:00:00,digital_ad,0
429,2025-11-04 15:00:00,webinar,1
429,2025-11-10 14:00:00,webinar,0
429,2025-11-26 17:00:00,rep_visit,0
429,2025-12-12 10:00:00,rep_visit,1
429,2025-12-16 10:00:00,email,0
429,2025-12-26 10:00:00,email,0
430,2025-01-17 10:00:00,phone_call,1
430,2025-01-24 12:00:00,rep_visit,1
430,2025-02-13 08:00:00,rep_visit,0
430,2025-03-13 14:00:00,phone_call,1
430,2025-04-01 09:00:00,rep_visit,1
430,2025-04-16 10:00:00,phone_call,0
430,2025-05-02 13:00:00,phone_call,0
430,2025-05-08 09:00:00,phone_call,0
430,2025-05-19 13:00:00,email,0
430,2025-07-04 10:00:00,phone_call,1
430,2025-07-07 16:00:00,phone_call,0
430,2025-07-28 08:00:00,email,1
430,2025-08-05 13:00:00,phone_call,1
430,2025-09-11 09:00:00,phone_call,1
430,2025-09-26 13:00:00,rep_visit,0
430,2025-10-15 17:00:00,rep_visit,1
430,2025-11-04 13:00:00,rep_visit,1
430,2025-11-12 12:00:00,email,0
430,2025-12-19 12:00:00,digital_ad,0
431,2025-03-21 10:00:00,email,0
431,2025-04-18 13:00:00,rep_visit,1
431,2025-05-07 17:00:00,phone_call,1
431,2025-05-16 17:00:00,rep_visit,1
431,2025-06-20 08:00:00,rep_visit,1
431,2025-06-30 13:00:00,phone_call,0
431,2025-08-08 16:00:00,rep_visit,1
431,2025-09-23 13:00:00,phone_call,0
431,2025-11-13 09:00:00,phone_call,1
431,2025-12-26 15:00:00,rep_visit,1
431,2025-12-30 13:00:00,rep_visit,0
432,2025-01-14 10:00:00,digital_ad,0
432,2025-01-25 10:00:00,digital_ad,0
432,2025-01-30 12:00:00,digital_ad,0
432,2025-02-25 17:00:00,digital_ad,0
432,2025-03-13 13:00:00,email,0
432,2025-04-10 08:00:00,digital_ad,1
432,2025-04-29 16:00:00,digital_ad,0
432,2025-05-12 08:00:00,digital_ad,0
432,2025-06-20 17:00:00,email,0
432,2025-06-26 10:00:00,webinar,0
432,2025-07-11 17:00:00,digital_ad,0
432,2025-09-05 12:00:00,digital_ad,0
432,2025-09-08 17:00:00,phone_call,0
432,2025-10-15 15:00:00,digital_ad,0
432,2025-10-27 17:00:00,rep_visit,1
432,2025-11-13 14:00:00,digital_ad,0
432,2025-11-20 12:00:00,email,0
432,2025-12-30 16:00:00,email,0
433,2025-01-24 12:00:00,email,0
433,2025-02-06 13:00:00,webinar,1
433,2025-02-11 12:00:00,phone_call,0
433,2025-02-19 08:00:00,phone_call,1
433,2025-02-27 11:00:00,webinar,0
433,2025-03-17 12:00:00,rep_visit,1
433,2025-04-15 09:00:00,webinar,0
433,2025-04-25 16:00:00,phone_call,0
433,2025-05-08 08:00:00,rep_visit,0
433,2025-05-21 10:00:00,phone_call,1
433,2025-05-26 11:00:00,rep_visit,1
433,2025-06-05 09:00:00,webinar,0
433,2025-07-04 15:00:00,email,0
433,2025-07-14 14:00:00,rep_visit,1
433,2025-07-22 14:00:00,phone_call,0
433,2025-07-31 13:00:00,digital_ad,0
433,2025-10-30 14:00:00,email,0
433,2025-11-13 17:00:00,webinar,1
433,2025-11-20 11:00:00,rep_visit,1
433,2025-12-17 15:00:00,webinar,0
434,2025-01-18 14:00:00,rep_visit,0
434,2025-02-06 12:00:00,webinar,0
434,2025-03-03 08:00:00,phone_call,1
434,2025-03-24 17:00:00,webinar,0
434,2025-04-14 14:00:00,phone_call,0
434,2025-04-25 12:00:00,phone_call,0
434,2025-05-09 16:00:00,phone_call,0
434,2025-06-11 14:00:00,phone_call,1
434,2025-07-16 12:00:00,webinar,0
434,2025-07-25 09:00:00,rep_visit,0
434,2025-07-30 08:00:00,phone_call,0
434,2025-10-10 15:00:00,rep_visit,1
434,2025-10-24 14:00:00,webinar,0
435,2025-01-14 14:00:00,phone_call,1
435,2025-01-25 10:00:00,phone_call,1
435,2025-01-28 13:00:00,rep_visit,0
435,2025-02-07 15:00:00,rep_visit,1
435,2025-02-18 10:00:00,phone_call,1
435,2025-02-27 14:00:00,rep_visit,0
435,2025-03-19 08:00:00,rep_visit,0
435,2025-03-27 11:00:00,rep_visit,1
435,2025-04-03 15:00:00,phone_call,1
435,2025-04-07 15:00:00,rep_visit,1
435,2025-04-16 15:00:00,phone_call,0
435,2025-05-13 16:00:00,webinar,0
435,2025-06-05 14:00:00,webinar,0
435,2025-06-12 12:00:00,rep_visit,1
435,2025-07-11 15:00:00,phone_call,1
435,2025-07-21 08:00:00,digital_ad,0
435,2025-07-28 13:00:00,webinar,0
435,2025-08-07 12:00:00,phone_call,0
435,2025-08-18 11:00:00,email,0
435,2025-08-25 08:00:00,rep_visit,1
435,2025-09-03 15:00:00,email,0
435,2025-09-11 12:00:00,rep_visit,1
435,2025-09-15 12:00:00,webinar,0
435,2025-10-02 10:00:00,rep_visit,1
435,2025-10-10 12:00:00,phone_call,1
435,2025-10-28 08:00:00,rep_visit,1
435,2025-11-10 17:00:00,phone_call,1
435,2025-11-19 15:00:00,phone_call,1
435,2025-11-27 09:00:00,email,0
435,2025-12-08 08:00:00,rep_visit,0
435,2025-12-15 17:00:00,rep_visit,1
435,2025-12-25 17:00:00,rep_visit,1
435,2026-01-02 12:00:00,phone_call,0
436,2025-02-05 13:00:00,email,1
436,2025-02-14 12:00:00,webinar,0
436,2025-02-21 17:00:00,email,1
436,2025-02-27 12:00:00,digital_ad,0
436,2025-03-27 16:00:00,digital_ad,0
436,2025-04-14 10:00:00,email,0
436,2025-05-02 17:00:00,email,1
436,2025-05-09 12:00:00,email,0
436,2025-05-19 11:00:00,phone_call,0
436,2025-06-03 08:00:00,email,1
436,2025-06-09 17:00:00,webinar,0
436,2025-06-19 17:00:00,phone_call,0
436,2025-08-22 09:00:00,digital_ad,0
436,2025-10-16 09:00:00,digital_ad,1
436,2025-10-20 16:00:00,phone_call,0
436,2025-11-07 15:00:00,email,0
436,2025-11-11 08:00:00,phone_call,0
436,2025-11-19 14:00:00,digital_ad,0
436,2025-11-26 16:00:00,digital_ad,0
436,2025-12-19 15:00:00,email,0
436,2025-12-25 12:00:00,email,0
437,2025-01-18 10:00:00,rep_visit,1
437,2025-01-23 09:00:00,rep_visit,0
437,2025-02-08 09:00:00,phone_call,1
437,2025-02-22 14:00:00,phone_call,1
437,2025-02-27 13:00:00,phone_call,0
437,2025-03-11 11:00:00,rep_visit,0
437,2025-03-17 11:00:00,phone_call,0
437,2025-03-31 09:00:00,rep_visit,1
437,2025-04-08 17:00:00,webinar,0
437,2025-04-23 16:00:00,digital_ad,0
437,2025-05-02 16:00:00,rep_visit,1
437,2025-05-13 09:00:00,rep_visit,1
437,2025-05-20 12:00:00,rep_visit,0
437,2025-06-02 12:00:00,rep_visit,1
437,2025-07-07 08:00:00,webinar,0
437,2025-08-13 10:00:00,webinar,1
437,2025-08-29 12:00:00,phone_call,0
437,2025-09-03 13:00:00,webinar,0
437,2025-09-10 10:00:00,rep_visit,1
437,2025-10-08 14:00:00,rep_visit,1
437,2025-10-17 13:00:00,email,0
437,2025-10-20 15:00:00,rep_visit,0
437,2025-11-06 10:00:00,rep_visit,1
437,2025-11-18 15:00:00,digital_ad,0
437,2025-12-01 14:00:00,digital_ad,0
437,2025-12-09 17:00:00,rep_visit,1
437,2025-12-17 09:00:00,rep_visit,1
437,2025-12-30 11:00:00,rep_visit,0
438,2025-01-28 17:00:00,digital_ad,0
438,2025-02-07 09:00:00,rep_visit,1
438,2025-02-18 13:00:00,phone_call,0
438,2025-03-06 14:00:00,webinar,0
438,2025-04-25 15:00:00,webinar,0
438,2025-05-02 11:00:00,rep_visit,0
438,2025-05-07 11:00:00,email,1
438,2025-05-15 09:00:00,digital_ad,0
438,2025-08-05 11:00:00,digital_ad,0
438,2025-08-28 15:00:00,phone_call,0
438,2025-09-16 11:00:00,webinar,0
438,2025-09-29 16:00:00,webinar,0
438,2025-10-16 11:00:00,phone_call,0
438,2025-10-24 09:00:00,digital_ad,0
438,2025-10-29 15:00:00,phone_call,0
438,2025-12-04 11:00:00,digital_ad,1
439,2025-02-01 12:00:00,rep_visit,1
439,2025-02-11 13:00:00,phone_call,1
439,2025-03-20 16:00:00,rep_visit,1
439,2025-04-03 08:00:00,email,0
439,2025-04-25 14:00:00,email,0
439,2025-06-04 12:00:00,digital_ad,0
439,2025-06-25 15:00:00,digital_ad,0
439,2025-07-03 13:00:00,webinar,0
439,2025-07-07 08:00:00,webinar,0
439,2025-08-21 12:00:00,phone_call,0
439,2025-08-28 14:00:00,email,0
439,2025-09-03 08:00:00,email,0
439,2025-09-08 14:00:00,phone_call,0
439,2025-10-01 11:00:00,webinar,0
439,2025-10-15 15:00:00,digital_ad,0
439,2025-10-21 15:00:00,digital_ad,0
439,2025-11-03 14:00:00,phone_call,0
439,2025-11-13 10:00:00,webinar,0
439,2025-12-15 16:00:00,webinar,0
439,2025-12-23 12:00:00,email,0
439,2025-12-31 08:00:00,webinar,0
440,2025-01-17 17:00:00,phone_call,0
440,2025-03-12 10:00:00,rep_visit,1
440,2025-04-21 08:00:00,webinar,0
440,2025-05-02 16:00:00,phone_call,0
440,2025-05-05 14:00:00,digital_ad,0
440,2025-06-03 14:00:00,phone_call,0
440,2025-06-10 09:00:00,rep_visit,1
440,2025-06-23 10:00:00,phone_call,0
440,2025-07-28 16:00:00,rep_visit,1
440,2025-08-07 16:00:00,phone_call,0
440,2025-08-12 10:00:00,webinar,0
440,2025-09-01 16:00:00,phone_call,1
440,2025-10-27 16:00:00,webinar,0
441,2025-02-13 12:00:00,rep_visit,1
441,2025-02-20 11:00:00,phone_call,0
441,2025-02-28 14:00:00,rep_visit,0
441,2025-03-18 13:00:00,phone_call,1
441,2025-03-24 15:00:00,rep_visit,0
441,2025-04-03 17:00:00,rep_visit,1
441,2025-04-23 14:00:00,rep_visit,0
441,2025-06-02 10:00:00,rep_visit,1
441,2025-07-10 11:00:00,rep_visit,1
441,2025-08-15 17:00:00,email,1
441,2025-08-21 15:00:00,rep_visit,0
441,2025-09-25 13:00:00,rep_visit,1
441,2025-10-14 16:00:00,phone_call,1
441,2025-10-23 17:00:00,rep_visit,0
441,2025-11-05 14:00:00,rep_visit,1
441,2025-11-26 10:00:00,email,0
441,2025-12-16 12:00:00,webinar,0
441,2025-12-22 10:00:00,phone_call,0
442,2025-01-23 10:00:00,digital_ad,1
442,2025-02-13 13:00:00,email,1
442,2025-02-20 15:00:00,email,0
442,2025-03-26 10:00:00,phone_call,1
442,2025-04-01 16:00:00,digital_ad,0
442,2025-04-10 16:00:00,phone_call,1
442,2025-05-02 11:00:00,phone_call,1
442,2025-05-08 16:00:00,digital_ad,1
442,2025-05-26 09:00:00,digital_ad,1
442,2025-06-11 09:00:00,phone_call,0
442,2025-06-17 14:00:00,digital_ad,0
442,2025-09-01 08:00:00,digital_ad,0
442,2025-09-16 10:00:00,phone_call,0
442,2025-10-17 09:00:00,rep_visit,0
442,2025-11-10 08:00:00,email,0
442,2025-11-17 12:00:00,webinar,0
442,2025-12-04 11:00:00,digital_ad,0
442,2025-12-16 17:00:00,digital_ad,0
443,2025-02-05 11:00:00,rep_visit,1
443,2025-03-07 14:00:00,email,0
443,2025-03-17 09:00:00,phone_call,0
443,2025-03-25 15:00:00,rep_visit,0
443,2025-04-09 11:00:00,webinar,0
443,2025-04-15 14:00:00,email,0
443,2025-05-02 08:00:00,email,0
443,2025-06-06 14:00:00,digital_ad,0
443,2025-06-10 09:00:00,email,0
443,2025-07-07 13:00:00,digital_ad,0
443,2025-07-21 08:00:00,phone_call,0
443,2025-07-30 08:00:00,phone_call,0
443,2025-08-08 12:00:00,digital_ad,0
443,2025-09-10 15:00:00,phone_call,0
443,2025-09-26 13:00:00,rep_visit,1
443,2025-11-06 13:00:00,rep_visit,1
444,2025-01-16 10:00:00,webinar,1
444,2025-01-25 10:00:00,rep_visit,0
444,2025-02-01 12:00:00,email,1
444,2025-02-07 12:00:00,digital_ad,0
444,2025-02-18 13:00:00,email,0
444,2025-02-28 12:00:00,webinar,1
444,2025-03-07 13:00:00,digital_ad,0
444,2025-03-14 14:00:00,rep_visit,0
444,2025-03-24 08:00:00,webinar,0
444,2025-04-04 11:00:00,email,0
444,2025-04-18 13:00:00,email,0
444,2025-05-13 16:00:00,digital_ad,0
444,2025-06-02 17:00:00,phone_call,0
444,2025-06-11 13:00:00,email,0
444,2025-06-17 17:00:00,webinar,0
444,2025-06-26 09:00:00,email,0
444,2025-06-30 13:00:00,email,1
444,2025-07-11 12:00:00,email,1
444,2025-07-22 08:00:00,webinar,1
444,2025-07-31 16:00:00,phone_call,0
444,2025-08-05 08:00:00,digital_ad,0
444,2025-09-02 10:00:00,rep_visit,1
444,2025-09-10 10:00:00,phone_call,0
444,2025-09-17 16:00:00,email,0
444,2025-10-22 11:00:00,digital_ad,0
444,2025-11-07 09:00:00,phone_call,1
444,2025-11-17 11:00:00,digital_ad,0
444,2025-12-03 11:00:00,rep_visit,1
444,2025-12-10 08:00:00,phone_call,0
445,2025-01-15 14:00:00,email,0
445,2025-01-24 10:00:00,email,0
445,2025-01-29 11:00:00,digital_ad,0
445,2025-02-15 10:00:00,email,0
445,2025-02-18 09:00:00,digital_ad,0
445,2025-03-07 13:00:00,email,0
445,2025-03-13 09:00:00,email,0
445,2025-03-17 08:00:00,rep_visit,0
445,2025-04-10 10:00:00,digital_ad,1
445,2025-05-08 11:00:00,email,0
445,2025-05-26 14:00:00,digital_ad,0
445,2025-06-12 15:00:00,digital_ad,0
445,2025-06-18 15:00:00,email,0
445,2025-06-25 15:00:00,webinar,0
445,2025-07-02 11:00:00,phone_call,0
445,2025-07-07 08:00:00,digital_ad,0
445,2025-07-28 10:00:00,webinar,1
445,2025-08-14 17:00:00,email,0
445,2025-08-25 17:00:00,email,0
445,2025-09-26 16:00:00,digital_ad,0
445,2025-10-01 13:00:00,webinar,0
445,2025-10-08 12:00:00,email,0
445,2025-11-03 13:00:00,digital_ad,0
445,2025-12-09 11:00:00,rep_visit,0
445,2025-12-25 15:00:00,digital_ad,0
445,2025-12-31 16:00:00,phone_call,1
446,2025-01-18 09:00:00,webinar,0
446,2025-02-07 12:00:00,email,0
446,2025-02-13 11:00:00,email,0
446,2025-02-21 12:00:00,email,0
446,2025-03-05 13:00:00,phone_call,1
446,2025-03-10 17:00:00,digital_ad,0
446,2025-03-21 09:00:00,rep_visit,0
446,2025-03-24 15:00:00,digital_ad,0
446,2025-05-20 08:00:00,email,0
446,2025-06-04 10:00:00,email,0
446,2025-07-10 08:00:00,digital_ad,0
446,2025-07-17 10:00:00,email,0
446,2025-07-22 14:00:00,email,0
446,2025-08-01 10:00:00,webinar,0
446,2025-08-05 13:00:00,digital_ad,0
446,2025-08-19 10:00:00,email,0
446,2025-08-25 16:00:00,digital_ad,0
446,2025-09-10 13:00:00,webinar,0
446,2025-09-18 13:00:00,webinar,0
446,2025-09-30 17:00:00,digital_ad,0
446,2025-10-15 17:00:00,digital_ad,0
446,2025-10-23 16:00:00,digital_ad,0
446,2025-10-30 09:00:00,email,0
446,2025-11-07 12:00:00,email,0
446,2025-11-21 10:00:00,digital_ad,0
446,2025-11-25 12:00:00,webinar,0
447,2025-01-31 12:00:00,phone_call,0
447,2025-02-11 08:00:00,webinar,0
447,2025-02-25 16:00:00,email,0
447,2025-03-21 10:00:00,phone_call,1
447,2025-03-25 08:00:00,email,1
447,2025-04-08 15:00:00,webinar,0
447,2025-04-16 10:00:00,webinar,0
447,2025-04-23 12:00:00,digital_ad,0
447,2025-05-01 10:00:00,digital_ad,0
447,2025-05-06 11:00:00,digital_ad,0
447,2025-05-16 09:00:00,rep_visit,0
447,2025-05-19 11:00:00,webinar,0
447,2025-05-26 10:00:00,phone_call,1
447,2025-06-12 15:00:00,email,1
447,2025-06-17 10:00:00,email,0
447,2025-06-27 09:00:00,digital_ad,0
447,2025-07-01 12:00:00,email,0
447,2025-07-16 08:00:00,email,0
447,2025-07-25 09:00:00,digital_ad,0
447,2025-07-31 14:00:00,email,0
447,2025-08-06 15:00:00,digital_ad,0
447,2025-08-22 16:00:00,rep_visit,0
447,2025-09-18 09:00:00,email,0
447,2025-09-29 15:00:00,webinar,1
447,2025-10-06 08:00:00,digital_ad,0
447,2025-10-22 15:00:00,webinar,0
447,2025-11-13 12:00:00,phone_call,0
447,2025-11-20 11:00:00,webinar,0
447,2025-12-16 08:00:00,digital_ad,0
447,2025-12-24 10:00:00,digital_ad,0
448,2025-01-18 08:00:00,email,1
448,2025-02-05 16:00:00,phone_call,0
448,2025-03-18 08:00:00,webinar,0
448,2025-03-25 12:00:00,digital_ad,1
448,2025-04-09 17:00:00,email,0
448,2025-05-14 11:00:00,email,0
448,2025-06-10 11:00:00,digital_ad,0
448,2025-08-07 09:00:00,email,1
448,2025-08-14 09:00:00,digital_ad,1
448,2025-08-20 08:00:00,phone_call,0
448,2025-09-04 09:00:00,digital_ad,0
448,2025-09-23 08:00:00,webinar,0
448,2025-10-07 11:00:00,rep_visit,0
448,2025-10-31 15:00:00,webinar,0
448,2025-11-05 11:00:00,digital_ad,0
448,2025-11-26 14:00:00,webinar,0
449,2025-01-28 11:00:00,phone_call,1
449,2025-02-11 12:00:00,email,1
449,2025-02-21 11:00:00,phone_call,1
449,2025-02-26 12:00:00,webinar,0
449,2025-03-13 10:00:00,rep_visit,0
449,2025-05-06 09:00:00,webinar,1
449,2025-06-19 15:00:00,phone_call,1
449,2025-07-25 11:00:00,phone_call,0
449,2025-08-21 12:00:00,digital_ad,0
449,2025-08-28 16:00:00,digital_ad,0
449,2025-09-11 12:00:00,email,0
449,2025-09-17 10:00:00,webinar,1
449,2025-10-01 15:00:00,rep_visit,0
449,2025-10-17 11:00:00,email,0
449,2025-11-19 13:00:00,email,0
449,2025-12-11 16:00:00,email,0
449,2025-12-16 10:00:00,digital_ad,0
450,2025-01-22 10:00:00,phone_call,0
450,2025-01-29 12:00:00,phone_call,0
450,2025-02-14 10:00:00,phone_call,0
450,2025-02-21 17:00:00,webinar,0
450,2025-03-03 14:00:00,phone_call,0
450,2025-04-01 09:00:00,phone_call,1
450,2025-04-09 12:00:00,phone_call,1
450,2025-05-01 09:00:00,phone_call,1
450,2025-05-13 16:00:00,phone_call,0
450,2025-05-22 17:00:00,rep_visit,1
450,2025-05-28 09:00:00,webinar,0
450,2025-06-19 12:00:00,rep_visit,1
450,2025-06-23 08:00:00,rep_visit,0
450,2025-07-07 08:00:00,webinar,1
450,2025-07-18 09:00:00,email,0
450,2025-08-06 15:00:00,rep_visit,1
450,2025-08-12 08:00:00,phone_call,0
450,2025-08-18 11:00:00,webinar,0
450,2025-08-25 10:00:00,rep_visit,0
450,2025-09-03 13:00:00,email,0
450,2025-09-23 08:00:00,webinar,1
450,2025-10-17 10:00:00,rep_visit,1
450,2025-10-24 17:00:00,webinar,0
450,2025-10-28 13:00:00,rep_visit,0
450,2025-11-25 14:00:00,phone_call,0
450,2025-12-25 10:00:00,digital_ad,0
450,2026-01-02 13:00:00,phone_call,0
451,2025-01-16 16:00:00,webinar,0
451,2025-01-23 09:00:00,digital_ad,0
451,2025-02-20 08:00:00,rep_visit,0
451,2025-03-06 14:00:00,email,0
451,2025-03-21 10:00:00,email,0
451,2025-03-26 13:00:00,email,0
451,2025-04-18 17:00:00,email,0
451,2025-04-22 17:00:00,webinar,0
451,2025-06-19 11:00:00,email,0
451,2025-06-23 09:00:00,webinar,0
451,2025-07-03 12:00:00,email,0
451,2025-07-16 16:00:00,email,1
451,2025-08-26 14:00:00,digital_ad,1
451,2025-09-05 13:00:00,webinar,0
451,2025-09-18 15:00:00,webinar,0
451,2025-09-23 15:00:00,email,0
451,2025-10-03 11:00:00,webinar,0
451,2025-10-29 16:00:00,email,1
451,2025-11-03 15:00:00,email,0
451,2025-12-01 11:00:00,phone_call,1
451,2025-12-18 10:00:00,digital_ad,0
451,2025-12-24 13:00:00,email,0
451,2025-12-30 11:00:00,webinar,0
452,2025-01-23 10:00:00,phone_call,1
452,2025-02-01 17:00:00,phone_call,0
452,2025-02-12 14:00:00,phone_call,0
452,2025-03-06 13:00:00,phone_call,1
452,2025-03-13 09:00:00,email,0
452,2025-03-20 15:00:00,digital_ad,0
452,2025-03-24 12:00:00,email,0
452,2025-04-08 14:00:00,email,0
452,2025-04-18 15:00:00,phone_call,0
452,2025-05-01 08:00:00,webinar,0
452,2025-05-14 13:00:00,digital_ad,0
452,2025-05-19 09:00:00,webinar,0
452,2025-05-30 09:00:00,email,0
452,2025-06-04 17:00:00,phone_call,0
452,2025-06-27 10:00:00,email,0
452,2025-07-03 14:00:00,email,0
452,2025-07-11 17:00:00,email,1
452,2025-07-16 13:00:00,rep_visit,0
452,2025-07-31 10:00:00,email,0
452,2025-08-05 09:00:00,webinar,0
452,2025-08-13 13:00:00,digital_ad,0
452,2025-09-05 17:00:00,webinar,1
452,2025-10-01 12:00:00,phone_call,1
452,2025-10-09 12:00:00,rep_visit,0
452,2025-10-22 10:00:00,digital_ad,0
452,2025-10-30 16:00:00,rep_visit,1
452,2025-11-10 15:00:00,phone_call,1
453,2025-01-17 17:00:00,digital_ad,1
453,2025-01-25 16:00:00,email,0
453,2025-02-22 12:00:00,email,0
453,2025-02-25 10:00:00,digital_ad,0
453,2025-03-07 09:00:00,phone_call,0
453,2025-03-13 11:00:00,phone_call,1
453,2025-03-17 15:00:00,phone_call,0
453,2025-04-18 08:00:00,digital_ad,0
453,2025-04-24 16:00:00,email,0
453,2025-05-01 13:00:00,webinar,0
453,2025-05-23 15:00:00,digital_ad,0
453,2025-06-11 16:00:00,webinar,1
453,2025-06-27 11:00:00,digital_ad,1
453,2025-07-01 12:00:00,rep_visit,0
453,2025-07-24 16:00:00,email,0
453,2025-08-14 10:00:00,phone_call,1
453,2025-09-03 09:00:00,webinar,0
453,2025-09-10 16:00:00,email,0
453,2025-10-24 09:00:00,phone_call,0
453,2025-10-29 11:00:00,email,0
453,2025-11-04 10:00:00,phone_call,0
453,2025-11-13 11:00:00,phone_call,0
453,2025-11-18 12:00:00,email,0
453,2025-12-03 11:00:00,digital_ad,1
453,2025-12-12 14:00:00,digital_ad,0
453,2025-12-15 08:00:00,digital_ad,0
454,2025-01-29 13:00:00,email,0
454,2025-02-08 10:00:00,digital_ad,0
454,2025-02-28 16:00:00,digital_ad,1
454,2025-03-04 12:00:00,rep_visit,0
454,2025-04-01 10:00:00,phone_call,0
454,2025-04-11 16:00:00,email,0
454,2025-04-16 14:00:00,email,0
454,2025-04-28 17:00:00,digital_ad,0
454,2025-05-14 17:00:00,email,1
454,2025-05-21 10:00:00,email,0
454,2025-06-04 17:00:00,email,1
454,2025-06-17 14:00:00,email,1
454,2025-07-04 15:00:00,digital_ad,0
454,2025-07-07 15:00:00,webinar,0
454,2025-07-31 09:00:00,digital_ad,0
454,2025-08-08 17:00:00,webinar,0
454,2025-08-25 09:00:00,email,0
454,2025-09-23 15:00:00,digital_ad,0
454,2025-10-16 14:00:00,phone_call,0
454,2025-10-22 15:00:00,email,1
454,2025-10-28 11:00:00,digital_ad,0
454,2025-12-18 12:00:00,phone_call,0
454,2025-12-25 14:00:00,email,0
454,2026-01-02 15:00:00,webinar,0
455,2025-01-21 14:00:00,rep_visit,0
455,2025-02-06 16:00:00,digital_ad,0
455,2025-02-26 12:00:00,rep_visit,1
455,2025-03-07 14:00:00,webinar,0
455,2025-03-24 09:00:00,email,0
455,2025-04-07 17:00:00,rep_visit,0
455,2025-04-21 10:00:00,rep_visit,1
455,2025-05-16 17:00:00,rep_visit,1
455,2025-05-20 11:00:00,phone_call,0
455,2025-06-18 08:00:00,email,0
455,2025-06-27 17:00:00,rep_visit,1
455,2025-07-09 15:00:00,rep_visit,0
455,2025-08-01 16:00:00,rep_visit,0
455,2025-08-25 16:00:00,phone_call,0
455,2025-11-04 11:00:00,rep_visit,0
455,2025-11-12 15:00:00,phone_call,0
455,2025-11-20 14:00:00,rep_visit,0
455,2025-12-26 15:00:00,webinar,0
456,2025-01-31 15:00:00,email,1
456,2025-02-06 14:00:00,webinar,0
456,2025-02-14 10:00:00,digital_ad,1
456,2025-03-07 13:00:00,webinar,1
456,2025-03-14 17:00:00,email,0
456,2025-03-17 16:00:00,digital_ad,0
456,2025-04-02 10:00:00,webinar,1
456,2025-04-11 13:00:00,phone_call,0
456,2025-05-06 17:00:00,phone_call,0
456,2025-05-12 12:00:00,email,0
456,2025-05-27 17:00:00,email,1
456,2025-06-03 12:00:00,webinar,0
456,2025-06-26 16:00:00,phone_call,0
456,2025-07-17 11:00:00,email,0
456,2025-07-31 09:00:00,digital_ad,0
456,2025-08-11 14:00:00,email,0
456,2025-08-19 15:00:00,digital_ad,0
456,2025-08-29 08:00:00,digital_ad,0
456,2025-09-02 12:00:00,digital_ad,0
456,2025-09-08 11:00:00,digital_ad,0
456,2025-10-08 14:00:00,digital_ad,0
456,2025-10-16 13:00:00,rep_visit,0
456,2025-11-17 15:00:00,rep_visit,0
456,2025-12-16 14:00:00,digital_ad,0
457,2025-01-23 08:00:00,rep_visit,1
457,2025-01-30 08:00:00,webinar,1
457,2025-02-07 10:00:00,phone_call,0
457,2025-02-22 12:00:00,digital_ad,1
457,2025-02-27 17:00:00,rep_visit,1
457,2025-03-14 16:00:00,digital_ad,0
457,2025-03-17 13:00:00,phone_call,0
457,2025-04-17 13:00:00,phone_call,0
457,2025-04-22 08:00:00,rep_visit,0
457,2025-04-30 11:00:00,rep_visit,1
457,2025-05-07 15:00:00,rep_visit,0
457,2025-05-15 16:00:00,rep_visit,1
457,2025-05-21 11:00:00,email,0
457,2025-05-29 17:00:00,rep_visit,0
457,2025-06-09 10:00:00,webinar,1
457,2025-06-17 17:00:00,email,0
457,2025-06-27 13:00:00,rep_visit,1
457,2025-07-02 09:00:00,phone_call,0
457,2025-07-30 11:00:00,rep_visit,1
457,2025-08-14 11:00:00,email,0
457,2025-08-22 10:00:00,rep_visit,1
457,2025-09-04 08:00:00,rep_visit,1
457,2025-09-10 08:00:00,webinar,0
457,2025-09-19 09:00:00,phone_call,0
457,2025-09-25 15:00:00,rep_visit,1
457,2025-10-03 10:00:00,phone_call,1
457,2025-10-07 15:00:00,email,0
457,2025-10-29 12:00:00,rep_visit,1
457,2025-11-14 08:00:00,email,0
457,2025-12-01 13:00:00,webinar,0
457,2025-12-12 15:00:00,email,0
457,2025-12-23 13:00:00,email,0
457,2025-12-30 17:00:00,rep_visit,0
458,2025-01-15 13:00:00,phone_call,1
458,2025-02-05 08:00:00,phone_call,0
458,2025-02-11 11:00:00,rep_visit,0
458,2025-02-28 17:00:00,phone_call,0
458,2025-04-01 11:00:00,phone_call,0
458,2025-04-22 15:00:00,phone_call,0
458,2025-04-28 09:00:00,digital_ad,0
458,2025-06-16 10:00:00,rep_visit,1
458,2025-07-10 10:00:00,rep_visit,0
458,2025-08-05 14:00:00,digital_ad,1
458,2025-08-22 14:00:00,rep_visit,1
458,2025-09-08 15:00:00,digital_ad,0
458,2025-09-24 08:00:00,rep_visit,1
458,2025-10-09 17:00:00,webinar,0
458,2025-10-23 13:00:00,digital_ad,0
458,2025-11-06 16:00:00,webinar,1
458,2025-11-19 15:00:00,webinar,0
459,2025-01-18 14:00:00,phone_call,1
459,2025-01-29 17:00:00,email,0
459,2025-02-19 13:00:00,digital_ad,0
459,2025-02-28 15:00:00,webinar,0
459,2025-03-12 08:00:00,email,0
459,2025-03-20 09:00:00,rep_visit,1
459,2025-04-04 09:00:00,email,0
459,2025-04-21 15:00:00,phone_call,1
459,2025-05-01 10:00:00,digital_ad,0
459,2025-05-09 17:00:00,digital_ad,0
459,2025-05-15 16:00:00,phone_call,0
459,2025-05-23 12:00:00,phone_call,1
459,2025-06-06 09:00:00,rep_visit,1
459,2025-06-12 11:00:00,phone_call,0
459,2025-06-17 13:00:00,email,0
459,2025-07-22 14:00:00,rep_visit,1
459,2025-08-05 12:00:00,rep_visit,1
459,2025-08-18 12:00:00,rep_visit,1
459,2025-09-02 10:00:00,rep_visit,1
459,2025-09-11 08:00:00,email,0
459,2025-09-30 10:00:00,webinar,0
459,2025-10-08 15:00:00,webinar,0
459,2025-10-17 14:00:00,rep_visit,0
459,2025-10-20 13:00:00,phone_call,0
459,2025-11-04 09:00:00,phone_call,0
459,2025-11-13 10:00:00,rep_visit,1
459,2025-11-19 08:00:00,rep_visit,1
459,2025-11-28 10:00:00,phone_call,0
459,2025-12-09 12:00:00,email,0
460,2025-02-28 16:00:00,phone_call,1
460,2025-04-03 12:00:00,phone_call,1
460,2025-04-14 17:00:00,phone_call,1
460,2025-04-24 14:00:00,webinar,0
460,2025-05-22 11:00:00,phone_call,0
460,2025-06-19 17:00:00,email,0
460,2025-07-17 16:00:00,rep_visit,0
460,2025-07-28 14:00:00,webinar,0
460,2025-08-07 15:00:00,phone_call,0
460,2025-09-04 10:00:00,rep_visit,1
460,2025-09-10 10:00:00,phone_call,0
460,2025-12-11 16:00:00,webinar,1
461,2025-02-07 13:00:00,rep_visit,1
461,2025-02-15 09:00:00,rep_visit,1
461,2025-03-06 10:00:00,webinar,0
461,2025-03-18 13:00:00,rep_visit,1
461,2025-03-24 14:00:00,rep_visit,1
461,2025-04-03 10:00:00,phone_call,0
461,2025-04-22 10:00:00,digital_ad,0
461,2025-04-28 10:00:00,webinar,0
461,2025-05-05 11:00:00,rep_visit,0
461,2025-05-22 14:00:00,phone_call,0
461,2025-05-26 11:00:00,webinar,0
461,2025-06-10 14:00:00,rep_visit,1
461,2025-06-18 13:00:00,phone_call,0
461,2025-07-09 16:00:00,phone_call,0
461,2025-07-15 16:00:00,email,1
461,2025-07-23 13:00:00,digital_ad,0
461,2025-08-22 17:00:00,webinar,0
461,2025-08-25 08:00:00,rep_visit,0
461,2025-09-04 12:00:00,rep_visit,1
461,2025-09-11 14:00:00,digital_ad,0
461,2025-09-16 17:00:00,phone_call,0
461,2025-09-22 11:00:00,webinar,0
461,2025-10-03 17:00:00,webinar,0
461,2025-10-06 13:00:00,rep_visit,0
461,2025-10-17 11:00:00,rep_visit,1
461,2025-10-24 13:00:00,webinar,0
461,2025-11-06 09:00:00,webinar,0
461,2025-11-13 15:00:00,rep_visit,1
461,2025-11-20 15:00:00,phone_call,0
461,2025-12-05 08:00:00,phone_call,1
461,2025-12-11 17:00:00,email,1
462,2025-01-23 17:00:00,phone_call,0
462,2025-01-31 14:00:00,email,0
462,2025-02-15 15:00:00,email,0
462,2025-02-26 08:00:00,rep_visit,0
462,2025-03-17 12:00:00,phone_call,1
462,2025-03-24 12:00:00,phone_call,0
462,2025-04-25 15:00:00,digital_ad,0
462,2025-05-09 15:00:00,email,1
462,2025-05-12 15:00:00,rep_visit,0
462,2025-05-19 17:00:00,digital_ad,0
462,2025-06-18 11:00:00,webinar,1
462,2025-06-26 12:00:00,digital_ad,0
462,2025-07-02 12:00:00,phone_call,0
462,2025-07-09 17:00:00,rep_visit,0
462,2025-07-21 15:00:00,rep_visit,0
462,2025-08-01 14:00:00,email,0
462,2025-08-26 08:00:00,phone_call,0
462,2025-09-30 16:00:00,rep_visit,0
462,2025-10-31 11:00:00,phone_call,1
462,2025-11-06 14:00:00,webinar,0
462,2025-12-01 16:00:00,phone_call,0
463,2025-02-06 09:00:00,webinar,0
463,2025-02-20 12:00:00,email,0
463,2025-03-14 17:00:00,rep_visit,1
463,2025-04-11 16:00:00,phone_call,0
463,2025-05-15 08:00:00,digital_ad,0
463,2025-06-26 17:00:00,phone_call,0
463,2025-07-16 13:00:00,email,0
463,2025-08-07 16:00:00,digital_ad,0
463,2025-12-02 11:00:00,phone_call,0
463,2025-12-29 09:00:00,email,1
464,2025-02-18 16:00:00,email,0
464,2025-02-25 16:00:00,email,0
464,2025-03-14 17:00:00,rep_visit,1
464,2025-03-27 13:00:00,webinar,1
464,2025-05-27 17:00:00,digital_ad,0
464,2025-06-11 14:00:00,email,1
464,2025-06-19 12:00:00,phone_call,0
464,2025-06-27 09:00:00,digital_ad,0
464,2025-07-03 17:00:00,rep_visit,0
464,2025-07-08 09:00:00,email,1
464,2025-07-15 08:00:00,digital_ad,0
464,2025-07-25 14:00:00,rep_visit,1
464,2025-08-01 09:00:00,phone_call,0
464,2025-08-25 15:00:00,digital_ad,1
464,2025-09-01 14:00:00,email,0
464,2025-09-12 14:00:00,rep_visit,1
464,2025-09-19 11:00:00,webinar,1
464,2025-10-02 11:00:00,webinar,1
464,2025-10-07 17:00:00,rep_visit,0
464,2025-10-13 16:00:00,digital_ad,0
464,2025-10-27 11:00:00,phone_call,0
464,2025-11-05 13:00:00,webinar,0
464,2025-11-19 12:00:00,email,0
464,2025-12-08 12:00:00,rep_visit,1
464,2025-12-23 15:00:00,webinar,0
465,2025-01-30 17:00:00,phone_call,0
465,2025-02-15 10:00:00,webinar,1
465,2025-02-20 10:00:00,email,0
465,2025-03-13 10:00:00,digital_ad,0
465,2025-03-25 12:00:00,email,0
465,2025-04-03 16:00:00,digital_ad,0
465,2025-05-26 17:00:00,digital_ad,0
465,2025-06-26 11:00:00,phone_call,0
465,2025-07-02 14:00:00,webinar,0
465,2025-09-05 11:00:00,webinar,1
465,2025-10-08 11:00:00,phone_call,0
465,2025-11-21 11:00:00,digital_ad,0
465,2025-12-09 08:00:00,phone_call,0
465,2025-12-18 08:00:00,email,1
466,2025-01-15 10:00:00,digital_ad,0
466,2025-01-24 15:00:00,digital_ad,0
466,2025-02-28 14:00:00,rep_visit,1
466,2025-03-18 13:00:00,email,0
466,2025-04-04 16:00:00,phone_call,1
466,2025-05-21 11:00:00,email,1
466,2025-05-27 10:00:00,rep_visit,0
466,2025-06-19 17:00:00,email,0
466,2025-07-09 10:00:00,webinar,0
466,2025-07-25 09:00:00,digital_ad,0
466,2025-07-31 08:00:00,phone_call,0
466,2025-09-19 17:00:00,phone_call,0
466,2025-10-15 13:00:00,rep_visit,0
466,2025-10-24 13:00:00,rep_visit,0
466,2025-11-14 08:00:00,phone_call,1
466,2025-11-24 16:00:00,webinar,1
466,2025-12-24 09:00:00,phone_call,0
466,2025-12-31 16:00:00,phone_call,0
467,2025-01-21 14:00:00,rep_visit,1
467,2025-01-28 14:00:00,rep_visit,0
467,2025-02-08 13:00:00,phone_call,1
467,2025-02-14 08:00:00,email,0
467,2025-02-21 16:00:00,rep_visit,1
467,2025-02-25 17:00:00,rep_visit,1
467,2025-03-05 10:00:00,rep_visit,0
467,2025-03-17 11:00:00,rep_visit,1
467,2025-04-11 13:00:00,webinar,1
467,2025-04-17 15:00:00,phone_call,1
467,2025-04-25 13:00:00,webinar,1
467,2025-05-14 14:00:00,rep_visit,1
467,2025-05-29 14:00:00,rep_visit,1
467,2025-06-04 10:00:00,phone_call,0
467,2025-06-12 13:00:00,email,0
467,2025-06-27 14:00:00,phone_call,1
467,2025-07-03 14:00:00,phone_call,0
467,2025-07-09 11:00:00,email,0
467,2025-07-16 12:00:00,rep_visit,0
467,2025-07-23 09:00:00,phone_call,0
467,2025-07-29 09:00:00,rep_visit,1
467,2025-08-04 17:00:00,rep_visit,1
467,2025-08-11 08:00:00,digital_ad,0
467,2025-08-22 17:00:00,rep_visit,1
467,2025-08-25 16:00:00,phone_call,0
467,2025-09-10 16:00:00,webinar,1
467,2025-09-18 09:00:00,phone_call,0
467,2025-10-31 08:00:00,rep_visit,1
467,2025-11-13 16:00:00,email,0
467,2025-11-18 17:00:00,rep_visit,0
467,2025-12-02 10:00:00,rep_visit,0
467,2025-12-11 16:00:00,rep_visit,1
467,2025-12-16 16:00:00,phone_call,1
467,2025-12-24 11:00:00,phone_call,0
467,2025-12-30 08:00:00,rep_visit,1
468,2025-01-16 09:00:00,digital_ad,1
468,2025-01-22 12:00:00,phone_call,0
468,2025-01-31 17:00:00,email,0
468,2025-02-05 16:00:00,email,1
468,2025-02-26 10:00:00,email,1
468,2025-03-20 08:00:00,webinar,1
468,2025-04-10 17:00:00,phone_call,0
468,2025-04-24 17:00:00,email,1
468,2025-05-01 09:00:00,digital_ad,0
468,2025-05-19 08:00:00,webinar,1
468,2025-06-02 14:00:00,email,0
468,2025-06-11 16:00:00,email,1
468,2025-07-01 12:00:00,rep_visit,0
468,2025-07-15 09:00:00,email,1
468,2025-07-22 11:00:00,webinar,0
468,2025-07-28 14:00:00,webinar,1
468,2025-08-18 09:00:00,webinar,0
468,2025-08-29 10:00:00,phone_call,1
468,2025-09-08 08:00:00,email,0
468,2025-09-26 08:00:00,email,0
468,2025-10-03 13:00:00,email,0
468,2025-10-08 16:00:00,email,0
468,2025-10-17 17:00:00,webinar,1
468,2025-10-21 10:00:00,email,0
468,2025-11-10 10:00:00,digital_ad,0
468,2025-11-25 13:00:00,email,1
468,2025-12-03 13:00:00,digital_ad,0
468,2025-12-16 10:00:00,digital_ad,0
469,2025-01-25 12:00:00,email,0
469,2025-01-31 15:00:00,webinar,0
469,2025-02-07 17:00:00,rep_visit,1
469,2025-02-14 13:00:00,phone_call,0
469,2025-02-20 12:00:00,webinar,0
469,2025-03-18 08:00:00,phone_call,0
469,2025-03-26 14:00:00,rep_visit,1
469,2025-04-11 08:00:00,rep_visit,1
469,2025-04-17 10:00:00,phone_call,0
469,2025-04-25 15:00:00,rep_visit,1
469,2025-04-28 09:00:00,email,0
469,2025-05-08 14:00:00,rep_visit,1
469,2025-05-16 17:00:00,rep_visit,1
469,2025-05-22 16:00:00,email,0
469,2025-05-26 10:00:00,rep_visit,0
469,2025-06-06 16:00:00,phone_call,0
469,2025-06-18 13:00:00,email,0
469,2025-06-27 13:00:00,phone_call,0
469,2025-07-01 12:00:00,phone_call,0
469,2025-07-17 09:00:00,digital_ad,0
469,2025-08-07 09:00:00,rep_visit,1
469,2025-08-12 16:00:00,rep_visit,0
469,2025-08-21 09:00:00,phone_call,0
469,2025-08-25 11:00:00,webinar,0
469,2025-09-02 17:00:00,rep_visit,1
469,2025-09-22 09:00:00,phone_call,0
469,2025-10-01 16:00:00,digital_ad,0
469,2025-10-08 11:00:00,phone_call,1
469,2025-11-06 12:00:00,email,1
469,2025-11-25 11:00:00,rep_visit,1
469,2025-12-05 11:00:00,email,0
469,2025-12-16 17:00:00,digital_ad,0
469,2025-12-23 12:00:00,webinar,1
469,2026-01-01 13:00:00,webinar,0
470,2025-02-28 17:00:00,digital_ad,0
470,2025-03-04 09:00:00,email,0
470,2025-03-28 12:00:00,digital_ad,0
470,2025-04-04 17:00:00,email,0
470,2025-04-28 13:00:00,webinar,1
470,2025-05-29 12:00:00,email,0
470,2025-06-27 11:00:00,digital_ad,1
470,2025-07-30 10:00:00,email,0
470,2025-08-08 12:00:00,webinar,0
470,2025-10-09 09:00:00,rep_visit,1
470,2025-10-24 14:00:00,digital_ad,0
470,2025-10-31 09:00:00,digital_ad,0
470,2025-11-13 10:00:00,email,0
470,2025-11-19 17:00:00,phone_call,0
470,2025-12-16 17:00:00,digital_ad,0
470,2025-12-23 13:00:00,phone_call,0
471,2025-01-18 11:00:00,phone_call,1
471,2025-01-21 15:00:00,rep_visit,0
471,2025-01-28 16:00:00,phone_call,0
471,2025-04-08 17:00:00,rep_visit,1
471,2025-05-26 11:00:00,phone_call,1
471,2025-06-25 12:00:00,phone_call,1
471,2025-07-17 11:00:00,phone_call,1
471,2025-07-29 11:00:00,phone_call,0
471,2025-08-15 12:00:00,rep_visit,0
471,2025-10-06 10:00:00,email,0
471,2025-10-29 15:00:00,rep_visit,1
471,2025-12-25 14:00:00,rep_visit,1
472,2025-02-20 15:00:00,digital_ad,0
472,2025-05-19 13:00:00,webinar,1
472,2025-06-09 17:00:00,digital_ad,0
472,2025-08-13 11:00:00,digital_ad,0
472,2025-08-28 11:00:00,webinar,1
472,2025-09-11 14:00:00,digital_ad,0
472,2025-12-08 13:00:00,digital_ad,0
473,2025-02-11 09:00:00,rep_visit,1
473,2025-02-20 17:00:00,rep_visit,0
473,2025-04-18 13:00:00,digital_ad,0
473,2025-06-09 13:00:00,rep_visit,0
473,2025-09-29 10:00:00,webinar,0
473,2026-01-01 14:00:00,rep_visit,1
474,2025-01-16 11:00:00,digital_ad,1
474,2025-01-21 15:00:00,email,0
474,2025-01-29 09:00:00,email,0
474,2025-02-08 14:00:00,digital_ad,0
474,2025-02-15 11:00:00,email,0
474,2025-02-21 17:00:00,digital_ad,0
474,2025-02-26 15:00:00,email,0
474,2025-03-14 14:00:00,email,0
474,2025-04-02 09:00:00,phone_call,0
474,2025-04-22 15:00:00,digital_ad,0
474,2025-05-09 17:00:00,digital_ad,0
474,2025-05-15 11:00:00,digital_ad,0
474,2025-05-27 14:00:00,webinar,1
474,2025-06-06 11:00:00,email,0
474,2025-06-09 09:00:00,digital_ad,0
474,2025-06-24 10:00:00,phone_call,1
474,2025-07-03 11:00:00,digital_ad,0
474,2025-07-08 09:00:00,digital_ad,0
474,2025-08-07 13:00:00,digital_ad,1
474,2025-08-28 13:00:00,digital_ad,0
474,2025-09-12 12:00:00,rep_visit,0
474,2025-09-25 17:00:00,phone_call,1
474,2025-10-02 09:00:00,email,0
474,2025-10-06 11:00:00,email,0
474,2025-10-15 16:00:00,digital_ad,0
474,2025-10-24 12:00:00,digital_ad,0
474,2025-10-27 09:00:00,email,0
474,2025-11-17 12:00:00,digital_ad,1
474,2025-11-26 10:00:00,email,0
474,2025-12-03 12:00:00,email,0
474,2025-12-12 12:00:00,phone_call,0
474,2025-12-22 10:00:00,webinar,0
475,2025-01-30 10:00:00,rep_visit,1
475,2025-02-08 16:00:00,rep_visit,1
475,2025-02-13 16:00:00,phone_call,0
475,2025-03-04 10:00:00,phone_call,1
475,2025-03-27 10:00:00,email,0
475,2025-04-01 08:00:00,rep_visit,0
475,2025-04-16 13:00:00,phone_call,1
475,2025-04-24 09:00:00,rep_visit,0
475,2025-04-29 12:00:00,phone_call,0
475,2025-05-07 10:00:00,phone_call,0
475,2025-05-14 17:00:00,email,0
475,2025-06-03 12:00:00,phone_call,1
475,2025-06-12 12:00:00,phone_call,0
475,2025-06-30 17:00:00,rep_visit,1
475,2025-07-23 14:00:00,rep_visit,1
475,2025-08-15 16:00:00,phone_call,1
475,2025-08-19 08:00:00,rep_visit,1
475,2025-09-19 14:00:00,phone_call,1
475,2025-10-01 08:00:00,webinar,1
475,2025-10-10 17:00:00,rep_visit,0
475,2025-10-20 15:00:00,rep_visit,0
475,2025-11-07 10:00:00,email,1
475,2025-11-26 16:00:00,phone_call,1
475,2025-12-01 16:00:00,rep_visit,0
475,2025-12-19 09:00:00,email,0
476,2025-01-15 12:00:00,digital_ad,0
476,2025-01-30 08:00:00,email,1
476,2025-02-18 14:00:00,rep_visit,1
476,2025-02-26 14:00:00,phone_call,0
476,2025-03-07 12:00:00,digital_ad,0
476,2025-03-17 17:00:00,digital_ad,0
476,2025-03-24 11:00:00,webinar,0
476,2025-04-08 13:00:00,phone_call,0
476,2025-04-14 12:00:00,email,0
476,2025-04-22 12:00:00,rep_visit,0
476,2025-05-02 15:00:00,digital_ad,0
476,2025-05-09 13:00:00,email,1
476,2025-05-16 16:00:00,email,0
476,2025-06-23 08:00:00,digital_ad,0
476,2025-06-30 11:00:00,phone_call,0
476,2025-07-11 16:00:00,digital_ad,0
476,2025-07-17 08:00:00,phone_call,0
476,2025-07-25 16:00:00,email,0
476,2025-07-30 17:00:00,digital_ad,0
476,2025-08-05 12:00:00,webinar,0
476,2025-08-21 14:00:00,phone_call,0
476,2025-09-05 08:00:00,webinar,0
476,2025-09-11 09:00:00,email,1
476,2025-09-30 15:00:00,phone_call,0
476,2025-10-10 10:00:00,digital_ad,0
476,2025-10-21 17:00:00,email,0
476,2025-11-05 16:00:00,email,1
476,2025-11-21 14:00:00,email,1
476,2025-12-08 14:00:00,email,0
477,2025-01-18 16:00:00,rep_visit,1
477,2025-02-08 09:00:00,phone_call,1
477,2025-02-15 08:00:00,rep_visit,0
477,2025-02-26 11:00:00,phone_call,1
477,2025-03-11 13:00:00,rep_visit,1
477,2025-03-18 17:00:00,email,0
477,2025-04-07 12:00:00,rep_visit,0
477,2025-04-24 10:00:00,phone_call,1
477,2025-04-28 11:00:00,phone_call,1
477,2025-05-13 11:00:00,email,1
477,2025-05-22 14:00:00,rep_visit,1
477,2025-06-03 17:00:00,phone_call,1
477,2025-06-18 11:00:00,rep_visit,1
477,2025-07-03 14:00:00,webinar,1
477,2025-07-16 08:00:00,phone_call,1
477,2025-07-22 10:00:00,phone_call,0
477,2025-07-29 09:00:00,rep_visit,1
477,2025-08-05 14:00:00,rep_visit,1
477,2025-09-05 15:00:00,phone_call,1
477,2025-09-08 11:00:00,webinar,0
477,2025-10-07 09:00:00,phone_call,1
477,2025-11-12 16:00:00,webinar,0
477,2025-11-20 13:00:00,rep_visit,1
477,2025-12-05 08:00:00,rep_visit,0
477,2025-12-08 09:00:00,phone_call,0
477,2025-12-16 10:00:00,rep_visit,0
477,2026-01-01 17:00:00,phone_call,1
478,2025-01-15 11:00:00,digital_ad,1
478,2025-02-11 08:00:00,email,1
478,2025-02-18 14:00:00,webinar,0
478,2025-03-19 12:00:00,webinar,1
478,2025-04-11 10:00:00,phone_call,1
478,2025-04-16 11:00:00,phone_call,0
478,2025-04-21 11:00:00,email,0
478,2025-05-07 13:00:00,rep_visit,0
478,2025-05-16 09:00:00,rep_visit,0
478,2025-05-23 08:00:00,digital_ad,0
478,2025-05-27 17:00:00,phone_call,0
478,2025-06-04 12:00:00,webinar,0
478,2025-06-13 14:00:00,webinar,0
478,2025-06-17 13:00:00,email,0
478,2025-06-27 15:00:00,phone_call,0
478,2025-06-30 11:00:00,digital_ad,0
478,2025-07-11 11:00:00,webinar,0
478,2025-07-21 10:00:00,email,0
478,2025-07-29 12:00:00,phone_call,0
478,2025-08-06 14:00:00,phone_call,1
478,2025-08-14 17:00:00,email,1
478,2025-08-19 12:00:00,rep_visit,0
478,2025-09-01 17:00:00,digital_ad,0
478,2025-09-10 14:00:00,digital_ad,0
478,2025-09-19 09:00:00,digital_ad,0
478,2025-09-24 10:00:00,phone_call,0
478,2025-10-10 12:00:00,webinar,1
478,2025-10-22 08:00:00,rep_visit,1
478,2025-11-05 17:00:00,email,0
478,2025-11-10 15:00:00,phone_call,0
478,2025-11-20 13:00:00,email,0
478,2025-12-10 12:00:00,rep_visit,1
478,2025-12-18 08:00:00,phone_call,0
478,2025-12-23 09:00:00,rep_visit,1
479,2025-01-16 17:00:00,digital_ad,0
479,2025-01-24 14:00:00,email,0
479,2025-01-31 12:00:00,email,0
479,2025-02-04 13:00:00,rep_visit,1
479,2025-02-20 13:00:00,digital_ad,0
479,2025-03-18 12:00:00,digital_ad,0
479,2025-03-28 15:00:00,email,0
479,2025-03-31 11:00:00,webinar,0
479,2025-04-24 09:00:00,digital_ad,0
479,2025-05-09 10:00:00,webinar,0
479,2025-06-10 11:00:00,email,1
479,2025-06-16 08:00:00,phone_call,0
479,2025-06-25 16:00:00,digital_ad,0
479,2025-07-04 09:00:00,digital_ad,0
479,2025-07-24 10:00:00,digital_ad,1
479,2025-07-28 09:00:00,webinar,0
479,2025-08-08 11:00:00,phone_call,1
479,2025-08-15 12:00:00,digital_ad,0
479,2025-08-21 16:00:00,webinar,0
479,2025-08-28 17:00:00,digital_ad,0
479,2025-09-16 08:00:00,digital_ad,0
479,2025-09-24 12:00:00,phone_call,0
479,2025-10-27 12:00:00,email,0
479,2025-11-04 09:00:00,email,0
479,2025-11-14 14:00:00,digital_ad,0
479,2025-11-24 15:00:00,digital_ad,0
479,2025-12-04 10:00:00,digital_ad,0
479,2025-12-08 17:00:00,digital_ad,0
479,2025-12-19 09:00:00,email,0
479,2025-12-22 17:00:00,email,0
480,2025-01-18 14:00:00,email,1
480,2025-01-22 13:00:00,phone_call,0
480,2025-02-22 11:00:00,phone_call,1
480,2025-03-04 17:00:00,webinar,0
480,2025-03-26 14:00:00,rep_visit,1
480,2025-04-01 14:00:00,phone_call,0
480,2025-04-18 12:00:00,rep_visit,1
480,2025-04-23 15:00:00,webinar,0
480,2025-05-26 09:00:00,email,0
480,2025-06-13 12:00:00,email,0
480,2025-06-24 13:00:00,phone_call,0
480,2025-06-30 10:00:00,rep_visit,0
480,2025-07-14 15:00:00,email,0
480,2025-07-21 14:00:00,email,0
480,2025-08-08 15:00:00,digital_ad,0
480,2025-08-15 13:00:00,phone_call,0
480,2025-08-18 13:00:00,digital_ad,0
480,2025-09-11 11:00:00,email,0
480,2025-09-25 17:00:00,email,1
480,2025-10-15 14:00:00,phone_call,1
480,2025-10-22 10:00:00,rep_visit,0
480,2025-10-27 11:00:00,digital_ad,0
480,2025-11-12 15:00:00,rep_visit,1
480,2025-11-19 13:00:00,email,0
480,2025-12-03 13:00:00,email,0
480,2025-12-18 14:00:00,digital_ad,0
480,2025-12-30 09:00:00,phone_call,0
481,2025-01-15 15:00:00,webinar,0
481,2025-01-24 10:00:00,rep_visit,1
481,2025-01-28 10:00:00,phone_call,0
481,2025-02-06 10:00:00,webinar,0
481,2025-02-14 16:00:00,phone_call,0
481,2025-03-18 14:00:00,phone_call,1
481,2025-03-27 15:00:00,phone_call,0
481,2025-04-02 17:00:00,email,1
481,2025-04-10 13:00:00,webinar,0
481,2025-04-18 11:00:00,webinar,0
481,2025-04-29 09:00:00,email,0
481,2025-05-22 17:00:00,email,0
481,2025-05-27 15:00:00,phone_call,0
481,2025-06-10 09:00:00,phone_call,0
481,2025-06-18 14:00:00,email,0
481,2025-07-24 12:00:00,phone_call,0
481,2025-08-04 10:00:00,webinar,0
481,2025-08-14 16:00:00,webinar,0
481,2025-08-29 12:00:00,digital_ad,0
481,2025-09-26 09:00:00,email,1
481,2025-10-01 15:00:00,email,0
481,2025-10-07 16:00:00,email,0
481,2025-11-03 10:00:00,digital_ad,0
481,2025-11-10 09:00:00,rep_visit,1
481,2025-11-19 08:00:00,webinar,1
481,2025-12-16 12:00:00,webinar,1
481,2026-01-01 11:00:00,phone_call,0
482,2025-01-16 14:00:00,phone_call,0
482,2025-02-08 14:00:00,digital_ad,0
482,2025-02-25 14:00:00,email,0
482,2025-03-11 13:00:00,email,0
482,2025-03-20 09:00:00,webinar,0
482,2025-04-04 09:00:00,email,0
482,2025-05-12 13:00:00,phone_call,0
482,2025-05-27 10:00:00,rep_visit,1
482,2025-06-18 17:00:00,rep_visit,1
482,2025-07-03 14:00:00,digital_ad,0
482,2025-08-04 14:00:00,rep_visit,1
482,2025-09-30 14:00:00,email,0
482,2025-10-20 10:00:00,digital_ad,0
482,2026-01-01 11:00:00,rep_visit,1
483,2025-01-21 10:00:00,digital_ad,0
483,2025-02-12 09:00:00,digital_ad,0
483,2025-03-10 13:00:00,webinar,0
483,2025-03-18 15:00:00,email,0
483,2025-04-04 11:00:00,phone_call,0
483,2025-04-08 17:00:00,webinar,0
483,2025-04-16 12:00:00,webinar,0
483,2025-05-13 08:00:00,rep_visit,1
483,2025-05-20 10:00:00,email,0
483,2025-06-27 08:00:00,phone_call,0
483,2025-07-02 09:00:00,phone_call,0
483,2025-07-23 08:00:00,webinar,1
483,2025-09-05 17:00:00,digital_ad,0
483,2025-09-09 15:00:00,phone_call,0
483,2025-09-16 08:00:00,email,0
483,2025-09-26 17:00:00,rep_visit,0
483,2025-09-30 16:00:00,rep_visit,0
483,2025-10-07 13:00:00,phone_call,1
483,2025-10-20 15:00:00,digital_ad,0
483,2025-11-18 12:00:00,rep_visit,0
483,2025-11-26 15:00:00,email,0
483,2025-12-04 13:00:00,webinar,0
483,2026-01-02 15:00:00,webinar,0
484,2025-01-14 11:00:00,webinar,1
484,2025-01-21 09:00:00,digital_ad,0
484,2025-01-31 15:00:00,phone_call,0
484,2025-02-06 11:00:00,webinar,0
484,2025-02-25 10:00:00,digital_ad,0
484,2025-03-26 09:00:00,webinar,1
484,2025-03-31 16:00:00,email,0
484,2025-04-16 12:00:00,email,0
484,2025-04-24 13:00:00,rep_visit,0
484,2025-04-30 12:00:00,email,1
484,2025-05-21 15:00:00,webinar,1
484,2025-05-26 16:00:00,email,0
484,2025-06-02 09:00:00,email,0
484,2025-06-19 10:00:00,digital_ad,0
484,2025-06-23 08:00:00,email,0
484,2025-07-03 13:00:00,digital_ad,0
484,2025-07-11 11:00:00,rep_visit,0
484,2025-07-15 17:00:00,rep_visit,1
484,2025-07-25 16:00:00,webinar,0
484,2025-08-01 17:00:00,email,0
484,2025-08-04 10:00:00,rep_visit,0
484,2025-08-21 15:00:00,digital_ad,0
484,2025-08-25 17:00:00,phone_call,0
484,2025-09-02 08:00:00,phone_call,0
484,2025-09-10 08:00:00,webinar,1
484,2025-09-18 08:00:00,phone_call,1
484,2025-09-25 13:00:00,email,0
484,2025-10-08 11:00:00,digital_ad,0
484,2025-10-17 08:00:00,digital_ad,0
484,2025-10-28 12:00:00,email,0
484,2025-11-04 08:00:00,phone_call,0
484,2025-11-28 16:00:00,phone_call,1
484,2025-12-01 15:00:00,email,0
484,2025-12-24 13:00:00,phone_call,0
484,2025-12-31 14:00:00,digital_ad,0
485,2025-01-24 10:00:00,email,1
485,2025-02-27 10:00:00,webinar,1
485,2025-03-05 17:00:00,phone_call,0
485,2025-03-27 11:00:00,digital_ad,0
485,2025-05-23 10:00:00,phone_call,0
485,2025-06-30 12:00:00,rep_visit,1
485,2025-07-22 11:00:00,webinar,1
485,2025-10-02 15:00:00,phone_call,1
485,2025-10-08 13:00:00,email,0
485,2025-11-11 12:00:00,digital_ad,0
485,2025-12-08 16:00:00,phone_call,0
486,2025-01-29 08:00:00,email,0
486,2025-02-12 10:00:00,email,0
486,2025-02-28 14:00:00,digital_ad,0
486,2025-03-07 10:00:00,webinar,0
486,2025-04-04 12:00:00,phone_call,0
486,2025-04-21 14:00:00,digital_ad,0
486,2025-06-02 16:00:00,digital_ad,0
486,2025-06-18 10:00:00,rep_visit,0
486,2025-07-01 12:00:00,webinar,0
486,2025-08-21 14:00:00,digital_ad,0
486,2025-10-09 12:00:00,digital_ad,0
486,2025-10-31 17:00:00,email,0
486,2025-12-02 17:00:00,email,0
486,2025-12-22 11:00:00,digital_ad,0
487,2025-01-31 12:00:00,phone_call,0
487,2025-02-08 10:00:00,webinar,0
487,2025-03-25 12:00:00,rep_visit,0
487,2025-04-30 14:00:00,phone_call,0
487,2025-05-22 15:00:00,rep_visit,0
487,2025-06-17 12:00:00,phone_call,0
487,2025-06-30 12:00:00,webinar,0
487,2025-08-14 16:00:00,webinar,0
487,2025-08-26 12:00:00,phone_call,0
487,2025-09-05 12:00:00,rep_visit,0
487,2025-09-12 09:00:00,phone_call,0
487,2025-09-30 16:00:00,rep_visit,0
487,2025-10-13 14:00:00,webinar,0
487,2025-11-04 10:00:00,phone_call,0
487,2025-11-26 11:00:00,webinar,1
487,2025-12-12 14:00:00,email,0
487,2025-12-15 10:00:00,digital_ad,0
488,2025-03-13 11:00:00,rep_visit,1
488,2025-04-14 14:00:00,rep_visit,1
488,2025-06-03 10:00:00,rep_visit,1
488,2025-06-18 11:00:00,rep_visit,1
488,2025-08-18 14:00:00,webinar,0
488,2025-10-21 12:00:00,rep_visit,0
488,2025-11-06 08:00:00,rep_visit,0
489,2025-01-29 11:00:00,email,1
489,2025-02-07 13:00:00,email,0
489,2025-02-28 08:00:00,phone_call,0
489,2025-03-04 08:00:00,email,0
489,2025-03-12 16:00:00,digital_ad,0
489,2025-03-18 17:00:00,digital_ad,0
489,2025-04-02 17:00:00,email,1
489,2025-04-28 13:00:00,email,0
489,2025-05-09 11:00:00,digital_ad,0
489,2025-05-15 11:00:00,email,0
489,2025-05-30 16:00:00,email,0
489,2025-06-05 09:00:00,digital_ad,0
489,2025-06-12 09:00:00,webinar,0
489,2025-06-20 12:00:00,digital_ad,0
489,2025-06-23 11:00:00,phone_call,0
489,2025-07-04 12:00:00,digital_ad,0
489,2025-07-09 15:00:00,phone_call,0
489,2025-07-24 16:00:00,digital_ad,0
489,2025-08-05 08:00:00,digital_ad,0
489,2025-09-12 17:00:00,webinar,0
489,2025-09-19 10:00:00,rep_visit,0
489,2025-10-01 13:00:00,email,0
489,2025-10-15 11:00:00,phone_call,0
489,2025-10-23 17:00:00,email,0
489,2025-11-05 16:00:00,email,0
489,2025-11-13 14:00:00,email,0
489,2025-11-18 09:00:00,email,1
489,2025-12-04 17:00:00,digital_ad,0
489,2025-12-17 12:00:00,rep_visit,1
489,2025-12-26 14:00:00,webinar,0
490,2025-01-23 09:00:00,digital_ad,0
490,2025-01-30 11:00:00,email,0
490,2025-02-06 14:00:00,digital_ad,0
490,2025-02-12 16:00:00,webinar,0
490,2025-02-25 08:00:00,webinar,0
490,2025-04-04 16:00:00,digital_ad,1
490,2025-04-11 08:00:00,webinar,1
490,2025-04-16 15:00:00,digital_ad,0
490,2025-04-24 17:00:00,email,0
490,2025-05-14 13:00:00,digital_ad,0
490,2025-05-20 17:00:00,digital_ad,1
490,2025-05-26 11:00:00,email,0
490,2025-06-02 16:00:00,email,0
490,2025-06-17 10:00:00,rep_visit,1
490,2025-06-26 08:00:00,webinar,0
490,2025-07-03 08:00:00,digital_ad,0
490,2025-07-08 14:00:00,digital_ad,0
490,2025-07-23 12:00:00,email,0
490,2025-07-28 11:00:00,phone_call,0
490,2025-08-12 17:00:00,phone_call,0
490,2025-08-22 14:00:00,phone_call,0
490,2025-09-08 08:00:00,email,0
490,2025-09-18 16:00:00,rep_visit,0
490,2025-09-26 10:00:00,webinar,1
490,2025-10-01 08:00:00,email,0
490,2025-10-06 16:00:00,webinar,0
490,2025-10-16 09:00:00,email,0
490,2025-10-22 08:00:00,digital_ad,0
490,2025-11-05 16:00:00,email,1
490,2025-11-11 11:00:00,digital_ad,0
490,2025-11-18 13:00:00,email,0
490,2025-11-28 11:00:00,email,1
490,2026-01-01 09:00:00,digital_ad,0
491,2025-01-17 13:00:00,phone_call,1
491,2025-02-01 12:00:00,email,0
491,2025-02-13 11:00:00,email,0
491,2025-03-11 11:00:00,email,0
491,2025-03-17 16:00:00,rep_visit,0
491,2025-04-03 15:00:00,digital_ad,0
491,2025-05-22 10:00:00,digital_ad,0
491,2025-05-26 14:00:00,phone_call,0
491,2025-06-11 15:00:00,phone_call,1
491,2025-07-01 12:00:00,phone_call,1
491,2025-08-11 09:00:00,webinar,0
491,2025-09-04 09:00:00,phone_call,1
491,2025-09-08 10:00:00,phone_call,0
491,2025-09-19 13:00:00,email,0
491,2025-09-23 15:00:00,digital_ad,0
491,2025-09-29 17:00:00,digital_ad,0
491,2025-10-24 16:00:00,email,0
491,2025-10-31 09:00:00,rep_visit,0
492,2025-01-22 11:00:00,rep_visit,1
492,2025-02-08 13:00:00,rep_visit,1
492,2025-02-13 13:00:00,phone_call,0
492,2025-02-22 14:00:00,rep_visit,1
492,2025-03-11 10:00:00,digital_ad,0
492,2025-03-20 09:00:00,rep_visit,1
492,2025-04-04 10:00:00,rep_visit,1
492,2025-04-21 09:00:00,webinar,1
492,2025-05-06 12:00:00,digital_ad,0
492,2025-05-28 09:00:00,digital_ad,0
492,2025-06-13 14:00:00,webinar,1
492,2025-06-19 17:00:00,phone_call,0
492,2025-07-09 14:00:00,webinar,1
492,2025-07-24 14:00:00,rep_visit,1
492,2025-08-11 12:00:00,phone_call,0
492,2025-08-26 15:00:00,email,0
492,2025-09-16 10:00:00,phone_call,1
492,2025-09-23 09:00:00,phone_call,1
492,2025-10-06 11:00:00,rep_visit,1
492,2025-10-15 14:00:00,email,0
492,2025-10-22 10:00:00,digital_ad,0
492,2025-11-04 12:00:00,digital_ad,0
492,2025-11-12 12:00:00,webinar,0
492,2025-11-21 11:00:00,rep_visit,1
492,2025-12-01 17:00:00,digital_ad,1
492,2026-01-01 09:00:00,email,0
493,2025-01-18 11:00:00,phone_call,1
493,2025-02-15 14:00:00,webinar,1
493,2025-02-20 10:00:00,phone_call,0
493,2025-04-01 16:00:00,webinar,1
493,2025-04-08 11:00:00,rep_visit,0
493,2025-05-01 17:00:00,rep_visit,1
493,2025-05-06 13:00:00,phone_call,0
493,2025-05-19 11:00:00,webinar,1
493,2025-05-27 15:00:00,digital_ad,0
493,2025-06-11 14:00:00,phone_call,0
493,2025-06-18 17:00:00,rep_visit,1
493,2025-06-26 13:00:00,email,1
493,2025-06-30 09:00:00,webinar,0
493,2025-07-11 12:00:00,phone_call,0
493,2025-07-21 11:00:00,rep_visit,0
493,2025-07-31 16:00:00,rep_visit,0
493,2025-08-15 15:00:00,email,0
493,2025-09-02 11:00:00,rep_visit,1
493,2025-09-08 17:00:00,rep_visit,0
493,2025-09-24 16:00:00,email,0
493,2025-10-14 16:00:00,phone_call,0
493,2025-11-05 17:00:00,webinar,0
493,2025-12-19 17:00:00,rep_visit,0
493,2025-12-30 10:00:00,phone_call,0
494,2025-03-25 11:00:00,phone_call,1
494,2025-04-03 12:00:00,rep_visit,0
494,2025-04-09 08:00:00,phone_call,0
494,2025-04-17 17:00:00,email,0
494,2025-05-07 11:00:00,rep_visit,1
494,2025-05-15 09:00:00,rep_visit,0
494,2025-05-26 11:00:00,phone_call,1
494,2025-06-25 13:00:00,phone_call,0
494,2025-09-02 08:00:00,rep_visit,1
494,2025-09-08 10:00:00,rep_visit,0
494,2025-09-19 12:00:00,rep_visit,1
494,2025-10-24 11:00:00,email,0
494,2025-11-03 15:00:00,phone_call,0
495,2025-02-12 17:00:00,rep_visit,1
495,2025-02-22 16:00:00,email,0
495,2025-02-26 11:00:00,phone_call,0
495,2025-03-10 11:00:00,phone_call,1
495,2025-03-21 17:00:00,email,0
495,2025-03-28 17:00:00,phone_call,0
495,2025-04-03 12:00:00,webinar,0
495,2025-04-07 15:00:00,phone_call,0
495,2025-04-18 11:00:00,email,1
495,2025-04-21 12:00:00,phone_call,0
495,2025-05-16 12:00:00,email,1
495,2025-05-19 17:00:00,digital_ad,0
495,2025-05-30 08:00:00,webinar,1
495,2025-06-03 13:00:00,phone_call,0
495,2025-06-09 09:00:00,digital_ad,0
495,2025-06-27 13:00:00,rep_visit,0
495,2025-07-08 10:00:00,webinar,0
495,2025-07-15 08:00:00,email,0
495,2025-08-07 10:00:00,phone_call,1
495,2025-08-14 14:00:00,phone_call,0
495,2025-08-22 12:00:00,rep_visit,0
495,2025-09-03 09:00:00,email,0
495,2025-09-18 17:00:00,email,1
495,2025-10-02 12:00:00,email,0
495,2025-10-17 14:00:00,rep_visit,0
495,2025-10-29 13:00:00,email,0
495,2025-11-03 15:00:00,rep_visit,0
495,2025-11-18 14:00:00,rep_visit,1
495,2025-12-09 08:00:00,email,0
495,2025-12-17 16:00:00,email,0
495,2025-12-25 08:00:00,rep_visit,0
495,2025-12-29 15:00:00,webinar,0
496,2025-01-25 17:00:00,email,0
496,2025-01-31 17:00:00,email,0
496,2025-02-21 13:00:00,email,1
496,2025-03-28 11:00:00,phone_call,0
496,2025-03-31 13:00:00,phone_call,0
496,2025-04-24 11:00:00,rep_visit,0
496,2025-05-09 09:00:00,rep_visit,1
496,2025-05-13 08:00:00,email,0
496,2025-05-22 16:00:00,email,0
496,2025-06-10 14:00:00,webinar,0
496,2025-06-16 11:00:00,phone_call,0
496,2025-06-24 16:00:00,digital_ad,0
496,2025-07-16 11:00:00,rep_visit,1
496,2025-07-28 12:00:00,digital_ad,0
496,2025-08-05 14:00:00,phone_call,0
496,2025-08-21 16:00:00,phone_call,0
496,2025-08-27 10:00:00,phone_call,0
496,2025-09-10 15:00:00,email,0
496,2025-10-03 15:00:00,rep_visit,1
496,2025-10-08 13:00:00,rep_visit,0
496,2025-10-17 11:00:00,email,0
496,2025-11-20 10:00:00,email,0
496,2025-12-08 13:00:00,rep_visit,1
496,2026-01-02 14:00:00,email,0
497,2025-02-08 10:00:00,digital_ad,0
497,2025-02-12 08:00:00,phone_call,1
497,2025-02-21 09:00:00,phone_call,1
497,2025-03-10 14:00:00,webinar,0
497,2025-03-18 08:00:00,rep_visit,0
497,2025-04-09 16:00:00,webinar,0
497,2025-04-18 10:00:00,digital_ad,0
497,2025-06-10 12:00:00,email,0
497,2025-07-08 09:00:00,rep_visit,0
497,2025-07-24 08:00:00,email,0
497,2025-09-05 10:00:00,phone_call,0
497,2025-09-10 09:00:00,phone_call,0
497,2025-11-12 14:00:00,webinar,0
497,2025-12-19 08:00:00,email,1
498,2025-01-17 15:00:00,phone_call,0
498,2025-01-21 17:00:00,digital_ad,0
498,2025-01-30 16:00:00,phone_call,1
498,2025-02-28 16:00:00,phone_call,0
498,2025-03-04 11:00:00,phone_call,0
498,2025-03-17 09:00:00,rep_visit,1
498,2025-03-27 16:00:00,phone_call,0
498,2025-04-11 11:00:00,phone_call,0
498,2025-06-02 09:00:00,email,0
498,2025-06-11 16:00:00,digital_ad,0
498,2025-06-17 16:00:00,phone_call,0
498,2025-06-27 17:00:00,phone_call,0
498,2025-07-22 16:00:00,digital_ad,0
498,2025-08-29 15:00:00,phone_call,1
498,2025-09-16 10:00:00,phone_call,0
498,2025-09-25 14:00:00,webinar,0
498,2025-10-13 12:00:00,webinar,0
498,2025-10-23 10:00:00,webinar,0
498,2025-10-28 16:00:00,rep_visit,1
498,2025-11-04 14:00:00,phone_call,0
498,2025-11-25 13:00:00,rep_visit,1
498,2025-12-02 09:00:00,rep_visit,1
498,2025-12-17 14:00:00,email,0
498,2025-12-24 14:00:00,webinar,0
499,2025-01-18 10:00:00,email,0
499,2025-02-05 14:00:00,email,1
499,2025-02-21 14:00:00,webinar,1
499,2025-02-26 14:00:00,digital_ad,0
499,2025-03-12 13:00:00,digital_ad,0
499,2025-04-15 08:00:00,digital_ad,0
499,2025-05-14 17:00:00,rep_visit,1
499,2025-06-26 13:00:00,rep_visit,0
499,2025-06-30 09:00:00,rep_visit,0
499,2025-08-01 09:00:00,phone_call,0
499,2025-08-14 11:00:00,digital_ad,0
499,2025-09-02 15:00:00,digital_ad,0
499,2025-10-01 16:00:00,email,0
499,2025-10-31 09:00:00,webinar,0
499,2025-11-14 15:00:00,email,1
499,2025-12-02 14:00:00,webinar,0
499,2025-12-29 17:00:00,digital_ad,0
500,2025-01-21 16:00:00,email,0
500,2025-01-30 16:00:00,phone_call,1
500,2025-03-05 11:00:00,email,0
500,2025-04-01 12:00:00,email,0
500,2025-04-09 08:00:00,email,0
500,2025-06-02 15:00:00,webinar,0
500,2025-06-09 12:00:00,phone_call,0
500,2025-06-27 14:00:00,email,0
500,2025-07-07 10:00:00,email,1
500,2025-07-22 15:00:00,digital_ad,1
500,2025-08-15 11:00:00,email,0
500,2025-08-18 08:00:00,email,1
500,2025-09-03 14:00:00,rep_visit,1
500,2025-09-19 10:00:00,phone_call,1
500,2025-09-26 15:00:00,email,0
500,2025-10-06 11:00:00,digital_ad,0
500,2025-10-13 09:00:00,email,0
