hcp_id,first_name,last_name,specialty,segment,territory,city,state,practice_type,account_tenure,opt_out_flag,channel_preference,interaction_count_digital_ad,interaction_count_email,interaction_count_phone_call,interaction_count_rep_visit,interaction_count_webinar,success_rate_digital_ad,success_rate_email,success_rate_phone_call,success_rate_rep_visit,success_rate_webinar,recency_days_digital_ad,recency_days_email,recency_days_phone_call,recency_days_rep_visit,recency_days_webinar,frequency_score_rep_visit,recency_score_rep_visit,channel_score_rep_visit,frequency_score_phone_call,recency_score_phone_call,channel_score_phone_call,frequency_score_webinar,recency_score_webinar,channel_score_webinar,frequency_score_email,recency_score_email,channel_score_email,frequency_score_digital_ad,recency_score_digital_ad,channel_score_digital_ad,arbitrary_weighted_score,entropy_weighted_score,arbitrary_weighted_rank,entropy_weighted_rank,score_difference_entropy_minus_arbitrary,recommended_channel,engagement_eligible
1,Danielle,Johnson,endocrinology,medium_value,TERR_19,Nashville,TN,hospital,0.5,False,Digital-Heavy,1.0,10.0,4.0,3.0,5.0,0.0,0.2,0.0,0.0,0.4,53.0,92.0,78.0,18.0,7.0,0.17647058823529413,0.625,0.17794117647058824,0.25,0.2777777777777778,0.13055555555555556,0.5,0.8108108108108107,0.5121621621621621,0.5882352941176471,0.24590163934426232,0.3256509161041466,0.0625,0.3614457831325301,0.09103915662650602,24.44,23.34,359,369,-1.1,webinar,True
2,Joshua,Walker,cardiology,low_value,TERR_40,Detroit,MI,private_practice,3.3,False,In-Person-Heavy,2.0,3.0,3.0,1.0,2.0,0.0,0.0,0.3333333333333333,0.0,0.0,163.0,116.0,95.0,198.0,221.0,0.058823529411764705,0.13157894736842105,0.04396284829721362,0.1875,0.24000000000000005,0.2709166666666667,0.2,0.1195219123505976,0.08390438247011953,0.17647058823529413,0.2054794520547945,0.09403706688154714,0.125,0.15544041450777202,0.06858808290155441,10.85,10.61,491,493,-0.24,phone_call,True
3,Jill,Rhodes,cardiology,medium_value,TERR_21,Tucson,AZ,private_practice,0.8,False,Mixed,15.0,7.0,3.0,2.0,3.0,0.0,0.0,0.0,0.5,0.0,8.0,123.0,22.0,44.0,79.0,0.11764705882352941,0.4054054054054054,0.3663751987281399,0.1875,0.5769230769230769,0.17163461538461539,0.3,0.27522935779816515,0.14504587155963303,0.4117647058823529,0.19607843137254904,0.1627450980392157,0.9375,0.7894736842105263,0.4391447368421053,26.35,27.35,326,274,1.0,digital_ad,True
4,Patricia,Miller,endocrinology,high_value,TERR_25,Arlington,TX,clinic,5.6,False,Digital-Heavy,3.0,6.0,7.0,2.0,8.0,0.0,0.5,0.2857142857142857,0.5,0.375,15.0,58.0,1.0,72.0,25.0,0.11764705882352941,0.29411764705882354,0.34411764705882353,0.4375,0.9677419354838709,0.46765552995391707,0.8,0.5454545454545454,0.5365909090909091,0.35294117647058826,0.3409090909090909,0.42406417112299466,0.1875,0.6666666666666666,0.18958333333333333,39.61,37.42,102,62,-2.19,webinar,True
5,Robert,Johnson,cardiology,low_value,TERR_47,Oakland,CA,hospital,2.7,False,Mixed,1.0,2.0,8.0,12.0,3.0,0.0,0.5,0.25,0.6666666666666666,1.0,317.0,148.0,31.0,0.0,128.0,0.7058823529411765,1.0,0.7450980392156863,0.5,0.49180327868852464,0.37336065573770494,0.3,0.189873417721519,0.6279746835443037,0.11764705882352941,0.16853932584269662,0.3190019828155981,0.0625,0.08645533141210375,0.03604106628242075,47.71,39.41,12,38,-8.3,rep_visit,True
6,Jeffery,Wagner,endocrinology,low_value,TERR_07,Boston,MA,clinic,1.7,False,Digital-Heavy,0.0,1.0,5.0,5.0,3.0,0.0,0.0,0.2,0.4,0.0,,81.0,50.0,37.0,193.0,0.29411764705882354,0.44776119402985076,0.3777875329236172,0.3125,0.37499999999999994,0.26875,0.3,0.13452914798206278,0.11690582959641255,0.058823529411764705,0.27027027027027023,0.07170111287758346,0.0,0.0,0.0,20.12,15.68,420,463,-4.44,rep_visit,True
7,Anthony,Gonzalez,primary_care,high_value,TERR_20,Memphis,TN,private_practice,0.7,False,Mixed,2.0,2.0,9.0,16.0,4.0,0.0,0.0,0.2222222222222222,0.75,0.5,163.0,94.0,29.0,38.0,112.0,0.9411764705882353,0.4411764705882353,0.7455882352941177,0.5625,0.5084745762711864,0.3815560263653484,0.4,0.2112676056338028,0.41225352112676056,0.11764705882352941,0.24193548387096778,0.08368121442125238,0.125,0.15544041450777202,0.06858808290155441,40.53,32.07,84,171,-8.46,rep_visit,True
8,Debra,Gardner,endocrinology,high_value,TERR_47,Sacramento,CA,private_practice,2.4,False,Mixed,6.0,11.0,5.0,1.0,4.0,0.16666666666666666,0.2727272727272727,0.0,1.0,0.0,92.0,18.0,43.0,273.0,126.0,0.058823529411764705,0.09900990099009901,0.5374490390215493,0.3125,0.410958904109589,0.1759417808219178,0.4,0.1923076923076923,0.15846153846153846,0.6470588235294118,0.625,0.45548128342245986,0.375,0.24590163934426232,0.24501366120218576,33.32,31.94,205,173,-1.38,rep_visit,True
9,Jeffrey,Lawrence,primary_care,high_value,TERR_42,Houston,TX,private_practice,3.1,False,Digital-Heavy,9.0,7.0,6.0,4.0,3.0,0.0,0.7142857142857143,0.16666666666666666,0.75,0.0,15.0,57.0,1.0,158.0,144.0,0.23529411764705882,0.1595744680851064,0.4775031289111389,0.375,0.9677419354838709,0.3893817204301075,0.3,0.1724137931034483,0.12448275862068967,0.4117647058823529,0.3448275862068966,0.5496377861489423,0.5625,0.6666666666666666,0.3020833333333333,37.38,37.17,137,65,-0.21,email,True
10,Lisa,Smith,dermatology,low_value,TERR_34,San Jose,CA,hospital,0.5,False,In-Person-Heavy,1.0,5.0,3.0,2.0,1.0,0.0,0.0,0.0,1.0,0.0,64.0,3.0,115.0,14.0,58.0,0.11764705882352941,0.6818181818181818,0.6716577540106952,0.1875,0.2068965517241379,0.09762931034482758,0.1,0.3409090909090909,0.09818181818181818,0.29411764705882354,0.9090909090909091,0.2700534759358289,0.0625,0.3191489361702128,0.08257978723404256,29.36,24.42,268,342,-4.94,rep_visit,True
11,Linda,Wolfe,endocrinology,low_value,TERR_16,Minneapolis,MN,clinic,1.1,True,Digital-Heavy,1.0,0.0,0.0,4.0,4.0,0.0,0.0,0.0,0.75,0.0,262.0,,,190.0,22.0,0.23529411764705882,0.13636363636363638,0.4728609625668449,0.0,0.0,0.0,0.4,0.5769230769230769,0.23538461538461536,0.0,0.0,0.0,0.0625,0.10273972602739727,0.039297945205479454,19.48,14.56,430,471,-4.92,Do Not Contact,False
12,Matthew,Moore,oncology,medium_value,TERR_25,Minneapolis,MN,cancer_center,2.3,False,Mixed,4.0,4.0,2.0,0.0,0.0,0.0,0.0,0.5,0.0,0.0,129.0,15.0,38.0,,,0.0,0.0,0.0,0.125,0.4411764705882353,0.37573529411764706,0.0,0.0,0.0,0.23529411764705882,0.6666666666666666,0.20392156862745098,0.25,0.18867924528301888,0.11273584905660378,12.26,13.43,486,477,1.17,phone_call,True
13,Susan,Rogers,primary_care,high_value,TERR_01,Oakland,CA,private_practice,4.4,False,In-Person-Heavy,11.0,9.0,4.0,2.0,6.0,0.2727272727272727,0.3333333333333333,0.0,0.5,0.16666666666666666,29.0,14.0,142.0,35.0,23.0,0.11764705882352941,0.46153846153846145,0.3776018099547511,0.25,0.1744186046511628,0.10988372093023255,0.6,0.5660377358490566,0.3765408805031446,0.5294117647058824,0.6818181818181818,0.4618538324420677,0.6875,0.5084745762711864,0.44430855161787364,34.65,36.52,188,81,1.87,email,True
14,Christopher,Davis,cardiology,low_value,TERR_35,Tucson,AZ,private_practice,1.0,False,In-Person-Heavy,0.0,3.0,5.0,6.0,2.0,0.0,0.0,0.0,0.3333333333333333,0.0,,15.0,52.0,11.0,234.0,0.35294117647058826,0.7317073170731707,0.4188904830224772,0.3125,0.36585365853658536,0.16692073170731708,0.2,0.11363636363636363,0.08272727272727273,0.17647058823529413,0.6666666666666666,0.18627450980392157,0.0,0.0,0.0,20.35,16.45,417,453,-3.9,rep_visit,True
15,Melanie,Munoz,cardiology,low_value,TERR_48,Nashville,TN,private_practice,0.5,False,Digital-Heavy,0.0,2.0,4.0,11.0,1.0,0.0,0.0,0.0,0.09090909090909091,0.0,,60.0,157.0,44.0,163.0,0.6470588235294118,0.4054054054054054,0.32065327359445006,0.25,0.16042780748663102,0.1070855614973262,0.1,0.15544041450777202,0.0610880829015544,0.11764705882352941,0.3333333333333333,0.10196078431372549,0.0,0.0,0.0,14.51,11.39,474,489,-3.12,rep_visit,True
16,Lindsay,Blair,dermatology,high_value,TERR_27,Sacramento,CA,clinic,4.4,False,Digital-Heavy,0.0,2.0,9.0,13.0,3.0,0.0,0.0,0.6666666666666666,0.6153846153846154,0.0,,130.0,57.0,2.0,74.0,0.7647058823529411,0.9375,0.72460407239819,0.5625,0.3448275862068966,0.5710488505747127,0.3,0.28846153846153844,0.14769230769230768,0.11764705882352941,0.1875,0.07279411764705883,0.0,0.0,0.0,37.2,28.44,140,251,-8.76,rep_visit,True
17,Amanda,Dudley,primary_care,medium_value,TERR_14,Colorado Springs,CO,private_practice,1.6,False,Digital-Heavy,1.0,3.0,5.0,2.0,1.0,0.0,0.3333333333333333,0.0,1.0,1.0,165.0,106.0,14.0,112.0,263.0,0.11764705882352941,0.2112676056338028,0.5775476387738194,0.3125,0.6818181818181818,0.23011363636363635,0.1,0.10238907849829351,0.5504778156996587,0.17647058823529413,0.22058823529411764,0.26372549019607844,0.0625,0.15384615384615385,0.049519230769230774,37.64,31.49,130,184,-6.15,rep_visit,True
18,Nicholas,Arnold,cardiology,medium_value,TERR_42,Fort Worth,TX,hospital,3.9,False,Digital-Heavy,2.0,5.0,8.0,9.0,3.0,0.0,0.2,0.5,0.8888888888888888,0.6666666666666666,51.0,59.0,31.0,17.0,36.0,0.5294117647058824,0.6382978723404256,0.7309275483242943,0.5,0.49180327868852464,0.49836065573770494,0.3,0.45454545454545453,0.5142424242424243,0.29411764705882354,0.33707865168539325,0.2556510244547257,0.125,0.37037037037037035,0.11157407407407408,47.69,40.04,13,32,-7.65,rep_visit,True
19,Maria,Montgomery,cardiology,low_value,TERR_30,Mesa,AZ,private_practice,2.9,False,In-Person-Heavy,5.0,1.0,5.0,3.0,3.0,0.2,1.0,0.0,0.6666666666666666,0.0,31.0,121.0,18.0,88.0,108.0,0.17647058823529413,0.2542372881355932,0.43712196743104015,0.3125,0.625,0.21875,0.3,0.2173913043478261,0.1334782608695652,0.058823529411764705,0.19867549668874174,0.5573821581612778,0.3125,0.49180327868852464,0.29211065573770495,32.9,33.47,218,151,0.57,email,True
20,Michelle,Ray,dermatology,medium_value,TERR_13,Albuquerque,NM,clinic,0.5,True,Mixed,1.0,0.0,0.0,8.0,1.0,0.0,0.0,0.0,0.875,0.0,17.0,,,39.0,52.0,0.47058823529411764,0.4347826086956522,0.6656329923273657,0.0,0.0,0.0,0.1,0.36585365853658536,0.10317073170731707,0.0,0.0,0.0,0.0625,0.6382978723404256,0.1464095744680851,24.23,18.98,364,427,-5.25,Do Not Contact,False
21,Janet,Williams,cardiology,medium_value,TERR_06,Memphis,TN,hospital,0.5,False,In-Person-Heavy,4.0,6.0,7.0,5.0,4.0,0.0,0.16666666666666666,0.42857142857142855,0.6,0.5,1.0,9.0,46.0,95.0,15.0,0.29411764705882354,0.24000000000000005,0.43623529411764705,0.4375,0.39473684210526316,0.42448308270676693,0.4,0.6666666666666666,0.5033333333333333,0.35294117647058826,0.7692307692307692,0.34306184012066365,0.25,0.9677419354838709,0.2685483870967742,40.82,38.39,80,50,-2.43,webinar,True
22,Jeremy,Roberts,endocrinology,medium_value,TERR_11,Memphis,TN,private_practice,4.1,False,In-Person-Heavy,0.0,2.0,6.0,9.0,3.0,0.0,0.0,0.5,0.7777777777777778,0.3333333333333333,,9.0,84.0,50.0,196.0,0.5294117647058824,0.37499999999999994,0.6227124183006536,0.375,0.2631578947368421,0.4151315789473684,0.3,0.13274336283185842,0.2832153392330383,0.11764705882352941,0.7692307692307692,0.18914027149321266,0.0,0.0,0.0,35.49,28.31,176,253,-7.18,rep_visit,True
23,Christopher,Hall,primary_care,medium_value,TERR_13,Raleigh,NC,private_practice,3.7,False,Mixed,2.0,5.0,3.0,10.0,2.0,0.0,0.6,0.0,0.8,0.5,1.0,10.0,155.0,36.0,28.0,0.5882352941176471,0.45454545454545453,0.6673796791443851,0.1875,0.16216216216216214,0.08868243243243243,0.2,0.5172413793103449,0.413448275862069,0.29411764705882354,0.75,0.5382352941176471,0.125,0.9677419354838709,0.2310483870967742,41.6,38.68,72,45,-2.92,rep_visit,True
24,Craig,Ramirez,cardiology,low_value,TERR_09,Mesa,AZ,private_practice,0.6,False,Mixed,2.0,5.0,4.0,2.0,0.0,0.0,0.0,0.25,0.5,0.0,226.0,56.0,37.0,127.0,,0.11764705882352941,0.19108280254777069,0.32351067815661294,0.25,0.44776119402985076,0.28955223880597014,0.0,0.0,0.0,0.29411764705882354,0.3488372093023256,0.15800273597811218,0.125,0.1171875,0.0609375,18.78,16.24,436,455,-2.54,rep_visit,True
25,Cynthia,Diaz,primary_care,medium_value,TERR_32,Detroit,MI,private_practice,2.6,False,Mixed,1.0,3.0,9.0,6.0,1.0,0.0,0.6666666666666666,0.0,1.0,1.0,263.0,134.0,2.0,80.0,315.0,0.35294117647058826,0.27272727272727276,0.660427807486631,0.5625,0.9375,0.35624999999999996,0.1,0.08695652173913043,0.5473913043478261,0.17647058823529413,0.18292682926829268,0.42285987565758004,0.0625,0.10238907849829351,0.039227815699658705,44.82,38.19,33,53,-6.63,rep_visit,True
26,Mitchell,Clark,primary_care,medium_value,TERR_12,Colorado Springs,CO,private_practice,5.3,False,In-Person-Heavy,11.0,11.0,0.0,2.0,3.0,0.0,0.09090909090909091,0.0,0.5,0.3333333333333333,101.0,8.0,,4.0,60.0,0.11764705882352941,0.8823529411764706,0.46176470588235297,0.0,0.0,0.0,0.3,0.3333333333333333,0.3233333333333333,0.6470588235294118,0.7894736842105263,0.39746692935547423,0.6875,0.22900763358778622,0.25205152671755726,30.06,29.2,258,232,-0.86,rep_visit,True
27,Joseph,Zuniga,oncology,medium_value,TERR_23,Mesa,AZ,cancer_center,4.4,False,Digital-Heavy,1.0,2.0,8.0,3.0,2.0,0.0,0.0,0.25,0.3333333333333333,0.0,273.0,88.0,9.0,2.0,98.0,0.17647058823529413,0.9375,0.4071078431372549,0.5,0.7692307692307692,0.4288461538461539,0.2,0.234375,0.106875,0.11764705882352941,0.2542372881355932,0.08614157527417747,0.0625,0.09900990099009901,0.03855198019801981,24.8,20.14,354,415,-4.66,phone_call,True
28,Deborah,Lynch,primary_care,low_value,TERR_44,Portland,OR,clinic,3.3,False,Digital-Heavy,6.0,3.0,3.0,4.0,0.0,0.16666666666666666,0.0,0.0,1.0,0.0,38.0,65.0,7.0,51.0,,0.23529411764705882,0.37037037037037035,0.6446623093681917,0.1875,0.8108108108108107,0.21841216216216217,0.0,0.0,0.0,0.17647058823529413,0.31578947368421056,0.11609907120743035,0.375,0.4411764705882353,0.2840686274509804,29.71,26.42,262,295,-3.29,rep_visit,True
29,George,Daniel,endocrinology,low_value,TERR_05,Fresno,CA,private_practice,3.9,True,Mixed,2.0,0.0,0.0,6.0,2.0,0.0,0.0,0.0,0.16666666666666666,0.0,18.0,,,64.0,122.0,0.35294117647058826,0.3191489361702128,0.25304547350855233,0.0,0.0,0.0,0.2,0.19736842105263158,0.09947368421052633,0.0,0.0,0.0,0.125,0.625,0.1625,12.02,10.98,489,490,-1.04,Do Not Contact,False
30,Frank,Gray,cardiology,medium_value,TERR_09,Philadelphia,PA,clinic,0.7,False,Digital-Heavy,2.0,0.0,6.0,11.0,7.0,0.0,0.0,0.3333333333333333,0.6363636363636364,0.8571428571428571,4.0,,60.0,22.0,44.0,0.6470588235294118,0.5769230769230769,0.6276840806252572,0.375,0.3333333333333333,0.3458333333333333,0.7,0.4054054054054054,0.7196525096525097,0.0,0.0,0.0,0.125,0.8823529411764706,0.21397058823529413,43.35,36.35,47,87,-7.0,webinar,True
31,Veronica,Bowman,dermatology,medium_value,TERR_19,Washington,DC,hospital,3.9,False,Digital-Heavy,3.0,3.0,5.0,2.0,2.0,0.0,0.0,0.0,0.5,1.0,1.0,31.0,199.0,51.0,16.0,0.11764705882352941,0.37037037037037035,0.3593681917211329,0.3125,0.13100436681222707,0.11995087336244542,0.2,0.6521739130434783,0.6904347826086957,0.17647058823529413,0.49180327868852464,0.15130183220829316,0.1875,0.9677419354838709,0.24979838709677418,33.01,30.47,216,209,-2.54,webinar,True
32,Angela,Cohen,endocrinology,medium_value,TERR_39,Seattle,WA,hospital,1.4,False,In-Person-Heavy,2.0,2.0,8.0,13.0,1.0,0.0,0.0,0.25,0.8461538461538461,1.0,168.0,120.0,22.0,32.0,15.0,0.7647058823529411,0.48387096774193555,0.7492628813311925,0.5,0.5769230769230769,0.3903846153846154,0.1,0.6666666666666666,0.6633333333333333,0.11764705882352941,0.2,0.07529411764705883,0.125,0.15151515151515152,0.06780303030303031,45.7,36.36,24,86,-9.34,rep_visit,True
33,Megan,Parsons,primary_care,medium_value,TERR_42,Sacramento,CA,clinic,1.4,False,In-Person-Heavy,1.0,3.0,5.0,10.0,3.0,0.0,0.0,1.0,0.7,0.0,206.0,85.0,57.0,14.0,122.0,0.5882352941176471,0.6818181818181818,0.6628342245989305,0.3125,0.3448275862068966,0.6627155172413793,0.3,0.19736842105263158,0.12947368421052632,0.17647058823529413,0.2608695652173913,0.1051150895140665,0.0625,0.1271186440677966,0.044173728813559326,37.97,30.25,127,213,-7.72,rep_visit,True
34,Jeremy,Johnson,endocrinology,medium_value,TERR_49,Los Angeles,CA,private_practice,0.5,False,In-Person-Heavy,6.0,11.0,3.0,1.0,6.0,0.0,0.09090909090909091,0.0,0.0,0.3333333333333333,14.0,31.0,0.0,74.0,8.0,0.058823529411764705,0.28846153846153844,0.0753393665158371,0.1875,1.0,0.25625,0.6,0.7894736842105263,0.504561403508772,0.6470588235294118,0.49180327868852464,0.3379328482510739,0.375,0.6818181818181818,0.24886363636363634,26.28,27.61,328,268,1.33,webinar,True
35,Leslie,Adams,primary_care,high_value,TERR_09,Raleigh,NC,private_practice,1.4,False,Digital-Heavy,10.0,10.0,7.0,0.0,4.0,0.2,0.0,0.0,0.0,0.5,0.0,60.0,114.0,,129.0,0.0,0.0,0.0,0.4375,0.20833333333333334,0.17291666666666666,0.4,0.18867924528301888,0.40773584905660376,0.5882352941176471,0.3333333333333333,0.2431372549019608,0.625,1.0,0.4875,22.57,27.26,393,275,4.69,digital_ad,True
36,Jason,Hahn,cardiology,low_value,TERR_20,Detroit,MI,hospital,1.8,False,Digital-Heavy,5.0,4.0,2.0,1.0,1.0,0.2,0.5,0.0,0.0,0.0,147.0,1.0,94.0,204.0,52.0,0.058823529411764705,0.12820512820512822,0.04328808446455506,0.125,0.24193548387096778,0.08588709677419357,0.1,0.36585365853658536,0.10317073170731707,0.23529411764705882,0.9677419354838709,0.5141366223908919,0.3125,0.1694915254237288,0.22764830508474576,16.21,20.18,462,414,3.97,email,True
37,Nancy,Edwards,primary_care,medium_value,TERR_29,Seattle,WA,clinic,5.1,False,In-Person-Heavy,2.0,10.0,8.0,3.0,2.0,0.5,0.0,0.125,1.0,0.0,213.0,29.0,87.0,10.0,206.0,0.17647058823529413,0.75,0.7029411764705883,0.5,0.25641025641025644,0.2637820512820513,0.2,0.1271186440677966,0.08542372881355932,0.5882352941176471,0.5084745762711864,0.2781655034895314,0.125,0.1234567901234568,0.31219135802469133,36.93,33.77,145,146,-3.16,rep_visit,True
38,Diana,Foster,oncology,low_value,TERR_41,Kansas City,MO,hospital,1.7,False,Mixed,0.0,3.0,4.0,7.0,1.0,0.0,0.0,0.25,1.0,1.0,,218.0,43.0,184.0,147.0,0.4117647058823529,0.14018691588785046,0.651566794942276,0.25,0.410958904109589,0.2821917808219178,0.1,0.1694915254237288,0.5638983050847458,0.17647058823529413,0.12096774193548389,0.07713472485768502,0.0,0.0,0.0,37.63,29.13,131,235,-8.5,rep_visit,True
39,Robin,Ellis,primary_care,medium_value,TERR_08,San Antonio,TX,private_practice,2.1,False,Mixed,3.0,2.0,5.0,3.0,4.0,1.0,0.5,0.2,1.0,0.25,218.0,42.0,95.0,126.0,14.0,0.17647058823529413,0.1923076923076923,0.5914027149321267,0.3125,0.24000000000000005,0.24175000000000002,0.4,0.6818181818181818,0.38136363636363635,0.11764705882352941,0.4166666666666667,0.3686274509803922,0.1875,0.12096774193548389,0.5804435483870968,44.44,44.85,38,5,0.41,rep_visit,True
40,Joseph,Wright,cardiology,medium_value,TERR_12,El Paso,TX,hospital,1.1,False,Mixed,3.0,8.0,8.0,5.0,4.0,0.0,0.25,0.5,0.2,0.0,4.0,23.0,50.0,37.0,126.0,0.29411764705882354,0.44776119402985076,0.27778753292361724,0.5,0.37499999999999994,0.47500000000000003,0.4,0.1923076923076923,0.15846153846153846,0.47058823529411764,0.5660377358490566,0.37938401775804664,0.1875,0.8823529411764706,0.23272058823529412,30.18,30.02,256,219,-0.16,phone_call,True
41,Anna,Baker,dermatology,low_value,TERR_33,Memphis,TN,private_practice,0.5,False,Mixed,0.0,3.0,4.0,7.0,2.0,0.0,0.0,0.0,0.42857142857142855,0.5,,10.0,36.0,120.0,141.0,0.4117647058823529,0.2,0.3778151260504201,0.25,0.45454545454545453,0.1659090909090909,0.2,0.17543859649122806,0.3450877192982456,0.17647058823529413,0.75,0.20294117647058826,0.0,0.0,0.0,24.6,20.38,356,410,-4.22,rep_visit,True
42,Brenda,Hurst,primary_care,high_value,TERR_19,Houston,TX,private_practice,0.5,False,In-Person-Heavy,0.0,8.0,3.0,6.0,8.0,0.0,0.125,0.0,0.5,0.25,,63.0,35.0,43.0,100.0,0.35294117647058826,0.410958904109589,0.4380741337630943,0.1875,0.46153846153846145,0.14855769230769228,0.8,0.23076923076923073,0.41115384615384615,0.47058823529411764,0.3225806451612903,0.26819259962049335,0.0,0.0,0.0,28.36,23.72,282,362,-4.64,rep_visit,True
43,Reginald,Robinson,cardiology,medium_value,TERR_46,Philadelphia,PA,hospital,4.5,False,Digital-Heavy,2.0,2.0,4.0,8.0,6.0,0.0,0.0,1.0,0.5,0.16666666666666666,189.0,289.0,129.0,23.0,7.0,0.47058823529411764,0.5660377358490566,0.5043840177580466,0.25,0.18867924528301888,0.6127358490566037,0.6,0.8108108108108107,0.4254954954954955,0.11764705882352941,0.09404388714733543,0.05410289507652591,0.125,0.136986301369863,0.0648972602739726,37.68,30.71,129,203,-6.97,phone_call,True
44,Whitney,Hicks,cardiology,low_value,TERR_29,Arlington,TX,hospital,1.4,True,In-Person-Heavy,2.0,0.0,0.0,0.0,3.0,0.0,0.0,0.0,0.0,0.0,249.0,,,,18.0,0.0,0.0,0.0,0.0,0.0,0.0,0.3,0.625,0.215,0.0,0.0,0.0,0.125,0.1075268817204301,0.05900537634408602,5.19,5.16,500,500,-0.03,Do Not Contact,False
45,Christopher,Williams,dermatology,low_value,TERR_32,Nashville,TN,clinic,1.0,False,In-Person-Heavy,2.0,1.0,5.0,4.0,2.0,0.0,0.0,1.0,0.75,0.0,94.0,151.0,36.0,65.0,154.0,0.23529411764705882,0.31578947368421056,0.5087461300309597,0.3125,0.45454545454545453,0.6846590909090909,0.2,0.16304347826086957,0.09260869565217392,0.058823529411764705,0.16574585635359115,0.05079623009424764,0.125,0.24193548387096778,0.08588709677419357,32.86,26.87,219,286,-5.99,phone_call,True
46,Daniel,Burton,primary_care,low_value,TERR_25,Omaha,NE,private_practice,3.5,False,In-Person-Heavy,1.0,6.0,2.0,3.0,2.0,0.0,0.3333333333333333,0.0,0.6666666666666666,0.0,154.0,46.0,67.0,175.0,57.0,0.17647058823529413,0.14634146341463417,0.4155428024868484,0.125,0.30927835051546393,0.09935567010309279,0.2,0.3448275862068966,0.12896551724137933,0.35294117647058826,0.39473684210526316,0.35149638802889577,0.0625,0.16304347826086957,0.05135869565217391,23.08,20.61,381,409,-2.47,rep_visit,True
47,Laura,Henderson,oncology,low_value,TERR_23,Los Angeles,CA,private_practice,5.8,False,In-Person-Heavy,2.0,4.0,4.0,3.0,3.0,0.0,0.5,0.0,0.0,0.0,8.0,112.0,23.0,17.0,109.0,0.17647058823529413,0.6382978723404256,0.18060075093867337,0.25,0.5660377358490566,0.1882075471698113,0.3,0.21582733812949642,0.1331654676258993,0.23529411764705882,0.2112676056338028,0.3628417564208782,0.125,0.7894736842105263,0.1953947368421053,20.22,21.39,419,398,1.17,email,True
48,Bryan,James,cardiology,high_value,TERR_40,Tucson,AZ,private_practice,1.2,False,In-Person-Heavy,2.0,4.0,7.0,4.0,6.0,0.0,0.0,0.14285714285714285,1.0,0.3333333333333333,3.0,23.0,71.0,9.0,107.0,0.23529411764705882,0.7692307692307692,0.7244343891402715,0.4375,0.297029702970297,0.26208451202263083,0.6,0.21897810218978103,0.3904622871046229,0.23529411764705882,0.5660377358490566,0.18379578246392897,0.125,0.9090909090909091,0.21931818181818183,40.83,35.08,79,115,-5.75,rep_visit,True
49,Wendy,Rice,primary_care,medium_value,TERR_35,Cleveland,OH,clinic,4.2,False,Digital-Heavy,2.0,5.0,4.0,6.0,7.0,1.0,0.0,0.0,0.6666666666666666,0.42857142857142855,84.0,22.0,38.0,10.0,119.0,0.35294117647058826,0.75,0.5892156862745098,0.25,0.4411764705882353,0.16323529411764706,0.7,0.20134228187919462,0.4645541706615532,0.29411764705882354,0.5769230769230769,0.20361990950226244,0.125,0.2631578947368421,0.5901315789473685,42.14,41.83,65,23,-0.31,digital_ad,True
50,Tasha,Valencia,primary_care,medium_value,TERR_07,Kansas City,MO,clinic,3.3,True,In-Person-Heavy,2.0,0.0,0.0,5.0,2.0,0.0,0.0,0.0,1.0,0.5,94.0,,,42.0,142.0,0.29411764705882354,0.4166666666666667,0.6715686274509804,0.0,0.0,0.0,0.2,0.1744186046511628,0.34488372093023256,0.0,0.0,0.0,0.125,0.24193548387096778,0.08588709677419357,28.33,21.64,283,395,-6.69,Do Not Contact,False
51,Alexander,Le,dermatology,high_value,TERR_23,Charlotte,NC,private_practice,3.4,False,Digital-Heavy,7.0,12.0,4.0,3.0,5.0,0.2857142857142857,0.25,0.5,0.3333333333333333,0.0,50.0,35.0,30.0,220.0,16.0,0.17647058823529413,0.12000000000000002,0.24360784313725492,0.25,0.5,0.42500000000000004,0.5,0.6521739130434783,0.28043478260869564,0.7058823529411765,0.46153846153846145,0.4290723981900453,0.4375,0.37499999999999994,0.3491071428571429,33.09,34.51,212,127,1.42,email,True
52,Erin,Herrera,endocrinology,medium_value,TERR_22,Oklahoma City,OK,clinic,2.6,False,Mixed,9.0,5.0,3.0,2.0,4.0,0.2222222222222222,0.4,0.0,0.0,0.0,49.0,22.0,44.0,214.0,39.0,0.11764705882352941,0.12295081967213116,0.05988428158148505,0.1875,0.4054054054054054,0.13733108108108108,0.4,0.4347826086956522,0.20695652173913043,0.29411764705882354,0.5769230769230769,0.40361990950226245,0.5625,0.379746835443038,0.3558104781997187,20.07,24.26,421,346,4.19,email,True
53,Joseph,Davidson,oncology,low_value,TERR_42,Philadelphia,PA,cancer_center,2.2,False,Digital-Heavy,3.0,5.0,5.0,2.0,3.0,0.6666666666666666,0.2,0.0,0.0,0.0,23.0,10.0,18.0,72.0,126.0,0.11764705882352941,0.29411764705882354,0.09411764705882353,0.3125,0.625,0.21875,0.3,0.1923076923076923,0.12846153846153846,0.29411764705882354,0.75,0.3382352941176471,0.1875,0.5660377358490566,0.5027908805031446,22.38,27.51,394,271,5.13,digital_ad,True
54,Daniel,Graham,cardiology,medium_value,TERR_44,Oakland,CA,private_practice,2.9,False,Digital-Heavy,10.0,9.0,2.0,1.0,2.0,0.1,0.2222222222222222,0.0,0.0,0.0,28.0,84.0,56.0,142.0,213.0,0.058823529411764705,0.1744186046511628,0.05253077975376197,0.125,0.3488372093023256,0.10726744186046511,0.2,0.1234567901234568,0.08469135802469135,0.5294117647058824,0.2631578947368421,0.3225662194702442,0.625,0.5172413793103449,0.340948275862069,15.37,19.53,468,422,4.16,digital_ad,True
55,Shawn,Mckay,dermatology,medium_value,TERR_35,Virginia Beach,VA,private_practice,0.9,False,In-Person-Heavy,2.0,5.0,3.0,8.0,5.0,0.0,0.6,0.0,0.25,0.2,64.0,17.0,148.0,77.0,115.0,0.47058823529411764,0.2803738317757009,0.3222512369433755,0.1875,0.16853932584269662,0.08995786516853932,0.5,0.2068965517241379,0.29137931034482756,0.29411764705882354,0.6382978723404256,0.5158948685857322,0.125,0.3191489361702128,0.10132978723404257,26.55,25.87,323,312,-0.68,email,True
56,Nancy,Baker,endocrinology,high_value,TERR_42,Baltimore,MD,private_practice,0.5,False,In-Person-Heavy,14.0,13.0,2.0,2.0,4.0,0.0,0.23076923076923078,0.0,0.0,0.5,8.0,14.0,57.0,142.0,157.0,0.11764705882352941,0.1744186046511628,0.07017783857729137,0.125,0.3448275862068966,0.10646551724137931,0.4,0.16042780748663102,0.4020855614973262,0.7647058823529411,0.6818181818181818,0.4811600164541341,0.875,0.7894736842105263,0.42039473684210527,25.8,30.44,339,210,4.64,email,True
57,Vincent,White,cardiology,low_value,TERR_37,Portland,OR,hospital,1.6,True,In-Person-Heavy,1.0,0.0,0.0,5.0,3.0,0.0,0.0,0.0,0.8,0.0,171.0,,,123.0,71.0,0.29411764705882354,0.19607843137254904,0.5274509803921569,0.0,0.0,0.0,0.3,0.297029702970297,0.1494059405940594,0.0,0.0,0.0,0.0625,0.14925373134328357,0.048600746268656715,19.54,14.45,429,472,-5.09,Do Not Contact,False
58,Rita,Harrell,dermatology,high_value,TERR_12,New York,NY,private_practice,2.6,False,Digital-Heavy,1.0,5.0,7.0,15.0,2.0,0.0,0.4,0.2857142857142857,0.8666666666666667,0.0,85.0,14.0,3.0,23.0,99.0,0.8823529411764706,0.5660377358490566,0.8112467628560858,0.4375,0.9090909090909091,0.4559253246753247,0.2,0.23255813953488372,0.10651162790697674,0.29411764705882354,0.6818181818181818,0.42459893048128344,0.0625,0.2608695652173913,0.07092391304347827,43.02,36.34,52,89,-6.68,rep_visit,True
59,Kenneth,Fowler,oncology,low_value,TERR_25,Virginia Beach,VA,private_practice,2.3,True,In-Person-Heavy,1.0,0.0,0.0,10.0,3.0,0.0,0.0,0.0,0.8,0.0,175.0,,,22.0,99.0,0.5882352941176471,0.5769230769230769,0.6918552036199096,0.0,0.0,0.0,0.3,0.23255813953488372,0.13651162790697674,0.0,0.0,0.0,0.0625,0.14634146341463417,0.04801829268292683,24.21,17.54,365,442,-6.67,Do Not Contact,False
60,Chelsea,Hernandez,dermatology,medium_value,TERR_39,Phoenix,AZ,private_practice,1.0,False,Digital-Heavy,6.0,9.0,7.0,4.0,5.0,0.0,0.1111111111111111,0.14285714285714285,0.75,0.2,25.0,168.0,60.0,52.0,4.0,0.23529411764705882,0.36585365853658536,0.5187589670014346,0.4375,0.3333333333333333,0.2693452380952381,0.5,0.8823529411764706,0.42647058823529416,0.5294117647058824,0.15151515151515152,0.24468211527035055,0.375,0.5454545454545454,0.22159090909090906,36.47,32.92,160,160,-3.55,rep_visit,True
61,Kathryn,Ryan,dermatology,medium_value,TERR_29,Columbus,OH,private_practice,4.7,False,Mixed,3.0,4.0,3.0,3.0,7.0,0.0,0.5,0.6666666666666666,0.0,0.42857142857142855,78.0,129.0,151.0,60.0,16.0,0.17647058823529413,0.3333333333333333,0.1196078431372549,0.1875,0.16574585635359115,0.42273250460405154,0.7,0.6521739130434783,0.5547204968944099,0.23529411764705882,0.18867924528301888,0.3583240843507214,0.1875,0.2777777777777778,0.11180555555555555,30.19,29.1,255,236,-1.09,webinar,True
62,Kimberly,Moreno,endocrinology,medium_value,TERR_46,Phoenix,AZ,private_practice,3.1,True,Mixed,5.0,0.0,0.0,7.0,3.0,0.0,0.0,0.0,0.2857142857142857,0.0,39.0,,,67.0,46.0,0.4117647058823529,0.30927835051546393,0.3282422247249415,0.0,0.0,0.0,0.3,0.39473684210526316,0.16894736842105262,0.0,0.0,0.0,0.3125,0.4347826086956522,0.18070652173913043,15.94,14.15,464,473,-1.79,Do Not Contact,False
63,Aaron,Nguyen,endocrinology,low_value,TERR_30,Mesa,AZ,private_practice,0.8,False,In-Person-Heavy,2.0,3.0,3.0,3.0,4.0,0.0,1.0,0.6666666666666666,0.6666666666666666,0.0,65.0,21.0,240.0,122.0,39.0,0.17647058823529413,0.19736842105263158,0.42574819401444786,0.1875,0.1111111111111111,0.4118055555555555,0.4,0.4347826086956522,0.20695652173913043,0.17647058823529413,0.5882352941176471,0.6705882352941177,0.125,0.31578947368421056,0.10065789473684211,36.72,35.14,154,113,-1.58,email,True
64,Andrew,Hickman,oncology,medium_value,TERR_34,Milwaukee,WI,cancer_center,4.4,False,Digital-Heavy,6.0,2.0,9.0,4.0,3.0,0.0,0.5,0.4444444444444444,1.0,0.0,51.0,23.0,37.0,45.0,7.0,0.23529411764705882,0.4,0.6505882352941177,0.5625,0.44776119402985076,0.48052446102819235,0.3,0.8108108108108107,0.25216216216216214,0.11764705882352941,0.5660377358490566,0.3985016648168701,0.375,0.37037037037037035,0.18657407407407406,42.95,38.43,55,48,-4.52,rep_visit,True
65,Natasha,Decker,oncology,medium_value,TERR_04,San Francisco,CA,cancer_center,3.4,False,Mixed,1.0,2.0,8.0,11.0,4.0,1.0,0.0,0.75,0.45454545454545453,1.0,129.0,11.0,50.0,73.0,148.0,0.6470588235294118,0.29126213592233013,0.47964280151601685,0.5,0.37499999999999994,0.6,0.4,0.16853932584269662,0.6537078651685393,0.11764705882352941,0.7317073170731707,0.18163558106169297,0.0625,0.18867924528301888,0.5564858490566038,50.54,49.04,5,3,-1.5,webinar,True
66,Kyle,Brown,oncology,high_value,TERR_27,Washington,DC,hospital,4.2,False,Digital-Heavy,3.0,8.0,8.0,5.0,1.0,0.0,0.0,0.5,0.2,0.0,93.0,99.0,52.0,18.0,78.0,0.29411764705882354,0.625,0.31323529411764706,0.5,0.36585365853658536,0.4731707317073171,0.1,0.2777777777777778,0.08555555555555555,0.47058823529411764,0.23255813953488372,0.18768809849521204,0.1875,0.24390243902439027,0.10503048780487806,24.96,22.37,352,382,-2.59,phone_call,True
67,Natalie,Arroyo,endocrinology,low_value,TERR_37,Jacksonville,FL,private_practice,6.0,False,In-Person-Heavy,1.0,0.0,8.0,3.0,2.0,0.0,0.0,0.25,0.6666666666666666,0.5,149.0,,4.0,43.0,21.0,0.17647058823529413,0.410958904109589,0.46846629062583933,0.5,0.8823529411764706,0.4514705882352942,0.2,0.5882352941176471,0.42764705882352944,0.0,0.0,0.0,0.0625,0.16759776536312848,0.052269553072625694,32.42,25.84,226,313,-6.58,rep_visit,True
68,Christopher,Tucker,cardiology,high_value,TERR_43,Oakland,CA,clinic,0.5,False,Digital-Heavy,11.0,7.0,7.0,4.0,5.0,0.2727272727272727,0.42857142857142855,0.42857142857142855,0.25,0.4,9.0,78.0,23.0,4.0,35.0,0.23529411764705882,0.8823529411764706,0.3720588235294118,0.4375,0.5660377358490566,0.4587432614555256,0.5,0.46153846153846145,0.4423076923076923,0.4117647058823529,0.2777777777777778,0.3933706816059757,0.6875,0.7692307692307692,0.4964597902097902,42.53,43.51,58,11,0.98,digital_ad,True
69,Chad,Hodges,dermatology,medium_value,TERR_08,Louisville,KY,private_practice,3.5,False,Mixed,0.0,4.0,4.0,5.0,3.0,0.0,0.25,0.5,0.4,0.3333333333333333,,7.0,66.0,53.0,150.0,0.29411764705882354,0.3614457831325301,0.3605244507441531,0.25,0.3125,0.3875,0.3,0.16666666666666666,0.29,0.23529411764705882,0.8108108108108107,0.3577503974562798,0.0,0.0,0.0,29.73,26.0,261,309,-3.73,phone_call,True
70,Katie,Anderson,oncology,low_value,TERR_41,San Antonio,TX,cancer_center,3.1,False,Digital-Heavy,7.0,5.0,1.0,1.0,2.0,0.14285714285714285,0.6,0.0,0.0,0.0,71.0,2.0,164.0,150.0,140.0,0.058823529411764705,0.16666666666666666,0.050980392156862744,0.0625,0.15463917525773196,0.049677835051546396,0.2,0.1764705882352941,0.09529411764705882,0.29411764705882354,0.9375,0.575735294117647,0.4375,0.297029702970297,0.26208451202263083,17.0,21.69,457,393,4.69,email,True
71,Thomas,Pierce,endocrinology,low_value,TERR_36,San Jose,CA,clinic,3.5,False,In-Person-Heavy,6.0,14.0,5.0,0.0,2.0,0.16666666666666666,0.42857142857142855,0.0,0.0,0.0,35.0,10.0,109.0,,21.0,0.0,0.0,0.0,0.3125,0.21582733812949642,0.1369154676258993,0.2,0.5882352941176471,0.17764705882352944,0.8235294117647058,0.75,0.6113445378151261,0.375,0.46153846153846145,0.2881410256410256,19.78,24.93,428,331,5.15,email,True
72,Joseph,Brennan,dermatology,high_value,TERR_49,Sacramento,CA,clinic,1.1,False,Mixed,2.0,6.0,8.0,7.0,6.0,0.0,0.0,0.25,0.5714285714285714,0.0,67.0,21.0,9.0,29.0,87.0,0.4117647058823529,0.5084745762711864,0.5109386127332289,0.5,0.7692307692307692,0.4288461538461539,0.6,0.25641025641025644,0.2312820512820513,0.35294117647058826,0.5882352941176471,0.2235294117647059,0.125,0.30927835051546393,0.09935567010309279,33.37,28.64,204,247,-4.73,rep_visit,True
73,Rodney,Lewis,endocrinology,low_value,TERR_37,Jacksonville,FL,private_practice,1.6,False,In-Person-Heavy,0.0,4.0,6.0,13.0,2.0,0.0,0.5,0.8333333333333334,0.3076923076923077,0.5,,18.0,1.0,30.0,39.0,0.7647058823529411,0.5,0.48325791855203615,0.375,0.9677419354838709,0.7227150537634408,0.2,0.4347826086956522,0.39695652173913043,0.23529411764705882,0.625,0.4455882352941176,0.0,0.0,0.0,43.57,37.81,45,56,-5.76,phone_call,True
74,Amber,Blair,primary_care,low_value,TERR_35,Raleigh,NC,clinic,1.0,False,Digital-Heavy,2.0,2.0,5.0,0.0,1.0,0.0,0.5,0.2,0.0,1.0,74.0,206.0,15.0,,122.0,0.0,0.0,0.0,0.3125,0.6666666666666666,0.32708333333333334,0.1,0.19736842105263158,0.5694736842105264,0.11764705882352941,0.1271186440677966,0.3107178464606181,0.125,0.28846153846153844,0.09519230769230769,24.02,23.91,369,355,-0.11,webinar,True
75,James,Collins,primary_care,medium_value,TERR_19,Arlington,TX,private_practice,0.5,False,Mixed,4.0,5.0,2.0,0.0,3.0,0.0,0.2,0.0,0.0,0.0,226.0,23.0,114.0,,186.0,0.0,0.0,0.0,0.125,0.20833333333333334,0.07916666666666666,0.3,0.1388888888888889,0.11777777777777777,0.29411764705882354,0.5660377358490566,0.30144284128745835,0.25,0.1171875,0.0984375,9.94,11.88,494,483,1.94,email,True
76,Wanda,Santos,endocrinology,high_value,TERR_12,Dallas,TX,private_practice,0.5,False,In-Person-Heavy,10.0,14.0,7.0,2.0,1.0,0.0,0.21428571428571427,0.2857142857142857,0.0,0.0,16.0,24.0,8.0,151.0,66.0,0.11764705882352941,0.16574585635359115,0.06844328891777705,0.4375,0.7894736842105263,0.4320018796992482,0.1,0.3125,0.0925,0.8235294117647058,0.5555555555555556,0.46531279178338,0.625,0.6521739130434783,0.3179347826086957,24.29,27.82,362,264,3.53,email,True
77,Samuel,Holmes,endocrinology,low_value,TERR_05,Sacramento,CA,hospital,2.7,False,In-Person-Heavy,2.0,5.0,2.0,1.0,2.0,0.0,0.2,0.0,0.0,0.0,52.0,158.0,78.0,221.0,94.0,0.058823529411764705,0.1195219123505976,0.04155144129364893,0.125,0.2777777777777778,0.09305555555555556,0.2,0.24193548387096778,0.10838709677419356,0.29411764705882354,0.1595744680851064,0.22015018773466832,0.125,0.36585365853658536,0.11067073170731706,10.24,11.5,493,487,1.26,email,True
78,David,Walker,endocrinology,low_value,TERR_36,Nashville,TN,private_practice,4.4,False,Digital-Heavy,2.0,2.0,4.0,8.0,1.0,0.0,0.5,0.25,0.375,0.0,16.0,53.0,112.0,21.0,290.0,0.47058823529411764,0.5882352941176471,0.44632352941176473,0.25,0.2112676056338028,0.24225352112676057,0.1,0.09375,0.04875,0.11764705882352941,0.3614457831325301,0.35758327427356484,0.125,0.6521739130434783,0.16793478260869565,27.09,25.46,309,321,-1.63,rep_visit,True
79,Matthew,Chapman,primary_care,medium_value,TERR_47,Jacksonville,FL,private_practice,2.7,False,In-Person-Heavy,4.0,7.0,5.0,2.0,3.0,0.0,0.0,0.2,1.0,0.6666666666666666,142.0,7.0,17.0,190.0,36.0,0.11764705882352941,0.13636363636363638,0.562566844919786,0.3125,0.6382978723404256,0.32140957446808516,0.3,0.45454545454545453,0.5142424242424243,0.4117647058823529,0.8108108108108107,0.28569157392686806,0.25,0.1744186046511628,0.10988372093023255,39.52,34.14,105,136,-5.38,rep_visit,True
80,Jerry,Robinson,primary_care,high_value,TERR_38,San Antonio,TX,clinic,3.4,False,In-Person-Heavy,2.0,1.0,12.0,6.0,7.0,0.5,0.0,0.75,1.0,0.0,242.0,29.0,44.0,4.0,21.0,0.35294117647058826,0.8823529411764706,0.7823529411764706,0.75,0.4054054054054054,0.681081081081081,0.7,0.5882352941176471,0.3276470588235294,0.058823529411764705,0.5084745762711864,0.1193419740777667,0.125,0.11029411764705882,0.3095588235294117,50.08,43.44,6,13,-6.64,rep_visit,True
81,Chad,Welch,dermatology,high_value,TERR_08,New Orleans,LA,private_practice,0.5,False,Digital-Heavy,12.0,11.0,3.0,0.0,4.0,0.0,0.2727272727272727,0.3333333333333333,0.0,0.0,53.0,16.0,32.0,,86.0,0.0,0.0,0.0,0.1875,0.48387096774193555,0.3196908602150538,0.4,0.25862068965517243,0.17172413793103447,0.6470588235294118,0.6521739130434783,0.46091606603115554,0.75,0.3614457831325301,0.297289156626506,21.2,25.23,406,326,4.03,email,True
82,Jeremy,Whitehead,dermatology,low_value,TERR_07,Oklahoma City,OK,private_practice,1.3,True,Digital-Heavy,2.0,0.0,0.0,2.0,4.0,0.0,0.0,0.0,1.0,0.5,295.0,,,52.0,120.0,0.11764705882352941,0.36585365853658536,0.6084648493543758,0.0,0.0,0.0,0.4,0.2,0.41000000000000003,0.0,0.0,0.0,0.125,0.0923076923076923,0.05596153846153846,27.29,20.69,306,406,-6.6,Do Not Contact,False
83,Michele,Jones,dermatology,high_value,TERR_26,Denver,CO,clinic,0.5,False,Mixed,4.0,3.0,6.0,5.0,8.0,0.0,0.0,0.0,0.2,0.75,106.0,247.0,37.0,80.0,4.0,0.29411764705882354,0.27272727272727276,0.24278074866310162,0.375,0.44776119402985076,0.20205223880597015,0.8,0.8823529411764706,0.7914705882352941,0.17647058823529413,0.10830324909747294,0.07460182629008283,0.25,0.22058823529411764,0.11911764705882352,30.06,26.35,258,298,-3.71,webinar,True
84,John,Caldwell,cardiology,high_value,TERR_20,Memphis,TN,private_practice,5.2,False,Digital-Heavy,1.0,4.0,8.0,8.0,1.0,0.0,0.5,0.375,0.875,0.0,133.0,11.0,25.0,1.0,30.0,0.47058823529411764,0.9677419354838709,0.7722248576850095,0.5,0.5454545454545454,0.4465909090909091,0.1,0.5,0.13,0.23529411764705882,0.7317073170731707,0.4669296987087518,0.0625,0.18404907975460122,0.055559815950920244,42.54,36.23,57,91,-6.31,rep_visit,True
85,Jason,Anderson,dermatology,low_value,TERR_49,Oklahoma City,OK,hospital,0.5,False,Digital-Heavy,2.0,5.0,1.0,0.0,7.0,0.0,0.0,0.0,0.0,0.7142857142857143,186.0,17.0,158.0,,44.0,0.0,0.0,0.0,0.0625,0.1595744680851064,0.050664893617021284,0.7,0.4054054054054054,0.6482239382239383,0.29411764705882354,0.6382978723404256,0.2158948685857322,0.125,0.1388888888888889,0.06527777777777778,18.2,17.83,441,438,-0.37,webinar,True
86,Selena,Duncan,primary_care,high_value,TERR_44,Minneapolis,MN,private_practice,1.8,False,In-Person-Heavy,1.0,12.0,8.0,3.0,3.0,0.0,0.0,0.25,0.0,0.3333333333333333,185.0,7.0,56.0,46.0,66.0,0.17647058823529413,0.39473684210526316,0.13188854489164087,0.5,0.3488372093023256,0.34476744186046515,0.3,0.3125,0.31916666666666665,0.7058823529411765,0.8108108108108107,0.37392686804451514,0.0625,0.13953488372093023,0.04665697674418605,23.54,22.65,375,378,-0.89,email,True
87,Thomas,Mueller,dermatology,medium_value,TERR_37,Kansas City,MO,private_practice,1.4,False,Mixed,5.0,7.0,0.0,0.0,7.0,0.2,0.2857142857142857,0.0,0.0,0.5714285714285714,35.0,43.0,,,63.0,0.0,0.0,0.0,0.0,0.0,0.0,0.7,0.3225806451612903,0.5602304147465438,0.4117647058823529,0.410958904109589,0.34857833544376654,0.3125,0.46153846153846145,0.2860576923076923,20.72,23.78,413,359,3.06,webinar,True
88,Lindsey,Lee,cardiology,low_value,TERR_47,Raleigh,NC,hospital,4.5,False,Digital-Heavy,2.0,5.0,9.0,7.0,0.0,0.0,0.0,0.3333333333333333,0.42857142857142855,0.0,212.0,105.0,38.0,21.0,,0.4117647058823529,0.5882352941176471,0.45546218487394957,0.5625,0.4411764705882353,0.4236519607843137,0.0,0.0,0.0,0.29411764705882354,0.2222222222222222,0.1326797385620915,0.125,0.12396694214876033,0.062293388429752065,25.06,20.75,347,403,-4.31,rep_visit,True
89,Collin,Jordan,primary_care,low_value,TERR_16,Nashville,TN,clinic,4.6,True,In-Person-Heavy,6.0,0.0,0.0,0.0,4.0,0.16666666666666666,0.0,0.0,0.0,0.0,8.0,,,,119.0,0.0,0.0,0.0,0.0,0.0,0.0,0.4,0.20134228187919462,0.16026845637583892,0.0,0.0,0.0,0.375,0.7894736842105263,0.3537280701754386,8.51,11.81,497,486,3.3,Do Not Contact,False
90,Rodney,Owens,primary_care,low_value,TERR_16,San Diego,CA,hospital,2.7,True,Digital-Heavy,2.0,0.0,0.0,4.0,6.0,0.0,0.0,0.0,0.0,0.0,66.0,,,84.0,21.0,0.23529411764705882,0.2631578947368421,0.12321981424148606,0.0,0.0,0.0,0.6,0.5882352941176471,0.29764705882352943,0.0,0.0,0.0,0.125,0.3125,0.1,11.15,10.11,490,495,-1.04,Do Not Contact,False
91,Jessica,Nunez,endocrinology,high_value,TERR_08,Cleveland,OH,private_practice,3.5,False,Digital-Heavy,1.0,2.0,9.0,8.0,7.0,0.0,0.0,0.8888888888888888,0.5,0.42857142857142855,50.0,225.0,81.0,28.0,25.0,0.47058823529411764,0.5172413793103449,0.4946247464503043,0.5625,0.27027027027027023,0.6672484984984984,0.7,0.5454545454545454,0.5333766233766234,0.11764705882352941,0.11764705882352941,0.058823529411764705,0.0625,0.37499999999999994,0.09375,41.14,34.12,74,137,-7.02,phone_call,True
92,Tracey,Garcia,endocrinology,low_value,TERR_27,Indianapolis,IN,private_practice,0.5,False,Digital-Heavy,1.0,7.0,2.0,3.0,3.0,0.0,0.2857142857142857,0.5,0.0,0.3333333333333333,198.0,29.0,161.0,74.0,44.0,0.17647058823529413,0.28846153846153844,0.11063348416289592,0.125,0.15706806282722513,0.318913612565445,0.3,0.4054054054054054,0.33774774774774774,0.4117647058823529,0.5084745762711864,0.36808146987608603,0.0625,0.13157894736842105,0.04506578947368421,22.65,21.93,387,390,-0.72,email,True
93,Richard,Morgan,primary_care,medium_value,TERR_46,Sacramento,CA,private_practice,0.5,False,Mixed,6.0,11.0,2.0,0.0,5.0,0.0,0.2727272727272727,0.0,0.0,0.4,35.0,59.0,249.0,,23.0,0.0,0.0,0.0,0.125,0.1075268817204301,0.05900537634408602,0.5,0.5660377358490566,0.4632075471698113,0.6470588235294118,0.33707865168539325,0.3978970137595385,0.375,0.46153846153846145,0.2048076923076923,19.48,22.04,430,388,2.56,webinar,True
94,Michelle,Wright,dermatology,medium_value,TERR_05,Wichita,KS,hospital,3.5,False,Digital-Heavy,2.0,6.0,5.0,3.0,0.0,0.0,0.0,0.2,0.3333333333333333,0.0,224.0,32.0,42.0,91.0,,0.17647058823529413,0.24793388429752067,0.26919461999675903,0.3125,0.4166666666666667,0.27708333333333335,0.0,0.0,0.0,0.35294117647058826,0.48387096774193555,0.2026565464895636,0.125,0.11811023622047244,0.061122047244094486,17.57,15.82,451,462,-1.75,phone_call,True
95,James,West,primary_care,low_value,TERR_01,Seattle,WA,private_practice,1.1,False,Digital-Heavy,3.0,8.0,3.0,0.0,4.0,0.0,0.625,0.0,0.0,0.5,3.0,25.0,137.0,,57.0,0.0,0.0,0.0,0.1875,0.17964071856287425,0.09217814371257485,0.4,0.3448275862068966,0.43896551724137933,0.47058823529411764,0.5454545454545454,0.5627673796791444,0.1875,0.9090909090909091,0.23806818181818182,22.64,26.34,389,300,3.7,email,True
96,Robert,Ramirez,primary_care,low_value,TERR_25,El Paso,TX,private_practice,1.0,False,In-Person-Heavy,3.0,5.0,5.0,4.0,4.0,0.0,0.0,0.2,0.75,0.25,45.0,100.0,113.0,30.0,60.0,0.23529411764705882,0.5,0.5455882352941176,0.3125,0.2097902097902098,0.23570804195804196,0.4,0.3333333333333333,0.31166666666666665,0.29411764705882354,0.23076923076923073,0.1343891402714932,0.1875,0.4,0.13625,31.37,26.55,240,293,-4.82,rep_visit,True
97,John,Leblanc,cardiology,medium_value,TERR_01,Boston,MA,clinic,0.5,False,Mixed,5.0,6.0,5.0,4.0,7.0,0.2,0.5,0.4,0.5,0.42857142857142855,7.0,0.0,248.0,24.0,37.0,0.23529411764705882,0.5555555555555556,0.4316993464052287,0.3125,0.1079136690647482,0.31533273381294963,0.7,0.44776119402985076,0.5138379530916845,0.35294117647058826,1.0,0.5558823529411765,0.3125,0.8108108108108107,0.35591216216216215,43.21,43.08,50,14,-0.13,email,True
98,Scott,Callahan,endocrinology,medium_value,TERR_38,Chicago,IL,hospital,0.5,False,Digital-Heavy,1.0,3.0,9.0,7.0,3.0,1.0,0.0,0.2222222222222222,0.7142857142857143,0.3333333333333333,213.0,219.0,1.0,129.0,74.0,0.4117647058823529,0.18867924528301888,0.5184081179641669,0.5625,0.9677419354838709,0.4734094982078853,0.3,0.28846153846153844,0.31435897435897436,0.17647058823529413,0.12048192771084336,0.07703756201275691,0.0625,0.1234567901234568,0.5434413580246914,40.61,39.48,82,36,-1.13,digital_ad,True
99,Andrea,Williams,dermatology,medium_value,TERR_21,Columbus,OH,clinic,0.7,False,In-Person-Heavy,0.0,1.0,6.0,1.0,2.0,0.0,0.0,0.16666666666666666,1.0,0.5,,100.0,1.0,288.0,155.0,0.058823529411764705,0.09433962264150944,0.5365149833518313,0.375,0.9677419354838709,0.3893817204301075,0.2,0.16216216216216214,0.34243243243243243,0.058823529411764705,0.23076923076923073,0.06380090497737556,0.0,0.0,0.0,31.69,24.63,237,336,-7.06,rep_visit,True
100,Yvette,Huff,primary_care,low_value,TERR_13,Houston,TX,private_practice,2.3,True,Digital-Heavy,0.0,0.0,0.0,5.0,2.0,0.0,0.0,0.0,1.0,0.5,,,,30.0,190.0,0.29411764705882354,0.5,0.6882352941176471,0.0,0.0,0.0,0.2,0.13636363636363638,0.3372727272727273,0.0,0.0,0.0,0.0,0.0,0.0,27.39,19.63,304,421,-7.76,Do Not Contact,False
101,Tanya,House,primary_care,low_value,TERR_26,Fresno,CA,clinic,1.6,True,In-Person-Heavy,1.0,0.0,0.0,12.0,1.0,0.0,0.0,0.0,0.5,1.0,79.0,,,10.0,183.0,0.7058823529411765,0.75,0.611764705882353,0.0,0.0,0.0,0.1,0.14084507042253522,0.558169014084507,0.0,0.0,0.0,0.0625,0.27522935779816515,0.07379587155963303,30.62,23.73,248,361,-6.89,Do Not Contact,False
102,Melinda,Martin,cardiology,low_value,TERR_44,Phoenix,AZ,hospital,1.0,True,In-Person-Heavy,3.0,0.0,0.0,4.0,0.0,0.0,0.0,0.0,0.5,0.0,170.0,,,123.0,,0.23529411764705882,0.19607843137254904,0.35980392156862745,0.0,0.0,0.0,0.0,0.0,0.0,0.0,0.0,0.0,0.1875,0.15,0.08625,12.09,9.5,488,497,-2.59,Do Not Contact,False
103,Todd,Lewis,cardiology,medium_value,TERR_39,Atlanta,GA,private_practice,7.5,False,In-Person-Heavy,4.0,10.0,5.0,3.0,3.0,0.0,0.2,0.6,0.6666666666666666,1.0,66.0,2.0,43.0,121.0,11.0,0.17647058823529413,0.19867549668874174,0.42600960914166985,0.3125,0.410958904109589,0.4759417808219178,0.3,0.7317073170731707,0.7363414634146341,0.5882352941176471,0.9375,0.46397058823529413,0.25,0.3125,0.1375,46.05,42.05,20,21,-4.0,webinar,True
104,Richard,Brown,endocrinology,low_value,TERR_18,Baltimore,MD,hospital,4.1,False,Digital-Heavy,3.0,7.0,1.0,2.0,2.0,0.3333333333333333,0.14285714285714285,0.0,0.5,0.0,2.0,22.0,349.0,149.0,294.0,0.11764705882352941,0.16759776536312848,0.3188136707196845,0.0625,0.079155672823219,0.0345811345646438,0.2,0.09259259259259259,0.07851851851851852,0.4117647058823529,0.5769230769230769,0.31034259857789265,0.1875,0.9375,0.41041666666666665,22.64,25.1,389,328,2.46,digital_ad,True
105,Nicholas,Galloway,cardiology,low_value,TERR_15,Baltimore,MD,private_practice,0.5,False,Digital-Heavy,2.0,8.0,2.0,0.0,5.0,0.0,0.5,0.0,0.0,0.0,149.0,36.0,177.0,,32.0,0.0,0.0,0.0,0.125,0.14492753623188406,0.06648550724637681,0.5,0.48387096774193555,0.24677419354838712,0.47058823529411764,0.45454545454545453,0.4820855614973262,0.125,0.16759776536312848,0.0710195530726257,14.56,16.74,473,449,2.18,email,True
106,Joseph,Bowers,oncology,high_value,TERR_04,San Jose,CA,private_practice,2.8,False,Digital-Heavy,0.0,3.0,11.0,13.0,5.0,0.0,0.0,0.18181818181818182,0.5384615384615384,0.0,,43.0,22.0,1.0,9.0,0.7647058823529411,0.9677419354838709,0.6921909210334257,0.6875,0.5769230769230769,0.41254370629370624,0.5,0.7692307692307692,0.3038461538461539,0.17647058823529413,0.410958904109589,0.13513295729250605,0.0,0.0,0.0,37.12,28.94,141,241,-8.18,rep_visit,True
107,Spencer,Henderson,primary_care,high_value,TERR_02,Fort Worth,TX,private_practice,3.4,False,Digital-Heavy,4.0,10.0,7.0,8.0,5.0,0.0,0.1,0.5714285714285714,0.5,0.0,0.0,18.0,35.0,63.0,9.0,0.47058823529411764,0.3225806451612903,0.45569259962049335,0.4375,0.46153846153846145,0.509271978021978,0.5,0.7692307692307692,0.3038461538461539,0.5882352941176471,0.625,0.35147058823529415,0.25,1.0,0.275,39.33,37.2,109,64,-2.13,phone_call,True
108,Susan,Cowan,cardiology,high_value,TERR_47,Nashville,TN,hospital,2.8,False,Digital-Heavy,11.0,9.0,6.0,1.0,6.0,0.0,0.1111111111111111,0.0,0.0,0.0,98.0,39.0,0.0,227.0,21.0,0.058823529411764705,0.11673151750972763,0.04099336232547494,0.375,1.0,0.3125,0.6,0.5882352941176471,0.29764705882352943,0.5294117647058824,0.4347826086956522,0.3013356067064507,0.6875,0.234375,0.253125,21.75,23.76,402,360,2.01,phone_call,True
109,Angela,Higgins,cardiology,medium_value,TERR_03,Albuquerque,NM,private_practice,2.0,False,Mixed,0.0,5.0,6.0,10.0,2.0,0.0,0.4,0.5,0.5,0.5,,53.0,148.0,21.0,143.0,0.5882352941176471,0.5882352941176471,0.5441176470588236,0.375,0.16853932584269662,0.39620786516853934,0.2,0.17341040462427745,0.34468208092485547,0.29411764705882354,0.3614457831325301,0.3605244507441531,0.0,0.0,0.0,36.55,30.84,158,198,-5.71,rep_visit,True
110,Eric,Phillips,cardiology,low_value,TERR_19,Boston,MA,hospital,0.5,False,Mixed,0.0,4.0,2.0,8.0,1.0,0.0,0.0,0.0,0.625,0.0,,175.0,339.0,17.0,321.0,0.47058823529411764,0.6382978723404256,0.5813360450563204,0.125,0.08130081300813008,0.05376016260162601,0.1,0.08547008547008547,0.047094017094017095,0.23529411764705882,0.14634146341463417,0.09985652797704447,0.0,0.0,0.0,20.96,15.47,411,465,-5.49,rep_visit,True
111,Tanya,Riley,dermatology,medium_value,TERR_05,Raleigh,NC,private_practice,2.9,True,Mixed,2.0,0.0,0.0,6.0,2.0,0.5,0.0,0.0,0.5,0.5,28.0,,,87.0,116.0,0.35294117647058826,0.25641025641025644,0.40716440422322775,0.0,0.0,0.0,0.2,0.2054794520547945,0.3510958904109589,0.0,0.0,0.0,0.125,0.5172413793103449,0.39094827586206893,25.1,24.24,346,347,-0.86,Do Not Contact,False
112,Amy,Adkins,endocrinology,high_value,TERR_14,Portland,OR,private_practice,2.1,False,Mixed,0.0,6.0,10.0,10.0,2.0,0.0,0.16666666666666666,0.4,0.9,0.0,,102.0,25.0,45.0,193.0,0.5882352941176471,0.4,0.7064705882352942,0.625,0.5454545454545454,0.4965909090909091,0.2,0.13452914798206278,0.08690582959641255,0.35294117647058826,0.22727272727272727,0.23467023172905527,0.0,0.0,0.0,36.38,28.98,165,239,-7.4,rep_visit,True
113,Brian,Silva,dermatology,high_value,TERR_30,Miami,FL,private_practice,8.4,False,In-Person-Heavy,12.0,10.0,4.0,0.0,7.0,0.08333333333333333,0.3,0.75,0.0,0.42857142857142855,4.0,86.0,29.0,,73.0,0.0,0.0,0.0,0.25,0.5084745762711864,0.5516949152542373,0.7,0.29126213592233013,0.4825381414701803,0.5882352941176471,0.25862068965517243,0.3781947261663286,0.75,0.8823529411764706,0.44313725490196076,33.0,36.6,217,79,3.6,phone_call,True
114,Wesley,Farrell,dermatology,high_value,TERR_08,Arlington,TX,private_practice,1.0,False,Mixed,11.0,8.0,3.0,0.0,6.0,0.18181818181818182,0.25,0.0,0.0,0.0,30.0,2.0,66.0,,81.0,0.0,0.0,0.0,0.1875,0.3125,0.11875,0.6,0.27027027027027023,0.23405405405405405,0.47058823529411764,0.9375,0.4536764705882353,0.6875,0.5,0.39715909090909085,19.82,25.25,426,325,5.43,email,True
115,Eric,Yu,cardiology,medium_value,TERR_26,Memphis,TN,private_practice,2.4,False,Digital-Heavy,2.0,4.0,9.0,5.0,4.0,0.0,0.0,0.4444444444444444,0.2,0.0,23.0,31.0,37.0,44.0,10.0,0.29411764705882354,0.4054054054054054,0.26931637519872814,0.5625,0.44776119402985076,0.48052446102819235,0.4,0.75,0.27,0.23529411764705882,0.49180327868852464,0.1689488910318226,0.125,0.5660377358490566,0.15070754716981133,27.88,25.54,294,320,-2.34,phone_call,True
116,Christopher,Lopez,oncology,high_value,TERR_07,Chicago,IL,cancer_center,0.5,False,In-Person-Heavy,12.0,5.0,3.0,2.0,6.0,0.08333333333333333,0.2,0.0,0.5,0.16666666666666666,31.0,59.0,43.0,154.0,36.0,0.11764705882352941,0.16304347826086957,0.3179028132992327,0.1875,0.410958904109589,0.1384417808219178,0.6,0.45454545454545453,0.35424242424242425,0.29411764705882354,0.33707865168539325,0.2556510244547257,0.75,0.49180327868852464,0.3650273224043716,28.7,29.29,276,230,0.59,digital_ad,True
117,Brooke,Leonard,cardiology,medium_value,TERR_15,Oklahoma City,OK,hospital,7.5,False,In-Person-Heavy,8.0,6.0,3.0,3.0,5.0,0.0,0.6666666666666666,0.3333333333333333,0.3333333333333333,0.0,71.0,18.0,37.0,4.0,9.0,0.17647058823529413,0.8823529411764706,0.39607843137254906,0.1875,0.44776119402985076,0.31246890547263684,0.5,0.7692307692307692,0.3038461538461539,0.35294117647058826,0.625,0.5642156862745098,0.5,0.297029702970297,0.2094059405940594,35.81,35.15,172,111,-0.66,email,True
118,Joe,Wilson,dermatology,low_value,TERR_17,Colorado Springs,CO,private_practice,0.5,False,In-Person-Heavy,1.0,1.0,6.0,10.0,4.0,1.0,0.0,0.5,0.4,0.25,22.0,350.0,8.0,17.0,52.0,0.5882352941176471,0.6382978723404256,0.5041301627033792,0.375,0.7894736842105263,0.5203947368421052,0.4,0.36585365853658536,0.3181707317073171,0.058823529411764705,0.07894736842105264,0.03343653250773994,0.0625,0.5769230769230769,0.6341346153846155,41.91,41.53,68,25,-0.38,digital_ad,True
119,Pamela,Sanchez,oncology,medium_value,TERR_10,Chicago,IL,cancer_center,2.3,False,Mixed,10.0,6.0,6.0,0.0,2.0,0.2,0.6666666666666666,0.0,0.0,0.5,3.0,38.0,7.0,,113.0,0.0,0.0,0.0,0.375,0.8108108108108107,0.27466216216216216,0.2,0.2097902097902098,0.351958041958042,0.35294117647058826,0.4411764705882353,0.5274509803921569,0.625,0.9090909090909091,0.4693181818181818,27.48,33.25,301,153,5.77,email,True
120,Brooke,Harvey,primary_care,high_value,TERR_47,El Paso,TX,private_practice,0.5,False,Digital-Heavy,4.0,10.0,9.0,6.0,2.0,0.0,0.2,0.2222222222222222,0.8333333333333334,0.0,39.0,24.0,45.0,11.0,274.0,0.35294117647058826,0.7317073170731707,0.6688904830224773,0.5625,0.4,0.35986111111111113,0.2,0.09868421052631579,0.07973684210526316,0.5882352941176471,0.5555555555555556,0.38758169934640524,0.25,0.4347826086956522,0.16195652173913044,37.1,32.95,143,159,-4.15,rep_visit,True
121,Robert,Silva,oncology,high_value,TERR_37,Philadelphia,PA,cancer_center,0.5,False,Digital-Heavy,7.0,6.0,8.0,2.0,3.0,0.14285714285714285,0.3333333333333333,0.25,0.0,0.3333333333333333,32.0,22.0,7.0,87.0,129.0,0.11764705882352941,0.25641025641025644,0.08657616892911012,0.5,0.8108108108108107,0.4371621621621622,0.3,0.18867924528301888,0.2944025157232704,0.35294117647058826,0.5769230769230769,0.3879336349924585,0.4375,0.48387096774193555,0.29945276497695855,27.54,29.69,300,227,2.15,phone_call,True
122,Alexandra,Donovan,endocrinology,medium_value,TERR_45,Philadelphia,PA,clinic,4.4,False,Mixed,7.0,4.0,4.0,1.0,4.0,0.0,0.25,0.0,0.0,0.0,22.0,9.0,94.0,36.0,239.0,0.058823529411764705,0.45454545454545453,0.10855614973262032,0.25,0.24193548387096778,0.12338709677419356,0.4,0.11152416356877323,0.14230483271375466,0.23529411764705882,0.7692307692307692,0.3494343891402715,0.4375,0.5769230769230769,0.2466346153846154,17.51,20.02,452,419,2.51,email,True
123,James,Moran,dermatology,high_value,TERR_48,Houston,TX,hospital,3.3,False,Digital-Heavy,2.0,6.0,8.0,6.0,3.0,0.0,0.0,0.5,0.8333333333333334,0.6666666666666666,267.0,134.0,9.0,50.0,224.0,0.35294117647058826,0.37499999999999994,0.5975490196078431,0.5,0.7692307692307692,0.5538461538461539,0.3,0.11811023622047244,0.44695538057742784,0.35294117647058826,0.18292682926829268,0.142467718794835,0.125,0.10101010101010101,0.0577020202020202,40.95,33.52,77,148,-7.43,rep_visit,True
124,John,Foster,cardiology,medium_value,TERR_24,Dallas,TX,private_practice,0.5,False,In-Person-Heavy,2.0,0.0,7.0,0.0,2.0,0.0,0.0,0.5714285714285714,0.0,0.0,290.0,,29.0,,81.0,0.0,0.0,0.0,0.4375,0.5084745762711864,0.5186592009685229,0.2,0.27027027027027023,0.11405405405405405,0.0,0.0,0.0,0.125,0.09375,0.05625,13.5,12.32,478,481,-1.18,phone_call,True
125,Emily,Evans,cardiology,high_value,TERR_04,Charlotte,NC,hospital,3.4,False,Mixed,1.0,3.0,11.0,13.0,5.0,0.0,0.0,0.18181818181818182,0.6923076923076923,0.0,268.0,56.0,23.0,11.0,53.0,0.7647058823529411,0.7317073170731707,0.7219070742743626,0.6875,0.5660377358490566,0.41036663807890217,0.5,0.3614457831325301,0.222289156626506,0.17647058823529413,0.3488372093023256,0.12270861833105334,0.0625,0.10067114093959731,0.038884228187919465,36.73,28.88,153,242,-7.85,rep_visit,True
126,Leslie,Walton,primary_care,high_value,TERR_02,Charlotte,NC,private_practice,1.1,False,In-Person-Heavy,2.0,9.0,7.0,3.0,5.0,0.0,0.1111111111111111,0.2857142857142857,0.0,0.6,78.0,72.0,0.0,122.0,148.0,0.17647058823529413,0.19736842105263158,0.09241486068111456,0.4375,1.0,0.4741071428571429,0.5,0.16853932584269662,0.48370786516853925,0.5294117647058824,0.29411764705882354,0.27320261437908494,0.125,0.2777777777777778,0.09305555555555556,27.42,26.06,303,307,-1.36,webinar,True
127,Charles,Ellis,cardiology,low_value,TERR_04,Denver,CO,hospital,1.8,False,In-Person-Heavy,6.0,6.0,2.0,0.0,1.0,0.0,0.6666666666666666,0.5,0.0,0.0,56.0,99.0,23.0,,256.0,0.0,0.0,0.0,0.125,0.5660377358490566,0.4007075471698113,0.1,0.1048951048951049,0.050979020979020975,0.35294117647058826,0.23255813953488372,0.4857273141814865,0.375,0.3488372093023256,0.18226744186046512,19.05,22.11,433,386,3.06,email,True
128,Yolanda,Ferrell,endocrinology,low_value,TERR_47,New York,NY,clinic,3.7,False,Digital-Heavy,3.0,13.0,3.0,1.0,8.0,0.0,0.07692307692307693,0.3333333333333333,0.0,0.75,74.0,16.0,21.0,92.0,140.0,0.058823529411764705,0.24590163934426232,0.06682738669238188,0.1875,0.5882352941176471,0.3405637254901961,0.8,0.1764705882352941,0.6502941176470588,0.7647058823529411,0.6521739130434783,0.3983080857761164,0.1875,0.28846153846153844,0.11394230769230768,29.51,29.09,265,237,-0.42,webinar,True
129,Charles,Lewis,oncology,high_value,TERR_13,Miami,FL,cancer_center,6.0,False,Digital-Heavy,0.0,3.0,9.0,13.0,2.0,0.0,0.6666666666666666,0.3333333333333333,0.5384615384615384,0.0,,126.0,8.0,59.0,24.0,0.7647058823529411,0.33707865168539325,0.5660582642737302,0.5625,0.7894736842105263,0.4933114035087719,0.2,0.5555555555555556,0.1711111111111111,0.17647058823529413,0.1923076923076923,0.42473604826545996,0.0,0.0,0.0,36.64,31.29,155,188,-5.35,rep_visit,True
130,Joseph,Mahoney,cardiology,medium_value,TERR_10,Phoenix,AZ,private_practice,2.8,False,Mixed,5.0,7.0,5.0,3.0,6.0,0.0,0.2857142857142857,0.4,0.3333333333333333,0.5,1.0,56.0,22.0,191.0,11.0,0.17647058823529413,0.13574660633484165,0.24675716440422324,0.3125,0.5769230769230769,0.4091346153846154,0.6,0.7317073170731707,0.5763414634146341,0.4117647058823529,0.3488372093023256,0.33615399648231387,0.3125,0.9677419354838709,0.2872983870967742,36.46,35.88,161,98,-0.58,webinar,True
131,Nicole,Suarez,oncology,low_value,TERR_37,Dallas,TX,private_practice,1.9,True,In-Person-Heavy,6.0,0.0,0.0,4.0,1.0,0.16666666666666666,0.0,0.0,0.25,1.0,84.0,,,74.0,144.0,0.23529411764705882,0.28846153846153844,0.2532805429864253,0.0,0.0,0.0,0.1,0.1724137931034483,0.5644827586206896,0.0,0.0,0.0,0.375,0.2631578947368421,0.24846491228070172,22.62,21.08,392,400,-1.54,Do Not Contact,False
132,Mike,Moore,primary_care,high_value,TERR_38,Sacramento,CA,private_practice,3.9,False,In-Person-Heavy,3.0,1.0,6.0,15.0,1.0,0.0,0.0,0.5,0.7333333333333333,1.0,16.0,177.0,42.0,53.0,349.0,0.8823529411764706,0.3614457831325301,0.7036617056461139,0.375,0.4166666666666667,0.4458333333333333,0.1,0.079155672823219,0.5458311345646438,0.058823529411764705,0.14492753623188406,0.04663256606990623,0.1875,0.6521739130434783,0.18668478260869564,44.44,36.89,38,69,-7.55,rep_visit,True
133,Martha,Warner,primary_care,low_value,TERR_11,Dallas,TX,clinic,1.7,True,Digital-Heavy,1.0,0.0,0.0,2.0,5.0,0.0,0.0,0.0,1.0,0.0,270.0,,,238.0,65.0,0.11764705882352941,0.11194029850746269,0.5576821773485513,0.0,0.0,0.0,0.5,0.31578947368421056,0.2131578947368421,0.0,0.0,0.0,0.0625,0.1,0.03875000000000001,21.57,15.89,403,460,-5.68,Do Not Contact,False
134,Cheryl,Archer,oncology,medium_value,TERR_40,El Paso,TX,hospital,4.2,False,Digital-Heavy,5.0,5.0,9.0,5.0,3.0,0.0,0.2,0.6666666666666666,0.6,0.6666666666666666,0.0,10.0,74.0,37.0,43.0,0.29411764705882354,0.44776119402985076,0.4777875329236172,0.5625,0.28846153846153844,0.559775641025641,0.3,0.410958904109589,0.5055251141552511,0.29411764705882354,0.75,0.3382352941176471,0.3125,1.0,0.29375,45.12,42.15,28,20,-2.97,phone_call,True
135,Destiny,Smith,endocrinology,high_value,TERR_30,Sacramento,CA,hospital,3.3,False,Mixed,4.0,4.0,4.0,2.0,6.0,0.0,0.0,0.25,0.0,0.0,28.0,8.0,127.0,14.0,1.0,0.11764705882352941,0.6818181818181818,0.17165775401069516,0.25,0.19108280254777069,0.23821656050955414,0.6,0.9677419354838709,0.3735483870967742,0.23529411764705882,0.7894736842105263,0.22848297213622293,0.25,0.5172413793103449,0.17844827586206896,23.49,23.04,377,373,-0.45,webinar,True
136,Lisa,Evans,dermatology,high_value,TERR_14,Portland,OR,private_practice,3.7,False,Digital-Heavy,6.0,5.0,10.0,4.0,1.0,0.16666666666666666,0.0,0.6,0.5,1.0,120.0,112.0,30.0,24.0,316.0,0.23529411764705882,0.5555555555555556,0.4316993464052287,0.625,0.5,0.5875,0.1,0.08670520231213873,0.5473410404624278,0.29411764705882354,0.2112676056338028,0.13048881524440764,0.375,0.2,0.2358333333333333,41.14,36.79,74,72,-4.35,phone_call,True
137,Elizabeth,Mcmillan,endocrinology,low_value,TERR_40,Columbus,OH,private_practice,2.0,False,In-Person-Heavy,1.0,3.0,4.0,2.0,1.0,0.0,0.3333333333333333,0.0,0.0,0.0,143.0,98.0,10.0,80.0,315.0,0.11764705882352941,0.27272727272727276,0.08983957219251337,0.25,0.75,0.22500000000000003,0.1,0.08695652173913043,0.04739130434782608,0.17647058823529413,0.234375,0.2664828431372549,0.0625,0.17341040462427745,0.05343208092485549,12.94,13.17,484,478,0.23,email,True
138,Dennis,Wilson,cardiology,medium_value,TERR_15,Tucson,AZ,hospital,5.7,False,Digital-Heavy,6.0,8.0,5.0,2.0,4.0,0.16666666666666666,0.25,0.4,0.0,0.25,2.0,93.0,79.0,176.0,52.0,0.11764705882352941,0.14563106796116507,0.06442033123929183,0.3125,0.27522935779816515,0.34879587155963304,0.4,0.36585365853658536,0.3181707317073171,0.47058823529411764,0.24390243902439027,0.31495695839311333,0.375,0.9375,0.3833333333333333,25.75,28.82,340,244,3.07,digital_ad,True
139,Daniel,Tran,primary_care,high_value,TERR_40,Colorado Springs,CO,private_practice,1.7,False,In-Person-Heavy,5.0,7.0,6.0,4.0,3.0,0.0,0.0,0.5,0.75,0.0,79.0,60.0,35.0,171.0,67.0,0.23529411764705882,0.14925373134328357,0.4754389815627743,0.375,0.46153846153846145,0.4548076923076923,0.3,0.30927835051546393,0.15185567010309278,0.4117647058823529,0.3333333333333333,0.19019607843137254,0.3125,0.27522935779816515,0.14879587155963303,31.48,27.63,238,267,-3.85,rep_visit,True
140,Joseph,Jacobs,cardiology,low_value,TERR_08,Omaha,NE,private_practice,2.9,True,Mixed,5.0,0.0,0.0,1.0,4.0,0.0,0.0,0.0,0.0,1.0,43.0,,,51.0,79.0,0.058823529411764705,0.37037037037037035,0.09172113289760347,0.0,0.0,0.0,0.4,0.27522935779816515,0.675045871559633,0.0,0.0,0.0,0.3125,0.410958904109589,0.1759417808219178,18.89,17.82,434,439,-1.07,Do Not Contact,False
141,Jennifer,Harris,endocrinology,medium_value,TERR_36,Louisville,KY,clinic,4.2,False,In-Person-Heavy,5.0,6.0,1.0,0.0,1.0,0.0,0.16666666666666666,0.0,0.0,0.0,203.0,28.0,200.0,,99.0,0.0,0.0,0.0,0.0625,0.13043478260869565,0.044836956521739135,0.1,0.23255813953488372,0.07651162790697674,0.35294117647058826,0.5172413793103449,0.29266396213657875,0.3125,0.12875536480686695,0.11950107296137338,8.61,10.96,496,491,2.35,email,True
142,Cynthia,Baker,primary_care,high_value,TERR_33,Houston,TX,private_practice,2.9,False,Digital-Heavy,1.0,5.0,7.0,14.0,6.0,0.0,0.4,0.2857142857142857,0.6428571428571429,0.0,36.0,126.0,16.0,21.0,122.0,0.8235294117647058,0.5882352941176471,0.6861344537815126,0.4375,0.6521739130434783,0.40454192546583856,0.6,0.19736842105263158,0.21947368421052632,0.29411764705882354,0.1923076923076923,0.3266968325791856,0.0625,0.45454545454545453,0.10965909090909091,39.61,33.88,102,143,-5.73,rep_visit,True
143,Tracy,Whitehead,oncology,low_value,TERR_31,Wichita,KS,cancer_center,2.0,False,In-Person-Heavy,4.0,4.0,4.0,0.0,4.0,0.25,0.5,0.5,0.0,0.25,199.0,164.0,43.0,,74.0,0.0,0.0,0.0,0.25,0.410958904109589,0.4071917808219178,0.4,0.28846153846153844,0.3026923076923077,0.23529411764705882,0.15463917525773196,0.351516070345664,0.25,0.13100436681222707,0.22620087336244543,22.86,24.95,385,329,2.09,phone_call,True
144,Meghan,Davis,endocrinology,medium_value,TERR_15,Louisville,KY,private_practice,2.0,False,Mixed,2.0,10.0,3.0,3.0,3.0,0.0,0.1,0.0,1.0,0.3333333333333333,224.0,2.0,39.0,16.0,67.0,0.17647058823529413,0.6521739130434783,0.683375959079284,0.1875,0.4347826086956522,0.14320652173913045,0.3,0.30927835051546393,0.31852233676975944,0.5882352941176471,0.9375,0.41397058823529415,0.125,0.11811023622047244,0.061122047244094486,36.86,31.49,148,184,-5.37,rep_visit,True
145,Rodney,Hill,dermatology,medium_value,TERR_26,Miami,FL,private_practice,4.8,False,In-Person-Heavy,3.0,0.0,8.0,14.0,3.0,0.3333333333333333,0.0,0.5,0.5714285714285714,1.0,21.0,,16.0,1.0,56.0,0.8235294117647058,0.9677419354838709,0.7263214963404716,0.5,0.6521739130434783,0.5304347826086957,0.3,0.3488372093023256,0.6597674418604651,0.0,0.0,0.0,0.1875,0.5882352941176471,0.3405637254901961,50.7,43.77,4,9,-6.93,rep_visit,True
146,Adam,Wise,cardiology,high_value,TERR_10,Virginia Beach,VA,private_practice,8.5,False,Mixed,2.0,2.0,9.0,7.0,5.0,0.0,1.0,0.3333333333333333,0.7142857142857143,0.4,44.0,113.0,16.0,58.0,21.0,0.4117647058823529,0.3409090909090909,0.5488540870893812,0.5625,0.6521739130434783,0.46585144927536226,0.5,0.5882352941176471,0.4676470588235294,0.11764705882352941,0.2097902097902098,0.5772521596051008,0.125,0.4054054054054054,0.11858108108108109,45.57,41.58,26,24,-3.99,email,True
147,Dana,Green,oncology,medium_value,TERR_25,Tucson,AZ,private_practice,4.9,False,In-Person-Heavy,4.0,2.0,4.0,0.0,2.0,0.5,0.0,0.25,0.0,0.0,45.0,232.0,3.0,,35.0,0.0,0.0,0.0,0.25,0.9090909090909091,0.38181818181818183,0.2,0.46153846153846145,0.1523076923076923,0.11764705882352941,0.11450381679389311,0.058194881005837445,0.25,0.4,0.405,17.63,20.73,449,404,3.1,digital_ad,True
148,Joyce,Arnold,endocrinology,medium_value,TERR_48,Houston,TX,clinic,9.8,False,Mixed,0.0,4.0,2.0,3.0,1.0,0.0,0.5,0.0,1.0,0.0,,23.0,101.0,3.0,270.0,0.17647058823529413,0.9090909090909091,0.7347593582887701,0.125,0.22900763358778622,0.08330152671755725,0.1,0.1,0.05,0.23529411764705882,0.5660377358490566,0.4337957824639289,0.0,0.0,0.0,31.22,25.77,243,316,-5.45,rep_visit,True
149,Ronald,Smith,dermatology,medium_value,TERR_09,Louisville,KY,hospital,1.4,False,In-Person-Heavy,2.0,2.0,9.0,9.0,5.0,0.0,0.0,0.2222222222222222,0.7777777777777778,0.6,185.0,158.0,57.0,66.0,3.0,0.5294117647058824,0.3125,0.6102124183006536,0.5625,0.3448275862068966,0.34882662835249045,0.5,0.9090909090909091,0.6318181818181818,0.11764705882352941,0.1595744680851064,0.0672090112640801,0.125,0.13953488372093023,0.06540697674418605,39.91,32.08,95,170,-7.83,webinar,True
150,Charles,Ware,primary_care,medium_value,TERR_46,Mesa,AZ,hospital,1.1,False,Digital-Heavy,0.0,2.0,7.0,10.0,4.0,0.0,0.0,0.42857142857142855,0.7,0.25,,50.0,31.0,10.0,77.0,0.5882352941176471,0.75,0.6764705882352942,0.4375,0.49180327868852464,0.4438963700234192,0.4,0.2803738317757009,0.3010747663551402,0.11764705882352941,0.37499999999999994,0.11029411764705882,0.0,0.0,0.0,36.85,28.62,149,249,-8.23,rep_visit,True
151,Rebecca,Gardner,dermatology,medium_value,TERR_40,Charlotte,NC,private_practice,3.6,False,Digital-Heavy,10.0,7.0,2.0,0.0,2.0,0.0,0.0,0.5,0.0,0.0,10.0,86.0,197.0,,121.0,0.0,0.0,0.0,0.125,0.13215859030837004,0.31393171806167397,0.2,0.19867549668874174,0.09973509933774835,0.4117647058823529,0.25862068965517243,0.17525354969574036,0.625,0.75,0.3375,15.96,19.26,463,424,3.3,digital_ad,True
152,Mary,Aguilar,dermatology,high_value,TERR_10,Portland,OR,private_practice,2.0,False,Digital-Heavy,2.0,4.0,11.0,8.0,7.0,0.0,0.0,0.36363636363636365,0.75,0.42857142857142855,11.0,92.0,37.0,22.0,67.0,0.47058823529411764,0.5769230769230769,0.6315610859728507,0.6875,0.44776119402985076,0.477620420624152,0.7,0.30927835051546393,0.48614138438880705,0.23529411764705882,0.24590163934426232,0.1197685631629701,0.125,0.7317073170731707,0.18384146341463414,42.78,36.35,56,87,-6.43,rep_visit,True
153,Earl,Anderson,primary_care,high_value,TERR_27,Indianapolis,IN,private_practice,0.5,False,Mixed,2.0,0.0,13.0,10.0,1.0,0.0,0.0,0.07692307692307693,0.8,0.0,74.0,,17.0,2.0,220.0,0.5882352941176471,0.9375,0.7639705882352942,0.8125,0.6382978723404256,0.4098711129296236,0.1,0.12000000000000002,0.054000000000000006,0.0,0.0,0.0,0.125,0.28846153846153844,0.09519230769230769,33.62,25.88,201,311,-7.74,rep_visit,True
154,Kyle,Nolan,cardiology,high_value,TERR_24,Oklahoma City,OK,private_practice,0.5,False,Mixed,2.0,7.0,5.0,6.0,6.0,0.5,0.2857142857142857,0.2,0.6666666666666666,0.3333333333333333,172.0,25.0,60.0,37.0,2.0,0.35294117647058826,0.44776119402985076,0.52876792508048,0.3125,0.3333333333333333,0.2604166666666667,0.6,0.9375,0.5341666666666667,0.4117647058823529,0.5454545454545454,0.3754774637127578,0.125,0.1485148514851485,0.3172029702970297,42.14,39.86,65,35,-2.28,webinar,True
155,Laura,Valencia,endocrinology,low_value,TERR_22,Portland,OR,private_practice,2.1,False,In-Person-Heavy,1.0,4.0,5.0,1.0,3.0,0.0,0.5,0.0,0.0,0.0,87.0,18.0,81.0,318.0,115.0,0.058823529411764705,0.08620689655172414,0.03488843813387424,0.3125,0.27027027027027023,0.14780405405405406,0.3,0.2068965517241379,0.13137931034482758,0.23529411764705882,0.625,0.4455882352941176,0.0625,0.25641025641025644,0.0700320512820513,14.36,16.14,475,458,1.78,email,True
156,Rachel,Clark,endocrinology,low_value,TERR_17,Washington,DC,private_practice,0.5,False,Digital-Heavy,3.0,2.0,10.0,8.0,3.0,0.0,0.0,0.4,0.125,0.0,235.0,197.0,15.0,7.0,21.0,0.47058823529411764,0.8108108108108107,0.36583863275039746,0.625,0.6666666666666666,0.5208333333333334,0.3,0.5882352941176471,0.2076470588235294,0.11764705882352941,0.13215859030837004,0.06172583570873283,0.1875,0.11320754716981134,0.07889150943396227,27.65,23.15,299,371,-4.5,phone_call,True
157,John,Garcia,primary_care,low_value,TERR_13,Baltimore,MD,private_practice,6.7,False,Digital-Heavy,5.0,9.0,4.0,3.0,1.0,0.2,0.1111111111111111,0.25,0.6666666666666666,1.0,100.0,67.0,15.0,192.0,220.0,0.17647058823529413,0.13513513513513511,0.41330153683094856,0.25,0.6666666666666666,0.33333333333333337,0.1,0.12000000000000002,0.554,0.5294117647058824,0.30927835051546393,0.27623475507041306,0.3125,0.23076923076923073,0.23990384615384616,37.89,35.15,128,111,-2.74,webinar,True
158,Kimberly,Henson,cardiology,medium_value,TERR_32,Baltimore,MD,private_practice,1.2,False,Mixed,8.0,9.0,1.0,1.0,5.0,0.125,0.1111111111111111,0.0,1.0,0.2,8.0,23.0,165.0,227.0,2.0,0.058823529411764705,0.11673151750972763,0.540993362325475,0.0625,0.15384615384615385,0.049519230769230774,0.5,0.9375,0.4375,0.5294117647058824,0.5660377358490566,0.3275866321371316,0.5,0.7894736842105263,0.3703947368421053,36.44,35.25,162,110,-1.19,rep_visit,True
159,Richard,Oliver,dermatology,low_value,TERR_01,Columbus,OH,clinic,3.3,False,In-Person-Heavy,0.0,4.0,3.0,4.0,2.0,0.0,0.0,0.0,0.75,0.5,,77.0,38.0,22.0,18.0,0.23529411764705882,0.5769230769230769,0.560972850678733,0.1875,0.4411764705882353,0.14448529411764705,0.2,0.625,0.435,0.23529411764705882,0.2803738317757009,0.12666300164925784,0.0,0.0,0.0,30.32,23.72,253,362,-6.6,rep_visit,True
160,Eric,Spears,cardiology,high_value,TERR_28,Arlington,TX,private_practice,4.5,False,Digital-Heavy,9.0,14.0,3.0,1.0,3.0,0.4444444444444444,0.14285714285714285,0.6666666666666666,0.0,0.3333333333333333,36.0,84.0,77.0,268.0,127.0,0.058823529411764705,0.10067114093959731,0.03778128701144887,0.1875,0.2803738317757009,0.4456580996884735,0.3,0.19108280254777069,0.2948832271762208,0.8235294117647058,0.2631578947368421,0.3711189739053516,0.5625,0.45454545454545453,0.4818813131313131,28.74,33.21,274,155,4.47,digital_ad,True
161,Michelle,Cherry,oncology,low_value,TERR_39,Chicago,IL,hospital,1.0,False,In-Person-Heavy,2.0,4.0,4.0,4.0,2.0,0.0,0.5,0.25,0.75,0.0,72.0,46.0,4.0,14.0,192.0,0.23529411764705882,0.6818181818181818,0.581951871657754,0.25,0.8823529411764706,0.3764705882352941,0.2,0.13513513513513511,0.08702702702702703,0.23529411764705882,0.39473684210526316,0.3995356037151703,0.125,0.29411764705882354,0.09632352941176471,34.17,30.15,194,217,-4.02,rep_visit,True
162,Lisa,Keith,oncology,medium_value,TERR_33,Nashville,TN,hospital,1.7,False,Digital-Heavy,3.0,9.0,7.0,6.0,5.0,0.0,0.0,0.2857142857142857,0.6666666666666666,0.0,86.0,22.0,64.0,35.0,94.0,0.35294117647058826,0.46153846153846145,0.5315233785822021,0.4375,0.3191489361702128,0.3379369300911854,0.5,0.24193548387096778,0.19838709677419356,0.5294117647058824,0.5769230769230769,0.27420814479638006,0.1875,0.25862068965517243,0.10797413793103448,32.4,28.16,227,256,-4.24,rep_visit,True
163,Angel,Doyle,endocrinology,high_value,TERR_03,Detroit,MI,hospital,2.2,False,Digital-Heavy,7.0,9.0,2.0,3.0,4.0,0.2857142857142857,0.2222222222222222,1.0,1.0,0.5,2.0,8.0,116.0,21.0,42.0,0.17647058823529413,0.5882352941176471,0.6705882352941177,0.125,0.2054794520547945,0.5785958904109589,0.4,0.4166666666666667,0.45333333333333337,0.5294117647058824,0.7894736842105263,0.42782937736498106,0.4375,0.9375,0.4616071428571429,54.1,51.59,2,1,-2.51,rep_visit,True
164,Martin,Galvan,cardiology,low_value,TERR_47,Mesa,AZ,hospital,0.5,True,In-Person-Heavy,0.0,0.0,0.0,3.0,2.0,0.0,0.0,0.0,0.6666666666666666,0.0,,,,24.0,99.0,0.17647058823529413,0.5555555555555556,0.49738562091503263,0.0,0.0,0.0,0.2,0.23255813953488372,0.10651162790697674,0.0,0.0,0.0,0.0,0.0,0.0,17.05,11.86,455,485,-5.19,Do Not Contact,False
165,Leah,Shields,cardiology,medium_value,TERR_24,Columbus,OH,clinic,4.1,False,Digital-Heavy,1.0,2.0,6.0,7.0,5.0,0.0,0.0,0.16666666666666666,0.42857142857142855,0.4,344.0,177.0,15.0,60.0,113.0,0.4117647058823529,0.3333333333333333,0.4044817927170868,0.375,0.6666666666666666,0.3291666666666666,0.5,0.2097902097902098,0.39195804195804196,0.11764705882352941,0.14492753623188406,0.06427962489343564,0.0625,0.08021390374331551,0.0347927807486631,28.04,22.67,292,377,-5.37,rep_visit,True
166,Lisa,Adams,cardiology,high_value,TERR_21,Columbus,OH,clinic,1.7,False,Mixed,8.0,15.0,3.0,1.0,3.0,0.0,0.4,0.0,0.0,0.0,43.0,2.0,158.0,92.0,11.0,0.058823529411764705,0.24590163934426232,0.06682738669238188,0.1875,0.1595744680851064,0.08816489361702128,0.3,0.7317073170731707,0.23634146341463413,0.8823529411764706,0.9375,0.6522058823529412,0.5,0.410958904109589,0.2321917808219178,21.76,25.81,401,315,4.05,email,True
167,Kristin,Rodriguez,oncology,high_value,TERR_18,Los Angeles,CA,hospital,5.2,False,Digital-Heavy,2.0,7.0,6.0,7.0,5.0,0.0,0.14285714285714285,0.5,0.8571428571428571,0.8,128.0,92.0,9.0,74.0,21.0,0.4117647058823529,0.28846153846153844,0.6097931480284421,0.375,0.7692307692307692,0.5163461538461538,0.5,0.5882352941176471,0.6676470588235295,0.4117647058823529,0.24590163934426232,0.24413831106212974,0.125,0.189873417721519,0.07547468354430381,46.77,39.34,14,39,-7.43,webinar,True
168,Monica,Garrison,primary_care,medium_value,TERR_42,Los Angeles,CA,clinic,0.9,False,Digital-Heavy,0.0,2.0,6.0,10.0,2.0,0.0,0.0,0.16666666666666666,0.5,0.5,,163.0,50.0,15.0,2.0,0.5882352941176471,0.6666666666666666,0.5598039215686275,0.375,0.37499999999999994,0.2708333333333333,0.2,0.9375,0.4975,0.11764705882352941,0.15544041450777202,0.06638220054861323,0.0,0.0,0.0,33.16,25.74,209,317,-7.42,rep_visit,True
169,Jeffrey,Velasquez,cardiology,low_value,TERR_30,Dallas,TX,hospital,0.9,False,Digital-Heavy,0.0,1.0,5.0,6.0,2.0,0.0,0.0,0.0,0.16666666666666666,0.0,,120.0,192.0,38.0,112.0,0.35294117647058826,0.4411764705882353,0.2774509803921569,0.3125,0.13513513513513511,0.12077702702702703,0.2,0.2112676056338028,0.10225352112676056,0.058823529411764705,0.2,0.05764705882352942,0.0,0.0,0.0,13.65,10.57,477,494,-3.08,rep_visit,True
170,Steven,Torres,oncology,low_value,TERR_22,Oakland,CA,private_practice,5.4,False,Mixed,0.0,4.0,5.0,3.0,4.0,0.0,0.25,0.2,1.0,0.0,,3.0,16.0,23.0,141.0,0.17647058823529413,0.5660377358490566,0.6661487236403996,0.3125,0.6521739130434783,0.32418478260869565,0.4,0.17543859649122806,0.1550877192982456,0.23529411764705882,0.9090909090909091,0.3774064171122995,0.0,0.0,0.0,35.23,29.19,178,233,-6.04,rep_visit,True
171,Laura,Perez,primary_care,high_value,TERR_17,Cleveland,OH,clinic,3.0,False,In-Person-Heavy,2.0,6.0,7.0,2.0,2.0,0.0,0.16666666666666666,0.2857142857142857,0.0,0.5,37.0,22.0,148.0,18.0,339.0,0.11764705882352941,0.625,0.1602941176470588,0.4375,0.16853932584269662,0.3078150080256822,0.2,0.08130081300813008,0.326260162601626,0.35294117647058826,0.5769230769230769,0.30460030165912516,0.125,0.44776119402985076,0.12705223880597016,23.97,23.4,370,367,-0.57,webinar,True
172,Andrew,Lee,cardiology,high_value,TERR_02,Minneapolis,MN,hospital,1.3,False,In-Person-Heavy,1.0,2.0,7.0,10.0,6.0,1.0,0.0,0.0,0.6,0.6666666666666666,281.0,17.0,38.0,0.0,137.0,0.5882352941176471,1.0,0.6764705882352942,0.4375,0.4411764705882353,0.21948529411764706,0.6,0.17964071856287425,0.5492614770459081,0.11764705882352941,0.6382978723404256,0.16295369211514393,0.0625,0.09646302250803858,0.5380426045016078,46.18,43.85,19,8,-2.33,rep_visit,True
173,Mark,Lin,primary_care,medium_value,TERR_23,Mesa,AZ,private_practice,1.9,False,Digital-Heavy,1.0,5.0,6.0,7.0,7.0,0.0,0.0,0.16666666666666666,0.2857142857142857,0.0,323.0,1.0,121.0,17.0,59.0,0.4117647058823529,0.6382978723404256,0.39404612908993386,0.375,0.19867549668874174,0.23556843267108166,0.7,0.33707865168539325,0.27741573033707867,0.29411764705882354,0.9677419354838709,0.28178368121442127,0.0625,0.08498583569405098,0.035747167138810196,26.84,23.25,315,370,-3.59,rep_visit,True
174,Tammy,Ramirez,cardiology,medium_value,TERR_42,Kansas City,MO,clinic,3.0,False,Digital-Heavy,3.0,1.0,8.0,12.0,4.0,0.3333333333333333,1.0,0.5,0.16666666666666666,0.5,100.0,294.0,29.0,4.0,92.0,0.7058823529411765,0.8823529411764706,0.4715686274509804,0.5,0.5084745762711864,0.5016949152542374,0.4,0.24590163934426232,0.41918032786885245,0.058823529411764705,0.09259259259259259,0.536165577342048,0.1875,0.23076923076923073,0.2690705128205128,44.64,42.87,35,15,-1.77,email,True
175,Darlene,Ross,primary_care,medium_value,TERR_23,Omaha,NE,private_practice,4.3,False,In-Person-Heavy,2.0,5.0,9.0,4.0,6.0,0.0,0.2,0.4444444444444444,0.75,0.3333333333333333,171.0,4.0,11.0,130.0,87.0,0.23529411764705882,0.1875,0.4830882352941176,0.5625,0.7317073170731707,0.5373136856368563,0.6,0.25641025641025644,0.397948717948718,0.29411764705882354,0.8823529411764706,0.3647058823529412,0.125,0.14925373134328357,0.06735074626865671,39.68,34.76,100,123,-4.92,phone_call,True
176,Tina,Herrera,dermatology,high_value,TERR_27,Virginia Beach,VA,private_practice,3.5,False,Mixed,4.0,4.0,6.0,10.0,2.0,0.0,0.5,0.5,1.0,0.0,106.0,18.0,31.0,8.0,140.0,0.5882352941176471,0.7894736842105263,0.8343653250773995,0.375,0.49180327868852464,0.4608606557377049,0.2,0.1764705882352941,0.09529411764705882,0.23529411764705882,0.625,0.4455882352941176,0.25,0.22058823529411764,0.11911764705882352,44.62,38.35,36,52,-6.27,rep_visit,True
177,Sheila,Wilson,oncology,low_value,TERR_46,Los Angeles,CA,cancer_center,0.5,True,Mixed,2.0,0.0,0.0,3.0,1.0,0.0,0.0,0.0,0.3333333333333333,0.0,28.0,,,25.0,1.0,0.17647058823529413,0.5454545454545454,0.32869875222816397,0.0,0.0,0.0,0.1,0.9677419354838709,0.2235483870967742,0.0,0.0,0.0,0.125,0.5172413793103449,0.14094827586206898,16.45,14.06,460,474,-2.39,Do Not Contact,False
178,Tara,White,endocrinology,high_value,TERR_36,Portland,OR,hospital,1.9,False,Digital-Heavy,5.0,5.0,7.0,2.0,3.0,0.0,0.0,0.0,1.0,0.3333333333333333,106.0,10.0,18.0,254.0,4.0,0.11764705882352941,0.1056338028169014,0.5564208782104391,0.4375,0.625,0.25625,0.3,0.8823529411764706,0.43313725490196076,0.29411764705882354,0.75,0.2382352941176471,0.3125,0.22058823529411764,0.13786764705882354,36.12,31.29,167,188,-4.83,rep_visit,True
179,Sydney,Baker,dermatology,low_value,TERR_39,Virginia Beach,VA,private_practice,4.8,False,In-Person-Heavy,5.0,8.0,3.0,4.0,3.0,0.2,0.25,0.0,0.0,0.6666666666666666,11.0,85.0,144.0,21.0,18.0,0.23529411764705882,0.5882352941176471,0.18823529411764706,0.1875,0.1724137931034483,0.09073275862068966,0.3,0.625,0.5483333333333333,0.47058823529411764,0.2608695652173913,0.31835038363171353,0.3125,0.7317073170731707,0.34009146341463414,28.31,29.74,285,226,1.43,webinar,True
180,Daniel,Hamilton,cardiology,high_value,TERR_24,El Paso,TX,clinic,1.5,False,Mixed,2.0,3.0,11.0,14.0,3.0,0.0,0.0,0.45454545454545453,0.7857142857142857,0.0,71.0,154.0,3.0,29.0,58.0,0.8235294117647058,0.5084745762711864,0.7416108816407918,0.6875,0.9090909090909091,0.615340909090909,0.3,0.3409090909090909,0.15818181818181817,0.17647058823529413,0.16304347826086957,0.08554987212276215,0.125,0.297029702970297,0.09690594059405941,40.46,32.48,87,163,-7.98,rep_visit,True
181,Jessica,Edwards,dermatology,high_value,TERR_43,Indianapolis,IN,private_practice,1.0,False,Digital-Heavy,4.0,13.0,8.0,4.0,3.0,0.0,0.07692307692307693,0.375,1.0,0.3333333333333333,234.0,74.0,1.0,94.0,141.0,0.23529411764705882,0.24193548387096778,0.6189753320683111,0.5,0.9677419354838709,0.5310483870967742,0.3,0.17543859649122806,0.29175438596491227,0.7647058823529411,0.28846153846153844,0.32556561085972846,0.25,0.11363636363636363,0.09772727272727272,41.37,35.6,73,102,-5.77,rep_visit,True
182,Catherine,Dixon,cardiology,low_value,TERR_26,Los Angeles,CA,hospital,3.0,True,Mixed,1.0,0.0,0.0,6.0,3.0,0.0,0.0,0.0,0.5,0.6666666666666666,136.0,,,79.0,0.0,0.35294117647058826,0.27522935779816515,0.4109282245008095,0.0,0.0,0.0,0.3,1.0,0.6233333333333333,0.0,0.0,0.0,0.0625,0.18072289156626506,0.054894578313253006,25.62,20.28,342,411,-5.34,Do Not Contact,False
183,Paul,Ray,dermatology,low_value,TERR_40,Omaha,NE,private_practice,5.3,False,Digital-Heavy,3.0,6.0,2.0,1.0,1.0,0.0,0.16666666666666666,0.0,0.0,0.0,8.0,21.0,183.0,87.0,71.0,0.058823529411764705,0.25641025641025644,0.0689291101055807,0.125,0.14084507042253522,0.06566901408450704,0.1,0.297029702970297,0.0894059405940594,0.35294117647058826,0.5882352941176471,0.30686274509803924,0.1875,0.7894736842105263,0.21414473684210528,12.98,15.65,482,464,2.67,email,True
184,Jonathan,Fletcher,primary_care,high_value,TERR_37,Oakland,CA,private_practice,0.6,False,Mixed,13.0,9.0,7.0,3.0,1.0,0.07692307692307693,0.2222222222222222,0.0,0.3333333333333333,0.0,10.0,85.0,39.0,95.0,66.0,0.17647058823529413,0.24000000000000005,0.26760784313725494,0.4375,0.4347826086956522,0.21820652173913047,0.1,0.3125,0.0925,0.5294117647058824,0.2608695652173913,0.32210855356635404,0.8125,0.75,0.4322115384615385,25.56,28.26,343,254,2.7,digital_ad,True
185,Aaron,Frost,endocrinology,medium_value,TERR_49,Indianapolis,IN,hospital,3.9,True,Mixed,0.0,0.0,0.0,7.0,3.0,0.0,0.0,0.0,1.0,0.0,,,,3.0,310.0,0.4117647058823529,0.9090909090909091,0.8053475935828878,0.0,0.0,0.0,0.3,0.08823529411764705,0.1076470588235294,0.0,0.0,0.0,0.0,0.0,0.0,26.31,18.11,327,434,-8.2,Do Not Contact,False
186,Amanda,Ball,oncology,high_value,TERR_12,San Francisco,CA,cancer_center,1.8,False,Mixed,5.0,8.0,3.0,5.0,7.0,0.2,0.0,0.0,0.4,0.5714285714285714,14.0,0.0,157.0,25.0,32.0,0.29411764705882354,0.5454545454545454,0.39732620320855616,0.1875,0.16042780748663102,0.0883355614973262,0.7,0.48387096774193555,0.5924884792626728,0.47058823529411764,1.0,0.3411764705882353,0.3125,0.6818181818181818,0.33011363636363633,35.61,34.87,174,122,-0.74,webinar,True
187,Judy,Lambert,cardiology,medium_value,TERR_06,San Diego,CA,hospital,2.2,False,In-Person-Heavy,10.0,17.0,3.0,2.0,3.0,0.0,0.058823529411764705,0.3333333333333333,0.0,0.3333333333333333,120.0,7.0,92.0,32.0,162.0,0.11764705882352941,0.48387096774193555,0.13206831119544593,0.1875,0.24590163934426232,0.2720969945355191,0.3,0.15625,0.28791666666666665,1.0,0.8108108108108107,0.4915739268680445,0.625,0.2,0.2275,25.95,27.86,333,263,1.91,email,True
188,Michael,Jones,primary_care,medium_value,TERR_26,Raleigh,NC,hospital,4.4,True,Digital-Heavy,4.0,0.0,0.0,4.0,3.0,0.0,0.0,0.0,0.25,0.6666666666666666,46.0,,,7.0,127.0,0.23529411764705882,0.8108108108108107,0.3577503974562798,0.0,0.0,0.0,0.3,0.19108280254777069,0.46154989384288747,0.0,0.0,0.0,0.25,0.39473684210526316,0.15394736842105264,22.27,19.01,395,426,-3.26,Do Not Contact,False
189,Elizabeth,Rivera,dermatology,medium_value,TERR_07,Columbus,OH,clinic,2.0,False,Mixed,4.0,8.0,6.0,1.0,5.0,0.0,0.0,0.16666666666666666,0.0,0.0,52.0,70.0,57.0,79.0,32.0,0.058823529411764705,0.27522935779816515,0.07269293038316244,0.375,0.3448275862068966,0.26479885057471264,0.5,0.48387096774193555,0.24677419354838712,0.47058823529411764,0.3,0.2011764705882353,0.25,0.36585365853658536,0.14817073170731707,17.65,18.02,448,437,0.37,phone_call,True
190,Lee,Charles,dermatology,medium_value,TERR_08,Cleveland,OH,clinic,9.7,False,Digital-Heavy,0.0,3.0,4.0,8.0,1.0,0.0,0.0,0.25,0.75,1.0,,3.0,46.0,25.0,231.0,0.47058823529411764,0.5454545454545454,0.6252673796791444,0.25,0.39473684210526316,0.27894736842105267,0.1,0.1149425287356322,0.5529885057471264,0.17647058823529413,0.9090909090909091,0.23475935828877006,0.0,0.0,0.0,38.92,31.49,117,184,-7.43,rep_visit,True
191,Jennifer,Evans,cardiology,high_value,TERR_18,Omaha,NE,clinic,2.8,False,Digital-Heavy,4.0,2.0,9.0,10.0,3.0,0.0,0.0,0.2222222222222222,0.8,0.0,14.0,296.0,70.0,1.0,35.0,0.5882352941176471,0.9677419354838709,0.7700189753320683,0.5625,0.3,0.3398611111111111,0.3,0.46153846153846145,0.18230769230769228,0.11764705882352941,0.09202453987730061,0.05369902562251895,0.25,0.6818181818181818,0.21136363636363636,37.52,31.02,135,193,-6.5,rep_visit,True
192,Kyle,Ortiz,primary_care,high_value,TERR_44,Minneapolis,MN,clinic,2.8,False,Mixed,11.0,13.0,4.0,1.0,3.0,0.18181818181818182,0.23076923076923078,0.0,1.0,0.3333333333333333,14.0,21.0,74.0,263.0,150.0,0.058823529411764705,0.10238907849829351,0.5381248745231881,0.25,0.28846153846153844,0.1326923076923077,0.3,0.16666666666666666,0.29,0.7647058823529411,0.5882352941176471,0.46244343891402717,0.6875,0.6818181818181818,0.4335227272727272,38.04,38.43,126,48,0.39,rep_visit,True
193,Richard,Phillips,oncology,medium_value,TERR_39,Charlotte,NC,private_practice,0.5,False,Mixed,12.0,15.0,4.0,1.0,2.0,0.0,0.4,0.25,1.0,0.5,11.0,3.0,100.0,73.0,56.0,0.058823529411764705,0.29126213592233013,0.5758994860079955,0.25,0.23076923076923073,0.24615384615384617,0.2,0.3488372093023256,0.3797674418604651,0.8823529411764706,0.9090909090909091,0.646524064171123,0.75,0.7317073170731707,0.37134146341463414,45.06,44.73,30,7,-0.33,email,True
194,David,Fisher,primary_care,medium_value,TERR_13,Seattle,WA,private_practice,0.9,False,Mixed,4.0,2.0,5.0,3.0,3.0,0.5,0.0,0.4,0.0,0.0,60.0,16.0,2.0,73.0,128.0,0.17647058823529413,0.29126213592233013,0.11119360365505426,0.3125,0.9375,0.48125,0.3,0.189873417721519,0.1279746835443038,0.11764705882352941,0.6521739130434783,0.16572890025575449,0.25,0.3333333333333333,0.39166666666666666,23.88,26.08,372,306,2.2,phone_call,True
195,Shelby,Byrd,primary_care,medium_value,TERR_32,Albuquerque,NM,clinic,2.9,True,Digital-Heavy,2.0,0.0,0.0,4.0,2.0,0.0,0.0,0.0,0.0,1.0,52.0,,,28.0,332.0,0.23529411764705882,0.5172413793103449,0.17403651115618662,0.0,0.0,0.0,0.2,0.08287292817679558,0.5765745856353591,0.0,0.0,0.0,0.125,0.36585365853658536,0.11067073170731706,18.41,16.13,440,459,-2.28,Do Not Contact,False
196,Raven,Gilbert,cardiology,low_value,TERR_29,Arlington,TX,private_practice,6.6,False,Mixed,5.0,5.0,3.0,2.0,1.0,0.2,0.4,0.0,0.5,1.0,32.0,43.0,17.0,332.0,3.0,0.11764705882352941,0.08287292817679558,0.30186870328241794,0.1875,0.6382978723404256,0.18390957446808512,0.1,0.9090909090909091,0.7118181818181819,0.29411764705882354,0.410958904109589,0.3704270749395649,0.3125,0.48387096774193555,0.2905241935483871,36.88,36.17,147,92,-0.71,webinar,True
197,Kevin,Kelley,dermatology,medium_value,TERR_10,Baltimore,MD,private_practice,0.5,False,Mixed,5.0,8.0,6.0,2.0,2.0,0.0,0.0,0.0,0.0,0.0,57.0,9.0,37.0,252.0,29.0,0.11764705882352941,0.10638297872340426,0.05657071339173968,0.375,0.44776119402985076,0.20205223880597015,0.2,0.5084745762711864,0.1616949152542373,0.47058823529411764,0.7692307692307692,0.29502262443438915,0.3125,0.3448275862068966,0.16271551724137934,15.84,17.42,465,444,1.58,email,True
198,Aaron,Mitchell,primary_care,medium_value,TERR_01,Baltimore,MD,private_practice,3.7,False,Digital-Heavy,8.0,7.0,2.0,2.0,4.0,0.0,0.5714285714285714,0.5,0.5,0.5,85.0,59.0,239.0,0.0,44.0,0.11764705882352941,1.0,0.4852941176470588,0.125,0.11152416356877323,0.30980483271375464,0.4,0.4054054054054054,0.4510810810810811,0.4117647058823529,0.33707865168539325,0.47665942781607024,0.5,0.2608695652173913,0.20217391304347826,39.96,37.47,93,60,-2.49,rep_visit,True
199,Russell,Carpenter,primary_care,high_value,TERR_37,Oklahoma City,OK,private_practice,1.3,False,Digital-Heavy,12.0,11.0,4.0,1.0,3.0,0.0,0.45454545454545453,0.0,0.0,0.0,25.0,9.0,154.0,228.0,73.0,0.058823529411764705,0.11627906976744186,0.04090287277701778,0.25,0.16304347826086957,0.1076086956521739,0.3,0.29126213592233013,0.14825242718446602,0.6470588235294118,0.7692307692307692,0.5752365281777047,0.75,0.5454545454545454,0.33409090909090905,19.98,25.22,424,327,5.24,email,True
200,Diana,Marshall,primary_care,medium_value,TERR_15,Arlington,TX,hospital,2.4,False,Digital-Heavy,9.0,10.0,3.0,3.0,3.0,0.0,0.3,0.0,0.3333333333333333,0.0,149.0,18.0,93.0,25.0,189.0,0.17647058823529413,0.5454545454545454,0.32869875222816397,0.1875,0.24390243902439027,0.10503048780487806,0.3,0.136986301369863,0.1173972602739726,0.5882352941176471,0.625,0.4514705882352941,0.5625,0.16759776536312848,0.20226955307262567,24.12,24.63,366,336,0.51,email,True
201,Scott,Lewis,primary_care,high_value,TERR_46,Detroit,MI,clinic,2.6,False,Digital-Heavy,2.0,4.0,11.0,6.0,4.0,1.0,0.0,0.2727272727272727,0.16666666666666666,1.0,158.0,64.0,43.0,16.0,25.0,0.35294117647058826,0.6521739130434783,0.3196504688832055,0.6875,0.410958904109589,0.42480541718555415,0.4,0.5454545454545454,0.7290909090909091,0.23529411764705882,0.3191489361702128,0.1344180225281602,0.125,0.1595744680851064,0.5694148936170212,43.22,43.45,49,12,0.23,webinar,True
202,Thomas,Santana,cardiology,low_value,TERR_07,Houston,TX,clinic,0.5,False,Mixed,0.0,1.0,6.0,7.0,1.0,0.0,0.0,0.16666666666666666,0.2857142857142857,0.0,,67.0,45.0,3.0,323.0,0.4117647058823529,0.9090909090909091,0.44820473644003056,0.375,0.4,0.2758333333333333,0.1,0.08498583569405098,0.04699716713881019,0.058823529411764705,0.30927835051546393,0.07950272892662219,0.0,0.0,0.0,21.1,16.2,407,456,-4.9,rep_visit,True
203,Laura,Jackson,cardiology,high_value,TERR_46,San Jose,CA,private_practice,1.7,False,In-Person-Heavy,0.0,4.0,10.0,12.0,5.0,0.0,0.0,0.7,0.5833333333333334,0.2,,16.0,22.0,0.0,7.0,0.7058823529411765,1.0,0.7034313725490196,0.625,0.5769230769230769,0.6528846153846154,0.5,0.8108108108108107,0.41216216216216217,0.23529411764705882,0.6521739130434783,0.2010230179028133,0.0,0.0,0.0,45.42,36.46,27,83,-8.96,rep_visit,True
204,Christopher,Robertson,cardiology,high_value,TERR_49,Chicago,IL,private_practice,2.0,False,Mixed,10.0,13.0,2.0,1.0,6.0,0.3,0.38461538461538464,0.0,0.0,0.16666666666666666,44.0,1.0,113.0,150.0,15.0,0.058823529411764705,0.16666666666666666,0.050980392156862744,0.125,0.2097902097902098,0.07945804195804196,0.6,0.6666666666666666,0.3966666666666666,0.7647058823529411,0.9677419354838709,0.6152678441103487,0.625,0.4054054054054054,0.4185810810810811,26.56,32.12,322,169,5.56,email,True
205,Cynthia,Rogers,dermatology,low_value,TERR_17,Detroit,MI,private_practice,2.3,False,Mixed,2.0,4.0,4.0,4.0,4.0,0.0,0.0,0.0,0.25,0.5,14.0,28.0,57.0,46.0,23.0,0.23529411764705882,0.39473684210526316,0.2745356037151703,0.25,0.3448275862068966,0.14396551724137932,0.4,0.5660377358490566,0.4832075471698113,0.23529411764705882,0.5172413793103449,0.17403651115618662,0.125,0.6818181818181818,0.17386363636363636,26.0,24.15,331,349,-1.85,webinar,True
206,Loretta,Potter,cardiology,low_value,TERR_47,Oklahoma City,OK,clinic,1.9,False,Digital-Heavy,0.0,0.0,6.0,6.0,1.0,0.0,0.0,0.16666666666666666,0.16666666666666666,0.0,,,178.0,71.0,266.0,0.35294117647058826,0.297029702970297,0.2486216268685692,0.375,0.14423076923076922,0.22467948717948716,0.1,0.10135135135135134,0.05027027027027027,0.0,0.0,0.0,0.0,0.0,0.0,12.96,9.75,483,496,-3.21,rep_visit,True
207,Emily,Walker,primary_care,medium_value,TERR_28,Louisville,KY,clinic,0.5,False,Mixed,1.0,2.0,5.0,17.0,3.0,1.0,0.0,0.4,0.6470588235294118,0.3333333333333333,183.0,65.0,1.0,39.0,15.0,1.0,0.4347826086956522,0.7104859335038364,0.3125,0.9677419354838709,0.4872983870967742,0.3,0.6666666666666666,0.39,0.11764705882352941,0.31578947368421056,0.09845201238390094,0.0625,0.14084507042253522,0.546919014084507,48.54,45.4,8,4,-3.14,rep_visit,True
208,James,Johnson,primary_care,low_value,TERR_42,Dallas,TX,private_practice,0.5,False,In-Person-Heavy,4.0,7.0,7.0,2.0,5.0,0.0,0.14285714285714285,0.14285714285714285,1.0,0.2,35.0,52.0,7.0,123.0,1.0,0.11764705882352941,0.19607843137254904,0.5745098039215686,0.4375,0.8108108108108107,0.3648407335907336,0.5,0.9677419354838709,0.4435483870967742,0.4117647058823529,0.36585365853658536,0.26812871490059437,0.25,0.46153846153846145,0.1673076923076923,39.93,35.06,94,117,-4.87,rep_visit,True
209,John,Alvarez,primary_care,high_value,TERR_08,Phoenix,AZ,private_practice,1.0,False,Mixed,2.0,2.0,12.0,11.0,5.0,0.0,0.0,0.4166666666666667,0.2727272727272727,0.2,156.0,102.0,38.0,11.0,30.0,0.6470588235294118,0.7317073170731707,0.476822746837094,0.75,0.4411764705882353,0.5215686274509804,0.5,0.5,0.35,0.11764705882352941,0.22727272727272727,0.08074866310160428,0.125,0.16129032258064516,0.06975806451612904,33.99,27.96,196,259,-6.03,phone_call,True
210,Melissa,Jones,oncology,medium_value,TERR_48,Fort Worth,TX,cancer_center,0.5,False,Digital-Heavy,0.0,5.0,8.0,7.0,5.0,0.0,0.2,0.5,0.8571428571428571,0.2,,7.0,38.0,3.0,23.0,0.4117647058823529,0.9090909090909091,0.7339190221543161,0.5,0.4411764705882353,0.4882352941176471,0.5,0.5660377358490566,0.3632075471698113,0.29411764705882354,0.8108108108108107,0.3503974562798092,0.0,0.0,0.0,44.3,36.38,41,85,-7.92,rep_visit,True
211,Robert,Soto,endocrinology,low_value,TERR_29,Chicago,IL,private_practice,0.5,False,Mixed,2.0,6.0,2.0,2.0,3.0,0.0,0.0,0.5,1.0,0.6666666666666666,228.0,1.0,200.0,165.0,8.0,0.11764705882352941,0.15384615384615385,0.5660633484162896,0.125,0.13043478260869565,0.3135869565217391,0.3,0.7894736842105263,0.5812280701754386,0.35294117647058826,0.9677419354838709,0.29943074003795067,0.125,0.11627906976744186,0.06075581395348837,40.28,34.22,90,131,-6.06,webinar,True
212,James,Horton,oncology,high_value,TERR_33,Philadelphia,PA,cancer_center,0.5,False,Digital-Heavy,6.0,10.0,11.0,5.0,2.0,0.0,0.2,0.0,0.2,0.0,7.0,35.0,70.0,25.0,115.0,0.29411764705882354,0.5454545454545454,0.29732620320855613,0.6875,0.3,0.26625,0.2,0.2068965517241379,0.10137931034482758,0.5882352941176471,0.46153846153846145,0.36877828054298645,0.375,0.8108108108108107,0.27466216216216216,25.92,26.72,335,289,0.8,email,True
213,Troy,Sanchez,cardiology,high_value,TERR_13,Miami,FL,clinic,2.4,False,Digital-Heavy,4.0,8.0,6.0,12.0,5.0,0.0,0.125,0.5,0.25,0.4,31.0,14.0,65.0,43.0,21.0,0.7058823529411765,0.410958904109589,0.41895648670427077,0.375,0.31578947368421056,0.4256578947368421,0.5,0.5882352941176471,0.4676470588235294,0.47058823529411764,0.6818181818181818,0.34004010695187165,0.25,0.49180327868852464,0.17336065573770493,38.14,34.95,124,120,-3.19,webinar,True
214,Diana,Smith,dermatology,medium_value,TERR_27,Atlanta,GA,clinic,2.4,True,Mixed,1.0,0.0,0.0,10.0,3.0,1.0,0.0,0.0,0.5,0.6666666666666666,234.0,,,43.0,93.0,0.5882352941176471,0.410958904109589,0.508662369057212,0.0,0.0,0.0,0.3,0.24390243902439027,0.4721138211382114,0.0,0.0,0.0,0.0625,0.11363636363636363,0.5414772727272728,32.82,32.21,220,165,-0.61,Do Not Contact,False
215,Karen,Carrillo,endocrinology,medium_value,TERR_43,Baltimore,MD,private_practice,1.1,False,Digital-Heavy,9.0,3.0,4.0,1.0,2.0,0.2222222222222222,0.3333333333333333,0.0,1.0,0.0,43.0,65.0,85.0,21.0,73.0,0.058823529411764705,0.5882352941176471,0.6352941176470589,0.25,0.2608695652173913,0.12717391304347825,0.2,0.29126213592233013,0.11825242718446602,0.17647058823529413,0.31578947368421056,0.28276573787409703,0.5625,0.410958904109589,0.3620528919330289,33.64,31.98,200,172,-1.66,rep_visit,True
216,Daniel,Coleman,oncology,medium_value,TERR_29,Jacksonville,FL,private_practice,1.3,False,In-Person-Heavy,1.0,3.0,7.0,11.0,6.0,0.0,0.0,0.14285714285714285,0.7272727272727273,0.3333333333333333,35.0,161.0,57.0,30.0,93.0,0.6470588235294118,0.5,0.6577540106951871,0.4375,0.3448275862068966,0.27164408866995077,0.6,0.24390243902439027,0.3954471544715447,0.17647058823529413,0.15706806282722513,0.08435478903603326,0.0625,0.46153846153846145,0.1110576923076923,36.01,29.22,169,231,-6.79,rep_visit,True
217,Gregory,Rubio,oncology,medium_value,TERR_31,Fresno,CA,hospital,2.8,False,In-Person-Heavy,2.0,3.0,6.0,4.0,6.0,0.0,0.0,0.16666666666666666,0.5,0.6666666666666666,53.0,87.0,46.0,74.0,18.0,0.23529411764705882,0.28846153846153844,0.3782805429864253,0.375,0.39473684210526316,0.27478070175438596,0.6,0.625,0.6383333333333333,0.17647058823529413,0.25641025641025644,0.10422322775263954,0.125,0.3614457831325301,0.10978915662650601,32.82,28.1,220,257,-4.72,webinar,True
218,April,Williams,endocrinology,medium_value,TERR_48,Philadelphia,PA,private_practice,1.3,False,Mixed,8.0,10.0,2.0,3.0,2.0,0.125,0.3,1.0,0.3333333333333333,0.0,24.0,53.0,226.0,15.0,10.0,0.17647058823529413,0.6666666666666666,0.3529411764705882,0.125,0.1171875,0.5609375,0.2,0.75,0.21000000000000002,0.5882352941176471,0.3614457831325301,0.39875974486180016,0.5,0.5555555555555556,0.3236111111111111,36.84,36.61,150,78,-0.23,phone_call,True
219,John,Charles,cardiology,low_value,TERR_15,Baltimore,MD,hospital,2.7,False,Digital-Heavy,0.0,7.0,5.0,5.0,3.0,0.0,0.2857142857142857,0.0,0.6,0.3333333333333333,,30.0,23.0,65.0,8.0,0.29411764705882354,0.31578947368421056,0.4513931888544892,0.3125,0.5660377358490566,0.20695754716981132,0.3,0.7894736842105263,0.4145614035087719,0.4117647058823529,0.5,0.36638655462184877,0.0,0.0,0.0,31.47,27.0,239,283,-4.47,rep_visit,True
220,Stephen,Solis,dermatology,high_value,TERR_32,Kansas City,MO,private_practice,1.4,False,Digital-Heavy,10.0,11.0,4.0,1.0,6.0,0.0,0.36363636363636365,0.75,0.0,0.3333333333333333,15.0,23.0,66.0,284.0,1.0,0.058823529411764705,0.09554140127388534,0.036755339078306484,0.25,0.3125,0.5125,0.6,0.9677419354838709,0.5402150537634409,0.6470588235294118,0.5660377358490566,0.4891433760468167,0.625,0.6666666666666666,0.3208333333333333,34.31,36.7,192,75,2.39,webinar,True
221,Elizabeth,Travis,oncology,high_value,TERR_01,El Paso,TX,private_practice,6.0,False,Digital-Heavy,11.0,10.0,4.0,2.0,4.0,0.09090909090909091,0.1,1.0,0.0,0.25,25.0,9.0,44.0,158.0,32.0,0.11764705882352941,0.1595744680851064,0.0672090112640801,0.25,0.4054054054054054,0.6560810810810811,0.4,0.48387096774193555,0.3417741935483871,0.5882352941176471,0.7692307692307692,0.380316742081448,0.6875,0.5454545454545454,0.36079545454545453,33.09,35.3,212,108,2.21,phone_call,True
222,Caitlin,Dodson,oncology,low_value,TERR_14,Wichita,KS,hospital,2.0,False,In-Person-Heavy,3.0,4.0,7.0,1.0,1.0,0.0,0.0,0.2857142857142857,0.0,0.0,71.0,3.0,15.0,338.0,270.0,0.058823529411764705,0.08152173913043478,0.033951406649616364,0.4375,0.6666666666666666,0.4074404761904762,0.1,0.1,0.05,0.23529411764705882,0.9090909090909091,0.2524064171122995,0.1875,0.297029702970297,0.1156559405940594,15.69,16.55,466,451,0.86,phone_call,True
223,Patricia,Salazar,dermatology,high_value,TERR_29,Austin,TX,private_practice,0.5,False,Digital-Heavy,0.0,4.0,16.0,12.0,3.0,0.0,0.5,0.1875,0.4166666666666667,1.0,,141.0,42.0,14.0,7.0,0.7058823529411765,0.6818181818181818,0.5564616755793226,1.0,0.4166666666666667,0.4770833333333333,0.3,0.8108108108108107,0.7521621621621621,0.23529411764705882,0.17543859649122806,0.35567595459236323,0.0,0.0,0.0,46.61,39.29,15,40,-7.32,webinar,True
224,Jennifer,Wagner,primary_care,high_value,TERR_11,Nashville,TN,private_practice,4.9,False,Digital-Heavy,2.0,5.0,5.0,6.0,2.0,0.0,0.2,0.8,1.0,0.0,219.0,17.0,21.0,46.0,108.0,0.35294117647058826,0.39473684210526316,0.6848297213622291,0.3125,0.5882352941176471,0.6113970588235295,0.2,0.2173913043478261,0.10347826086956521,0.29411764705882354,0.6382978723404256,0.3158948685857322,0.125,0.12048192771084336,0.061596385542168675,40.5,34.0,85,139,-6.5,rep_visit,True
225,Maria,Kelley,oncology,medium_value,TERR_29,Louisville,KY,hospital,2.9,False,Digital-Heavy,1.0,1.0,5.0,6.0,4.0,0.0,0.0,0.6,0.5,0.0,16.0,163.0,84.0,79.0,4.0,0.35294117647058826,0.27522935779816515,0.4109282245008095,0.3125,0.2631578947368421,0.4463815789473684,0.4,0.8823529411764706,0.29647058823529415,0.058823529411764705,0.15544041450777202,0.048735141725083815,0.0625,0.6521739130434783,0.14918478260869564,30.15,25.83,257,314,-4.32,phone_call,True
226,Phyllis,Manning,cardiology,medium_value,TERR_14,Washington,DC,private_practice,6.8,False,Digital-Heavy,0.0,6.0,12.0,13.0,4.0,0.0,0.0,0.75,0.6153846153846154,0.0,,120.0,15.0,0.0,43.0,0.7647058823529411,1.0,0.7371040723981901,0.75,0.6666666666666666,0.7333333333333333,0.4,0.410958904109589,0.2021917808219178,0.35294117647058826,0.2,0.14588235294117646,0.0,0.0,0.0,43.01,33.87,54,144,-9.14,rep_visit,True
227,Thomas,Green,cardiology,medium_value,TERR_21,Wichita,KS,private_practice,1.0,False,In-Person-Heavy,13.0,9.0,7.0,1.0,5.0,0.15384615384615385,0.4444444444444444,0.0,0.0,0.2,4.0,59.0,8.0,100.0,92.0,0.058823529411764705,0.23076923076923073,0.06380090497737556,0.4375,0.7894736842105263,0.2891447368421053,0.5,0.24590163934426232,0.29918032786885246,0.5294117647058824,0.33707865168539325,0.44846148197106556,0.8125,0.8823529411764706,0.49714366515837105,27.86,33.04,296,158,5.18,digital_ad,True
228,John,Walsh,dermatology,high_value,TERR_05,Chicago,IL,clinic,1.1,False,Mixed,4.0,4.0,4.0,5.0,3.0,0.0,0.25,0.5,0.0,0.6666666666666666,3.0,88.0,32.0,44.0,108.0,0.29411764705882354,0.4054054054054054,0.16931637519872816,0.25,0.48387096774193555,0.42177419354838713,0.3,0.2173913043478261,0.4668115942028986,0.23529411764705882,0.2542372881355932,0.2464356929212363,0.25,0.9090909090909091,0.25681818181818183,30.4,30.11,251,218,-0.29,webinar,True
229,Katie,Boyd,cardiology,low_value,TERR_49,Oklahoma City,OK,private_practice,0.6,False,Digital-Heavy,10.0,8.0,4.0,1.0,3.0,0.0,0.0,0.5,1.0,0.6666666666666666,24.0,46.0,74.0,275.0,10.0,0.058823529411764705,0.09836065573770493,0.5373191899710704,0.25,0.28846153846153844,0.3826923076923077,0.3,0.75,0.5733333333333334,0.47058823529411764,0.39473684210526316,0.22012383900928795,0.625,0.5555555555555556,0.2986111111111111,43.02,39.23,52,41,-3.79,webinar,True
230,Courtney,Hill,endocrinology,medium_value,TERR_27,San Diego,CA,clinic,1.8,False,In-Person-Heavy,8.0,5.0,9.0,4.0,9.0,0.0,0.2,0.1111111111111111,0.5,0.2222222222222222,25.0,10.0,51.0,94.0,1.0,0.23529411764705882,0.24193548387096778,0.3689753320683112,0.5625,0.37037037037037035,0.2983796296296296,0.9,0.9677419354838709,0.5746594982078853,0.29411764705882354,0.75,0.3382352941176471,0.5,0.5454545454545454,0.2590909090909091,37.49,35.73,136,101,-1.76,webinar,True
231,Chris,Mitchell,endocrinology,low_value,TERR_46,Cleveland,OH,private_practice,1.8,False,In-Person-Heavy,2.0,5.0,4.0,1.0,3.0,0.0,0.2,0.0,1.0,0.0,212.0,73.0,1.0,39.0,184.0,0.058823529411764705,0.4347826086956522,0.60460358056266,0.25,0.9677419354838709,0.2685483870967742,0.3,0.14018691588785046,0.1180373831775701,0.29411764705882354,0.29126213592233013,0.24648772130211308,0.125,0.12396694214876033,0.062293388429752065,30.5,25.36,249,323,-5.14,rep_visit,True
232,Joseph,Flores,endocrinology,low_value,TERR_44,Detroit,MI,private_practice,1.8,False,In-Person-Heavy,4.0,6.0,5.0,3.0,4.0,0.25,0.0,0.0,1.0,0.25,66.0,77.0,8.0,4.0,44.0,0.17647058823529413,0.8823529411764706,0.7294117647058824,0.3125,0.7894736842105263,0.2516447368421053,0.4,0.4054054054054054,0.3260810810810811,0.35294117647058826,0.2803738317757009,0.16195711929631665,0.25,0.3125,0.2625,39.8,34.58,98,126,-5.22,rep_visit,True
233,Amber,Taylor,endocrinology,high_value,TERR_20,Kansas City,MO,hospital,7.8,False,Mixed,4.0,4.0,4.0,6.0,3.0,0.0,0.5,0.0,0.6666666666666666,0.3333333333333333,24.0,120.0,105.0,14.0,113.0,0.35294117647058826,0.6818181818181818,0.5755793226381462,0.25,0.2222222222222222,0.11944444444444444,0.3,0.2097902097902098,0.29862470862470863,0.23529411764705882,0.2,0.36058823529411765,0.25,0.5555555555555556,0.18611111111111112,33.83,30.72,198,202,-3.11,rep_visit,True
234,Jesse,Benson,primary_care,low_value,TERR_22,Los Angeles,CA,private_practice,5.1,False,In-Person-Heavy,2.0,5.0,5.0,2.0,0.0,0.0,0.4,0.4,1.0,0.0,192.0,52.0,136.0,37.0,,0.11764705882352941,0.44776119402985076,0.624846356453029,0.3125,0.18072289156626506,0.32989457831325303,0.0,0.0,0.0,0.29411764705882354,0.36585365853658536,0.36140602582496417,0.125,0.13513513513513511,0.06452702702702702,31.73,27.17,235,277,-4.56,rep_visit,True
235,Jasmine,Brown,cardiology,high_value,TERR_18,Tulsa,OK,clinic,8.4,False,In-Person-Heavy,3.0,3.0,9.0,13.0,6.0,0.0,0.0,0.5555555555555556,0.6923076923076923,0.3333333333333333,108.0,18.0,4.0,74.0,23.0,0.7647058823529411,0.28846153846153844,0.6332579185520362,0.5625,0.8823529411764706,0.6229983660130719,0.6,0.5660377358490566,0.459874213836478,0.17647058823529413,0.625,0.17794117647058824,0.1875,0.2173913043478261,0.09972826086956521,44.82,37.44,33,61,-7.38,rep_visit,True
236,Rick,Daniels,cardiology,high_value,TERR_38,Raleigh,NC,hospital,0.9,False,Digital-Heavy,10.0,7.0,7.0,0.0,2.0,0.1,0.14285714285714285,0.14285714285714285,0.0,0.5,42.0,9.0,0.0,,148.0,0.0,0.0,0.0,0.4375,1.0,0.40267857142857144,0.2,0.16853932584269662,0.34370786516853935,0.4117647058823529,0.7692307692307692,0.34880413703943114,0.625,0.4166666666666667,0.3208333333333333,24.97,27.95,349,260,2.98,phone_call,True
237,Robert,Clark,cardiology,low_value,TERR_22,Memphis,TN,private_practice,4.5,False,In-Person-Heavy,0.0,0.0,9.0,3.0,1.0,0.0,0.0,0.2222222222222222,1.0,0.0,,,130.0,8.0,308.0,0.17647058823529413,0.7894736842105263,0.7108359133126936,0.5625,0.1875,0.3173611111111111,0.1,0.08875739644970414,0.04775147928994083,0.0,0.0,0.0,0.0,0.0,0.0,28.63,20.65,277,407,-7.98,rep_visit,True
238,Robert,Stein,endocrinology,high_value,TERR_50,Tucson,AZ,private_practice,0.5,False,In-Person-Heavy,0.0,5.0,8.0,7.0,6.0,0.0,0.0,0.25,0.2857142857142857,0.0,,7.0,81.0,43.0,2.0,0.4117647058823529,0.410958904109589,0.34857833544376654,0.5,0.27027027027027023,0.3290540540540541,0.6,0.9375,0.3675,0.29411764705882354,0.8108108108108107,0.25039745627980925,0.0,0.0,0.0,28.14,23.93,291,354,-4.21,webinar,True
239,Brandy,Dominguez,oncology,low_value,TERR_38,Colorado Springs,CO,cancer_center,0.5,False,Digital-Heavy,1.0,6.0,4.0,5.0,1.0,0.0,0.16666666666666666,0.25,0.0,0.0,15.0,39.0,79.0,43.0,142.0,0.29411764705882354,0.410958904109589,0.17042707493956488,0.25,0.27522935779816515,0.25504587155963304,0.1,0.1744186046511628,0.06488372093023256,0.35294117647058826,0.4347826086956522,0.27617220801364023,0.0625,0.6666666666666666,0.15208333333333332,17.94,18.34,447,433,0.4,email,True
240,Melissa,Cannon,oncology,high_value,TERR_34,Omaha,NE,cancer_center,0.5,False,Digital-Heavy,1.0,3.0,6.0,9.0,1.0,0.0,0.0,0.5,0.5555555555555556,0.0,156.0,228.0,14.0,7.0,112.0,0.5294117647058824,0.8108108108108107,0.5987634693517047,0.375,0.6818181818181818,0.49886363636363634,0.1,0.2112676056338028,0.07225352112676056,0.17647058823529413,0.11627906976744186,0.0761969904240766,0.0625,0.16129032258064516,0.051008064516129034,31.29,24.76,242,333,-6.53,rep_visit,True
241,Omar,Smith,endocrinology,low_value,TERR_08,San Diego,CA,private_practice,5.5,True,Mixed,5.0,0.0,0.0,0.0,3.0,0.0,0.0,0.0,0.0,0.6666666666666666,168.0,,,,37.0,0.0,0.0,0.0,0.0,0.0,0.0,0.3,0.44776119402985076,0.5128855721393035,0.0,0.0,0.0,0.3125,0.15151515151515152,0.1240530303030303,12.12,11.88,487,483,-0.24,Do Not Contact,False
242,Michael,Molina,oncology,low_value,TERR_47,San Antonio,TX,cancer_center,1.5,False,In-Person-Heavy,2.0,5.0,3.0,2.0,3.0,0.0,0.0,0.3333333333333333,1.0,0.0,56.0,100.0,31.0,205.0,7.0,0.11764705882352941,0.12765957446808512,0.5608260325406759,0.1875,0.49180327868852464,0.32127732240437157,0.3,0.8108108108108107,0.25216216216216214,0.29411764705882354,0.23076923076923073,0.1343891402714932,0.125,0.3488372093023256,0.10726744186046511,31.92,26.58,233,291,-5.34,rep_visit,True
243,Melissa,Ashley,cardiology,medium_value,TERR_03,Raleigh,NC,clinic,2.5,False,In-Person-Heavy,6.0,6.0,4.0,1.0,3.0,0.0,0.0,0.0,1.0,1.0,88.0,45.0,78.0,295.0,7.0,0.058823529411764705,0.0923076923076923,0.5361085972850679,0.25,0.2777777777777778,0.13055555555555556,0.3,0.8108108108108107,0.7521621621621621,0.35294117647058826,0.4,0.1858823529411765,0.375,0.2542372881355932,0.16334745762711864,38.98,33.73,115,147,-5.25,webinar,True
244,Robert,Adkins,endocrinology,high_value,TERR_12,Nashville,TN,clinic,7.1,False,Mixed,4.0,9.0,2.0,7.0,8.0,0.5,0.1111111111111111,0.5,0.8571428571428571,0.75,39.0,66.0,8.0,18.0,22.0,0.4117647058823529,0.625,0.6771008403361344,0.125,0.7894736842105263,0.4453947368421053,0.8,0.5769230769230769,0.7303846153846154,0.5294117647058824,0.3125,0.2768790849673203,0.25,0.4347826086956522,0.41195652173913044,54.16,49.84,1,2,-4.32,webinar,True
245,Amy,Morrison,endocrinology,medium_value,TERR_32,Oakland,CA,private_practice,0.5,False,Mixed,4.0,4.0,6.0,9.0,3.0,0.0,0.0,0.3333333333333333,0.5555555555555556,0.3333333333333333,281.0,3.0,18.0,60.0,39.0,0.5294117647058824,0.3333333333333333,0.5032679738562091,0.375,0.625,0.4041666666666667,0.3,0.4347826086956522,0.3436231884057971,0.23529411764705882,0.9090909090909091,0.2524064171122995,0.25,0.09646302250803858,0.09429260450160772,35.25,30.41,177,211,-4.84,rep_visit,True
246,Jeffrey,Robinson,oncology,low_value,TERR_37,Albuquerque,NM,hospital,2.0,False,In-Person-Heavy,7.0,3.0,3.0,2.0,3.0,0.14285714285714285,0.3333333333333333,0.3333333333333333,0.0,0.6666666666666666,17.0,85.0,4.0,63.0,36.0,0.11764705882352941,0.3225806451612903,0.09981024667931689,0.1875,0.8823529411764706,0.3993872549019608,0.3,0.45454545454545453,0.5142424242424243,0.17647058823529413,0.2608695652173913,0.2717817561807332,0.4375,0.6382978723404256,0.33033814589665655,30.3,31.51,254,183,1.21,webinar,True
247,Ryan,Johnson,primary_care,medium_value,TERR_15,Tucson,AZ,private_practice,1.8,False,Mixed,6.0,3.0,8.0,6.0,0.0,0.0,0.0,0.0,0.8333333333333334,0.0,99.0,29.0,51.0,9.0,,0.35294117647058826,0.7692307692307692,0.676395173453997,0.5,0.37037037037037035,0.22407407407407406,0.0,0.0,0.0,0.17647058823529413,0.5084745762711864,0.15463609172482554,0.375,0.23255813953488372,0.15901162790697673,29.48,24.71,266,334,-4.77,rep_visit,True
248,Matthew,Shelton,endocrinology,low_value,TERR_24,Washington,DC,private_practice,0.8,False,Mixed,8.0,5.0,1.0,0.0,2.0,0.125,0.4,0.0,0.0,0.0,85.0,67.0,281.0,,30.0,0.0,0.0,0.0,0.0625,0.09646302250803858,0.03804260450160772,0.2,0.5,0.16,0.29411764705882354,0.30927835051546393,0.3500909642207399,0.5,0.2608695652173913,0.26467391304347826,13.18,17.13,479,446,3.95,email,True
249,Richard,Martin,dermatology,high_value,TERR_36,Fresno,CA,private_practice,3.1,False,In-Person-Heavy,8.0,14.0,3.0,3.0,6.0,0.25,0.42857142857142855,0.0,0.6666666666666666,0.16666666666666666,18.0,39.0,25.0,4.0,121.0,0.17647058823529413,0.8823529411764706,0.5627450980392157,0.1875,0.5454545454545454,0.1653409090909091,0.6,0.19867549668874174,0.30306843267108163,0.8235294117647058,0.4347826086956522,0.5483010595542565,0.5,0.625,0.4,40.48,40.55,86,29,0.07,rep_visit,True
250,Tanner,Anderson,endocrinology,medium_value,TERR_06,Colorado Springs,CO,hospital,2.0,False,In-Person-Heavy,6.0,8.0,2.0,1.0,2.0,0.3333333333333333,0.0,0.0,0.0,0.0,95.0,77.0,217.0,30.0,35.0,0.058823529411764705,0.5,0.11764705882352941,0.125,0.12145748987854249,0.0617914979757085,0.2,0.46153846153846145,0.1523076923076923,0.47058823529411764,0.2803738317757009,0.19725123694337549,0.375,0.24000000000000005,0.3271666666666667,15.68,18.36,467,432,2.68,digital_ad,True
251,Cindy,Johnson,oncology,medium_value,TERR_18,Virginia Beach,VA,private_practice,0.9,True,Digital-Heavy,0.0,0.0,0.0,7.0,4.0,0.0,0.0,0.0,0.5714285714285714,0.0,,,,3.0,136.0,0.4117647058823529,0.9090909090909091,0.5910618792971734,0.0,0.0,0.0,0.4,0.18072289156626506,0.156144578313253,0.0,0.0,0.0,0.0,0.0,0.0,20.85,14.6,412,470,-6.25,Do Not Contact,False
252,Phillip,Elliott,dermatology,high_value,TERR_08,Kansas City,MO,clinic,1.4,False,Mixed,3.0,13.0,5.0,6.0,6.0,0.0,0.15384615384615385,0.0,0.3333333333333333,0.3333333333333333,46.0,2.0,25.0,79.0,39.0,0.35294117647058826,0.27522935779816515,0.32759489116747614,0.3125,0.5454545454545454,0.20284090909090907,0.6,0.4347826086956522,0.4336231884057971,0.7647058823529411,0.9375,0.49383484162895924,0.1875,0.39473684210526316,0.13519736842105262,31.99,30.76,232,199,-1.23,email,True
253,Anthony,Day,oncology,medium_value,TERR_45,Raleigh,NC,hospital,1.5,False,In-Person-Heavy,13.0,9.0,1.0,1.0,4.0,0.0,0.2222222222222222,0.0,1.0,0.5,4.0,102.0,16.0,329.0,23.0,0.058823529411764705,0.08356545961002786,0.534360150745535,0.0625,0.6521739130434783,0.14918478260869564,0.4,0.5660377358490566,0.4832075471698113,0.5294117647058824,0.22727272727272727,0.31538918597742127,0.8125,0.8823529411764706,0.4202205882352941,39.71,38.64,99,46,-1.07,rep_visit,True
254,Derek,Murray,endocrinology,high_value,TERR_39,Oklahoma City,OK,private_practice,2.4,False,Digital-Heavy,4.0,5.0,8.0,6.0,3.0,0.0,0.6,0.125,0.6666666666666666,0.3333333333333333,71.0,21.0,16.0,42.0,37.0,0.35294117647058826,0.4166666666666667,0.5225490196078432,0.5,0.6521739130434783,0.34293478260869564,0.3,0.44776119402985076,0.3462189054726368,0.29411764705882354,0.5882352941176471,0.5058823529411764,0.25,0.297029702970297,0.13440594059405941,39.06,35.86,113,99,-3.2,rep_visit,True
255,Brent,Gray,endocrinology,low_value,TERR_02,Sacramento,CA,clinic,5.2,False,Mixed,2.0,2.0,4.0,3.0,2.0,0.0,0.0,0.75,0.3333333333333333,1.0,59.0,39.0,94.0,51.0,189.0,0.17647058823529413,0.37037037037037035,0.29368191721132897,0.25,0.24193548387096778,0.49838709677419357,0.2,0.136986301369863,0.5873972602739727,0.11764705882352941,0.4347826086956522,0.12225063938618927,0.125,0.33707865168539325,0.10491573033707866,33.93,29.61,197,228,-4.32,webinar,True
256,Jason,Murphy,dermatology,medium_value,TERR_12,Kansas City,MO,private_practice,2.7,False,In-Person-Heavy,4.0,8.0,6.0,4.0,2.0,0.25,0.25,0.3333333333333333,1.0,0.0,28.0,107.0,44.0,52.0,168.0,0.23529411764705882,0.36585365853658536,0.6437589670014346,0.375,0.4054054054054054,0.36024774774774776,0.2,0.15151515151515152,0.0903030303030303,0.47058823529411764,0.21897810218978103,0.3099720910261915,0.25,0.5172413793103449,0.303448275862069,37.53,34.73,134,124,-2.8,rep_visit,True
257,Kathleen,Gray,dermatology,medium_value,TERR_16,San Jose,CA,private_practice,2.6,False,Digital-Heavy,9.0,11.0,2.0,3.0,3.0,0.1111111111111111,0.2727272727272727,0.5,0.0,0.3333333333333333,3.0,28.0,63.0,172.0,72.0,0.17647058823529413,0.1485148514851485,0.08264414676761794,0.125,0.3225806451612903,0.35201612903225804,0.3,0.29411764705882354,0.3154901960784314,0.6470588235294118,0.5172413793103449,0.4339295592845288,0.5625,0.9090909090909091,0.40612373737373736,28.43,32.15,279,167,3.72,email,True
258,Karen,Decker,dermatology,low_value,TERR_01,Phoenix,AZ,private_practice,2.0,False,In-Person-Heavy,3.0,4.0,4.0,1.0,1.0,0.0,0.5,0.25,0.0,0.0,1.0,17.0,120.0,113.0,342.0,0.058823529411764705,0.2097902097902098,0.05960510078157137,0.25,0.2,0.24000000000000002,0.1,0.08064516129032258,0.046129032258064515,0.23529411764705882,0.6382978723404256,0.44824780976220274,0.1875,0.9677419354838709,0.24979838709677418,17.98,21.46,446,397,3.48,email,True
259,Johnny,Miller,endocrinology,low_value,TERR_28,Miami,FL,clinic,0.6,False,In-Person-Heavy,4.0,3.0,4.0,6.0,0.0,0.0,0.0,0.0,0.5,0.0,7.0,63.0,16.0,22.0,,0.35294117647058826,0.5769230769230769,0.47126696832579185,0.25,0.6521739130434783,0.20543478260869563,0.0,0.0,0.0,0.17647058823529413,0.3225806451612903,0.1174573055028463,0.25,0.8108108108108107,0.23716216216216218,23.57,21.51,374,396,-2.06,rep_visit,True
260,Andrew,Ryan,dermatology,high_value,TERR_49,Arlington,TX,private_practice,0.8,False,Mixed,3.0,4.0,10.0,15.0,2.0,0.0,0.0,0.4,0.8,0.0,1.0,183.0,78.0,22.0,115.0,0.8823529411764706,0.5769230769230769,0.7800904977375567,0.625,0.2777777777777778,0.4430555555555556,0.2,0.2068965517241379,0.10137931034482758,0.23529411764705882,0.14084507042253522,0.09875724937862469,0.1875,0.9677419354838709,0.24979838709677418,39.52,33.52,105,148,-6.0,rep_visit,True
261,Zoe,Bell,endocrinology,low_value,TERR_20,Cleveland,OH,private_practice,2.5,False,Digital-Heavy,4.0,7.0,9.0,5.0,3.0,0.25,0.0,0.1111111111111111,0.6,0.0,21.0,29.0,4.0,79.0,112.0,0.29411764705882354,0.27522935779816515,0.4432811656772801,0.5625,0.8823529411764706,0.4007761437908497,0.3,0.2112676056338028,0.13225352112676056,0.4117647058823529,0.5084745762711864,0.22522432701894318,0.25,0.5882352941176471,0.31764705882352945,32.1,30.76,229,199,-1.34,rep_visit,True
262,Debra,Harrington,oncology,low_value,TERR_26,Louisville,KY,hospital,6.3,True,Mixed,2.0,0.0,0.0,0.0,6.0,0.0,0.0,0.0,0.0,0.16666666666666666,56.0,,,,91.0,0.0,0.0,0.0,0.0,0.0,0.0,0.6,0.24793388429752067,0.31292011019283744,0.0,0.0,0.0,0.125,0.3488372093023256,0.10726744186046511,7.87,8.06,498,498,0.19,Do Not Contact,False
263,Denise,Webster,primary_care,low_value,TERR_49,Columbus,OH,private_practice,2.5,False,In-Person-Heavy,1.0,4.0,2.0,3.0,4.0,0.0,0.0,1.0,0.0,0.75,81.0,11.0,207.0,164.0,130.0,0.17647058823529413,0.15463917525773196,0.08386901152213463,0.125,0.12658227848101264,0.5628164556962025,0.4,0.1875,0.5325,0.23529411764705882,0.7317073170731707,0.21692969870875178,0.0625,0.27027027027027023,0.07280405405405405,28.77,26.6,273,290,-2.17,phone_call,True
264,Stefanie,Gonzalez,endocrinology,high_value,TERR_24,Miami,FL,private_practice,1.6,False,Digital-Heavy,4.0,5.0,7.0,9.0,2.0,0.25,0.0,0.0,0.1111111111111111,0.0,81.0,88.0,17.0,39.0,198.0,0.5294117647058824,0.4347826086956522,0.3013356067064507,0.4375,0.6382978723404256,0.25890957446808516,0.2,0.13157894736842105,0.0863157894736842,0.29411764705882354,0.2542372881355932,0.1390827517447657,0.25,0.27027027027027023,0.25405405405405407,21.84,21.32,400,399,-0.52,rep_visit,True
265,Andrew,Hernandez,oncology,medium_value,TERR_43,Cleveland,OH,hospital,0.5,False,Mixed,6.0,8.0,2.0,0.0,2.0,0.16666666666666666,0.125,0.5,0.0,0.0,49.0,16.0,88.0,,0.0,0.0,0.0,0.0,0.125,0.2542372881355932,0.3383474576271186,0.2,1.0,0.26,0.47058823529411764,0.6521739130434783,0.3341112531969309,0.375,0.379746835443038,0.2717827004219409,21.06,23.87,408,356,2.81,phone_call,True
266,David,Caldwell,endocrinology,low_value,TERR_45,San Francisco,CA,clinic,5.5,False,In-Person-Heavy,3.0,5.0,1.0,1.0,3.0,0.0,0.0,0.0,1.0,0.3333333333333333,73.0,49.0,169.0,329.0,287.0,0.058823529411764705,0.08356545961002786,0.534360150745535,0.0625,0.1507537688442211,0.048900753768844216,0.3,0.09463722397476342,0.27559411146161933,0.29411764705882354,0.379746835443038,0.1641846612062547,0.1875,0.29126213592233013,0.11450242718446602,26.7,22.53,317,381,-4.17,rep_visit,True
267,Anne,Robinson,oncology,high_value,TERR_05,Wichita,KS,hospital,1.9,False,Digital-Heavy,6.0,4.0,12.0,5.0,5.0,0.0,0.25,0.4166666666666667,0.4,0.0,23.0,171.0,8.0,31.0,45.0,0.29411764705882354,0.49180327868852464,0.386595949855352,0.75,0.7894736842105263,0.5912280701754387,0.5,0.4,0.23,0.23529411764705882,0.14925373134328357,0.22543898156277437,0.375,0.5660377358490566,0.2257075471698113,34.79,32.19,187,166,-2.6,phone_call,True
268,Holly,Wang,oncology,medium_value,TERR_43,San Jose,CA,cancer_center,2.7,False,In-Person-Heavy,3.0,3.0,5.0,1.0,3.0,0.0,0.0,0.2,0.0,0.0,71.0,259.0,8.0,2.0,85.0,0.058823529411764705,0.9375,0.2051470588235294,0.3125,0.7894736842105263,0.3516447368421053,0.3,0.2608695652173913,0.14217391304347826,0.17647058823529413,0.10380622837370243,0.07370242214532872,0.1875,0.297029702970297,0.1156559405940594,18.87,17.06,435,447,-1.81,phone_call,True
269,Gary,Lawson,oncology,medium_value,TERR_27,San Diego,CA,hospital,1.5,False,Mixed,6.0,6.0,6.0,3.0,5.0,0.3333333333333333,0.16666666666666666,0.16666666666666666,0.6666666666666666,0.6,77.0,21.0,51.0,14.0,94.0,0.17647058823529413,0.6818181818181818,0.5226381461675579,0.375,0.37037037037037035,0.2699074074074074,0.5,0.24193548387096778,0.4983870967741935,0.35294117647058826,0.5882352941176471,0.30686274509803924,0.375,0.2803738317757009,0.33524143302180687,40.68,38.39,81,50,-2.29,rep_visit,True
270,Julie,Wilson,primary_care,low_value,TERR_19,Milwaukee,WI,clinic,3.6,False,Digital-Heavy,1.0,3.0,11.0,7.0,3.0,0.0,0.6666666666666666,0.45454545454545453,0.5714285714285714,0.0,321.0,86.0,7.0,22.0,137.0,0.4117647058823529,0.5769230769230769,0.524628312863607,0.6875,0.8108108108108107,0.5956848894348894,0.3,0.17964071856287425,0.12592814371257485,0.17647058823529413,0.25862068965517243,0.437998647734956,0.0625,0.08547008547008547,0.03584401709401709,37.28,32.64,138,162,-4.64,phone_call,True
271,Lori,Oconnell,dermatology,medium_value,TERR_06,Dallas,TX,clinic,1.3,False,Digital-Heavy,4.0,5.0,3.0,0.0,2.0,0.25,0.4,0.0,0.0,0.5,37.0,50.0,46.0,,14.0,0.0,0.0,0.0,0.1875,0.39473684210526316,0.13519736842105262,0.2,0.6818181818181818,0.44636363636363635,0.29411764705882354,0.37499999999999994,0.3632352941176471,0.25,0.44776119402985076,0.28955223880597014,21.42,24.56,405,338,3.14,webinar,True
272,Daniel,Johnson,primary_care,low_value,TERR_09,Fort Worth,TX,private_practice,0.8,False,Digital-Heavy,7.0,7.0,3.0,2.0,2.0,0.0,0.7142857142857143,0.0,0.5,0.5,11.0,3.0,193.0,35.0,78.0,0.11764705882352941,0.46153846153846145,0.3776018099547511,0.1875,0.13452914798206278,0.08315582959641254,0.2,0.2777777777777778,0.3655555555555556,0.4117647058823529,0.9090909090909091,0.6624904507257449,0.4375,0.7317073170731707,0.27759146341463414,34.4,35.58,189,103,1.18,email,True
273,Larry,Byrd,primary_care,medium_value,TERR_13,Raleigh,NC,private_practice,4.2,False,Digital-Heavy,9.0,11.0,6.0,2.0,3.0,0.2222222222222222,0.2727272727272727,0.0,0.0,0.3333333333333333,51.0,60.0,73.0,114.0,23.0,0.11764705882352941,0.20833333333333334,0.0769607843137255,0.375,0.29126213592233013,0.170752427184466,0.3,0.5660377358490566,0.369874213836478,0.6470588235294118,0.3333333333333333,0.3971479500891265,0.5625,0.37037037037037035,0.3539351851851852,24.39,27.76,360,266,3.37,email,True
274,Susan,Sanders,cardiology,low_value,TERR_07,Oklahoma City,OK,clinic,2.6,False,Mixed,5.0,3.0,4.0,1.0,2.0,0.0,0.0,0.25,0.0,0.0,59.0,263.0,11.0,294.0,28.0,0.058823529411764705,0.09259259259259259,0.03616557734204793,0.25,0.7317073170731707,0.3463414634146341,0.2,0.5172413793103449,0.16344827586206898,0.17647058823529413,0.10238907849829351,0.07341899217024694,0.3125,0.33707865168539325,0.16116573033707865,14.8,15.07,470,467,0.27,phone_call,True
275,Jennifer,Jones,dermatology,medium_value,TERR_29,Oklahoma City,OK,private_practice,5.2,False,In-Person-Heavy,7.0,9.0,9.0,3.0,3.0,0.0,0.0,0.0,0.6666666666666666,0.0,35.0,21.0,4.0,11.0,95.0,0.17647058823529413,0.7317073170731707,0.5326159732185557,0.5625,0.8823529411764706,0.3452205882352941,0.3,0.24000000000000005,0.138,0.5294117647058824,0.5882352941176471,0.27647058823529413,0.4375,0.46153846153846145,0.2235576923076923,33.14,30.31,210,212,-2.83,rep_visit,True
276,Hannah,Burton,primary_care,high_value,TERR_44,Atlanta,GA,private_practice,1.5,False,Digital-Heavy,3.0,7.0,5.0,8.0,2.0,0.0,0.2857142857142857,0.4,0.5,1.0,143.0,10.0,17.0,1.0,119.0,0.47058823529411764,0.9677419354838709,0.5847248576850095,0.3125,0.6382978723404256,0.42140957446808514,0.2,0.20134228187919462,0.6002684563758389,0.4117647058823529,0.75,0.41638655462184876,0.1875,0.17341040462427745,0.0909320809248555,45.59,39.88,25,34,-5.71,webinar,True
277,Curtis,Barton,oncology,high_value,TERR_09,Chicago,IL,cancer_center,7.0,False,Digital-Heavy,4.0,4.0,6.0,2.0,6.0,0.0,0.25,0.5,0.0,0.3333333333333333,150.0,16.0,32.0,119.0,21.0,0.11764705882352941,0.20134228187919462,0.07556257402289775,0.375,0.48387096774193555,0.4592741935483871,0.6,0.5882352941176471,0.4643137254901961,0.23529411764705882,0.6521739130434783,0.3260230179028133,0.25,0.16666666666666666,0.10833333333333334,27.25,26.58,307,291,-0.67,webinar,True
278,Melissa,Burke,dermatology,high_value,TERR_06,Memphis,TN,hospital,3.8,False,Digital-Heavy,5.0,6.0,10.0,3.0,5.0,0.0,0.0,0.4,0.6666666666666666,0.6,11.0,35.0,2.0,49.0,59.0,0.17647058823529413,0.379746835443038,0.46222387689252914,0.625,0.9375,0.575,0.5,0.33707865168539325,0.5174157303370785,0.35294117647058826,0.46153846153846145,0.19819004524886877,0.3125,0.7317073170731707,0.24009146341463414,42.29,38.14,63,54,-4.15,phone_call,True
279,David,Riggs,dermatology,high_value,TERR_15,Oakland,CA,hospital,4.7,False,Mixed,9.0,12.0,1.0,2.0,2.0,0.3333333333333333,0.08333333333333333,1.0,0.5,1.0,38.0,23.0,52.0,122.0,234.0,0.11764705882352941,0.19736842105263158,0.32476780185758514,0.0625,0.36585365853658536,0.5919207317073171,0.2,0.11363636363636363,0.5827272727272728,0.7058823529411765,0.5660377358490566,0.3666389197188309,0.5625,0.4411764705882353,0.4236519607843137,45.09,44.83,29,6,-0.26,phone_call,True
280,Kimberly,Reed,endocrinology,medium_value,TERR_06,Tulsa,OK,clinic,0.5,False,Digital-Heavy,6.0,8.0,2.0,4.0,4.0,0.0,0.125,0.5,0.25,0.0,1.0,116.0,94.0,67.0,74.0,0.23529411764705882,0.30927835051546393,0.2574439053972104,0.125,0.24193548387096778,0.33588709677419354,0.4,0.28846153846153844,0.17769230769230768,0.47058823529411764,0.2054794520547945,0.2447723609991942,0.375,0.9677419354838709,0.3060483870967742,26.26,26.74,329,288,0.48,phone_call,True
281,Ross,Wood,oncology,medium_value,TERR_16,Wichita,KS,cancer_center,2.4,False,Mixed,5.0,8.0,7.0,1.0,2.0,0.0,0.375,0.14285714285714285,0.0,1.0,109.0,59.0,10.0,150.0,43.0,0.058823529411764705,0.16666666666666666,0.050980392156862744,0.4375,0.75,0.35267857142857145,0.2,0.410958904109589,0.6421917808219179,0.47058823529411764,0.33707865168539325,0.39609220092531394,0.3125,0.21582733812949642,0.1369154676258993,29.42,29.39,267,229,-0.03,webinar,True
282,William,Peterson,dermatology,medium_value,TERR_11,Charlotte,NC,hospital,4.7,False,In-Person-Heavy,2.0,6.0,3.0,10.0,2.0,0.5,0.16666666666666666,0.0,0.0,0.5,263.0,39.0,60.0,18.0,109.0,0.5882352941176471,0.625,0.30147058823529416,0.1875,0.3333333333333333,0.12291666666666666,0.2,0.21582733812949642,0.3531654676258993,0.35294117647058826,0.4347826086956522,0.27617220801364023,0.125,0.10238907849829351,0.30797781569965865,27.33,27.61,305,268,0.28,webinar,True
283,Melissa,Short,endocrinology,high_value,TERR_48,Tulsa,OK,hospital,2.7,False,Digital-Heavy,6.0,5.0,7.0,6.0,7.0,0.0,0.2,0.0,1.0,0.2857142857142857,9.0,58.0,142.0,2.0,51.0,0.35294117647058826,0.9375,0.7933823529411764,0.4375,0.1744186046511628,0.16613372093023257,0.7,0.37037037037037035,0.42693121693121694,0.29411764705882354,0.3409090909090909,0.25641711229946523,0.375,0.7692307692307692,0.26634615384615384,43.5,38.09,46,55,-5.41,rep_visit,True
284,Daniel,Yu,cardiology,low_value,TERR_08,San Francisco,CA,clinic,1.4,False,Mixed,4.0,2.0,3.0,1.0,4.0,0.0,0.0,0.3333333333333333,1.0,0.5,70.0,191.0,150.0,114.0,95.0,0.058823529411764705,0.20833333333333334,0.5593137254901961,0.1875,0.16666666666666666,0.25625,0.4,0.24000000000000005,0.41800000000000004,0.11764705882352941,0.13574660633484165,0.06244343891402715,0.25,0.3,0.135,33.23,27.52,208,270,-5.71,rep_visit,True
285,Cynthia,Poole,oncology,high_value,TERR_25,Baltimore,MD,cancer_center,0.7,False,In-Person-Heavy,4.0,6.0,6.0,7.0,7.0,0.0,0.3333333333333333,0.0,0.42857142857142855,0.14285714285714285,3.0,30.0,36.0,66.0,10.0,0.4117647058823529,0.3125,0.40031512605042013,0.375,0.45454545454545453,0.2034090909090909,0.7,0.75,0.43142857142857144,0.35294117647058826,0.5,0.37254901960784315,0.25,0.9090909090909091,0.25681818181818183,34.15,32.92,195,160,-1.23,webinar,True
286,Jasmine,Graham,cardiology,low_value,TERR_39,Fort Worth,TX,private_practice,0.5,False,Mixed,0.0,1.0,5.0,8.0,1.0,0.0,0.0,0.6,1.0,0.0,,161.0,10.0,31.0,239.0,0.47058823529411764,0.49180327868852464,0.7395371263259402,0.3125,0.75,0.54375,0.1,0.11152416356877323,0.05230483271375465,0.058823529411764705,0.15706806282722513,0.049060671388974436,0.0,0.0,0.0,34.84,26.19,186,303,-8.65,rep_visit,True
287,Jessica,Sheppard,primary_care,low_value,TERR_07,New York,NY,private_practice,2.8,False,Mixed,2.0,2.0,4.0,3.0,1.0,0.0,0.0,0.25,0.6666666666666666,0.0,106.0,2.0,281.0,95.0,53.0,0.17647058823529413,0.24000000000000005,0.43427450980392157,0.25,0.09646302250803858,0.21929260450160773,0.1,0.3614457831325301,0.10228915662650602,0.11764705882352941,0.9375,0.2227941176470588,0.125,0.22058823529411764,0.08161764705882353,24.03,20.82,368,402,-3.21,rep_visit,True
288,Joseph,Morton,endocrinology,medium_value,TERR_13,El Paso,TX,private_practice,3.6,False,Digital-Heavy,5.0,4.0,5.0,3.0,3.0,0.6,0.25,0.2,0.0,0.3333333333333333,22.0,10.0,203.0,50.0,102.0,0.17647058823529413,0.37499999999999994,0.12794117647058822,0.3125,0.12875536480686695,0.2195010729613734,0.3,0.22727272727272727,0.3021212121212121,0.23529411764705882,0.75,0.34558823529411764,0.3125,0.5769230769230769,0.5091346153846154,27.09,31.45,309,187,4.36,digital_ad,True
289,Amanda,Webb,dermatology,medium_value,TERR_42,San Diego,CA,hospital,3.5,False,Digital-Heavy,3.0,0.0,8.0,16.0,8.0,0.3333333333333333,0.0,0.5,0.875,0.25,190.0,,2.0,22.0,108.0,0.9411764705882353,0.5769230769230769,0.835237556561086,0.5,0.9375,0.5875,0.8,0.2173913043478261,0.40847826086956524,0.0,0.0,0.0,0.1875,0.13636363636363638,0.25018939393939393,48.73,40.37,7,30,-8.36,rep_visit,True
290,Ryan,Simon,primary_care,low_value,TERR_50,Detroit,MI,private_practice,0.5,False,Mixed,4.0,6.0,8.0,5.0,3.0,0.0,0.16666666666666666,0.25,0.0,0.0,58.0,18.0,30.0,42.0,102.0,0.29411764705882354,0.4166666666666667,0.1715686274509804,0.5,0.5,0.375,0.3,0.22727272727272727,0.13545454545454544,0.35294117647058826,0.625,0.3142156862745098,0.25,0.3409090909090909,0.1431818181818182,22.22,22.16,397,384,-0.06,phone_call,True
291,Joseph,Christian,cardiology,low_value,TERR_10,Tucson,AZ,clinic,3.7,False,Digital-Heavy,1.0,0.0,5.0,6.0,0.0,0.0,0.0,0.4,0.6666666666666666,0.0,330.0,,4.0,25.0,,0.35294117647058826,0.5454545454545454,0.5483065953654189,0.3125,0.8823529411764706,0.4702205882352941,0.0,0.0,0.0,0.0,0.0,0.0,0.0625,0.08333333333333333,0.035416666666666666,26.38,20.1,325,416,-6.28,rep_visit,True
292,Mariah,Miller,oncology,low_value,TERR_44,Fresno,CA,hospital,3.8,False,Digital-Heavy,0.0,2.0,3.0,5.0,2.0,0.0,0.0,1.0,1.0,1.0,,114.0,49.0,85.0,44.0,0.29411764705882354,0.2608695652173913,0.6404092071611254,0.1875,0.379746835443038,0.6321993670886077,0.2,0.4054054054054054,0.6410810810810812,0.11764705882352941,0.20833333333333334,0.0769607843137255,0.0,0.0,0.0,45.83,36.24,22,90,-9.59,webinar,True
293,Nicole,Sanchez,primary_care,medium_value,TERR_28,San Antonio,TX,private_practice,4.6,False,Digital-Heavy,6.0,7.0,2.0,1.0,3.0,0.3333333333333333,0.0,0.5,0.0,0.6666666666666666,0.0,43.0,57.0,136.0,8.0,0.058823529411764705,0.18072289156626506,0.05379163713678242,0.125,0.3448275862068966,0.3564655172413793,0.3,0.7894736842105263,0.5812280701754386,0.4117647058823529,0.410958904109589,0.2057211925866237,0.375,1.0,0.4791666666666667,30.64,33.49,247,150,2.85,webinar,True
294,Steven,Bishop,cardiology,low_value,TERR_25,Los Angeles,CA,private_practice,2.6,False,Digital-Heavy,3.0,3.0,2.0,3.0,1.0,0.3333333333333333,0.0,0.0,0.3333333333333333,1.0,73.0,197.0,101.0,60.0,343.0,0.17647058823529413,0.3333333333333333,0.28627450980392155,0.125,0.22900763358778622,0.08330152671755725,0.1,0.08042895442359249,0.5460857908847185,0.17647058823529413,0.13215859030837004,0.07937289453226225,0.1875,0.29126213592233013,0.2811690938511327,26.58,25.29,321,324,-1.29,webinar,True
295,Nicholas,Johnson,cardiology,high_value,TERR_41,Arlington,TX,hospital,0.5,False,Mixed,2.0,3.0,9.0,9.0,5.0,0.0,0.0,0.4444444444444444,0.6666666666666666,0.4,93.0,79.0,39.0,24.0,10.0,0.5294117647058824,0.5555555555555556,0.6032679738562091,0.5625,0.4347826086956522,0.4779287439613526,0.5,0.75,0.5,0.17647058823529413,0.27522935779816515,0.10798704803022127,0.125,0.24390243902439027,0.08628048780487806,40.57,33.27,83,152,-7.3,rep_visit,True
296,Melissa,White,cardiology,low_value,TERR_19,Houston,TX,clinic,0.6,False,Digital-Heavy,2.0,2.0,6.0,0.0,2.0,0.0,0.5,0.16666666666666666,0.0,0.0,115.0,109.0,11.0,,221.0,0.0,0.0,0.0,0.375,0.7317073170731707,0.34217479674796747,0.2,0.1195219123505976,0.08390438247011953,0.11764705882352941,0.21582733812949642,0.3284595852729581,0.125,0.2068965517241379,0.07887931034482759,14.63,15.88,472,461,1.25,phone_call,True
297,Jason,Salinas,oncology,low_value,TERR_37,Tucson,AZ,hospital,0.6,False,In-Person-Heavy,4.0,5.0,2.0,1.0,2.0,0.25,0.2,0.5,0.0,0.0,59.0,32.0,205.0,273.0,267.0,0.058823529411764705,0.09900990099009901,0.03744903902154922,0.125,0.12765957446808512,0.313031914893617,0.2,0.10101010101010101,0.0802020202020202,0.29411764705882354,0.48387096774193555,0.2850094876660342,0.25,0.33707865168539325,0.26741573033707866,17.27,20.05,454,417,2.78,phone_call,True
298,Matthew,Beard,endocrinology,medium_value,TERR_06,Raleigh,NC,private_practice,4.1,False,In-Person-Heavy,1.0,2.0,7.0,11.0,3.0,0.0,0.0,0.2857142857142857,0.45454545454545453,0.3333333333333333,51.0,297.0,24.0,16.0,87.0,0.6470588235294118,0.6521739130434783,0.5518251569402465,0.4375,0.5555555555555556,0.385218253968254,0.3,0.25641025641025644,0.3079487179487179,0.11764705882352941,0.09174311926605504,0.05364274150026983,0.0625,0.37037037037037035,0.09282407407407407,32.62,26.47,224,294,-6.15,rep_visit,True
299,Jacqueline,Hill,endocrinology,medium_value,TERR_32,Boston,MA,private_practice,0.8,False,In-Person-Heavy,2.0,2.0,9.0,7.0,3.0,0.0,0.0,0.5555555555555556,0.14285714285714285,0.0,2.0,14.0,22.0,58.0,53.0,0.4117647058823529,0.3409090909090909,0.26313980137509546,0.5625,0.5769230769230769,0.5619123931623932,0.3,0.3614457831325301,0.162289156626506,0.11764705882352941,0.6818181818181818,0.17165775401069516,0.125,0.9375,0.225,28.33,26.95,283,285,-1.38,phone_call,True
300,Alejandro,Vaughan,oncology,high_value,TERR_03,El Paso,TX,cancer_center,3.1,False,Digital-Heavy,2.0,0.0,9.0,13.0,5.0,0.0,0.0,0.3333333333333333,0.6923076923076923,0.2,101.0,,81.0,11.0,1.0,0.7647058823529411,0.7317073170731707,0.7219070742743626,0.5625,0.27027027027027023,0.3894707207207207,0.5,0.9677419354838709,0.4435483870967742,0.0,0.0,0.0,0.125,0.22900763358778622,0.08330152671755725,39.57,30.97,104,194,-8.6,rep_visit,True
301,Christopher,Cortez,oncology,medium_value,TERR_30,San Diego,CA,private_practice,5.3,False,Mixed,2.0,1.0,8.0,8.0,2.0,0.0,0.0,0.5,0.625,0.0,198.0,169.0,7.0,21.0,56.0,0.47058823529411764,0.5882352941176471,0.5713235294117647,0.5,0.8108108108108107,0.5621621621621622,0.2,0.3488372093023256,0.12976744186046513,0.058823529411764705,0.1507537688442211,0.04779781259237363,0.125,0.13157894736842105,0.06381578947368421,32.65,26.03,223,308,-6.62,rep_visit,True
302,Tracy,Chang,endocrinology,low_value,TERR_29,Milwaukee,WI,private_practice,1.5,False,Digital-Heavy,6.0,3.0,5.0,0.0,1.0,0.16666666666666666,0.0,0.4,0.0,0.0,84.0,59.0,2.0,,175.0,0.0,0.0,0.0,0.3125,0.9375,0.48125,0.1,0.14634146341463417,0.05926829268292683,0.17647058823529413,0.33707865168539325,0.12035690680766689,0.375,0.2631578947368421,0.24846491228070172,16.34,18.08,461,435,1.74,phone_call,True
303,Hannah,Brewer,primary_care,low_value,TERR_12,Indianapolis,IN,private_practice,4.7,False,Mixed,4.0,7.0,5.0,8.0,1.0,0.25,0.14285714285714285,0.6,0.5,0.0,18.0,50.0,3.0,25.0,11.0,0.47058823529411764,0.5454545454545454,0.5002673796791444,0.3125,0.9090909090909091,0.5755681818181818,0.1,0.7317073170731707,0.17634146341463414,0.4117647058823529,0.37499999999999994,0.2699579831932773,0.25,0.625,0.325,38.97,36.75,116,74,-2.22,phone_call,True
304,Travis,Mcguire,endocrinology,medium_value,TERR_30,Minneapolis,MN,hospital,2.3,False,Mixed,3.0,9.0,8.0,5.0,2.0,0.0,0.1111111111111111,0.0,0.4,0.0,39.0,10.0,31.0,134.0,262.0,0.29411764705882354,0.18292682926829268,0.3248206599713056,0.5,0.49180327868852464,0.24836065573770494,0.2,0.10273972602739727,0.08054794520547945,0.5294117647058824,0.75,0.3643790849673203,0.1875,0.4347826086956522,0.14320652173913045,23.94,23.14,371,372,-0.8,email,True
305,Christopher,Walker,endocrinology,high_value,TERR_01,Baltimore,MD,hospital,6.2,False,In-Person-Heavy,4.0,11.0,2.0,0.0,2.0,0.25,0.0,0.0,0.0,1.0,11.0,30.0,143.0,,196.0,0.0,0.0,0.0,0.125,0.17341040462427745,0.0721820809248555,0.2,0.13274336283185842,0.5865486725663718,0.6470588235294118,0.5,0.29411764705882354,0.25,0.7317073170731707,0.3463414634146341,22.78,25.94,386,310,3.16,webinar,True
306,Heather,Torres,dermatology,low_value,TERR_08,Colorado Springs,CO,private_practice,3.9,True,In-Person-Heavy,2.0,0.0,0.0,1.0,3.0,0.0,0.0,0.0,0.0,0.3333333333333333,205.0,,,106.0,129.0,0.058823529411764705,0.22058823529411764,0.061764705882352944,0.0,0.0,0.0,0.3,0.18867924528301888,0.2944025157232704,0.0,0.0,0.0,0.125,0.12765957446808512,0.06303191489361702,8.69,7.86,495,499,-0.83,Do Not Contact,False
307,Bonnie,Kennedy,primary_care,low_value,TERR_45,Los Angeles,CA,clinic,2.4,False,In-Person-Heavy,3.0,4.0,2.0,2.0,2.0,0.0,0.0,0.0,0.0,1.0,191.0,122.0,150.0,39.0,165.0,0.11764705882352941,0.4347826086956522,0.12225063938618927,0.125,0.16666666666666666,0.07083333333333333,0.2,0.15384615384615385,0.5907692307692308,0.23529411764705882,0.19736842105263158,0.11006191950464397,0.1875,0.13574660633484165,0.08339932126696832,19.8,18.04,427,436,-1.76,webinar,True
308,Alyssa,Coleman,primary_care,high_value,TERR_09,New York,NY,private_practice,0.9,False,Digital-Heavy,4.0,2.0,7.0,7.0,6.0,0.0,0.0,0.0,0.2857142857142857,0.16666666666666666,183.0,149.0,37.0,1.0,57.0,0.4117647058823529,0.9677419354838709,0.4599349417186229,0.4375,0.44776119402985076,0.22080223880597016,0.6,0.3448275862068966,0.33229885057471265,0.11764705882352941,0.16759776536312848,0.06881367071968453,0.25,0.14084507042253522,0.10316901408450704,27.44,22.76,302,375,-4.68,rep_visit,True
309,Julie,Rivera,cardiology,high_value,TERR_15,El Paso,TX,clinic,3.5,False,Mixed,12.0,12.0,3.0,5.0,1.0,0.16666666666666666,0.3333333333333333,0.6666666666666666,0.0,1.0,35.0,3.0,123.0,24.0,252.0,0.29411764705882354,0.5555555555555556,0.19934640522875818,0.1875,0.19607843137254904,0.4287990196078431,0.1,0.10638297872340426,0.5512765957446809,0.7058823529411765,0.9090909090909091,0.5602495543672015,0.75,0.46153846153846145,0.4006410256410256,40.0,42.2,92,19,2.2,email,True
310,Jacqueline,Nelson,endocrinology,low_value,TERR_47,Arlington,TX,hospital,2.0,False,Mixed,1.0,4.0,12.0,5.0,5.0,0.0,0.25,0.3333333333333333,0.6,0.4,198.0,65.0,0.0,23.0,184.0,0.29411764705882354,0.5660377358490566,0.5014428412874584,0.75,1.0,0.5916666666666666,0.5,0.14018691588785046,0.3780373831775701,0.23529411764705882,0.31578947368421056,0.25874613003095975,0.0625,0.13157894736842105,0.04506578947368421,38.99,33.05,114,157,-5.94,phone_call,True
311,John,Martinez,oncology,medium_value,TERR_14,Philadelphia,PA,cancer_center,3.4,False,Digital-Heavy,1.0,7.0,7.0,1.0,3.0,0.0,0.2857142857142857,0.2857142857142857,1.0,0.0,177.0,49.0,8.0,193.0,17.0,0.058823529411764705,0.13452914798206278,0.544552888419942,0.4375,0.7894736842105263,0.4320018796992482,0.3,0.6382978723404256,0.21765957446808512,0.4117647058823529,0.379746835443038,0.34233592171045635,0.0625,0.14492753623188406,0.04773550724637682,35.18,30.18,181,215,-5.0,rep_visit,True
312,James,Wilson,cardiology,high_value,TERR_09,Charlotte,NC,hospital,5.8,False,In-Person-Heavy,2.0,4.0,4.0,8.0,6.0,0.0,0.0,0.5,0.625,0.16666666666666666,263.0,14.0,91.0,3.0,53.0,0.47058823529411764,0.9090909090909091,0.6354946524064171,0.25,0.24793388429752067,0.37458677685950414,0.6,0.3614457831325301,0.33562248995983934,0.23529411764705882,0.6818181818181818,0.206951871657754,0.125,0.10238907849829351,0.0579778156996587,37.24,30.6,139,207,-6.64,rep_visit,True
313,Amanda,Gill,dermatology,high_value,TERR_02,Oklahoma City,OK,private_practice,5.9,False,Mixed,1.0,2.0,16.0,10.0,6.0,0.0,0.0,0.1875,0.8,0.5,24.0,147.0,11.0,3.0,72.0,0.5882352941176471,0.9090909090909091,0.758288770053476,1.0,0.7317073170731707,0.5400914634146341,0.6,0.29411764705882354,0.4888235294117647,0.11764705882352941,0.1694915254237288,0.06919242273180459,0.0625,0.5555555555555556,0.12986111111111112,46.31,37.64,18,58,-8.67,rep_visit,True
314,Jacob,Robinson,dermatology,medium_value,TERR_14,New York,NY,hospital,1.3,False,Mixed,7.0,11.0,4.0,2.0,4.0,0.0,0.45454545454545453,0.0,0.5,0.25,1.0,23.0,36.0,200.0,8.0,0.11764705882352941,0.13043478260869565,0.31138107416879796,0.25,0.45454545454545453,0.1659090909090909,0.4,0.7894736842105263,0.4028947368421053,0.6470588235294118,0.5660377358490566,0.5345979215013621,0.4375,0.9677419354838709,0.3247983870967742,33.61,34.97,202,119,1.36,email,True
315,Todd,Hardy,dermatology,high_value,TERR_34,San Diego,CA,private_practice,1.6,False,In-Person-Heavy,10.0,12.0,5.0,1.0,5.0,0.1,0.08333333333333333,0.2,0.0,0.4,4.0,10.0,77.0,115.0,161.0,0.058823529411764705,0.2068965517241379,0.059026369168357,0.3125,0.2803738317757009,0.2498247663551402,0.5,0.15706806282722513,0.381413612565445,0.7058823529411765,0.75,0.4034313725490196,0.625,0.8823529411764706,0.4139705882352941,26.66,30.63,320,206,3.97,digital_ad,True
316,Tiffany,Warren,dermatology,high_value,TERR_04,Minneapolis,MN,private_practice,6.5,False,In-Person-Heavy,3.0,7.0,6.0,4.0,5.0,0.0,0.8571428571428571,0.16666666666666666,0.5,0.4,14.0,3.0,129.0,8.0,38.0,0.23529411764705882,0.7894736842105263,0.47848297213622293,0.375,0.18867924528301888,0.23356918238993707,0.5,0.4411764705882353,0.43823529411764706,0.4117647058823529,0.9090909090909091,0.7339190221543161,0.1875,0.6818181818181818,0.19261363636363635,41.69,40.67,71,28,-1.02,email,True
317,Justin,Garcia,endocrinology,medium_value,TERR_20,Seattle,WA,clinic,5.8,False,Digital-Heavy,1.0,6.0,8.0,8.0,3.0,0.0,0.3333333333333333,0.5,0.125,0.0,52.0,1.0,29.0,126.0,122.0,0.47058823529411764,0.1923076923076923,0.24213800904977376,0.5,0.5084745762711864,0.5016949152542374,0.3,0.19736842105263158,0.12947368421052632,0.35294117647058826,0.9677419354838709,0.4660974067046173,0.0625,0.36585365853658536,0.09192073170731707,28.26,27.37,289,272,-0.89,phone_call,True
318,James,Perez,dermatology,low_value,TERR_29,Miami,FL,private_practice,3.0,False,Mixed,0.0,2.0,6.0,8.0,2.0,0.0,0.0,0.16666666666666666,0.875,0.5,,50.0,64.0,10.0,171.0,0.47058823529411764,0.75,0.7286764705882353,0.375,0.3191489361702128,0.25966312056737584,0.2,0.14925373134328357,0.3398507462686567,0.11764705882352941,0.37499999999999994,0.11029411764705882,0.0,0.0,0.0,35.5,27.16,175,278,-8.34,rep_visit,True
319,Harry,Smith,oncology,low_value,TERR_11,Cleveland,OH,cancer_center,3.1,True,Digital-Heavy,1.0,0.0,0.0,7.0,2.0,0.0,0.0,0.0,0.42857142857142855,1.0,179.0,,,42.0,93.0,0.4117647058823529,0.4166666666666667,0.42114845938375345,0.0,0.0,0.0,0.2,0.24390243902439027,0.6087804878048781,0.0,0.0,0.0,0.0625,0.14354066985645933,0.047458133971291866,25.52,20.05,345,417,-5.47,Do Not Contact,False
320,Amanda,Hill,dermatology,medium_value,TERR_23,Denver,CO,clinic,2.7,False,In-Person-Heavy,0.0,1.0,8.0,7.0,2.0,0.0,0.0,0.5,0.8571428571428571,0.0,,240.0,155.0,10.0,91.0,0.4117647058823529,0.75,0.7021008403361344,0.5,0.16216216216216214,0.43243243243243246,0.2,0.24793388429752067,0.10958677685950413,0.058823529411764705,0.1111111111111111,0.03986928104575163,0.0,0.0,0.0,32.5,24.3,225,345,-8.2,rep_visit,True
321,Terri,Tran,primary_care,medium_value,TERR_16,San Francisco,CA,private_practice,3.3,False,Digital-Heavy,2.0,7.0,2.0,3.0,5.0,0.0,0.0,0.5,0.6666666666666666,1.0,219.0,10.0,23.0,57.0,28.0,0.17647058823529413,0.3448275862068966,0.45524002704530087,0.125,0.5660377358490566,0.4007075471698113,0.5,0.5172413793103449,0.753448275862069,0.4117647058823529,0.75,0.2735294117647059,0.125,0.12048192771084336,0.061596385542168675,41.77,35.9,69,96,-5.87,webinar,True
322,Heidi,Martinez,endocrinology,high_value,TERR_40,Indianapolis,IN,clinic,2.3,False,Digital-Heavy,13.0,11.0,2.0,3.0,4.0,0.0,0.36363636363636365,0.0,0.0,0.0,2.0,86.0,183.0,102.0,9.0,0.17647058823529413,0.22727272727272727,0.09839572192513368,0.125,0.14084507042253522,0.06566901408450704,0.4,0.7692307692307692,0.27384615384615385,0.6470588235294118,0.25862068965517243,0.42765996680803986,0.8125,0.9375,0.43125,22.63,27.36,391,273,4.73,digital_ad,True
323,Miranda,Henry,dermatology,high_value,TERR_39,Cleveland,OH,clinic,3.5,False,In-Person-Heavy,7.0,10.0,8.0,7.0,3.0,0.0,0.4,0.25,0.5714285714285714,0.6666666666666666,52.0,39.0,57.0,15.0,120.0,0.4117647058823529,0.6666666666666666,0.5425770308123249,0.5,0.3448275862068966,0.34396551724137936,0.3,0.2,0.4633333333333334,0.5882352941176471,0.4347826086956522,0.46342710997442454,0.4375,0.36585365853658536,0.20442073170731706,42.44,39.22,61,42,-3.22,rep_visit,True
324,Monique,Andrews,dermatology,high_value,TERR_35,San Antonio,TX,hospital,6.2,False,Mixed,1.0,2.0,5.0,13.0,5.0,0.0,0.0,0.4,0.7692307692307693,0.4,290.0,8.0,64.0,143.0,88.0,0.7647058823529411,0.17341040462427745,0.6487092302461225,0.3125,0.3191489361702128,0.3575797872340426,0.5,0.2542372881355932,0.4008474576271186,0.11764705882352941,0.7894736842105263,0.19318885448916412,0.0625,0.09375,0.037500000000000006,38.09,30.88,125,197,-7.21,rep_visit,True
325,Taylor,Alexander,cardiology,low_value,TERR_02,Las Vegas,NV,private_practice,1.9,False,Digital-Heavy,2.0,2.0,3.0,1.0,2.0,0.0,0.0,0.6666666666666666,0.0,0.5,1.0,147.0,189.0,351.0,35.0,0.058823529411764705,0.07874015748031496,0.0333950903195924,0.1875,0.136986301369863,0.4169805936073059,0.2,0.46153846153846145,0.4023076923076923,0.11764705882352941,0.1694915254237288,0.06919242273180459,0.125,0.9677419354838709,0.2310483870967742,21.89,21.99,399,389,0.1,phone_call,True
326,Jack,Williams,dermatology,high_value,TERR_10,Nashville,TN,private_practice,3.9,False,In-Person-Heavy,10.0,9.0,5.0,0.0,2.0,0.1,0.0,0.0,0.0,0.5,1.0,123.0,64.0,,74.0,0.0,0.0,0.0,0.3125,0.3191489361702128,0.15757978723404256,0.2,0.28846153846153844,0.3676923076923077,0.5294117647058824,0.19607843137254904,0.1980392156862745,0.625,0.9677419354838709,0.4310483870967742,19.94,23.97,425,353,4.03,digital_ad,True
327,Shelley,Woods,oncology,high_value,TERR_45,Boston,MA,hospital,4.2,False,Digital-Heavy,7.0,6.0,11.0,5.0,6.0,0.14285714285714285,0.0,0.18181818181818182,0.8,0.0,2.0,93.0,8.0,23.0,141.0,0.29411764705882354,0.5660377358490566,0.6014428412874584,0.6875,0.7894736842105263,0.4550538277511962,0.6,0.17543859649122806,0.2150877192982456,0.35294117647058826,0.24390243902439027,0.15466284074605452,0.4375,0.9375,0.39017857142857143,39.62,36.76,101,73,-2.86,rep_visit,True
328,Lynn,Morales,dermatology,medium_value,TERR_36,Indianapolis,IN,hospital,0.8,False,Digital-Heavy,0.0,3.0,2.0,2.0,3.0,0.0,0.0,0.5,0.5,0.3333333333333333,,92.0,133.0,228.0,221.0,0.11764705882352941,0.11627906976744186,0.30854993160054717,0.125,0.18404907975460122,0.32430981595092023,0.3,0.1195219123505976,0.28057104913678615,0.17647058823529413,0.24590163934426232,0.1021215043394407,0.0,0.0,0.0,22.89,18.61,383,430,-4.28,phone_call,True
329,Charles,Soto,cardiology,high_value,TERR_26,Houston,TX,private_practice,0.5,False,In-Person-Heavy,4.0,9.0,4.0,9.0,5.0,0.0,0.2222222222222222,0.0,0.5555555555555556,0.4,158.0,15.0,37.0,3.0,25.0,0.5294117647058824,0.9090909090909091,0.6184194890077244,0.25,0.44776119402985076,0.16455223880597014,0.5,0.5454545454545454,0.45909090909090905,0.5294117647058824,0.6666666666666666,0.40326797385620916,0.25,0.1595744680851064,0.10691489361702128,38.68,33.89,119,142,-4.79,rep_visit,True
330,Brian,Hernandez,oncology,medium_value,TERR_40,Sacramento,CA,hospital,1.2,False,In-Person-Heavy,2.0,2.0,6.0,13.0,5.0,0.0,0.0,0.0,0.15384615384615385,0.0,193.0,42.0,1.0,14.0,8.0,0.7647058823529411,0.6818181818181818,0.4426984779925956,0.375,0.9677419354838709,0.3060483870967742,0.5,0.7894736842105263,0.3078947368421053,0.11764705882352941,0.4166666666666667,0.11862745098039217,0.125,0.13452914798206278,0.06440582959641256,28.31,23.46,285,366,-4.85,rep_visit,True
331,Anna,Torres,primary_care,high_value,TERR_49,Raleigh,NC,clinic,1.6,False,Digital-Heavy,7.0,8.0,9.0,4.0,6.0,0.0,0.25,0.2222222222222222,0.5,0.3333333333333333,51.0,3.0,7.0,93.0,43.0,0.23529411764705882,0.24390243902439027,0.36936872309899565,0.5625,0.8108108108108107,0.4420232732732733,0.6,0.410958904109589,0.4288584474885845,0.47058823529411764,0.9090909090909091,0.4479946524064171,0.4375,0.37037037037037035,0.20532407407407408,38.3,36.54,123,80,-1.76,email,True
332,Victoria,Wilson,primary_care,medium_value,TERR_02,New Orleans,LA,clinic,1.1,False,Digital-Heavy,3.0,4.0,1.0,2.0,3.0,0.6666666666666666,0.0,0.0,0.0,0.0,49.0,65.0,249.0,135.0,87.0,0.11764705882352941,0.18181818181818182,0.07165775401069518,0.0625,0.1075268817204301,0.04025537634408602,0.3,0.25641025641025644,0.1412820512820513,0.23529411764705882,0.31578947368421056,0.13374613003095975,0.1875,0.379746835443038,0.4655327004219409,14.77,19.17,471,425,4.4,digital_ad,True
333,Kathy,Obrien,dermatology,low_value,TERR_28,Austin,TX,private_practice,1.8,False,Digital-Heavy,0.0,0.0,6.0,4.0,1.0,0.0,0.0,0.3333333333333333,1.0,0.0,,,22.0,85.0,79.0,0.23529411764705882,0.2608695652173913,0.6227621483375959,0.375,0.5769230769230769,0.39455128205128204,0.1,0.27522935779816515,0.08504587155963303,0.0,0.0,0.0,0.0,0.0,0.0,28.27,20.84,287,401,-7.43,rep_visit,True
334,Krystal,Perez,oncology,high_value,TERR_49,Charlotte,NC,hospital,1.7,False,Digital-Heavy,2.0,1.0,10.0,7.0,7.0,0.0,0.0,0.7,0.5714285714285714,0.0,53.0,10.0,18.0,45.0,4.0,0.4117647058823529,0.4,0.4892436974789916,0.625,0.625,0.6625,0.7,0.8823529411764706,0.3864705882352941,0.058823529411764705,0.75,0.16764705882352943,0.125,0.3614457831325301,0.10978915662650601,39.82,34.02,97,138,-5.8,phone_call,True
335,Alexandra,Hayes,primary_care,high_value,TERR_01,Nashville,TN,private_practice,3.5,False,Mixed,0.0,4.0,10.0,10.0,3.0,0.0,0.5,0.1,0.7,0.6666666666666666,,16.0,2.0,24.0,56.0,0.5882352941176471,0.5555555555555556,0.6375816993464053,0.625,0.9375,0.425,0.3,0.3488372093023256,0.49310077519379847,0.23529411764705882,0.6521739130434783,0.4510230179028133,0.0,0.0,0.0,44.25,37.54,42,59,-6.71,rep_visit,True
336,Scott,Dalton,dermatology,low_value,TERR_23,Miami,FL,private_practice,3.1,False,Mixed,2.0,2.0,6.0,5.0,2.0,0.0,0.5,0.16666666666666666,0.2,0.5,65.0,143.0,18.0,28.0,185.0,0.29411764705882354,0.5172413793103449,0.291683569979716,0.375,0.625,0.3208333333333333,0.2,0.13953488372093023,0.337906976744186,0.11764705882352941,0.17341040462427745,0.3199761985719143,0.125,0.31578947368421056,0.10065789473684211,28.23,26.1,290,305,-2.13,webinar,True
337,Veronica,Torres,primary_care,medium_value,TERR_46,Kansas City,MO,private_practice,2.9,False,Digital-Heavy,6.0,6.0,3.0,2.0,8.0,0.0,0.16666666666666666,0.0,0.5,0.0,42.0,93.0,113.0,9.0,23.0,0.11764705882352941,0.7692307692307692,0.43914027149321266,0.1875,0.2097902097902098,0.09820804195804195,0.8,0.5660377358490566,0.3532075471698113,0.35294117647058826,0.24390243902439027,0.23799617407938786,0.375,0.4166666666666667,0.19583333333333333,28.71,26.33,275,301,-2.38,rep_visit,True
338,Christine,Lynch,cardiology,medium_value,TERR_28,Miami,FL,clinic,2.2,False,In-Person-Heavy,12.0,5.0,5.0,0.0,5.0,0.16666666666666666,0.4,0.2,0.0,0.0,0.0,42.0,17.0,,21.0,0.0,0.0,0.0,0.3125,0.6382978723404256,0.32140957446808516,0.5,0.5882352941176471,0.2676470588235294,0.29411764705882354,0.4166666666666667,0.3715686274509804,0.75,1.0,0.5083333333333333,24.98,30.53,348,208,5.55,digital_ad,True
339,Jody,Meza,oncology,high_value,TERR_38,Wichita,KS,hospital,1.6,False,Mixed,5.0,10.0,4.0,5.0,4.0,0.2,0.1,0.0,0.4,0.25,50.0,18.0,148.0,192.0,108.0,0.29411764705882354,0.13513513513513511,0.3152623211446741,0.25,0.16853932584269662,0.10870786516853932,0.4,0.2173913043478261,0.28847826086956524,0.5882352941176471,0.625,0.35147058823529415,0.3125,0.37499999999999994,0.26875,26.7,27.04,317,281,0.34,email,True
340,Jared,Clark,endocrinology,high_value,TERR_40,Oklahoma City,OK,hospital,1.9,False,Digital-Heavy,0.0,1.0,4.0,12.0,2.0,0.0,0.0,0.0,0.6666666666666666,0.5,,315.0,86.0,1.0,154.0,0.7058823529411765,0.9677419354838709,0.7386464263124604,0.25,0.25862068965517243,0.1267241379310345,0.2,0.16304347826086957,0.3426086956521739,0.058823529411764705,0.08695652173913043,0.0350383631713555,0.0,0.0,0.0,32.07,23.62,231,364,-8.45,rep_visit,True
341,Donna,Moore,primary_care,high_value,TERR_14,Raleigh,NC,private_practice,3.2,False,Mixed,2.0,12.0,4.0,3.0,5.0,0.0,0.0,0.25,0.3333333333333333,0.0,232.0,22.0,10.0,71.0,37.0,0.17647058823529413,0.297029702970297,0.2790137837313143,0.25,0.75,0.35000000000000003,0.5,0.44776119402985076,0.23955223880597015,0.7058823529411765,0.5769230769230769,0.32714932126696833,0.125,0.11450381679389311,0.06040076335877862,25.97,23.79,332,358,-2.18,phone_call,True
342,Glenn,Jones,primary_care,high_value,TERR_50,San Jose,CA,hospital,1.4,False,Mixed,8.0,5.0,8.0,6.0,2.0,0.375,0.0,0.125,0.16666666666666666,0.5,9.0,16.0,3.0,45.0,94.0,0.35294117647058826,0.4,0.2692156862745098,0.5,0.9090909090909091,0.3943181818181818,0.2,0.24193548387096778,0.35838709677419356,0.29411764705882354,0.6521739130434783,0.2186700767263427,0.5,0.7692307692307692,0.4913461538461539,33.78,35.3,199,108,1.52,digital_ad,True
343,Aaron,Hayes,dermatology,high_value,TERR_32,Milwaukee,WI,private_practice,2.7,False,Digital-Heavy,2.0,4.0,8.0,13.0,3.0,0.0,0.25,0.625,0.23076923076923078,0.3333333333333333,276.0,122.0,15.0,2.0,78.0,0.7647058823529411,0.9375,0.5322963800904977,0.5,0.6666666666666666,0.5958333333333333,0.3,0.2777777777777778,0.31222222222222223,0.23529411764705882,0.19736842105263158,0.23506191950464397,0.125,0.09803921568627452,0.05710784313725491,38.51,32.47,121,164,-6.04,phone_call,True
344,Brittney,Carter,endocrinology,low_value,TERR_17,Virginia Beach,VA,private_practice,2.5,False,Digital-Heavy,1.0,4.0,7.0,3.0,6.0,0.0,0.0,0.14285714285714285,0.6666666666666666,0.0,84.0,56.0,25.0,120.0,7.0,0.17647058823529413,0.2,0.42627450980392156,0.4375,0.5454545454545454,0.3117694805194805,0.6,0.8108108108108107,0.34216216216216216,0.23529411764705882,0.3488372093023256,0.14035567715458275,0.0625,0.2631578947368421,0.07138157894736842,29.04,24.42,271,342,-4.62,rep_visit,True
345,Jesse,Mann,oncology,medium_value,TERR_25,Cleveland,OH,hospital,0.5,False,Mixed,6.0,11.0,8.0,3.0,1.0,0.0,0.09090909090909091,0.125,0.6666666666666666,1.0,52.0,11.0,35.0,1.0,23.0,0.17647058823529413,0.9677419354838709,0.5798228969006958,0.5,0.46153846153846145,0.3048076923076923,0.1,0.5660377358490566,0.6432075471698113,0.6470588235294118,0.7317073170731707,0.3859136559280031,0.375,0.36585365853658536,0.18567073170731707,44.93,40.33,31,31,-4.6,webinar,True
346,Jacqueline,Gibson,endocrinology,medium_value,TERR_32,Tulsa,OK,private_practice,0.6,False,In-Person-Heavy,2.0,3.0,5.0,1.0,7.0,0.0,0.6666666666666666,0.4,1.0,0.2857142857142857,140.0,66.0,50.0,210.0,4.0,0.058823529411764705,0.125,0.5426470588235295,0.3125,0.37499999999999994,0.36875,0.7,0.8823529411764706,0.529327731092437,0.17647058823529413,0.3125,0.44877450980392153,0.125,0.1764705882352941,0.07279411764705881,42.06,37.09,67,66,-4.97,rep_visit,True
347,Grace,Bradshaw,primary_care,low_value,TERR_49,Jacksonville,FL,clinic,3.3,False,Digital-Heavy,4.0,2.0,5.0,3.0,0.0,0.5,0.0,0.2,1.0,0.0,112.0,206.0,95.0,21.0,,0.17647058823529413,0.5882352941176471,0.6705882352941177,0.3125,0.24000000000000005,0.24175000000000002,0.0,0.0,0.0,0.11764705882352941,0.1271186440677966,0.06071784646061815,0.25,0.2112676056338028,0.3672535211267606,31.37,28.38,240,252,-2.99,rep_visit,True
348,Kristin,Weber,primary_care,low_value,TERR_21,San Diego,CA,private_practice,3.2,True,Digital-Heavy,2.0,0.0,0.0,6.0,1.0,0.0,0.0,0.0,0.8333333333333334,1.0,60.0,,,102.0,274.0,0.35294117647058826,0.22727272727272727,0.5680035650623886,0.0,0.0,0.0,0.1,0.09868421052631579,0.5497368421052632,0.0,0.0,0.0,0.125,0.3333333333333333,0.10416666666666666,29.6,23.48,264,365,-6.12,Do Not Contact,False
349,Donna,Peck,endocrinology,medium_value,TERR_28,Louisville,KY,private_practice,1.6,False,In-Person-Heavy,2.0,3.0,2.0,2.0,2.0,0.0,0.0,1.0,0.5,0.5,168.0,114.0,9.0,3.0,32.0,0.11764705882352941,0.9090909090909091,0.46711229946524063,0.125,0.7692307692307692,0.6913461538461538,0.2,0.48387096774193555,0.4067741935483871,0.17647058823529413,0.20833333333333334,0.0946078431372549,0.125,0.15151515151515152,0.06780303030303031,38.41,31.88,122,176,-6.53,phone_call,True
350,Ronald,Stephens,dermatology,low_value,TERR_15,Las Vegas,NV,private_practice,6.3,False,In-Person-Heavy,5.0,3.0,3.0,5.0,0.0,0.0,0.3333333333333333,0.0,0.6,0.0,0.0,25.0,112.0,14.0,,0.29411764705882354,0.6818181818181818,0.5245989304812835,0.1875,0.2112676056338028,0.09850352112676056,0.0,0.0,0.0,0.17647058823529413,0.5454545454545454,0.32869875222816397,0.3125,1.0,0.29375,27.04,26.4,312,297,-0.64,rep_visit,True
351,Deborah,Kerr,oncology,high_value,TERR_43,Mesa,AZ,hospital,3.5,False,Mixed,6.0,12.0,6.0,7.0,4.0,0.16666666666666666,0.0,0.3333333333333333,0.7142857142857143,0.5,120.0,39.0,21.0,9.0,107.0,0.4117647058823529,0.7692307692307692,0.6345184227537168,0.375,0.5882352941176471,0.3968137254901961,0.4,0.21897810218978103,0.4137956204379562,0.7058823529411765,0.4347826086956522,0.2987212276214834,0.375,0.2,0.2358333333333333,43.27,38.69,48,44,-4.58,rep_visit,True
352,Margaret,Jones,dermatology,medium_value,TERR_19,Nashville,TN,clinic,3.9,False,Mixed,7.0,6.0,5.0,1.0,6.0,0.14285714285714285,0.0,0.2,1.0,0.5,85.0,60.0,23.0,213.0,11.0,0.058823529411764705,0.1234567901234568,0.5423384168482208,0.3125,0.5660377358490566,0.30695754716981133,0.6,0.7317073170731707,0.5763414634146341,0.35294117647058826,0.3333333333333333,0.17254901960784313,0.4375,0.2608695652173913,0.25485248447204967,40.35,36.01,89,93,-4.34,webinar,True
353,Gabriel,Parker,dermatology,medium_value,TERR_08,Omaha,NE,private_practice,2.5,False,Digital-Heavy,4.0,6.0,7.0,5.0,6.0,0.0,0.0,0.0,0.2,0.5,92.0,11.0,45.0,70.0,21.0,0.29411764705882354,0.3,0.24823529411764705,0.4375,0.4,0.21125000000000002,0.6,0.5882352941176471,0.5476470588235294,0.35294117647058826,0.7317073170731707,0.2522238163558106,0.25,0.24590163934426232,0.12418032786885247,28.27,26.15,287,304,-2.12,webinar,True
354,Kaitlyn,Carroll,oncology,medium_value,TERR_05,Chicago,IL,hospital,4.3,False,In-Person-Heavy,3.0,0.0,7.0,6.0,2.0,0.0,0.0,0.42857142857142855,0.8333333333333334,0.5,2.0,,172.0,37.0,157.0,0.35294117647058826,0.44776119402985076,0.6121012584138134,0.4375,0.1485148514851485,0.375238684582744,0.2,0.16042780748663102,0.3420855614973262,0.0,0.0,0.0,0.1875,0.9375,0.24375,36.37,30.91,166,196,-5.46,rep_visit,True
355,Keith,Martinez,primary_care,low_value,TERR_25,San Jose,CA,private_practice,5.2,False,In-Person-Heavy,0.0,2.0,6.0,12.0,5.0,0.0,0.0,0.6666666666666666,0.8333333333333334,0.6,,213.0,49.0,0.0,165.0,0.7058823529411765,1.0,0.8284313725490196,0.375,0.379746835443038,0.5217827004219409,0.5,0.15384615384615385,0.4807692307692307,0.11764705882352941,0.1234567901234568,0.05998547567175018,0.0,0.0,0.0,45.8,35.08,23,115,-10.72,rep_visit,True
356,Haley,Lyons,dermatology,medium_value,TERR_27,Los Angeles,CA,clinic,4.0,False,In-Person-Heavy,2.0,3.0,6.0,6.0,2.0,0.0,0.3333333333333333,0.0,0.3333333333333333,0.0,29.0,4.0,63.0,21.0,211.0,0.35294117647058826,0.5882352941176471,0.39019607843137255,0.375,0.3225806451612903,0.17701612903225805,0.2,0.12448132780082988,0.08489626556016597,0.17647058823529413,0.8823529411764706,0.39607843137254906,0.125,0.5084745762711864,0.1391949152542373,24.97,23.84,349,357,-1.13,email,True
357,Sherri,Mason,primary_care,low_value,TERR_12,Indianapolis,IN,private_practice,4.6,False,Digital-Heavy,0.0,2.0,9.0,5.0,2.0,0.0,0.0,0.3333333333333333,0.4,0.0,,126.0,95.0,24.0,50.0,0.29411764705882354,0.5555555555555556,0.3993464052287582,0.5625,0.24000000000000005,0.38341666666666663,0.2,0.37499999999999994,0.135,0.11764705882352941,0.1923076923076923,0.07375565610859729,0.0,0.0,0.0,23.46,18.44,378,431,-5.02,rep_visit,True
358,Troy,Miller,primary_care,low_value,TERR_11,San Francisco,CA,hospital,2.9,False,Mixed,2.0,4.0,4.0,0.0,1.0,0.0,0.25,0.5,0.0,0.0,318.0,44.0,171.0,,330.0,0.0,0.0,0.0,0.25,0.14925373134328357,0.3548507462686567,0.1,0.08333333333333333,0.04666666666666666,0.23529411764705882,0.4054054054054054,0.27666931637519876,0.125,0.08620689655172414,0.054741379310344826,13.0,13.81,481,476,0.81,phone_call,True
359,Bill,Reynolds,cardiology,medium_value,TERR_47,Houston,TX,clinic,1.2,False,Mixed,6.0,10.0,6.0,0.0,3.0,0.16666666666666666,0.2,0.0,0.0,0.3333333333333333,30.0,11.0,107.0,,43.0,0.0,0.0,0.0,0.375,0.21897810218978103,0.1562956204379562,0.3,0.410958904109589,0.33885844748858446,0.5882352941176471,0.7317073170731707,0.4228120516499283,0.375,0.5,0.2958333333333333,20.68,24.45,414,339,3.77,email,True
360,Marcus,Wright,endocrinology,high_value,TERR_26,Mesa,AZ,clinic,2.8,False,In-Person-Heavy,4.0,3.0,4.0,5.0,3.0,0.0,0.3333333333333333,0.5,0.8,1.0,16.0,60.0,161.0,1.0,73.0,0.29411764705882354,0.9677419354838709,0.6817836812144213,0.25,0.15706806282722513,0.356413612565445,0.3,0.29126213592233013,0.648252427184466,0.17647058823529413,0.3333333333333333,0.28627450980392155,0.25,0.6521739130434783,0.20543478260869563,47.92,41.89,11,22,-6.03,rep_visit,True
361,Christopher,Hayden,dermatology,high_value,TERR_17,San Antonio,TX,private_practice,3.7,False,In-Person-Heavy,10.0,7.0,6.0,6.0,6.0,0.0,0.14285714285714285,0.3333333333333333,0.6666666666666666,0.5,32.0,24.0,4.0,137.0,49.0,0.35294117647058826,0.17964071856287425,0.47514382998708465,0.375,0.8823529411764706,0.45563725490196083,0.6,0.379746835443038,0.5059493670886076,0.4117647058823529,0.5555555555555556,0.3060690943043884,0.625,0.48387096774193555,0.2842741935483871,42.34,39.43,62,37,-2.91,webinar,True
362,Mary,Johnston,endocrinology,high_value,TERR_37,San Francisco,CA,clinic,0.5,False,Digital-Heavy,5.0,8.0,7.0,7.0,8.0,0.0,0.125,0.0,0.8571428571428571,0.5,100.0,53.0,11.0,18.0,74.0,0.4117647058823529,0.625,0.6771008403361344,0.4375,0.7317073170731707,0.27759146341463414,0.8,0.28846153846153844,0.5476923076923077,0.47058823529411764,0.3614457831325301,0.2759656272147413,0.3125,0.23076923076923073,0.13990384615384616,43.06,36.84,51,70,-6.22,rep_visit,True
363,Stephanie,Key,oncology,high_value,TERR_18,Denver,CO,cancer_center,5.2,False,In-Person-Heavy,9.0,8.0,5.0,11.0,2.0,0.0,0.125,0.6,0.45454545454545453,0.0,58.0,17.0,85.0,10.0,4.0,0.6470588235294118,0.75,0.5713903743315508,0.3125,0.2608695652173913,0.4459239130434782,0.2,0.8823529411764706,0.23647058823529413,0.47058823529411764,0.6382978723404256,0.3313360450563204,0.5625,0.3409090909090909,0.23693181818181816,39.31,35.93,110,94,-3.38,rep_visit,True
364,Emily,Adams,endocrinology,high_value,TERR_46,Denver,CO,hospital,4.2,False,In-Person-Heavy,5.0,10.0,6.0,2.0,6.0,0.2,0.5,0.3333333333333333,0.5,0.6666666666666666,95.0,88.0,0.0,44.0,7.0,0.11764705882352941,0.4054054054054054,0.3663751987281399,0.375,1.0,0.4791666666666667,0.6,0.8108108108108107,0.6754954954954955,0.5882352941176471,0.2542372881355932,0.4773180458624128,0.3125,0.24000000000000005,0.24175000000000002,44.87,42.82,32,16,-2.05,webinar,True
365,Billy,Avila,dermatology,high_value,TERR_19,New Orleans,LA,clinic,1.6,False,In-Person-Heavy,7.0,9.0,4.0,2.0,3.0,0.14285714285714285,0.0,0.0,0.5,0.3333333333333333,98.0,52.0,70.0,161.0,92.0,0.11764705882352941,0.15706806282722513,0.3167077302125038,0.25,0.3,0.135,0.3,0.24590163934426232,0.3058469945355191,0.5294117647058824,0.36585365853658536,0.23199426111908178,0.4375,0.234375,0.24955357142857143,25.54,24.94,344,330,-0.6,rep_visit,True
366,Thomas,Pearson,dermatology,low_value,TERR_33,Seattle,WA,private_practice,2.1,False,Mixed,3.0,3.0,7.0,4.0,5.0,0.0,0.0,0.14285714285714285,0.75,0.6,73.0,184.0,10.0,3.0,99.0,0.23529411764705882,0.9090909090909091,0.6274064171122995,0.4375,0.75,0.35267857142857145,0.5,0.23255813953488372,0.49651162790697667,0.17647058823529413,0.14018691588785046,0.08097855964815832,0.1875,0.29126213592233013,0.11450242718446602,38.74,31.73,118,180,-7.01,rep_visit,True
367,Sabrina,White,endocrinology,high_value,TERR_45,Tucson,AZ,private_practice,1.8,False,In-Person-Heavy,8.0,8.0,6.0,2.0,10.0,0.0,0.25,0.16666666666666666,0.0,0.0,57.0,0.0,98.0,120.0,50.0,0.11764705882352941,0.2,0.07529411764705883,0.375,0.234375,0.2427083333333333,1.0,0.37499999999999994,0.375,0.47058823529411764,1.0,0.4661764705882353,0.5,0.3448275862068966,0.2189655172413793,24.89,26.96,353,284,2.07,email,True
368,Brenda,Walters,primary_care,medium_value,TERR_47,Las Vegas,NV,clinic,4.1,False,Digital-Heavy,2.0,7.0,4.0,1.0,3.0,0.5,0.14285714285714285,0.5,1.0,0.0,254.0,15.0,74.0,106.0,66.0,0.058823529411764705,0.22058823529411764,0.5617647058823529,0.25,0.28846153846153844,0.3826923076923077,0.3,0.3125,0.1525,0.4117647058823529,0.6666666666666666,0.3282913165266106,0.125,0.1056338028169014,0.30862676056338023,37.11,35.0,142,118,-2.11,rep_visit,True
369,Travis,Davis,endocrinology,high_value,TERR_10,Cleveland,OH,private_practice,0.9,False,Mixed,1.0,4.0,7.0,17.0,2.0,0.0,0.0,0.2857142857142857,0.8823529411764706,0.0,128.0,80.0,4.0,24.0,107.0,1.0,0.5555555555555556,0.8522875816993465,0.4375,0.8823529411764706,0.45057773109243704,0.2,0.21897810218978103,0.1037956204379562,0.23529411764705882,0.27272727272727276,0.1251336898395722,0.0625,0.189873417721519,0.05672468354430381,39.38,30.71,108,203,-8.67,rep_visit,True
370,Michael,Cook,cardiology,low_value,TERR_45,Philadelphia,PA,private_practice,5.2,False,Digital-Heavy,1.0,2.0,8.0,2.0,0.0,0.0,0.5,0.5,1.0,0.0,287.0,107.0,1.0,165.0,,0.11764705882352941,0.15384615384615385,0.5660633484162896,0.5,0.9677419354838709,0.5935483870967742,0.0,0.0,0.0,0.11764705882352941,0.21897810218978103,0.329089738085015,0.0625,0.09463722397476342,0.037677444794952684,34.35,29.19,190,233,-5.16,phone_call,True
371,Elizabeth,Hodge,primary_care,medium_value,TERR_37,Washington,DC,hospital,0.7,False,Digital-Heavy,1.0,2.0,6.0,10.0,2.0,0.0,0.5,0.8333333333333334,0.7,0.0,120.0,162.0,135.0,35.0,113.0,0.5882352941176471,0.46153846153846145,0.6187782805429864,0.375,0.18181818181818182,0.565530303030303,0.2,0.2097902097902098,0.10195804195804195,0.11764705882352941,0.15625,0.3165441176470588,0.0625,0.2,0.05875000000000001,37.54,31.79,133,179,-5.75,rep_visit,True
372,Mark,Steele,primary_care,high_value,TERR_36,Philadelphia,PA,private_practice,0.5,False,Digital-Heavy,1.0,2.0,8.0,6.0,8.0,0.0,0.0,0.25,0.8333333333333334,0.125,100.0,304.0,37.0,7.0,4.0,0.35294117647058826,0.8108108108108107,0.6847111817700053,0.5,0.44776119402985076,0.3645522388059702,0.8,0.8823529411764706,0.47897058823529415,0.11764705882352941,0.08982035928143713,0.05325818950334625,0.0625,0.23076923076923073,0.06490384615384615,39.18,30.97,111,194,-8.21,rep_visit,True
373,Keith,Landry,oncology,medium_value,TERR_36,Philadelphia,PA,hospital,0.5,False,In-Person-Heavy,0.0,1.0,8.0,13.0,7.0,0.0,1.0,0.125,0.5384615384615384,0.14285714285714285,,217.0,9.0,1.0,22.0,0.7647058823529411,0.9677419354838709,0.6921909210334257,0.5,0.7692307692307692,0.3663461538461539,0.7,0.5769230769230769,0.3968131868131868,0.058823529411764705,0.12145748987854249,0.541938556799238,0.0,0.0,0.0,44.16,37.81,43,56,-6.35,rep_visit,True
374,Lisa,Pierce,primary_care,high_value,TERR_31,Washington,DC,private_practice,2.6,False,Mixed,6.0,9.0,5.0,3.0,3.0,0.0,0.3333333333333333,0.2,0.6666666666666666,0.0,30.0,106.0,57.0,23.0,17.0,0.17647058823529413,0.5660377358490566,0.4994820569737328,0.3125,0.3448275862068966,0.2627155172413793,0.3,0.6382978723404256,0.21765957446808512,0.5294117647058824,0.22058823529411764,0.36960784313725487,0.375,0.5,0.2125,33.32,31.13,205,192,-2.19,rep_visit,True
375,Shawn,Edwards,primary_care,medium_value,TERR_28,San Antonio,TX,hospital,4.3,False,In-Person-Heavy,0.0,1.0,14.0,12.0,3.0,0.0,0.0,0.2857142857142857,0.3333333333333333,0.3333333333333333,,51.0,16.0,25.0,7.0,0.7058823529411765,0.5454545454545454,0.48752228163992867,0.875,0.6521739130434783,0.5357919254658385,0.3,0.8108108108108107,0.4188288288288288,0.058823529411764705,0.37037037037037035,0.09172113289760347,0.0,0.0,0.0,35.09,28.01,183,258,-7.08,phone_call,True
376,Marcus,Cordova,cardiology,low_value,TERR_10,San Francisco,CA,private_practice,1.0,False,Mixed,1.0,7.0,3.0,1.0,2.0,0.0,0.2857142857142857,0.0,1.0,0.0,74.0,63.0,95.0,150.0,210.0,0.058823529411764705,0.16666666666666666,0.5509803921568628,0.1875,0.24000000000000005,0.10425000000000001,0.2,0.125,0.08499999999999999,0.4117647058823529,0.3225806451612903,0.3309026836541068,0.0625,0.28846153846153844,0.07644230769230768,26.42,22.93,324,374,-3.49,rep_visit,True
377,Richard,Robertson,oncology,high_value,TERR_43,Washington,DC,private_practice,3.1,False,In-Person-Heavy,8.0,16.0,5.0,1.0,1.0,0.0,0.0625,0.0,0.0,0.0,29.0,16.0,11.0,147.0,119.0,0.058823529411764705,0.1694915254237288,0.051545363908275174,0.3125,0.7317073170731707,0.24009146341463414,0.1,0.20134228187919462,0.07026845637583892,0.9411764705882353,0.6521739130434783,0.44403772378516626,0.5,0.5084745762711864,0.25169491525423726,18.19,21.67,442,394,3.48,email,True
378,Vanessa,Sandoval,oncology,low_value,TERR_04,Cleveland,OH,private_practice,4.2,True,Digital-Heavy,0.0,0.0,0.0,8.0,2.0,0.0,0.0,0.0,1.0,0.0,,,,21.0,192.0,0.47058823529411764,0.5882352941176471,0.7588235294117647,0.0,0.0,0.0,0.2,0.13513513513513511,0.08702702702702703,0.0,0.0,0.0,0.0,0.0,0.0,24.51,16.82,357,448,-7.69,Do Not Contact,False
379,Amy,Gutierrez,primary_care,high_value,TERR_11,Washington,DC,clinic,6.1,False,Mixed,10.0,13.0,6.0,0.0,1.0,0.2,0.3076923076923077,0.16666666666666666,0.0,0.0,51.0,94.0,2.0,,119.0,0.0,0.0,0.0,0.375,0.9375,0.3833333333333333,0.1,0.20134228187919462,0.07026845637583892,0.7647058823529411,0.24193548387096778,0.43164501532622973,0.625,0.37037037037037035,0.36157407407407405,20.97,25.68,410,318,4.71,email,True
380,Jacob,Cox,dermatology,low_value,TERR_14,Mesa,AZ,private_practice,1.5,False,Digital-Heavy,0.0,3.0,3.0,8.0,2.0,0.0,0.0,0.3333333333333333,0.375,0.0,,154.0,63.0,58.0,113.0,0.47058823529411764,0.3409090909090909,0.39685828877005347,0.1875,0.3225806451612903,0.2874327956989247,0.2,0.2097902097902098,0.10195804195804195,0.17647058823529413,0.16304347826086957,0.08554987212276215,0.0,0.0,0.0,20.98,16.41,409,454,-4.57,rep_visit,True
381,Katherine,Garrett,oncology,low_value,TERR_49,Denver,CO,private_practice,2.8,True,Digital-Heavy,1.0,0.0,0.0,11.0,4.0,0.0,0.0,0.0,0.18181818181818182,0.25,325.0,,,4.0,140.0,0.6470588235294118,0.8823529411764706,0.4614973262032086,0.0,0.0,0.0,0.4,0.1764705882352941,0.2802941176470588,0.0,0.0,0.0,0.0625,0.08450704225352113,0.035651408450704226,19.99,15.0,423,468,-4.99,Do Not Contact,False
382,Kathleen,Harris,cardiology,medium_value,TERR_41,Tucson,AZ,clinic,3.7,False,In-Person-Heavy,5.0,8.0,6.0,3.0,1.0,0.0,0.125,0.16666666666666666,0.6666666666666666,1.0,85.0,10.0,18.0,4.0,338.0,0.17647058823529413,0.8823529411764706,0.5627450980392157,0.375,0.625,0.3208333333333333,0.1,0.08152173913043478,0.546304347826087,0.47058823529411764,0.75,0.3536764705882353,0.3125,0.2608695652173913,0.14592391304347826,41.72,36.95,70,67,-4.77,rep_visit,True
383,Andrea,Pennington,oncology,low_value,TERR_33,Indianapolis,IN,cancer_center,3.2,False,Digital-Heavy,4.0,5.0,2.0,4.0,3.0,0.0,0.0,0.5,0.25,0.0,21.0,126.0,220.0,39.0,30.0,0.23529411764705882,0.4347826086956522,0.2825447570332481,0.125,0.12000000000000002,0.3115,0.3,0.5,0.19,0.29411764705882354,0.1923076923076923,0.12669683257918551,0.25,0.5882352941176471,0.19264705882352942,23.3,21.77,379,392,-1.53,phone_call,True
384,Samuel,Wolfe,dermatology,high_value,TERR_43,Raleigh,NC,private_practice,1.9,False,Digital-Heavy,8.0,13.0,4.0,1.0,8.0,0.25,0.46153846153846156,0.25,1.0,0.0,84.0,17.0,25.0,343.0,1.0,0.058823529411764705,0.08042895442359249,0.533732849708248,0.25,0.5454545454545454,0.3090909090909091,0.8,0.9677419354838709,0.4335483870967742,0.7647058823529411,0.6382978723404256,0.5878405699431982,0.5,0.2631578947368421,0.32763157894736844,44.6,43.58,37,10,-1.02,email,True
385,David,Dudley,primary_care,medium_value,TERR_21,Phoenix,AZ,private_practice,2.4,False,In-Person-Heavy,6.0,6.0,0.0,2.0,5.0,0.0,0.16666666666666666,0.0,0.5,0.8,57.0,4.0,,136.0,21.0,0.11764705882352941,0.18072289156626506,0.3214386959603118,0.0,0.0,0.0,0.5,0.5882352941176471,0.6676470588235295,0.35294117647058826,0.8823529411764706,0.36568627450980395,0.375,0.3448275862068966,0.18146551724137933,31.2,29.75,244,225,-1.45,webinar,True
386,Chelsea,Allen,oncology,low_value,TERR_10,Fresno,CA,cancer_center,0.5,True,In-Person-Heavy,4.0,0.0,0.0,0.0,4.0,0.25,0.0,0.0,0.0,0.0,17.0,,,,217.0,0.0,0.0,0.0,0.0,0.0,0.0,0.4,0.12145748987854249,0.1442914979757085,0.0,0.0,0.0,0.25,0.6382978723404256,0.32765957446808514,7.8,10.87,499,492,3.07,Do Not Contact,False
387,Eric,Pierce,cardiology,high_value,TERR_10,Sacramento,CA,hospital,2.8,False,In-Person-Heavy,2.0,5.0,12.0,11.0,5.0,0.0,0.2,0.3333333333333333,0.7272727272727273,0.8,156.0,100.0,2.0,21.0,143.0,0.6470588235294118,0.5882352941176471,0.6754010695187166,0.75,0.9375,0.5791666666666666,0.5,0.17341040462427745,0.5846820809248555,0.29411764705882354,0.23076923076923073,0.2343891402714932,0.125,0.16129032258064516,0.06975806451612904,48.1,40.0,9,33,-8.1,rep_visit,True
388,Andrea,Davis,cardiology,high_value,TERR_07,Boston,MA,hospital,1.7,False,Mixed,1.0,2.0,5.0,14.0,4.0,0.0,0.0,0.6,0.8571428571428571,0.0,95.0,86.0,63.0,9.0,141.0,0.8235294117647058,0.7692307692307692,0.8294764059469941,0.3125,0.3225806451612903,0.45826612903225805,0.4,0.17543859649122806,0.1550877192982456,0.11764705882352941,0.25862068965517243,0.08701825557809331,0.0625,0.24000000000000005,0.06675000000000002,39.46,30.75,107,201,-8.71,rep_visit,True
389,Victoria,Durham,endocrinology,high_value,TERR_28,Columbus,OH,clinic,1.5,False,In-Person-Heavy,16.0,10.0,3.0,1.0,5.0,0.3125,0.2,0.0,0.0,0.2,7.0,72.0,39.0,49.0,108.0,0.058823529411764705,0.379746835443038,0.09359642591213702,0.1875,0.4347826086956522,0.14320652173913045,0.5,0.2173913043478261,0.29347826086956524,0.5882352941176471,0.29411764705882354,0.33529411764705885,1.0,0.8108108108108107,0.6184121621621621,25.85,31.9,337,175,6.05,digital_ad,True
390,Steven,Wilson,cardiology,low_value,TERR_28,Portland,OR,clinic,1.5,False,Mixed,5.0,10.0,4.0,0.0,3.0,0.2,0.0,0.25,0.0,0.0,4.0,11.0,16.0,,50.0,0.0,0.0,0.0,0.25,0.6521739130434783,0.33043478260869563,0.3,0.37499999999999994,0.16499999999999998,0.5882352941176471,0.7317073170731707,0.32281205164992827,0.3125,0.8823529411764706,0.37022058823529413,20.3,24.43,418,340,4.13,digital_ad,True
391,Marilyn,Jimenez,primary_care,medium_value,TERR_33,Omaha,NE,private_practice,6.3,False,Digital-Heavy,9.0,7.0,4.0,0.0,3.0,0.0,0.2857142857142857,0.5,0.0,0.0,28.0,2.0,17.0,,65.0,0.0,0.0,0.0,0.25,0.6382978723404256,0.45265957446808514,0.3,0.31578947368421056,0.1531578947368421,0.4117647058823529,0.9375,0.45388655462184874,0.5625,0.5172413793103449,0.27219827586206896,23.01,26.42,382,295,3.41,email,True
392,Jennifer,Hicks,endocrinology,medium_value,TERR_23,Oklahoma City,OK,clinic,2.7,False,In-Person-Heavy,6.0,3.0,8.0,7.0,3.0,0.0,0.3333333333333333,0.0,0.5714285714285714,0.3333333333333333,46.0,77.0,29.0,65.0,1.0,0.4117647058823529,0.31578947368421056,0.4724015922158337,0.5,0.5084745762711864,0.25169491525423726,0.3,0.9677419354838709,0.45021505376344084,0.17647058823529413,0.2803738317757009,0.2756826094923951,0.375,0.39473684210526316,0.19144736842105264,35.22,31.92,179,174,-3.3,rep_visit,True
393,Joshua,Davenport,cardiology,low_value,TERR_28,Raleigh,NC,private_practice,0.5,False,Mixed,3.0,6.0,1.0,1.0,3.0,0.0,0.3333333333333333,0.0,0.0,0.0,178.0,0.0,353.0,344.0,164.0,0.058823529411764705,0.08021390374331551,0.033689839572192515,0.0625,0.07832898172323759,0.03441579634464752,0.3,0.15463917525773196,0.12092783505154639,0.35294117647058826,1.0,0.4725490196078431,0.1875,0.14423076923076922,0.08509615384615384,12.48,14.91,485,469,2.43,email,True
394,Tina,Sanchez,endocrinology,high_value,TERR_09,Wichita,KS,private_practice,3.1,False,In-Person-Heavy,9.0,9.0,3.0,1.0,4.0,0.2222222222222222,0.3333333333333333,0.3333333333333333,0.0,0.5,52.0,22.0,46.0,18.0,2.0,0.058823529411764705,0.625,0.1426470588235294,0.1875,0.39473684210526316,0.3018640350877193,0.4,0.9375,0.5575,0.5294117647058824,0.5769230769230769,0.4408748114630467,0.5625,0.36585365853658536,0.3530318428184282,33.38,35.38,203,107,2.0,webinar,True
395,Andrea,Reyes,oncology,high_value,TERR_03,Minneapolis,MN,hospital,1.8,False,Mixed,6.0,5.0,8.0,9.0,4.0,0.16666666666666666,0.0,0.125,0.4444444444444444,0.75,38.0,106.0,101.0,0.0,44.0,0.5294117647058824,1.0,0.5810457516339869,0.5,0.22900763358778622,0.25830152671755724,0.4,0.4054054054054054,0.576081081081081,0.29411764705882354,0.22058823529411764,0.1323529411764706,0.375,0.4411764705882353,0.2840686274509804,40.37,35.9,88,96,-4.47,rep_visit,True
396,Sandra,Romero,cardiology,medium_value,TERR_38,Tucson,AZ,clinic,6.6,False,Digital-Heavy,4.0,5.0,5.0,0.0,4.0,0.5,0.0,0.0,0.0,1.0,182.0,57.0,0.0,,18.0,0.0,0.0,0.0,0.3125,1.0,0.29375,0.4,0.625,0.745,0.29411764705882354,0.3448275862068966,0.1572008113590264,0.25,0.14150943396226415,0.35330188679245284,28.43,29.9,279,222,1.47,webinar,True
397,Natasha,Shields,endocrinology,low_value,TERR_43,Mesa,AZ,private_practice,5.1,False,Digital-Heavy,2.0,5.0,2.0,0.0,3.0,0.5,0.4,0.5,0.0,0.3333333333333333,163.0,15.0,129.0,,43.0,0.0,0.0,0.0,0.125,0.18867924528301888,0.32523584905660374,0.3,0.410958904109589,0.33885844748858446,0.29411764705882354,0.6666666666666666,0.42156862745098045,0.125,0.15544041450777202,0.3185880829015544,24.38,27.92,361,261,3.54,email,True
398,Joshua,Tyler,endocrinology,high_value,TERR_19,Albuquerque,NM,clinic,1.8,False,In-Person-Heavy,7.0,10.0,5.0,9.0,4.0,0.0,0.1,0.6,0.5555555555555556,0.0,95.0,0.0,126.0,120.0,16.0,0.5294117647058824,0.2,0.4766013071895425,0.3125,0.1923076923076923,0.4322115384615385,0.4,0.6521739130434783,0.25043478260869567,0.5882352941176471,1.0,0.42647058823529416,0.4375,0.24000000000000005,0.17925000000000002,37.04,34.42,144,128,-2.62,rep_visit,True
399,Robert,Villa,primary_care,low_value,TERR_21,Baltimore,MD,clinic,2.7,False,Digital-Heavy,3.0,7.0,1.0,0.0,0.0,0.0,0.2857142857142857,1.0,0.0,0.0,49.0,30.0,137.0,,,0.0,0.0,0.0,0.0625,0.17964071856287425,0.5546781437125748,0.0,0.0,0.0,0.4117647058823529,0.5,0.36638655462184877,0.1875,0.379746835443038,0.1321993670886076,18.57,20.24,438,412,1.67,phone_call,True
400,William,Hoover,dermatology,medium_value,TERR_31,Las Vegas,NV,private_practice,1.6,False,Mixed,13.0,11.0,5.0,0.0,5.0,0.15384615384615385,0.18181818181818182,0.2,0.0,0.4,7.0,2.0,46.0,,106.0,0.0,0.0,0.0,0.3125,0.39473684210526316,0.27269736842105263,0.5,0.22058823529411764,0.3941176470588235,0.6470588235294118,0.9375,0.47252673796791445,0.8125,0.8108108108108107,0.48283523908523907,27.67,33.19,298,156,5.52,digital_ad,True
401,Justin,Evans,dermatology,medium_value,TERR_05,Sacramento,CA,clinic,3.7,True,Digital-Heavy,0.0,0.0,0.0,5.0,1.0,0.0,0.0,0.0,0.6,0.0,,,,11.0,113.0,0.29411764705882354,0.7317073170731707,0.5345767575322812,0.0,0.0,0.0,0.1,0.2097902097902098,0.07195804195804195,0.0,0.0,0.0,0.0,0.0,0.0,17.48,12.03,453,482,-5.45,Do Not Contact,False
402,Brenda,Duarte,dermatology,medium_value,TERR_38,Cleveland,OH,private_practice,3.3,False,Mixed,9.0,8.0,5.0,1.0,5.0,0.0,0.25,0.0,1.0,0.2,16.0,23.0,99.0,322.0,30.0,0.058823529411764705,0.08522727272727273,0.534692513368984,0.3125,0.23255813953488372,0.14026162790697674,0.5,0.5,0.35,0.47058823529411764,0.5660377358490566,0.37938401775804664,0.5625,0.6521739130434783,0.29918478260869563,36.02,34.4,168,129,-1.62,rep_visit,True
403,Tracy,Hernandez,cardiology,medium_value,TERR_09,Boston,MA,hospital,1.4,False,Mixed,3.0,8.0,6.0,5.0,3.0,0.3333333333333333,0.0,0.6666666666666666,0.4,0.0,191.0,1.0,95.0,7.0,71.0,0.29411764705882354,0.8108108108108107,0.45039745627980926,0.375,0.24000000000000005,0.49383333333333335,0.3,0.297029702970297,0.1494059405940594,0.47058823529411764,0.9677419354838709,0.3347248576850095,0.1875,0.13574660633484165,0.250065987933635,35.15,33.24,182,154,-1.91,phone_call,True
404,Amanda,Reed,oncology,high_value,TERR_30,Portland,OR,private_practice,1.8,False,Digital-Heavy,6.0,4.0,5.0,3.0,6.0,0.16666666666666666,0.25,0.6,0.0,0.5,4.0,37.0,64.0,277.0,22.0,0.17647058823529413,0.09771986970684039,0.07248515041195631,0.3125,0.3191489361702128,0.4575797872340426,0.6,0.5769230769230769,0.5453846153846154,0.23529411764705882,0.44776119402985076,0.2851404741000878,0.375,0.8823529411764706,0.37230392156862746,32.1,33.84,229,145,1.74,webinar,True
405,Andrea,Daniels,dermatology,low_value,TERR_34,Raleigh,NC,private_practice,3.3,False,Digital-Heavy,4.0,6.0,1.0,3.0,5.0,0.0,0.16666666666666666,0.0,0.3333333333333333,0.4,51.0,8.0,115.0,63.0,119.0,0.17647058823529413,0.3225806451612903,0.28412397216951296,0.0625,0.2068965517241379,0.06012931034482759,0.5,0.20134228187919462,0.3902684563758389,0.35294117647058826,0.7894736842105263,0.3471104231166151,0.25,0.37037037037037035,0.14907407407407408,24.97,24.13,349,350,-0.84,webinar,True
406,Stanley,Morris,cardiology,high_value,TERR_23,New Orleans,LA,private_practice,2.5,False,Mixed,6.0,9.0,5.0,0.0,6.0,0.3333333333333333,0.0,0.0,0.0,0.5,28.0,25.0,60.0,,9.0,0.0,0.0,0.0,0.3125,0.3333333333333333,0.16041666666666665,0.6,0.7692307692307692,0.5838461538461539,0.5294117647058824,0.5454545454545454,0.26791443850267377,0.375,0.5172413793103449,0.3826149425287356,24.64,27.82,355,264,3.18,webinar,True
407,Jacob,Terry,primary_care,medium_value,TERR_20,San Francisco,CA,clinic,2.9,False,Mixed,3.0,8.0,4.0,9.0,4.0,0.0,0.125,0.5,0.2222222222222222,0.25,233.0,9.0,140.0,43.0,1.0,0.5294117647058824,0.410958904109589,0.3521264213447936,0.25,0.1764705882352941,0.3602941176470588,0.4,0.9677419354838709,0.4385483870967742,0.47058823529411764,0.7692307692307692,0.35752262443438915,0.1875,0.1140684410646388,0.07906368821292775,33.09,29.9,212,222,-3.19,webinar,True
408,Ashley,Hall,oncology,medium_value,TERR_28,Wichita,KS,hospital,3.0,False,In-Person-Heavy,1.0,3.0,8.0,4.0,4.0,0.0,0.0,0.0,0.0,0.5,161.0,136.0,143.0,4.0,50.0,0.23529411764705882,0.8823529411764706,0.24705882352941178,0.5,0.17341040462427745,0.1846820809248555,0.4,0.37499999999999994,0.445,0.17647058823529413,0.18072289156626506,0.08908575478384125,0.0625,0.15706806282722513,0.05016361256544502,22.09,18.78,398,429,-3.31,webinar,True
409,Kimberly,Williams,primary_care,high_value,TERR_47,Atlanta,GA,clinic,1.9,False,Digital-Heavy,6.0,6.0,2.0,2.0,3.0,0.0,0.3333333333333333,0.0,0.0,0.0,39.0,64.0,112.0,165.0,142.0,0.11764705882352941,0.15384615384615385,0.0660633484162896,0.125,0.2112676056338028,0.07975352112676057,0.3,0.1744186046511628,0.12488372093023256,0.35294117647058826,0.3191489361702128,0.3363788068418857,0.375,0.4347826086956522,0.19945652173913042,14.11,16.64,476,450,2.53,email,True
410,Julie,Thornton,dermatology,low_value,TERR_46,Columbus,OH,private_practice,2.2,False,In-Person-Heavy,1.0,2.0,3.0,4.0,0.0,0.0,0.5,0.6666666666666666,1.0,0.0,277.0,88.0,56.0,45.0,,0.23529411764705882,0.4,0.6505882352941177,0.1875,0.3488372093023256,0.4593507751937984,0.0,0.0,0.0,0.11764705882352941,0.2542372881355932,0.33614157527417743,0.0625,0.09771986970684039,0.038293973941368076,34.32,28.74,191,245,-5.58,rep_visit,True
411,Lisa,Hughes,endocrinology,low_value,TERR_18,Tucson,AZ,hospital,1.7,False,In-Person-Heavy,2.0,9.0,3.0,2.0,2.0,0.0,0.2222222222222222,0.0,0.0,0.5,205.0,2.0,51.0,136.0,162.0,0.11764705882352941,0.18072289156626506,0.07143869596031183,0.1875,0.37037037037037035,0.13032407407407406,0.2,0.15625,0.34125,0.5294117647058824,0.9375,0.4574346405228758,0.125,0.12765957446808512,0.06303191489361702,19.38,20.19,432,413,0.81,email,True
412,Elizabeth,Hoover,cardiology,low_value,TERR_34,Tulsa,OK,private_practice,6.7,False,Digital-Heavy,5.0,4.0,1.0,1.0,1.0,0.2,0.25,0.0,0.0,0.0,59.0,15.0,302.0,67.0,193.0,0.058823529411764705,0.30927835051546393,0.07950272892662219,0.0625,0.09036144578313253,0.036822289156626505,0.1,0.13452914798206278,0.056905829596412556,0.23529411764705882,0.6666666666666666,0.328921568627451,0.3125,0.33707865168539325,0.2611657303370787,13.11,16.46,480,452,3.35,email,True
413,Tina,Simpson,endocrinology,low_value,TERR_20,Arlington,TX,private_practice,7.1,False,Mixed,4.0,8.0,0.0,1.0,3.0,0.25,0.125,0.0,0.0,0.3333333333333333,53.0,23.0,,227.0,56.0,0.058823529411764705,0.11673151750972763,0.04099336232547494,0.0,0.0,0.0,0.3,0.3488372093023256,0.3264341085271318,0.47058823529411764,0.5660377358490566,0.31688401775804664,0.25,0.3614457831325301,0.27228915662650605,16.6,19.66,458,420,3.06,webinar,True
414,Benjamin,Shaw,primary_care,medium_value,TERR_38,Nashville,TN,private_practice,3.7,False,Digital-Heavy,6.0,6.0,5.0,2.0,0.0,0.3333333333333333,0.16666666666666666,0.4,0.5,0.0,11.0,114.0,59.0,140.0,,0.11764705882352941,0.1764705882352941,0.3205882352941176,0.3125,0.33707865168539325,0.36116573033707866,0.0,0.0,0.0,0.35294117647058826,0.20833333333333334,0.23088235294117648,0.375,0.7317073170731707,0.42550813008130084,26.69,28.24,319,255,1.55,digital_ad,True
415,Brittany,Kane,primary_care,medium_value,TERR_20,Minneapolis,MN,private_practice,1.8,False,Digital-Heavy,6.0,7.0,5.0,6.0,3.0,0.0,0.14285714285714285,0.2,0.8333333333333334,0.6666666666666666,15.0,70.0,170.0,21.0,63.0,0.35294117647058826,0.5882352941176471,0.6401960784313726,0.3125,0.15,0.22375,0.3,0.3225806451612903,0.4878494623655914,0.4117647058823529,0.3,0.2549579831932773,0.375,0.6666666666666666,0.24583333333333332,40.95,36.46,77,83,-4.49,rep_visit,True
416,Morgan,Alexander,primary_care,medium_value,TERR_19,Wichita,KS,private_practice,1.7,False,Digital-Heavy,2.0,3.0,3.0,2.0,0.0,0.5,0.0,0.3333333333333333,0.5,0.0,122.0,39.0,22.0,169.0,,0.11764705882352941,0.1507537688442211,0.31544487141590305,0.1875,0.5769230769230769,0.338301282051282,0.0,0.0,0.0,0.17647058823529413,0.4347826086956522,0.13989769820971867,0.125,0.19736842105263158,0.3269736842105263,23.23,23.4,380,367,0.17,phone_call,True
417,Alicia,Bryant,endocrinology,high_value,TERR_30,Dallas,TX,private_practice,0.5,False,Digital-Heavy,4.0,2.0,6.0,3.0,4.0,0.0,0.0,0.3333333333333333,0.6666666666666666,0.25,39.0,154.0,98.0,241.0,7.0,0.17647058823529413,0.11070110701107011,0.40841473120613553,0.375,0.234375,0.3260416666666667,0.4,0.8108108108108107,0.40716216216216217,0.11764705882352941,0.16304347826086957,0.06790281329923273,0.25,0.4347826086956522,0.16195652173913044,30.36,26.29,252,302,-4.07,rep_visit,True
418,Jennifer,Ortiz,primary_care,low_value,TERR_11,Sacramento,CA,private_practice,2.9,False,Digital-Heavy,2.0,7.0,5.0,3.0,2.0,0.5,0.0,0.8,0.3333333333333333,0.5,114.0,57.0,30.0,53.0,25.0,0.17647058823529413,0.3614457831325301,0.29189699976376093,0.3125,0.5,0.59375,0.2,0.5454545454545454,0.41909090909090907,0.4117647058823529,0.3448275862068966,0.1924949290060852,0.125,0.20833333333333334,0.32916666666666666,36.84,35.53,150,105,-1.31,phone_call,True
419,Diana,Moore,primary_care,high_value,TERR_46,El Paso,TX,private_practice,1.5,False,In-Person-Heavy,6.0,11.0,6.0,4.0,5.0,0.0,0.0,0.16666666666666666,0.75,0.0,11.0,3.0,18.0,73.0,37.0,0.23529411764705882,0.29126213592233013,0.5038406624785836,0.375,0.625,0.3208333333333333,0.5,0.44776119402985076,0.23955223880597015,0.6470588235294118,0.9090909090909091,0.3759358288770054,0.375,0.7317073170731707,0.2588414634146341,35.84,33.91,171,141,-1.93,rep_visit,True
420,Terrance,Costa,primary_care,low_value,TERR_16,Louisville,KY,hospital,4.1,False,Digital-Heavy,6.0,8.0,0.0,1.0,0.0,0.0,0.25,0.0,1.0,0.0,70.0,2.0,,212.0,,0.058823529411764705,0.12396694214876033,0.5424404472532816,0.0,0.0,0.0,0.0,0.0,0.0,0.47058823529411764,0.9375,0.4536764705882353,0.375,0.3,0.1725,25.67,24.43,341,340,-1.24,rep_visit,True
421,Matthew,Schwartz,primary_care,high_value,TERR_21,Boston,MA,private_practice,4.1,False,Digital-Heavy,8.0,15.0,4.0,4.0,3.0,0.25,0.26666666666666666,0.0,0.5,0.0,28.0,3.0,122.0,147.0,15.0,0.23529411764705882,0.1694915254237288,0.3544865403788634,0.25,0.19736842105263158,0.11447368421052631,0.3,0.6666666666666666,0.22333333333333333,0.8823529411764706,0.9090909090909091,0.5798573975044563,0.5,0.5172413793103449,0.378448275862069,31.77,34.19,234,134,2.42,email,True
422,Debra,Christian,dermatology,high_value,TERR_44,Tucson,AZ,private_practice,1.8,False,Digital-Heavy,5.0,16.0,4.0,1.0,6.0,0.2,0.3125,0.5,0.0,0.3333333333333333,203.0,7.0,143.0,102.0,1.0,0.058823529411764705,0.22727272727272727,0.06310160427807487,0.25,0.17341040462427745,0.3596820809248555,0.6,0.9677419354838709,0.5402150537634409,0.9411764705882353,0.8108108108108107,0.6007651033386328,0.3125,0.12875536480686695,0.2195010729613734,32.19,34.22,228,131,2.03,email,True
423,Melissa,Villarreal,dermatology,medium_value,TERR_24,Albuquerque,NM,private_practice,2.0,False,Mixed,1.0,3.0,10.0,5.0,1.0,0.0,0.0,0.7,0.4,0.0,200.0,99.0,7.0,109.0,277.0,0.29411764705882354,0.21582733812949642,0.3314007617435464,0.625,0.8108108108108107,0.6996621621621621,0.1,0.09771986970684039,0.04954397394136808,0.17647058823529413,0.23255813953488372,0.09945280437756499,0.0625,0.13043478260869565,0.044836956521739135,27.09,22.73,309,376,-4.36,phone_call,True
424,Norman,Stewart,primary_care,medium_value,TERR_40,Jacksonville,FL,private_practice,3.6,False,In-Person-Heavy,7.0,4.0,3.0,3.0,1.0,0.14285714285714285,0.0,0.0,0.3333333333333333,0.0,10.0,15.0,3.0,32.0,332.0,0.17647058823529413,0.48387096774193555,0.316382036685642,0.1875,0.9090909090909091,0.23806818181818182,0.1,0.08287292817679558,0.046574585635359114,0.23529411764705882,0.6666666666666666,0.20392156862745098,0.4375,0.75,0.35267857142857145,23.53,24.41,376,344,0.88,digital_ad,True
425,Jennifer,Malone,endocrinology,low_value,TERR_22,Virginia Beach,VA,private_practice,2.5,False,In-Person-Heavy,3.0,4.0,5.0,7.0,6.0,0.0,0.0,0.6,0.5714285714285714,0.0,58.0,114.0,2.0,11.0,25.0,0.4117647058823529,0.7317073170731707,0.5555851608936258,0.3125,0.9375,0.58125,0.6,0.5454545454545454,0.28909090909090907,0.23529411764705882,0.20833333333333334,0.11225490196078432,0.1875,0.3409090909090909,0.12443181818181817,37.62,31.58,132,182,-6.04,phone_call,True
426,Monique,Johnson,dermatology,high_value,TERR_29,Houston,TX,clinic,2.1,False,In-Person-Heavy,2.0,8.0,8.0,7.0,4.0,0.5,0.0,0.25,0.8571428571428571,0.5,71.0,4.0,15.0,183.0,11.0,0.4117647058823529,0.14084507042253522,0.5802698544206414,0.5,0.6666666666666666,0.4083333333333333,0.4,0.7317073170731707,0.5163414634146342,0.47058823529411764,0.8823529411764706,0.3176470588235294,0.125,0.297029702970297,0.3469059405940594,45.87,42.76,21,17,-3.11,rep_visit,True
427,Casey,Welch,endocrinology,high_value,TERR_02,Detroit,MI,private_practice,6.1,False,Mixed,4.0,12.0,6.0,4.0,3.0,0.0,0.5833333333333334,0.16666666666666666,0.5,0.0,1.0,14.0,39.0,73.0,176.0,0.23529411764705882,0.29126213592233013,0.37884066247858367,0.375,0.4347826086956522,0.28278985507246374,0.3,0.14563106796116507,0.11912621359223301,0.7058823529411765,0.6818181818181818,0.639795008912656,0.25,0.9677419354838709,0.2685483870967742,33.03,34.18,215,135,1.15,email,True
428,Samantha,Bright,oncology,high_value,TERR_08,Nashville,TN,hospital,1.1,False,Digital-Heavy,8.0,17.0,5.0,3.0,0.0,0.125,0.23529411764705882,0.0,0.0,0.0,114.0,4.0,24.0,80.0,,0.17647058823529413,0.27272727272727276,0.10748663101604279,0.3125,0.5555555555555556,0.2048611111111111,0.0,0.0,0.0,1.0,0.8823529411764706,0.5941176470588235,0.5,0.20833333333333334,0.25416666666666665,20.05,24.05,422,351,4.0,email,True
429,Julie,Hamilton,primary_care,high_value,TERR_19,Omaha,NE,private_practice,6.1,False,In-Person-Heavy,1.0,8.0,5.0,7.0,4.0,0.0,0.5,0.2,0.7142857142857143,0.25,73.0,7.0,86.0,21.0,53.0,0.4117647058823529,0.5882352941176471,0.5983193277310924,0.3125,0.25862068965517243,0.2454741379310345,0.4,0.3614457831325301,0.31728915662650603,0.47058823529411764,0.8108108108108107,0.5533386327503975,0.0625,0.29126213592233013,0.07700242718446602,38.66,34.69,120,125,-3.97,rep_visit,True
430,Corey,Schultz,primary_care,low_value,TERR_35,Virginia Beach,VA,private_practice,3.1,False,Mixed,1.0,3.0,9.0,6.0,0.0,0.0,0.3333333333333333,0.5555555555555556,0.6666666666666666,0.0,14.0,51.0,113.0,59.0,,0.35294117647058826,0.33707865168539325,0.5066314166115884,0.5625,0.2097902097902098,0.4884858197358197,0.0,0.0,0.0,0.17647058823529413,0.37037037037037035,0.29368191721132897,0.0625,0.6818181818181818,0.15511363636363634,31.7,28.49,236,250,-3.21,rep_visit,True
431,Monique,Wallace,cardiology,low_value,TERR_49,Tulsa,OK,private_practice,4.2,False,In-Person-Heavy,0.0,1.0,4.0,6.0,0.0,0.0,0.0,0.5,0.8333333333333334,0.0,,287.0,50.0,3.0,,0.35294117647058826,0.9090909090909091,0.7043672014260249,0.25,0.37499999999999994,0.4,0.0,0.0,0.0,0.058823529411764705,0.09463722397476342,0.03657450361848209,0.0,0.0,0.0,29.68,21.87,263,391,-7.81,rep_visit,True
432,Heather,Berger,primary_care,medium_value,TERR_33,Portland,OR,private_practice,9.2,False,Digital-Heavy,11.0,4.0,1.0,1.0,1.0,0.09090909090909091,0.0,0.0,1.0,0.0,50.0,3.0,116.0,67.0,190.0,0.058823529411764705,0.30927835051546393,0.5795027289266222,0.0625,0.2054794520547945,0.059845890410958905,0.1,0.13636363636363638,0.05727272727272728,0.23529411764705882,0.9090909090909091,0.2524064171122995,0.6875,0.37499999999999994,0.32670454545454547,28.41,27.14,281,279,-1.27,rep_visit,True
433,Brandon,Flynn,dermatology,low_value,TERR_41,Dallas,TX,private_practice,2.0,False,In-Person-Heavy,1.0,3.0,5.0,5.0,6.0,0.0,0.0,0.4,0.8,0.3333333333333333,155.0,64.0,164.0,43.0,16.0,0.29411764705882354,0.410958904109589,0.5704270749395649,0.3125,0.15463917525773196,0.3246778350515464,0.6,0.6521739130434783,0.47710144927536235,0.17647058823529413,0.3191489361702128,0.1167709637046308,0.0625,0.16216216216216214,0.05118243243243242,35.67,28.85,173,243,-6.82,rep_visit,True
434,Kelly,Brooks,dermatology,low_value,TERR_21,Colorado Springs,CO,private_practice,1.1,False,Digital-Heavy,0.0,0.0,6.0,3.0,4.0,0.0,0.0,0.3333333333333333,0.3333333333333333,0.0,,,156.0,84.0,70.0,0.17647058823529413,0.2631578947368421,0.2722394220846233,0.375,0.16129032258064516,0.3114247311827957,0.4,0.3,0.18,0.0,0.0,0.0,0.0,0.0,0.0,18.0,13.92,445,475,-4.08,phone_call,True
435,Dustin,Schmidt,primary_care,high_value,TERR_46,Minneapolis,MN,private_practice,2.7,False,In-Person-Heavy,1.0,3.0,11.0,14.0,4.0,0.0,0.0,0.7272727272727273,0.7142857142857143,0.0,165.0,36.0,0.0,8.0,109.0,0.8235294117647058,0.7894736842105263,0.7620964175143742,0.6875,1.0,0.7698863636363635,0.4,0.21582733812949642,0.16316546762589929,0.17647058823529413,0.45454545454545453,0.14385026737967915,0.0625,0.15384615384615385,0.049519230769230774,44.42,35.58,40,103,-8.84,phone_call,True
436,Ashlee,Sparks,primary_care,medium_value,TERR_08,San Diego,CA,private_practice,0.7,False,Mixed,6.0,9.0,4.0,0.0,2.0,0.16666666666666666,0.4444444444444444,0.0,0.0,0.0,37.0,8.0,52.0,,207.0,0.0,0.0,0.0,0.25,0.36585365853658536,0.14817073170731707,0.2,0.12658227848101264,0.08531645569620253,0.5294117647058824,0.7894736842105263,0.5389404884760922,0.375,0.44776119402985076,0.2853855721393035,17.03,22.05,456,387,5.02,email,True
437,George,Miller,dermatology,medium_value,TERR_39,Memphis,TN,clinic,4.2,False,Digital-Heavy,3.0,1.0,5.0,15.0,4.0,0.0,0.0,0.4,0.6666666666666666,0.25,32.0,77.0,126.0,3.0,121.0,0.8823529411764706,0.9090909090909091,0.7798573975044563,0.3125,0.1923076923076923,0.3322115384615385,0.4,0.19867549668874174,0.2847350993377483,0.058823529411764705,0.2803738317757009,0.0737218251786696,0.1875,0.48387096774193555,0.15302419354838712,39.14,31.72,112,181,-7.42,rep_visit,True
438,Monica,Harvey,oncology,low_value,TERR_46,Nashville,TN,cancer_center,0.8,False,Mixed,5.0,1.0,4.0,2.0,4.0,0.2,1.0,0.0,0.5,0.0,29.0,240.0,65.0,245.0,95.0,0.11764705882352941,0.1090909090909091,0.30711229946524066,0.25,0.31578947368421056,0.13815789473684212,0.4,0.24000000000000005,0.168,0.058823529411764705,0.1111111111111111,0.5398692810457517,0.3125,0.5084745762711864,0.29544491525423733,27.87,29.77,295,224,1.9,email,True
439,John,Durham,dermatology,medium_value,TERR_04,Baltimore,MD,hospital,3.7,False,Digital-Heavy,4.0,5.0,4.0,2.0,6.0,0.0,0.0,0.25,1.0,0.0,73.0,10.0,60.0,288.0,2.0,0.11764705882352941,0.09433962264150944,0.5541620421753607,0.25,0.3333333333333333,0.26666666666666666,0.6,0.9375,0.3675,0.29411764705882354,0.75,0.2382352941176471,0.25,0.29126213592233013,0.13325242718446603,34.88,30.19,185,214,-4.69,rep_visit,True
440,Douglas,Murray,primary_care,low_value,TERR_19,Wichita,KS,private_practice,3.7,False,Mixed,1.0,0.0,6.0,3.0,3.0,0.0,0.0,0.16666666666666666,1.0,0.0,242.0,,123.0,158.0,67.0,0.17647058823529413,0.1595744680851064,0.5848560700876095,0.375,0.19607843137254904,0.2350490196078431,0.3,0.30927835051546393,0.15185567010309278,0.0,0.0,0.0,0.0625,0.11029411764705882,0.040808823529411765,25.9,19.5,336,423,-6.4,rep_visit,True
441,Jonathan,Scott,endocrinology,high_value,TERR_41,Colorado Springs,CO,clinic,0.5,False,In-Person-Heavy,0.0,2.0,4.0,11.0,1.0,0.0,0.5,0.5,0.5454545454545454,0.0,,37.0,11.0,58.0,17.0,0.6470588235294118,0.3409090909090909,0.5350267379679143,0.25,0.7317073170731707,0.4713414634146341,0.1,0.6382978723404256,0.15765957446808512,0.11764705882352941,0.44776119402985076,0.374846356453029,0.0,0.0,0.0,34.25,29.07,193,238,-5.18,rep_visit,True
442,Albert,Ballard,oncology,medium_value,TERR_02,Austin,TX,cancer_center,1.5,False,Digital-Heavy,8.0,3.0,5.0,1.0,1.0,0.375,0.3333333333333333,0.6,0.0,0.0,17.0,53.0,108.0,77.0,46.0,0.058823529411764705,0.2803738317757009,0.0737218251786696,0.3125,0.2173913043478261,0.43722826086956523,0.1,0.39473684210526316,0.10894736842105264,0.17647058823529413,0.3614457831325301,0.29189699976376093,0.5,0.6382978723404256,0.46515957446808515,24.49,28.64,358,247,4.15,digital_ad,True
443,Rachel,Byrd,dermatology,low_value,TERR_28,Chicago,IL,private_practice,3.1,False,Digital-Heavy,3.0,4.0,4.0,4.0,1.0,0.0,0.0,0.0,0.75,0.0,147.0,206.0,114.0,57.0,268.0,0.23529411764705882,0.3448275862068966,0.514553752535497,0.25,0.20833333333333334,0.11666666666666667,0.1,0.10067114093959731,0.05013422818791946,0.23529411764705882,0.1271186440677966,0.09601196410767697,0.1875,0.1694915254237288,0.09014830508474575,21.57,17.49,403,443,-4.08,rep_visit,True
444,Eric,Alexander,endocrinology,medium_value,TERR_29,Atlanta,GA,clinic,1.8,False,Mixed,6.0,9.0,5.0,4.0,5.0,0.0,0.3333333333333333,0.2,0.5,0.6,46.0,107.0,23.0,30.0,164.0,0.23529411764705882,0.5,0.4205882352941176,0.3125,0.5660377358490566,0.30695754716981133,0.5,0.15463917525773196,0.48092783505154635,0.5294117647058824,0.21897810218978103,0.36928581651638753,0.375,0.39473684210526316,0.19144736842105264,36.79,34.21,152,133,-2.58,webinar,True
445,Michael,Matthews,cardiology,low_value,TERR_35,Miami,FL,hospital,4.4,False,Digital-Heavy,9.0,10.0,2.0,2.0,3.0,0.1111111111111111,0.0,0.5,0.0,0.3333333333333333,8.0,86.0,2.0,24.0,93.0,0.11764705882352941,0.5555555555555556,0.14640522875816994,0.125,0.9375,0.475,0.3,0.24390243902439027,0.3054471544715447,0.5882352941176471,0.25862068965517243,0.22819472616632863,0.5625,0.7894736842105263,0.38220029239766085,29.16,30.69,270,205,1.53,phone_call,True
446,Danielle,Coleman,primary_care,high_value,TERR_37,Boston,MA,private_practice,2.5,False,Digital-Heavy,9.0,10.0,1.0,1.0,5.0,0.0,0.0,1.0,0.0,0.0,42.0,56.0,303.0,287.0,38.0,0.058823529411764705,0.09463722397476342,0.03657450361848209,0.0625,0.0900900900900901,0.5367680180180181,0.5,0.4411764705882353,0.23823529411764705,0.5882352941176471,0.3488372093023256,0.24623803009575923,0.5625,0.4166666666666667,0.2520833333333333,24.07,25.4,367,322,1.33,phone_call,True
447,John,Bruce,primary_care,high_value,TERR_36,Sacramento,CA,private_practice,4.4,False,Digital-Heavy,9.0,8.0,4.0,2.0,7.0,0.0,0.25,0.5,0.0,0.14285714285714285,9.0,106.0,50.0,133.0,43.0,0.11764705882352941,0.18404907975460122,0.07210393359797906,0.25,0.37499999999999994,0.4,0.7,0.410958904109589,0.3636203522504892,0.47058823529411764,0.22058823529411764,0.31029411764705883,0.5625,0.7692307692307692,0.3225961538461538,26.93,28.98,314,239,2.05,phone_call,True
448,James,Cruz,dermatology,low_value,TERR_30,Oakland,CA,private_practice,2.3,False,In-Person-Heavy,5.0,4.0,2.0,1.0,4.0,0.4,0.5,0.0,0.0,0.0,58.0,148.0,135.0,87.0,37.0,0.058823529411764705,0.25641025641025644,0.0689291101055807,0.125,0.18181818181818182,0.07386363636363637,0.4,0.44776119402985076,0.20955223880597015,0.23529411764705882,0.16853932584269662,0.3542961004626569,0.3125,0.3409090909090909,0.3619318181818182,18.48,22.57,439,380,4.09,digital_ad,True
449,Timothy,Young,oncology,low_value,TERR_23,Virginia Beach,VA,hospital,5.0,False,In-Person-Heavy,3.0,5.0,4.0,2.0,3.0,0.0,0.2,0.75,0.0,0.6666666666666666,17.0,22.0,161.0,93.0,107.0,0.11764705882352941,0.24390243902439027,0.08407460545193687,0.25,0.15706806282722513,0.481413612565445,0.3,0.21897810218978103,0.46712895377128955,0.29411764705882354,0.5769230769230769,0.3036199095022624,0.1875,0.6382978723404256,0.18390957446808512,28.81,28.68,272,246,-0.13,phone_call,True
450,Ashley,Andrews,cardiology,medium_value,TERR_36,Tucson,AZ,hospital,3.5,False,Digital-Heavy,1.0,2.0,11.0,7.0,6.0,0.0,0.0,0.2727272727272727,0.5714285714285714,0.3333333333333333,8.0,121.0,0.0,66.0,70.0,0.4117647058823529,0.3125,0.4717436974789916,0.6875,1.0,0.5426136363636364,0.6,0.3,0.4066666666666667,0.11764705882352941,0.19867549668874174,0.07502921698480718,0.0625,0.7894736842105263,0.17664473684210527,36.91,31.82,146,178,-5.09,phone_call,True
451,Victoria,Phillips,oncology,low_value,TERR_29,San Jose,CA,hospital,1.4,False,Digital-Heavy,3.0,11.0,1.0,1.0,7.0,0.3333333333333333,0.18181818181818182,1.0,0.0,0.0,15.0,9.0,32.0,316.0,3.0,0.058823529411764705,0.08670520231213873,0.034988099285957155,0.0625,0.48387096774193555,0.6155241935483872,0.7,0.9090909090909091,0.39181818181818184,0.6470588235294118,0.7692307692307692,0.4388728918140683,0.1875,0.6666666666666666,0.35624999999999996,33.12,35.84,211,100,2.72,phone_call,True
452,Tiffany,Barrett,endocrinology,high_value,TERR_47,Milwaukee,WI,private_practice,3.6,False,Digital-Heavy,4.0,8.0,8.0,3.0,4.0,0.0,0.125,0.5,0.3333333333333333,0.25,72.0,155.0,53.0,64.0,119.0,0.17647058823529413,0.3191489361702128,0.28343763037129743,0.5,0.3614457831325301,0.47228915662650606,0.4,0.20134228187919462,0.2852684563758389,0.47058823529411764,0.16216216216216214,0.23610890302066773,0.25,0.29411764705882354,0.1338235294117647,29.2,26.84,269,287,-2.36,phone_call,True
453,Joshua,Knight,cardiology,high_value,TERR_34,New Orleans,LA,private_practice,4.2,False,Digital-Heavy,8.0,7.0,7.0,1.0,3.0,0.375,0.0,0.2857142857142857,0.0,0.3333333333333333,18.0,45.0,50.0,185.0,121.0,0.058823529411764705,0.13953488372093023,0.04555403556771546,0.4375,0.37499999999999994,0.3491071428571429,0.3,0.19867549668874174,0.29640176600441503,0.4117647058823529,0.4,0.2035294117647059,0.5,0.625,0.4625,24.27,27.9,363,262,3.63,digital_ad,True
454,Gina,Garner,endocrinology,medium_value,TERR_31,Houston,TX,clinic,5.2,False,In-Person-Heavy,7.0,10.0,3.0,1.0,3.0,0.14285714285714285,0.4,0.0,0.0,0.0,66.0,8.0,15.0,304.0,0.0,0.058823529411764705,0.08982035928143713,0.03561113067981683,0.1875,0.6666666666666666,0.18958333333333333,0.3,1.0,0.29000000000000004,0.5882352941176471,0.7894736842105263,0.5343653250773994,0.4375,0.3125,0.26517857142857143,22.65,26.35,387,298,3.7,email,True
455,Brandon,Obrien,primary_care,low_value,TERR_11,Minneapolis,MN,private_practice,2.8,False,Mixed,1.0,2.0,3.0,10.0,2.0,0.0,0.0,0.0,0.4,0.0,330.0,198.0,51.0,43.0,7.0,0.5882352941176471,0.410958904109589,0.4586623690572119,0.1875,0.37037037037037035,0.13032407407407406,0.2,0.8108108108108107,0.22216216216216217,0.11764705882352941,0.13157894736842105,0.06160990712074303,0.0625,0.08333333333333333,0.035416666666666666,22.26,17.42,396,444,-4.84,rep_visit,True
456,Tyler,Strong,endocrinology,high_value,TERR_43,Las Vegas,NV,private_practice,2.1,False,Digital-Heavy,9.0,6.0,3.0,2.0,4.0,0.1111111111111111,0.3333333333333333,0.0,0.0,0.5,17.0,144.0,190.0,46.0,213.0,0.11764705882352941,0.39473684210526316,0.11424148606811146,0.1875,0.13636363636363638,0.08352272727272728,0.4,0.1234567901234568,0.39469135802469135,0.35294117647058826,0.1724137931034483,0.3070317782285328,0.5625,0.6382978723404256,0.35196513002364066,22.88,25.59,384,319,2.71,webinar,True
457,Justin,Lindsey,oncology,high_value,TERR_42,Mesa,AZ,hospital,2.7,False,Digital-Heavy,2.0,7.0,6.0,14.0,4.0,0.5,0.0,0.16666666666666666,0.7142857142857143,0.5,294.0,10.0,91.0,3.0,32.0,0.8235294117647058,0.9090909090909091,0.7860198624904506,0.375,0.24793388429752067,0.24542011019283744,0.4,0.48387096774193555,0.4667741935483871,0.4117647058823529,0.75,0.2735294117647059,0.125,0.09259259259259259,0.30601851851851847,46.52,41.34,17,26,-5.18,rep_visit,True
458,Catherine,Gomez,oncology,low_value,TERR_37,Sacramento,CA,hospital,0.5,False,Digital-Heavy,4.0,0.0,5.0,5.0,3.0,0.25,0.0,0.2,0.6,0.3333333333333333,71.0,,255.0,100.0,44.0,0.29411764705882354,0.23076923076923073,0.4343891402714932,0.3125,0.10526315789473684,0.21480263157894738,0.3,0.4054054054054054,0.33774774774774774,0.0,0.0,0.0,0.25,0.297029702970297,0.2594059405940594,27.97,24.88,293,332,-3.09,rep_visit,True
459,Dana,Oliver,endocrinology,high_value,TERR_17,Minneapolis,MN,hospital,3.1,False,Mixed,3.0,6.0,8.0,9.0,3.0,0.0,0.0,0.375,0.8888888888888888,0.0,238.0,24.0,35.0,44.0,86.0,0.5294117647058824,0.4054054054054054,0.6843490549372901,0.5,0.46153846153846145,0.42980769230769234,0.3,0.25862068965517243,0.1417241379310345,0.35294117647058826,0.5555555555555556,0.2169934640522876,0.1875,0.11194029850746269,0.07863805970149254,36.4,29.99,164,220,-6.41,rep_visit,True
460,Erica,Le,endocrinology,medium_value,TERR_13,Fresno,CA,hospital,1.6,False,Mixed,0.0,1.0,6.0,2.0,3.0,0.0,0.0,0.5,0.5,0.3333333333333333,,197.0,114.0,120.0,22.0,0.11764705882352941,0.2,0.32529411764705884,0.375,0.20833333333333334,0.4041666666666667,0.3,0.5769230769230769,0.372051282051282,0.058823529411764705,0.13215859030837004,0.044078776885203425,0.0,0.0,0.0,25.94,20.72,334,405,-5.22,phone_call,True
461,Donna,Massey,dermatology,medium_value,TERR_32,Minneapolis,MN,clinic,0.5,False,Mixed,3.0,2.0,7.0,11.0,8.0,0.0,1.0,0.14285714285714285,0.7272727272727273,0.0,113.0,22.0,28.0,50.0,57.0,0.6470588235294118,0.37499999999999994,0.6327540106951871,0.4375,0.5172413793103449,0.30612684729064044,0.8,0.3448275862068966,0.30896551724137933,0.11764705882352941,0.5769230769230769,0.6506787330316742,0.1875,0.2097902097902098,0.09820804195804195,42.52,38.77,60,43,-3.75,email,True
462,Courtney,Berger,cardiology,low_value,TERR_44,Boston,MA,private_practice,2.0,False,Digital-Heavy,3.0,4.0,7.0,5.0,2.0,0.0,0.25,0.2857142857142857,0.0,0.5,190.0,154.0,32.0,94.0,57.0,0.29411764705882354,0.24193548387096778,0.13662239089184064,0.4375,0.48387096774193555,0.37088133640553,0.2,0.3448275862068966,0.37896551724137933,0.23529411764705882,0.16304347826086957,0.22819693094629157,0.1875,0.13636363636363638,0.08352272727272728,23.77,22.26,373,383,-1.51,webinar,True
463,Debbie,Parker,endocrinology,low_value,TERR_35,Fort Worth,TX,hospital,3.2,False,Digital-Heavy,2.0,3.0,3.0,1.0,1.0,0.0,0.3333333333333333,0.0,1.0,0.0,148.0,4.0,31.0,294.0,330.0,0.058823529411764705,0.09259259259259259,0.536165577342048,0.1875,0.49180327868852464,0.15461065573770494,0.1,0.08333333333333333,0.04666666666666666,0.17647058823529413,0.8823529411764706,0.39607843137254906,0.125,0.16853932584269662,0.07120786516853933,27.12,24.01,308,352,-3.11,rep_visit,True
464,Scott,Riley,oncology,high_value,TERR_17,Sacramento,CA,hospital,1.0,False,Digital-Heavy,5.0,6.0,3.0,6.0,5.0,0.2,0.3333333333333333,0.0,0.6666666666666666,0.6,81.0,44.0,67.0,25.0,10.0,0.35294117647058826,0.5454545454545454,0.5483065953654189,0.1875,0.30927835051546393,0.11810567010309278,0.5,0.75,0.6,0.35294117647058826,0.4054054054054054,0.3536301006889242,0.3125,0.27027027027027023,0.24780405405405406,39.83,36.69,96,76,-3.14,webinar,True
465,Jessica,Davis,endocrinology,medium_value,TERR_39,Boston,MA,private_practice,2.5,False,Digital-Heavy,4.0,3.0,4.0,0.0,3.0,0.0,0.3333333333333333,0.0,0.0,0.6666666666666666,42.0,15.0,24.0,,119.0,0.0,0.0,0.0,0.25,0.5555555555555556,0.18611111111111112,0.3,0.20134228187919462,0.46360178970917226,0.17647058823529413,0.6666666666666666,0.3529411764705882,0.25,0.4166666666666667,0.15833333333333333,20.66,22.15,415,385,1.49,webinar,True
466,Kenneth,Burgess,endocrinology,medium_value,TERR_19,Las Vegas,NV,hospital,2.4,False,In-Person-Heavy,3.0,3.0,6.0,4.0,2.0,0.0,0.3333333333333333,0.3333333333333333,0.25,0.5,161.0,197.0,2.0,70.0,39.0,0.23529411764705882,0.3,0.25558823529411767,0.375,0.9375,0.4666666666666667,0.2,0.4347826086956522,0.39695652173913043,0.17647058823529413,0.13215859030837004,0.24603956119892892,0.1875,0.15706806282722513,0.08766361256544503,29.95,27.08,260,280,-2.87,phone_call,True
467,Gregory,Anderson,dermatology,high_value,TERR_11,Colorado Springs,CO,clinic,2.0,False,Mixed,1.0,4.0,10.0,17.0,3.0,0.0,0.0,0.4,0.7058823529411765,1.0,144.0,50.0,9.0,3.0,114.0,1.0,0.9090909090909091,0.83475935828877,0.625,0.7692307692307692,0.5413461538461539,0.3,0.20833333333333334,0.6316666666666666,0.23529411764705882,0.37499999999999994,0.14558823529411763,0.0625,0.1724137931034483,0.05323275862068966,51.49,41.18,3,27,-10.31,rep_visit,True
468,Amber,Mata,endocrinology,medium_value,TERR_41,Tulsa,OK,private_practice,2.7,False,Mixed,5.0,13.0,3.0,1.0,6.0,0.2,0.46153846153846156,0.3333333333333333,0.0,0.6666666666666666,17.0,38.0,126.0,185.0,77.0,0.058823529411764705,0.13953488372093023,0.04555403556771546,0.1875,0.1923076923076923,0.2613782051282051,0.6,0.2803738317757009,0.5694080996884735,0.7647058823529411,0.4411764705882353,0.5484162895927601,0.3125,0.6382978723404256,0.32140957446808516,31.03,34.24,245,130,3.21,webinar,True
469,Alyssa,Mcintyre,oncology,medium_value,TERR_44,Albuquerque,NM,private_practice,5.3,False,Mixed,3.0,6.0,9.0,11.0,5.0,0.0,0.16666666666666666,0.1111111111111111,0.8181818181818182,0.2,17.0,28.0,86.0,38.0,1.0,0.6470588235294118,0.4411764705882353,0.6914438502673798,0.5625,0.25862068965517243,0.27602969348659,0.5,0.9677419354838709,0.4435483870967742,0.35294117647058826,0.5172413793103449,0.29266396213657875,0.1875,0.6382978723404256,0.18390957446808512,42.28,36.8,64,71,-5.48,rep_visit,True
470,Maria,Scott,oncology,low_value,TERR_24,Nashville,TN,hospital,2.8,False,Digital-Heavy,6.0,5.0,2.0,1.0,2.0,0.16666666666666666,0.0,0.0,1.0,0.5,17.0,50.0,10.0,85.0,147.0,0.058823529411764705,0.2608695652173913,0.5698209718670078,0.125,0.75,0.18750000000000003,0.2,0.1694915254237288,0.3438983050847458,0.29411764705882354,0.37499999999999994,0.16323529411764706,0.375,0.6382978723404256,0.32349290780141843,35.02,32.15,184,167,-2.87,rep_visit,True
471,Makayla,Olson,cardiology,low_value,TERR_14,Las Vegas,NV,hospital,4.4,False,In-Person-Heavy,0.0,1.0,6.0,5.0,0.0,0.0,0.0,0.6666666666666666,0.6,0.0,,88.0,157.0,8.0,,0.29411764705882354,0.7894736842105263,0.5461300309597523,0.375,0.16042780748663102,0.4779188948306595,0.0,0.0,0.0,0.058823529411764705,0.2542372881355932,0.06849451645064805,0.0,0.0,0.0,26.97,20.64,313,408,-6.33,rep_visit,True
472,Lindsay,Francis,oncology,low_value,TERR_47,Houston,TX,hospital,3.1,True,Digital-Heavy,5.0,0.0,0.0,0.0,2.0,0.0,0.0,0.0,0.0,1.0,25.0,,,,127.0,0.0,0.0,0.0,0.0,0.0,0.0,0.2,0.19108280254777069,0.5982165605095542,0.0,0.0,0.0,0.3125,0.5454545454545454,0.20284090909090907,15.01,15.35,469,466,0.34,Do Not Contact,False
473,Matthew,Wilson,dermatology,low_value,TERR_08,Denver,CO,private_practice,0.5,True,Digital-Heavy,1.0,0.0,0.0,4.0,1.0,0.0,0.0,0.0,0.5,0.0,259.0,,,1.0,95.0,0.23529411764705882,0.9677419354838709,0.5141366223908919,0.0,0.0,0.0,0.1,0.24000000000000005,0.07800000000000001,0.0,0.0,0.0,0.0625,0.10380622837370243,0.039511245674740486,17.58,12.74,450,480,-4.84,Do Not Contact,False
474,Sydney,Taylor,cardiology,high_value,TERR_46,Milwaukee,WI,private_practice,4.2,False,Mixed,14.0,11.0,4.0,1.0,2.0,0.21428571428571427,0.0,0.5,0.0,0.5,46.0,30.0,21.0,112.0,11.0,0.058823529411764705,0.2112676056338028,0.059900579950289974,0.25,0.5882352941176471,0.44264705882352945,0.2,0.7317073170731707,0.4563414634146341,0.6470588235294118,0.5,0.29411764705882354,0.875,0.39473684210526316,0.4485902255639098,30.92,33.95,246,140,3.03,webinar,True
475,Tammy,Dalton,oncology,high_value,TERR_42,Boston,MA,hospital,4.2,False,Digital-Heavy,0.0,4.0,10.0,10.0,1.0,0.0,0.25,0.6,0.5,1.0,,14.0,37.0,32.0,93.0,0.5882352941176471,0.48387096774193555,0.5232447817836813,0.625,0.44776119402985076,0.5770522388059701,0.1,0.24390243902439027,0.5787804878048781,0.23529411764705882,0.6818181818181818,0.33195187165775397,0.0,0.0,0.0,43.79,36.93,44,68,-6.86,webinar,True
476,Jennifer,Whitney,endocrinology,high_value,TERR_30,Baltimore,MD,hospital,4.5,False,In-Person-Heavy,8.0,10.0,6.0,2.0,3.0,0.0,0.5,0.0,0.5,0.0,84.0,25.0,94.0,255.0,119.0,0.11764705882352941,0.10526315789473684,0.3063467492260062,0.375,0.24193548387096778,0.16088709677419355,0.3,0.20134228187919462,0.13026845637583892,0.5882352941176471,0.5454545454545454,0.5355614973262033,0.5,0.2631578947368421,0.2026315789473684,26.09,27.04,330,281,0.95,email,True
477,Tammy,Ballard,cardiology,high_value,TERR_07,Chicago,IL,clinic,2.0,False,Digital-Heavy,0.0,2.0,11.0,11.0,3.0,0.0,0.5,0.8181818181818182,0.6363636363636364,0.3333333333333333,,234.0,1.0,17.0,51.0,0.6470588235294118,0.6382978723404256,0.6399590397087269,0.6875,0.9677419354838709,0.8088892961876832,0.3,0.37037037037037035,0.3307407407407407,0.11764705882352941,0.11363636363636363,0.3080213903743315,0.0,0.0,0.0,46.61,38.61,15,47,-8.0,phone_call,True
478,Michael,Gibbs,primary_care,high_value,TERR_15,Mesa,AZ,private_practice,4.1,False,In-Person-Heavy,6.0,7.0,9.0,6.0,6.0,0.16666666666666666,0.2857142857142857,0.2222222222222222,0.5,0.3333333333333333,105.0,43.0,15.0,10.0,84.0,0.35294117647058826,0.75,0.5058823529411764,0.5625,0.6666666666666666,0.4131944444444444,0.6,0.2631578947368421,0.3992982456140351,0.4117647058823529,0.410958904109589,0.34857833544376654,0.375,0.2222222222222222,0.24027777777777776,40.26,37.23,91,63,-3.03,rep_visit,True
479,Alexander,Herrera,dermatology,medium_value,TERR_36,Sacramento,CA,clinic,2.2,False,Mixed,14.0,8.0,3.0,1.0,4.0,0.07142857142857142,0.125,0.3333333333333333,1.0,0.0,25.0,11.0,100.0,332.0,134.0,0.058823529411764705,0.08287292817679558,0.5342216444588885,0.1875,0.23076923076923073,0.2690705128205128,0.4,0.18292682926829268,0.15658536585365854,0.47058823529411764,0.7317073170731707,0.3500179340028694,0.875,0.5454545454545454,0.4073051948051948,35.9,35.53,170,105,-0.37,rep_visit,True
480,Shawn,Chambers,oncology,high_value,TERR_34,Tulsa,OK,hospital,3.9,False,Digital-Heavy,4.0,9.0,7.0,5.0,2.0,0.0,0.2222222222222222,0.2857142857142857,0.6,0.0,15.0,30.0,3.0,51.0,254.0,0.29411764705882354,0.37037037037037035,0.46230936819172114,0.4375,0.9090909090909091,0.4559253246753247,0.2,0.1056338028169014,0.08112676056338028,0.5294117647058824,0.5,0.36993464052287583,0.25,0.6666666666666666,0.20833333333333331,33.28,31.29,207,188,-1.99,rep_visit,True
481,Emily,Richards,endocrinology,high_value,TERR_13,Minneapolis,MN,private_practice,2.9,False,Mixed,2.0,7.0,8.0,2.0,8.0,0.0,0.2857142857142857,0.125,1.0,0.25,60.0,87.0,1.0,53.0,17.0,0.11764705882352941,0.3614457831325301,0.6075832742735648,0.5,0.9677419354838709,0.40604838709677415,0.8,0.6382978723404256,0.4926595744680851,0.4117647058823529,0.25641025641025644,0.3176686059039,0.125,0.3333333333333333,0.10416666666666666,42.53,36.63,58,77,-5.9,rep_visit,True
482,Lynn,Bentley,oncology,low_value,TERR_38,San Francisco,CA,hospital,3.9,False,Digital-Heavy,3.0,4.0,2.0,4.0,1.0,0.0,0.0,0.0,1.0,0.0,74.0,94.0,235.0,1.0,288.0,0.23529411764705882,0.9677419354838709,0.7641366223908919,0.125,0.11320754716981134,0.060141509433962265,0.1,0.09433962264150944,0.04886792452830189,0.23529411764705882,0.24193548387096778,0.11897533206831121,0.1875,0.28846153846153844,0.11394230769230768,28.6,22.62,278,379,-5.98,rep_visit,True
483,Daniel,Hall,oncology,low_value,TERR_02,Los Angeles,CA,hospital,3.8,False,In-Person-Heavy,4.0,4.0,5.0,4.0,6.0,0.0,0.0,0.2,0.25,0.16666666666666666,74.0,37.0,87.0,45.0,0.0,0.23529411764705882,0.4,0.2755882352941177,0.3125,0.25641025641025644,0.2450320512820513,0.6,1.0,0.4633333333333333,0.23529411764705882,0.44776119402985076,0.1601404741000878,0.25,0.28846153846153844,0.1326923076923077,26.83,24.24,316,347,-2.59,webinar,True
484,Angel,Henson,oncology,medium_value,TERR_34,Colorado Springs,CO,hospital,4.2,False,Mixed,8.0,10.0,7.0,4.0,6.0,0.0,0.1,0.2857142857142857,0.25,0.6666666666666666,2.0,32.0,9.0,151.0,114.0,0.23529411764705882,0.16574585635359115,0.22873740656483588,0.4375,0.7692307692307692,0.42795329670329674,0.6,0.20833333333333334,0.5549999999999999,0.5882352941176471,0.48387096774193555,0.32324478178368127,0.5,0.9375,0.3375,36.43,36.51,163,82,0.08,webinar,True
485,Anna,Herman,cardiology,low_value,TERR_29,Colorado Springs,CO,clinic,1.9,False,In-Person-Heavy,2.0,2.0,4.0,1.0,2.0,0.0,0.5,0.25,1.0,1.0,52.0,86.0,25.0,186.0,164.0,0.058823529411764705,0.1388888888888889,0.5454248366013073,0.25,0.5454545454545454,0.3090909090909091,0.2,0.15463917525773196,0.5909278350515464,0.11764705882352941,0.25862068965517243,0.3370182555780933,0.125,0.36585365853658536,0.11067073170731706,41.08,35.92,76,95,-5.16,webinar,True
486,Jeffrey,Brown,dermatology,low_value,TERR_30,Fort Worth,TX,hospital,2.5,False,Mixed,6.0,4.0,1.0,1.0,2.0,0.0,0.0,0.0,0.0,0.0,11.0,31.0,273.0,198.0,185.0,0.058823529411764705,0.13157894736842105,0.04396284829721362,0.0625,0.09900990099009901,0.03855198019801981,0.2,0.13953488372093023,0.08790697674418604,0.23529411764705882,0.49180327868852464,0.1689488910318226,0.375,0.7317073170731707,0.2588414634146341,10.26,13.06,492,479,2.8,digital_ad,True
487,Madison,Blankenship,dermatology,low_value,TERR_23,Albuquerque,NM,private_practice,1.7,False,Digital-Heavy,1.0,1.0,6.0,4.0,5.0,0.0,0.0,0.0,0.0,0.2,18.0,21.0,59.0,94.0,37.0,0.23529411764705882,0.24193548387096778,0.11897533206831121,0.375,0.33707865168539325,0.17991573033707864,0.5,0.44776119402985076,0.3395522388059702,0.058823529411764705,0.5882352941176471,0.13529411764705884,0.0625,0.625,0.14375,18.14,17.65,443,440,-0.49,webinar,True
488,Kevin,Ortiz,oncology,medium_value,TERR_20,Albuquerque,NM,cancer_center,3.7,True,In-Person-Heavy,0.0,0.0,0.0,6.0,1.0,0.0,0.0,0.0,0.6666666666666666,0.0,,,,57.0,137.0,0.35294117647058826,0.3448275862068966,0.5081812035158891,0.0,0.0,0.0,0.1,0.17964071856287425,0.06592814371257485,0.0,0.0,0.0,0.0,0.0,0.0,16.56,11.4,459,488,-5.16,Do Not Contact,False
489,Donald,Shah,oncology,high_value,TERR_22,Baltimore,MD,hospital,1.6,False,In-Person-Heavy,9.0,12.0,4.0,2.0,3.0,0.0,0.25,0.0,0.5,0.0,29.0,45.0,79.0,16.0,7.0,0.11764705882352941,0.6521739130434783,0.4157289002557545,0.25,0.27522935779816515,0.13004587155963304,0.3,0.8108108108108107,0.25216216216216214,0.7058823529411765,0.4,0.416764705882353,0.5625,0.5084745762711864,0.2704449152542373,30.42,30.16,250,216,-0.26,email,True
490,Kevin,Vasquez,endocrinology,high_value,TERR_18,Jacksonville,FL,private_practice,1.6,False,Mixed,11.0,11.0,3.0,2.0,6.0,0.18181818181818182,0.18181818181818182,0.0,0.5,0.3333333333333333,1.0,35.0,133.0,106.0,88.0,0.11764705882352941,0.22058823529411764,0.32941176470588235,0.1875,0.18404907975460122,0.09305981595092025,0.6,0.2542372881355932,0.3975141242937853,0.6470588235294118,0.46153846153846145,0.37733443027560676,0.6875,0.9677419354838709,0.49070747800586506,32.71,35.12,222,114,2.41,digital_ad,True
491,Colton,Clay,oncology,low_value,TERR_32,El Paso,TX,hospital,1.9,False,Digital-Heavy,4.0,5.0,6.0,2.0,1.0,0.0,0.0,0.6666666666666666,0.0,0.0,95.0,70.0,116.0,63.0,144.0,0.11764705882352941,0.3225806451612903,0.09981024667931689,0.375,0.2054794520547945,0.4869292237442922,0.1,0.1724137931034483,0.06448275862068967,0.29411764705882354,0.3,0.14823529411764708,0.25,0.24000000000000005,0.12300000000000001,18.09,17.61,444,441,-0.48,phone_call,True
492,Derek,Chavez,primary_care,high_value,TERR_41,Philadelphia,PA,private_practice,1.2,False,Mixed,6.0,3.0,5.0,8.0,4.0,0.16666666666666666,0.0,0.4,1.0,0.75,32.0,1.0,101.0,42.0,51.0,0.47058823529411764,0.4166666666666667,0.7245098039215686,0.3125,0.22900763358778622,0.3395515267175573,0.4,0.37037037037037035,0.5690740740740741,0.17647058823529413,0.9677419354838709,0.24648956356736243,0.375,0.48387096774193555,0.2926075268817204,47.99,42.57,10,18,-5.42,rep_visit,True
493,Ellen,Paul,dermatology,high_value,TERR_34,Oakland,CA,hospital,4.9,False,In-Person-Heavy,1.0,3.0,7.0,8.0,5.0,0.0,0.3333333333333333,0.14285714285714285,0.375,0.6,220.0,100.0,3.0,14.0,58.0,0.47058823529411764,0.6818181818181818,0.46504010695187165,0.4375,0.9090909090909091,0.38449675324675325,0.5,0.3409090909090909,0.5181818181818181,0.17647058823529413,0.23076923076923073,0.26576168929110106,0.0625,0.12000000000000002,0.04275000000000001,36.63,31.19,156,191,-5.44,webinar,True
494,Sonya,Barnes,endocrinology,low_value,TERR_13,Denver,CO,clinic,0.5,False,Digital-Heavy,0.0,2.0,5.0,6.0,0.0,0.0,0.0,0.4,0.5,0.0,,70.0,60.0,105.0,,0.35294117647058826,0.2222222222222222,0.40032679738562094,0.3125,0.3333333333333333,0.36041666666666666,0.0,0.0,0.0,0.11764705882352941,0.3,0.09529411764705882,0.0,0.0,0.0,20.65,16.2,416,456,-4.45,rep_visit,True
495,Julia,Moore,primary_care,high_value,TERR_23,Portland,OR,private_practice,0.6,False,In-Person-Heavy,2.0,11.0,8.0,7.0,4.0,0.0,0.2727272727272727,0.25,0.2857142857142857,0.25,207.0,16.0,141.0,8.0,4.0,0.4117647058823529,0.7894736842105263,0.424281291463954,0.5,0.17543859649122806,0.31008771929824563,0.4,0.8823529411764706,0.42147058823529415,0.6470588235294118,0.6521739130434783,0.46091606603115554,0.125,0.12658227848101264,0.06281645569620253,35.22,31.85,179,177,-3.37,email,True
496,Robert,Garcia,dermatology,medium_value,TERR_10,Wichita,KS,private_practice,3.3,False,Digital-Heavy,2.0,9.0,6.0,6.0,1.0,0.0,0.1111111111111111,0.0,0.6666666666666666,0.0,158.0,0.0,128.0,25.0,206.0,0.35294117647058826,0.5454545454545454,0.5483065953654189,0.375,0.189873417721519,0.1504746835443038,0.1,0.1271186440677966,0.05542372881355932,0.5294117647058824,1.0,0.41437908496732023,0.125,0.1595744680851064,0.06941489361702127,27.82,24.65,297,335,-3.17,rep_visit,True
497,Tracy,Russell,dermatology,low_value,TERR_30,Dallas,TX,clinic,2.9,False,In-Person-Heavy,2.0,3.0,4.0,2.0,3.0,0.0,0.3333333333333333,0.5,0.0,0.0,259.0,14.0,114.0,178.0,51.0,0.11764705882352941,0.14423076923076922,0.06414027149321266,0.25,0.20833333333333334,0.3666666666666667,0.3,0.37037037037037035,0.16407407407407407,0.17647058823529413,0.6818181818181818,0.35597147950089125,0.125,0.10380622837370243,0.05826124567474049,18.75,18.97,437,428,0.22,phone_call,True
498,Stephanie,Johnson,dermatology,low_value,TERR_37,Omaha,NE,private_practice,3.1,False,Mixed,3.0,2.0,11.0,4.0,4.0,0.0,0.0,0.18181818181818182,1.0,0.0,164.0,16.0,59.0,31.0,9.0,0.23529411764705882,0.49180327868852464,0.6689488910318225,0.6875,0.33707865168539325,0.3645748212461695,0.4,0.7692307692307692,0.27384615384615385,0.11764705882352941,0.6521739130434783,0.16572890025575449,0.1875,0.15463917525773196,0.08717783505154639,36.63,29.99,156,220,-6.64,rep_visit,True
499,Mitchell,Ramos,primary_care,medium_value,TERR_47,New Orleans,LA,private_practice,0.5,False,In-Person-Heavy,6.0,4.0,1.0,3.0,3.0,0.0,0.5,0.0,0.3333333333333333,0.3333333333333333,4.0,49.0,154.0,186.0,31.0,0.17647058823529413,0.1388888888888889,0.2473856209150327,0.0625,0.16304347826086957,0.05135869565217391,0.3,0.49180327868852464,0.35502732240437157,0.23529411764705882,0.379746835443038,0.39653760238272523,0.375,0.8823529411764706,0.2889705882352941,25.83,27.22,338,276,1.39,email,True
500,Stephanie,Foley,oncology,medium_value,TERR_41,San Antonio,TX,cancer_center,1.2,False,In-Person-Heavy,2.0,10.0,3.0,1.0,1.0,0.5,0.2,0.6666666666666666,1.0,0.0,88.0,81.0,105.0,121.0,214.0,0.058823529411764705,0.19867549668874174,0.5573821581612778,0.1875,0.2222222222222222,0.43402777777777773,0.1,0.12295081967213116,0.05459016393442623,0.5882352941176471,0.27027027027027023,0.3305246422893482,0.125,0.2542372881355932,0.3383474576271186,36.53,34.95,159,120,-1.58,rep_visit,True
