hcp_id,prediction_date,candidate_channel,email_freq,email_success_rate,email_recency_days,email_has_history,webinar_freq,webinar_success_rate,webinar_recency_days,webinar_has_history,rep_visit_freq,rep_visit_success_rate,rep_visit_recency_days,rep_visit_has_history,digital_ad_freq,digital_ad_success_rate,digital_ad_recency_days,digital_ad_has_history,phone_call_freq,phone_call_success_rate,phone_call_recency_days,phone_call_has_history,channel_diversity,specialty,segment,territory,practice_type,account_tenure,opt_out_flag,channel_preference,success_probability,rank_in_hcp,recommendation_tier
1,2026-01-03 17:00:00,rep_visit,10,0.2,93.0,1,5,0.4,8.0,1,3,0.0,19.0,1,1,0.0,54.0,1,4,0.0,79.0,1,5,endocrinology,medium_value,TERR_19,hospital,0.5,False,Digital-Heavy,0.2924,0,Primary
1,2026-01-03 17:00:00,webinar,10,0.2,93.0,1,5,0.4,8.0,1,3,0.0,19.0,1,1,0.0,54.0,1,4,0.0,79.0,1,5,endocrinology,medium_value,TERR_19,hospital,0.5,False,Digital-Heavy,0.1836,1,Secondary
1,2026-01-03 17:00:00,phone_call,10,0.2,93.0,1,5,0.4,8.0,1,3,0.0,19.0,1,1,0.0,54.0,1,4,0.0,79.0,1,5,endocrinology,medium_value,TERR_19,hospital,0.5,False,Digital-Heavy,0.1569,2,Supporting
1,2026-01-03 17:00:00,email,10,0.2,93.0,1,5,0.4,8.0,1,3,0.0,19.0,1,1,0.0,54.0,1,4,0.0,79.0,1,5,endocrinology,medium_value,TERR_19,hospital,0.5,False,Digital-Heavy,0.1138,3,Other
1,2026-01-03 17:00:00,digital_ad,10,0.2,93.0,1,5,0.4,8.0,1,3,0.0,19.0,1,1,0.0,54.0,1,4,0.0,79.0,1,5,endocrinology,medium_value,TERR_19,hospital,0.5,False,Digital-Heavy,0.0856,4,Other
2,2026-01-03 17:00:00,rep_visit,3,0.0,117.0,1,2,0.0,222.0,1,1,0.0,199.0,1,2,0.0,164.0,1,3,0.3333333333333333,96.0,1,5,cardiology,low_value,TERR_40,private_practice,3.3,False,In-Person-Heavy,0.2751,0,Primary
2,2026-01-03 17:00:00,webinar,3,0.0,117.0,1,2,0.0,222.0,1,1,0.0,199.0,1,2,0.0,164.0,1,3,0.3333333333333333,96.0,1,5,cardiology,low_value,TERR_40,private_practice,3.3,False,In-Person-Heavy,0.1923,1,Secondary
2,2026-01-03 17:00:00,phone_call,3,0.0,117.0,1,2,0.0,222.0,1,1,0.0,199.0,1,2,0.0,164.0,1,3,0.3333333333333333,96.0,1,5,cardiology,low_value,TERR_40,private_practice,3.3,False,In-Person-Heavy,0.1791,2,Supporting
2,2026-01-03 17:00:00,email,3,0.0,117.0,1,2,0.0,222.0,1,1,0.0,199.0,1,2,0.0,164.0,1,3,0.3333333333333333,96.0,1,5,cardiology,low_value,TERR_40,private_practice,3.3,False,In-Person-Heavy,0.148,3,Other
2,2026-01-03 17:00:00,digital_ad,3,0.0,117.0,1,2,0.0,222.0,1,1,0.0,199.0,1,2,0.0,164.0,1,3,0.3333333333333333,96.0,1,5,cardiology,low_value,TERR_40,private_practice,3.3,False,In-Person-Heavy,0.0767,4,Other
3,2026-01-03 17:00:00,rep_visit,7,0.0,124.0,1,3,0.0,80.0,1,2,0.5,45.0,1,15,0.0,9.0,1,3,0.0,23.0,1,5,cardiology,medium_value,TERR_21,private_practice,0.8,False,Mixed,0.3912,0,Primary
3,2026-01-03 17:00:00,webinar,7,0.0,124.0,1,3,0.0,80.0,1,2,0.5,45.0,1,15,0.0,9.0,1,3,0.0,23.0,1,5,cardiology,medium_value,TERR_21,private_practice,0.8,False,Mixed,0.2223,1,Secondary
3,2026-01-03 17:00:00,email,7,0.0,124.0,1,3,0.0,80.0,1,2,0.5,45.0,1,15,0.0,9.0,1,3,0.0,23.0,1,5,cardiology,medium_value,TERR_21,private_practice,0.8,False,Mixed,0.1977,2,Supporting
3,2026-01-03 17:00:00,phone_call,7,0.0,124.0,1,3,0.0,80.0,1,2,0.5,45.0,1,15,0.0,9.0,1,3,0.0,23.0,1,5,cardiology,medium_value,TERR_21,private_practice,0.8,False,Mixed,0.1834,3,Other
3,2026-01-03 17:00:00,digital_ad,7,0.0,124.0,1,3,0.0,80.0,1,2,0.5,45.0,1,15,0.0,9.0,1,3,0.0,23.0,1,5,cardiology,medium_value,TERR_21,private_practice,0.8,False,Mixed,0.0831,4,Other
4,2026-01-03 17:00:00,rep_visit,6,0.5,59.0,1,8,0.375,26.0,1,2,0.5,73.0,1,3,0.0,16.0,1,7,0.2857142857142857,2.0,1,5,endocrinology,high_value,TERR_25,clinic,5.6,False,Digital-Heavy,0.2301,0,Primary
4,2026-01-03 17:00:00,email,6,0.5,59.0,1,8,0.375,26.0,1,2,0.5,73.0,1,3,0.0,16.0,1,7,0.2857142857142857,2.0,1,5,endocrinology,high_value,TERR_25,clinic,5.6,False,Digital-Heavy,0.1609,1,Secondary
4,2026-01-03 17:00:00,phone_call,6,0.5,59.0,1,8,0.375,26.0,1,2,0.5,73.0,1,3,0.0,16.0,1,7,0.2857142857142857,2.0,1,5,endocrinology,high_value,TERR_25,clinic,5.6,False,Digital-Heavy,0.1558,2,Supporting
4,2026-01-03 17:00:00,webinar,6,0.5,59.0,1,8,0.375,26.0,1,2,0.5,73.0,1,3,0.0,16.0,1,7,0.2857142857142857,2.0,1,5,endocrinology,high_value,TERR_25,clinic,5.6,False,Digital-Heavy,0.1538,3,Other
4,2026-01-03 17:00:00,digital_ad,6,0.5,59.0,1,8,0.375,26.0,1,2,0.5,73.0,1,3,0.0,16.0,1,7,0.2857142857142857,2.0,1,5,endocrinology,high_value,TERR_25,clinic,5.6,False,Digital-Heavy,0.0765,4,Other
5,2026-01-03 17:00:00,rep_visit,2,0.5,149.0,1,3,1.0,129.0,1,12,0.6666666666666666,1.0,1,1,0.0,318.0,1,8,0.25,32.0,1,5,cardiology,low_value,TERR_47,hospital,2.7,False,Mixed,0.4454,0,Primary
5,2026-01-03 17:00:00,webinar,2,0.5,149.0,1,3,1.0,129.0,1,12,0.6666666666666666,1.0,1,1,0.0,318.0,1,8,0.25,32.0,1,5,cardiology,low_value,TERR_47,hospital,2.7,False,Mixed,0.242,1,Secondary
5,2026-01-03 17:00:00,phone_call,2,0.5,149.0,1,3,1.0,129.0,1,12,0.6666666666666666,1.0,1,1,0.0,318.0,1,8,0.25,32.0,1,5,cardiology,low_value,TERR_47,hospital,2.7,False,Mixed,0.2209,2,Supporting
5,2026-01-03 17:00:00,email,2,0.5,149.0,1,3,1.0,129.0,1,12,0.6666666666666666,1.0,1,1,0.0,318.0,1,8,0.25,32.0,1,5,cardiology,low_value,TERR_47,hospital,2.7,False,Mixed,0.1553,3,Other
5,2026-01-03 17:00:00,digital_ad,2,0.5,149.0,1,3,1.0,129.0,1,12,0.6666666666666666,1.0,1,1,0.0,318.0,1,8,0.25,32.0,1,5,cardiology,low_value,TERR_47,hospital,2.7,False,Mixed,0.1113,4,Other
6,2026-01-03 17:00:00,rep_visit,1,0.0,82.0,1,3,0.0,194.0,1,5,0.4,38.0,1,0,0.0,,0,5,0.2,51.0,1,4,endocrinology,low_value,TERR_07,clinic,1.7,False,Digital-Heavy,0.7176,0,Primary
6,2026-01-03 17:00:00,phone_call,1,0.0,82.0,1,3,0.0,194.0,1,5,0.4,38.0,1,0,0.0,,0,5,0.2,51.0,1,4,endocrinology,low_value,TERR_07,clinic,1.7,False,Digital-Heavy,0.3323,1,Secondary
6,2026-01-03 17:00:00,webinar,1,0.0,82.0,1,3,0.0,194.0,1,5,0.4,38.0,1,0,0.0,,0,5,0.2,51.0,1,4,endocrinology,low_value,TERR_07,clinic,1.7,False,Digital-Heavy,0.2613,2,Supporting
6,2026-01-03 17:00:00,email,1,0.0,82.0,1,3,0.0,194.0,1,5,0.4,38.0,1,0,0.0,,0,5,0.2,51.0,1,4,endocrinology,low_value,TERR_07,clinic,1.7,False,Digital-Heavy,0.1513,3,Other
6,2026-01-03 17:00:00,digital_ad,1,0.0,82.0,1,3,0.0,194.0,1,5,0.4,38.0,1,0,0.0,,0,5,0.2,51.0,1,4,endocrinology,low_value,TERR_07,clinic,1.7,False,Digital-Heavy,0.1023,4,Other
7,2026-01-03 17:00:00,rep_visit,2,0.0,95.0,1,4,0.5,113.0,1,16,0.75,39.0,1,2,0.0,164.0,1,9,0.2222222222222222,30.0,1,5,primary_care,high_value,TERR_20,private_practice,0.7,False,Mixed,0.5777,0,Primary
7,2026-01-03 17:00:00,phone_call,2,0.0,95.0,1,4,0.5,113.0,1,16,0.75,39.0,1,2,0.0,164.0,1,9,0.2222222222222222,30.0,1,5,primary_care,high_value,TERR_20,private_practice,0.7,False,Mixed,0.254,1,Secondary
7,2026-01-03 17:00:00,webinar,2,0.0,95.0,1,4,0.5,113.0,1,16,0.75,39.0,1,2,0.0,164.0,1,9,0.2222222222222222,30.0,1,5,primary_care,high_value,TERR_20,private_practice,0.7,False,Mixed,0.2373,2,Supporting
7,2026-01-03 17:00:00,email,2,0.0,95.0,1,4,0.5,113.0,1,16,0.75,39.0,1,2,0.0,164.0,1,9,0.2222222222222222,30.0,1,5,primary_care,high_value,TERR_20,private_practice,0.7,False,Mixed,0.1301,3,Other
7,2026-01-03 17:00:00,digital_ad,2,0.0,95.0,1,4,0.5,113.0,1,16,0.75,39.0,1,2,0.0,164.0,1,9,0.2222222222222222,30.0,1,5,primary_care,high_value,TERR_20,private_practice,0.7,False,Mixed,0.084,4,Other
8,2026-01-03 17:00:00,rep_visit,11,0.2727272727272727,19.0,1,4,0.0,127.0,1,1,1.0,274.0,1,6,0.16666666666666666,93.0,1,5,0.0,44.0,1,5,endocrinology,high_value,TERR_47,private_practice,2.4,False,Mixed,0.3333,0,Primary
8,2026-01-03 17:00:00,webinar,11,0.2727272727272727,19.0,1,4,0.0,127.0,1,1,1.0,274.0,1,6,0.16666666666666666,93.0,1,5,0.0,44.0,1,5,endocrinology,high_value,TERR_47,private_practice,2.4,False,Mixed,0.2018,1,Secondary
8,2026-01-03 17:00:00,email,11,0.2727272727272727,19.0,1,4,0.0,127.0,1,1,1.0,274.0,1,6,0.16666666666666666,93.0,1,5,0.0,44.0,1,5,endocrinology,high_value,TERR_47,private_practice,2.4,False,Mixed,0.1919,2,Supporting
8,2026-01-03 17:00:00,phone_call,11,0.2727272727272727,19.0,1,4,0.0,127.0,1,1,1.0,274.0,1,6,0.16666666666666666,93.0,1,5,0.0,44.0,1,5,endocrinology,high_value,TERR_47,private_practice,2.4,False,Mixed,0.1722,3,Other
8,2026-01-03 17:00:00,digital_ad,11,0.2727272727272727,19.0,1,4,0.0,127.0,1,1,1.0,274.0,1,6,0.16666666666666666,93.0,1,5,0.0,44.0,1,5,endocrinology,high_value,TERR_47,private_practice,2.4,False,Mixed,0.1248,4,Other
9,2026-01-03 17:00:00,rep_visit,7,0.7142857142857143,58.0,1,3,0.0,145.0,1,4,0.75,159.0,1,9,0.0,16.0,1,6,0.16666666666666666,2.0,1,5,primary_care,high_value,TERR_42,private_practice,3.1,False,Digital-Heavy,0.2269,0,Primary
9,2026-01-03 17:00:00,email,7,0.7142857142857143,58.0,1,3,0.0,145.0,1,4,0.75,159.0,1,9,0.0,16.0,1,6,0.16666666666666666,2.0,1,5,primary_care,high_value,TERR_42,private_practice,3.1,False,Digital-Heavy,0.191,1,Secondary
9,2026-01-03 17:00:00,webinar,7,0.7142857142857143,58.0,1,3,0.0,145.0,1,4,0.75,159.0,1,9,0.0,16.0,1,6,0.16666666666666666,2.0,1,5,primary_care,high_value,TERR_42,private_practice,3.1,False,Digital-Heavy,0.1527,2,Supporting
9,2026-01-03 17:00:00,phone_call,7,0.7142857142857143,58.0,1,3,0.0,145.0,1,4,0.75,159.0,1,9,0.0,16.0,1,6,0.16666666666666666,2.0,1,5,primary_care,high_value,TERR_42,private_practice,3.1,False,Digital-Heavy,0.1356,3,Other
9,2026-01-03 17:00:00,digital_ad,7,0.7142857142857143,58.0,1,3,0.0,145.0,1,4,0.75,159.0,1,9,0.0,16.0,1,6,0.16666666666666666,2.0,1,5,primary_care,high_value,TERR_42,private_practice,3.1,False,Digital-Heavy,0.0841,4,Other
10,2026-01-03 17:00:00,rep_visit,5,0.0,4.0,1,1,0.0,59.0,1,2,1.0,15.0,1,1,0.0,65.0,1,3,0.0,116.0,1,5,dermatology,low_value,TERR_34,hospital,0.5,False,In-Person-Heavy,0.2566,0,Primary
10,2026-01-03 17:00:00,webinar,5,0.0,4.0,1,1,0.0,59.0,1,2,1.0,15.0,1,1,0.0,65.0,1,3,0.0,116.0,1,5,dermatology,low_value,TERR_34,hospital,0.5,False,In-Person-Heavy,0.1358,1,Secondary
10,2026-01-03 17:00:00,phone_call,5,0.0,4.0,1,1,0.0,59.0,1,2,1.0,15.0,1,1,0.0,65.0,1,3,0.0,116.0,1,5,dermatology,low_value,TERR_34,hospital,0.5,False,In-Person-Heavy,0.1183,2,Supporting
10,2026-01-03 17:00:00,email,5,0.0,4.0,1,1,0.0,59.0,1,2,1.0,15.0,1,1,0.0,65.0,1,3,0.0,116.0,1,5,dermatology,low_value,TERR_34,hospital,0.5,False,In-Person-Heavy,0.1099,3,Other
10,2026-01-03 17:00:00,digital_ad,5,0.0,4.0,1,1,0.0,59.0,1,2,1.0,15.0,1,1,0.0,65.0,1,3,0.0,116.0,1,5,dermatology,low_value,TERR_34,hospital,0.5,False,In-Person-Heavy,0.0709,4,Other
11,2026-01-03 17:00:00,rep_visit,0,0.0,,0,4,0.0,23.0,1,4,0.75,191.0,1,1,0.0,263.0,1,0,0.0,,0,3,endocrinology,low_value,TERR_16,clinic,1.1,True,Digital-Heavy,0.5092,0,Primary
11,2026-01-03 17:00:00,phone_call,0,0.0,,0,4,0.0,23.0,1,4,0.75,191.0,1,1,0.0,263.0,1,0,0.0,,0,3,endocrinology,low_value,TERR_16,clinic,1.1,True,Digital-Heavy,0.2616,1,Secondary
11,2026-01-03 17:00:00,webinar,0,0.0,,0,4,0.0,23.0,1,4,0.75,191.0,1,1,0.0,263.0,1,0,0.0,,0,3,endocrinology,low_value,TERR_16,clinic,1.1,True,Digital-Heavy,0.205,2,Supporting
11,2026-01-03 17:00:00,email,0,0.0,,0,4,0.0,23.0,1,4,0.75,191.0,1,1,0.0,263.0,1,0,0.0,,0,3,endocrinology,low_value,TERR_16,clinic,1.1,True,Digital-Heavy,0.1968,3,Other
11,2026-01-03 17:00:00,digital_ad,0,0.0,,0,4,0.0,23.0,1,4,0.75,191.0,1,1,0.0,263.0,1,0,0.0,,0,3,endocrinology,low_value,TERR_16,clinic,1.1,True,Digital-Heavy,0.139,4,Other
12,2026-01-03 17:00:00,rep_visit,4,0.0,16.0,1,0,0.0,,0,0,0.0,,0,4,0.0,130.0,1,2,0.5,39.0,1,3,oncology,medium_value,TERR_25,cancer_center,2.3,False,Mixed,0.4913,0,Primary
12,2026-01-03 17:00:00,webinar,4,0.0,16.0,1,0,0.0,,0,0,0.0,,0,4,0.0,130.0,1,2,0.5,39.0,1,3,oncology,medium_value,TERR_25,cancer_center,2.3,False,Mixed,0.2161,1,Secondary
12,2026-01-03 17:00:00,phone_call,4,0.0,16.0,1,0,0.0,,0,0,0.0,,0,4,0.0,130.0,1,2,0.5,39.0,1,3,oncology,medium_value,TERR_25,cancer_center,2.3,False,Mixed,0.1998,2,Supporting
12,2026-01-03 17:00:00,email,4,0.0,16.0,1,0,0.0,,0,0,0.0,,0,4,0.0,130.0,1,2,0.5,39.0,1,3,oncology,medium_value,TERR_25,cancer_center,2.3,False,Mixed,0.167,3,Other
12,2026-01-03 17:00:00,digital_ad,4,0.0,16.0,1,0,0.0,,0,0,0.0,,0,4,0.0,130.0,1,2,0.5,39.0,1,3,oncology,medium_value,TERR_25,cancer_center,2.3,False,Mixed,0.1063,4,Other
13,2026-01-03 17:00:00,rep_visit,9,0.3333333333333333,15.0,1,6,0.16666666666666666,24.0,1,2,0.5,36.0,1,11,0.2727272727272727,30.0,1,4,0.0,143.0,1,5,primary_care,high_value,TERR_01,private_practice,4.4,False,In-Person-Heavy,0.3549,0,Primary
13,2026-01-03 17:00:00,webinar,9,0.3333333333333333,15.0,1,6,0.16666666666666666,24.0,1,2,0.5,36.0,1,11,0.2727272727272727,30.0,1,4,0.0,143.0,1,5,primary_care,high_value,TERR_01,private_practice,4.4,False,In-Person-Heavy,0.2968,1,Secondary
13,2026-01-03 17:00:00,email,9,0.3333333333333333,15.0,1,6,0.16666666666666666,24.0,1,2,0.5,36.0,1,11,0.2727272727272727,30.0,1,4,0.0,143.0,1,5,primary_care,high_value,TERR_01,private_practice,4.4,False,In-Person-Heavy,0.2603,2,Supporting
13,2026-01-03 17:00:00,phone_call,9,0.3333333333333333,15.0,1,6,0.16666666666666666,24.0,1,2,0.5,36.0,1,11,0.2727272727272727,30.0,1,4,0.0,143.0,1,5,primary_care,high_value,TERR_01,private_practice,4.4,False,In-Person-Heavy,0.2313,3,Other
13,2026-01-03 17:00:00,digital_ad,9,0.3333333333333333,15.0,1,6,0.16666666666666666,24.0,1,2,0.5,36.0,1,11,0.2727272727272727,30.0,1,4,0.0,143.0,1,5,primary_care,high_value,TERR_01,private_practice,4.4,False,In-Person-Heavy,0.1444,4,Other
14,2026-01-03 17:00:00,rep_visit,3,0.0,16.0,1,2,0.0,235.0,1,6,0.3333333333333333,12.0,1,0,0.0,,0,5,0.0,53.0,1,4,cardiology,low_value,TERR_35,private_practice,1.0,False,In-Person-Heavy,0.6159,0,Primary
14,2026-01-03 17:00:00,phone_call,3,0.0,16.0,1,2,0.0,235.0,1,6,0.3333333333333333,12.0,1,0,0.0,,0,5,0.0,53.0,1,4,cardiology,low_value,TERR_35,private_practice,1.0,False,In-Person-Heavy,0.2426,1,Secondary
14,2026-01-03 17:00:00,webinar,3,0.0,16.0,1,2,0.0,235.0,1,6,0.3333333333333333,12.0,1,0,0.0,,0,5,0.0,53.0,1,4,cardiology,low_value,TERR_35,private_practice,1.0,False,In-Person-Heavy,0.212,2,Supporting
14,2026-01-03 17:00:00,email,3,0.0,16.0,1,2,0.0,235.0,1,6,0.3333333333333333,12.0,1,0,0.0,,0,5,0.0,53.0,1,4,cardiology,low_value,TERR_35,private_practice,1.0,False,In-Person-Heavy,0.169,3,Other
14,2026-01-03 17:00:00,digital_ad,3,0.0,16.0,1,2,0.0,235.0,1,6,0.3333333333333333,12.0,1,0,0.0,,0,5,0.0,53.0,1,4,cardiology,low_value,TERR_35,private_practice,1.0,False,In-Person-Heavy,0.0954,4,Other
15,2026-01-03 17:00:00,rep_visit,2,0.0,61.0,1,1,0.0,164.0,1,11,0.09090909090909091,45.0,1,0,0.0,,0,4,0.0,158.0,1,4,cardiology,low_value,TERR_48,private_practice,0.5,False,Digital-Heavy,0.4996,0,Primary
15,2026-01-03 17:00:00,phone_call,2,0.0,61.0,1,1,0.0,164.0,1,11,0.09090909090909091,45.0,1,0,0.0,,0,4,0.0,158.0,1,4,cardiology,low_value,TERR_48,private_practice,0.5,False,Digital-Heavy,0.2364,1,Secondary
15,2026-01-03 17:00:00,webinar,2,0.0,61.0,1,1,0.0,164.0,1,11,0.09090909090909091,45.0,1,0,0.0,,0,4,0.0,158.0,1,4,cardiology,low_value,TERR_48,private_practice,0.5,False,Digital-Heavy,0.2064,2,Supporting
15,2026-01-03 17:00:00,email,2,0.0,61.0,1,1,0.0,164.0,1,11,0.09090909090909091,45.0,1,0,0.0,,0,4,0.0,158.0,1,4,cardiology,low_value,TERR_48,private_practice,0.5,False,Digital-Heavy,0.1622,3,Other
15,2026-01-03 17:00:00,digital_ad,2,0.0,61.0,1,1,0.0,164.0,1,11,0.09090909090909091,45.0,1,0,0.0,,0,4,0.0,158.0,1,4,cardiology,low_value,TERR_48,private_practice,0.5,False,Digital-Heavy,0.1133,4,Other
16,2026-01-03 17:00:00,rep_visit,2,0.0,131.0,1,3,0.0,75.0,1,13,0.6153846153846154,3.0,1,0,0.0,,0,9,0.6666666666666666,58.0,1,4,dermatology,high_value,TERR_27,clinic,4.4,False,Digital-Heavy,0.3731,0,Primary
16,2026-01-03 17:00:00,phone_call,2,0.0,131.0,1,3,0.0,75.0,1,13,0.6153846153846154,3.0,1,0,0.0,,0,9,0.6666666666666666,58.0,1,4,dermatology,high_value,TERR_27,clinic,4.4,False,Digital-Heavy,0.2697,1,Secondary
16,2026-01-03 17:00:00,webinar,2,0.0,131.0,1,3,0.0,75.0,1,13,0.6153846153846154,3.0,1,0,0.0,,0,9,0.6666666666666666,58.0,1,4,dermatology,high_value,TERR_27,clinic,4.4,False,Digital-Heavy,0.1951,2,Supporting
16,2026-01-03 17:00:00,email,2,0.0,131.0,1,3,0.0,75.0,1,13,0.6153846153846154,3.0,1,0,0.0,,0,9,0.6666666666666666,58.0,1,4,dermatology,high_value,TERR_27,clinic,4.4,False,Digital-Heavy,0.156,3,Other
16,2026-01-03 17:00:00,digital_ad,2,0.0,131.0,1,3,0.0,75.0,1,13,0.6153846153846154,3.0,1,0,0.0,,0,9,0.6666666666666666,58.0,1,4,dermatology,high_value,TERR_27,clinic,4.4,False,Digital-Heavy,0.0996,4,Other
17,2026-01-03 17:00:00,rep_visit,3,0.3333333333333333,107.0,1,1,1.0,264.0,1,2,1.0,113.0,1,1,0.0,166.0,1,5,0.0,15.0,1,5,primary_care,medium_value,TERR_14,private_practice,1.6,False,Digital-Heavy,0.622,0,Primary
17,2026-01-03 17:00:00,webinar,3,0.3333333333333333,107.0,1,1,1.0,264.0,1,2,1.0,113.0,1,1,0.0,166.0,1,5,0.0,15.0,1,5,primary_care,medium_value,TERR_14,private_practice,1.6,False,Digital-Heavy,0.2856,1,Secondary
17,2026-01-03 17:00:00,phone_call,3,0.3333333333333333,107.0,1,1,1.0,264.0,1,2,1.0,113.0,1,1,0.0,166.0,1,5,0.0,15.0,1,5,primary_care,medium_value,TERR_14,private_practice,1.6,False,Digital-Heavy,0.2825,2,Supporting
17,2026-01-03 17:00:00,email,3,0.3333333333333333,107.0,1,1,1.0,264.0,1,2,1.0,113.0,1,1,0.0,166.0,1,5,0.0,15.0,1,5,primary_care,medium_value,TERR_14,private_practice,1.6,False,Digital-Heavy,0.2334,3,Other
17,2026-01-03 17:00:00,digital_ad,3,0.3333333333333333,107.0,1,1,1.0,264.0,1,2,1.0,113.0,1,1,0.0,166.0,1,5,0.0,15.0,1,5,primary_care,medium_value,TERR_14,private_practice,1.6,False,Digital-Heavy,0.0965,4,Other
18,2026-01-03 17:00:00,rep_visit,5,0.2,60.0,1,3,0.6666666666666666,37.0,1,9,0.8888888888888888,18.0,1,2,0.0,52.0,1,8,0.5,32.0,1,5,cardiology,medium_value,TERR_42,hospital,3.9,False,Digital-Heavy,0.6437,0,Primary
18,2026-01-03 17:00:00,phone_call,5,0.2,60.0,1,3,0.6666666666666666,37.0,1,9,0.8888888888888888,18.0,1,2,0.0,52.0,1,8,0.5,32.0,1,5,cardiology,medium_value,TERR_42,hospital,3.9,False,Digital-Heavy,0.4427,1,Secondary
18,2026-01-03 17:00:00,webinar,5,0.2,60.0,1,3,0.6666666666666666,37.0,1,9,0.8888888888888888,18.0,1,2,0.0,52.0,1,8,0.5,32.0,1,5,cardiology,medium_value,TERR_42,hospital,3.9,False,Digital-Heavy,0.384,2,Supporting
18,2026-01-03 17:00:00,email,5,0.2,60.0,1,3,0.6666666666666666,37.0,1,9,0.8888888888888888,18.0,1,2,0.0,52.0,1,8,0.5,32.0,1,5,cardiology,medium_value,TERR_42,hospital,3.9,False,Digital-Heavy,0.1947,3,Other
18,2026-01-03 17:00:00,digital_ad,5,0.2,60.0,1,3,0.6666666666666666,37.0,1,9,0.8888888888888888,18.0,1,2,0.0,52.0,1,8,0.5,32.0,1,5,cardiology,medium_value,TERR_42,hospital,3.9,False,Digital-Heavy,0.1091,4,Other
19,2026-01-03 17:00:00,rep_visit,1,1.0,122.0,1,3,0.0,109.0,1,3,0.6666666666666666,89.0,1,5,0.2,32.0,1,5,0.0,19.0,1,5,cardiology,low_value,TERR_30,private_practice,2.9,False,In-Person-Heavy,0.4257,0,Primary
19,2026-01-03 17:00:00,webinar,1,1.0,122.0,1,3,0.0,109.0,1,3,0.6666666666666666,89.0,1,5,0.2,32.0,1,5,0.0,19.0,1,5,cardiology,low_value,TERR_30,private_practice,2.9,False,In-Person-Heavy,0.2105,1,Secondary
19,2026-01-03 17:00:00,phone_call,1,1.0,122.0,1,3,0.0,109.0,1,3,0.6666666666666666,89.0,1,5,0.2,32.0,1,5,0.0,19.0,1,5,cardiology,low_value,TERR_30,private_practice,2.9,False,In-Person-Heavy,0.2088,2,Supporting
19,2026-01-03 17:00:00,email,1,1.0,122.0,1,3,0.0,109.0,1,3,0.6666666666666666,89.0,1,5,0.2,32.0,1,5,0.0,19.0,1,5,cardiology,low_value,TERR_30,private_practice,2.9,False,In-Person-Heavy,0.2035,3,Other
19,2026-01-03 17:00:00,digital_ad,1,1.0,122.0,1,3,0.0,109.0,1,3,0.6666666666666666,89.0,1,5,0.2,32.0,1,5,0.0,19.0,1,5,cardiology,low_value,TERR_30,private_practice,2.9,False,In-Person-Heavy,0.0848,4,Other
20,2026-01-03 17:00:00,rep_visit,0,0.0,,0,1,0.0,53.0,1,8,0.875,40.0,1,1,0.0,18.0,1,0,0.0,,0,3,dermatology,medium_value,TERR_13,clinic,0.5,True,Mixed,0.7627,0,Primary
20,2026-01-03 17:00:00,webinar,0,0.0,,0,1,0.0,53.0,1,8,0.875,40.0,1,1,0.0,18.0,1,0,0.0,,0,3,dermatology,medium_value,TERR_13,clinic,0.5,True,Mixed,0.3876,1,Secondary
20,2026-01-03 17:00:00,phone_call,0,0.0,,0,1,0.0,53.0,1,8,0.875,40.0,1,1,0.0,18.0,1,0,0.0,,0,3,dermatology,medium_value,TERR_13,clinic,0.5,True,Mixed,0.315,2,Supporting
20,2026-01-03 17:00:00,email,0,0.0,,0,1,0.0,53.0,1,8,0.875,40.0,1,1,0.0,18.0,1,0,0.0,,0,3,dermatology,medium_value,TERR_13,clinic,0.5,True,Mixed,0.2773,3,Other
20,2026-01-03 17:00:00,digital_ad,0,0.0,,0,1,0.0,53.0,1,8,0.875,40.0,1,1,0.0,18.0,1,0,0.0,,0,3,dermatology,medium_value,TERR_13,clinic,0.5,True,Mixed,0.1743,4,Other
21,2026-01-03 17:00:00,rep_visit,6,0.16666666666666666,10.0,1,4,0.5,16.0,1,5,0.6,96.0,1,4,0.0,2.0,1,7,0.42857142857142855,47.0,1,5,cardiology,medium_value,TERR_06,hospital,0.5,False,In-Person-Heavy,0.2569,0,Primary
21,2026-01-03 17:00:00,webinar,6,0.16666666666666666,10.0,1,4,0.5,16.0,1,5,0.6,96.0,1,4,0.0,2.0,1,7,0.42857142857142855,47.0,1,5,cardiology,medium_value,TERR_06,hospital,0.5,False,In-Person-Heavy,0.1508,1,Secondary
21,2026-01-03 17:00:00,phone_call,6,0.16666666666666666,10.0,1,4,0.5,16.0,1,5,0.6,96.0,1,4,0.0,2.0,1,7,0.42857142857142855,47.0,1,5,cardiology,medium_value,TERR_06,hospital,0.5,False,In-Person-Heavy,0.1364,2,Supporting
21,2026-01-03 17:00:00,email,6,0.16666666666666666,10.0,1,4,0.5,16.0,1,5,0.6,96.0,1,4,0.0,2.0,1,7,0.42857142857142855,47.0,1,5,cardiology,medium_value,TERR_06,hospital,0.5,False,In-Person-Heavy,0.1138,3,Other
21,2026-01-03 17:00:00,digital_ad,6,0.16666666666666666,10.0,1,4,0.5,16.0,1,5,0.6,96.0,1,4,0.0,2.0,1,7,0.42857142857142855,47.0,1,5,cardiology,medium_value,TERR_06,hospital,0.5,False,In-Person-Heavy,0.0761,4,Other
22,2026-01-03 17:00:00,rep_visit,2,0.0,10.0,1,3,0.3333333333333333,197.0,1,9,0.7777777777777778,51.0,1,0,0.0,,0,6,0.5,85.0,1,4,endocrinology,medium_value,TERR_11,private_practice,4.1,False,In-Person-Heavy,0.7342,0,Primary
22,2026-01-03 17:00:00,webinar,2,0.0,10.0,1,3,0.3333333333333333,197.0,1,9,0.7777777777777778,51.0,1,0,0.0,,0,6,0.5,85.0,1,4,endocrinology,medium_value,TERR_11,private_practice,4.1,False,In-Person-Heavy,0.4123,1,Secondary
22,2026-01-03 17:00:00,phone_call,2,0.0,10.0,1,3,0.3333333333333333,197.0,1,9,0.7777777777777778,51.0,1,0,0.0,,0,6,0.5,85.0,1,4,endocrinology,medium_value,TERR_11,private_practice,4.1,False,In-Person-Heavy,0.4018,2,Supporting
22,2026-01-03 17:00:00,email,2,0.0,10.0,1,3,0.3333333333333333,197.0,1,9,0.7777777777777778,51.0,1,0,0.0,,0,6,0.5,85.0,1,4,endocrinology,medium_value,TERR_11,private_practice,4.1,False,In-Person-Heavy,0.2699,3,Other
22,2026-01-03 17:00:00,digital_ad,2,0.0,10.0,1,3,0.3333333333333333,197.0,1,9,0.7777777777777778,51.0,1,0,0.0,,0,6,0.5,85.0,1,4,endocrinology,medium_value,TERR_11,private_practice,4.1,False,In-Person-Heavy,0.1434,4,Other
23,2026-01-03 17:00:00,rep_visit,5,0.6,11.0,1,2,0.5,29.0,1,10,0.8,37.0,1,2,0.0,2.0,1,3,0.0,156.0,1,5,primary_care,medium_value,TERR_13,private_practice,3.7,False,Mixed,0.358,0,Primary
23,2026-01-03 17:00:00,webinar,5,0.6,11.0,1,2,0.5,29.0,1,10,0.8,37.0,1,2,0.0,2.0,1,3,0.0,156.0,1,5,primary_care,medium_value,TERR_13,private_practice,3.7,False,Mixed,0.1867,1,Secondary
23,2026-01-03 17:00:00,phone_call,5,0.6,11.0,1,2,0.5,29.0,1,10,0.8,37.0,1,2,0.0,2.0,1,3,0.0,156.0,1,5,primary_care,medium_value,TERR_13,private_practice,3.7,False,Mixed,0.1537,2,Supporting
23,2026-01-03 17:00:00,email,5,0.6,11.0,1,2,0.5,29.0,1,10,0.8,37.0,1,2,0.0,2.0,1,3,0.0,156.0,1,5,primary_care,medium_value,TERR_13,private_practice,3.7,False,Mixed,0.1405,3,Other
23,2026-01-03 17:00:00,digital_ad,5,0.6,11.0,1,2,0.5,29.0,1,10,0.8,37.0,1,2,0.0,2.0,1,3,0.0,156.0,1,5,primary_care,medium_value,TERR_13,private_practice,3.7,False,Mixed,0.1121,4,Other
24,2026-01-03 17:00:00,rep_visit,5,0.0,57.0,1,0,0.0,,0,2,0.5,128.0,1,2,0.0,227.0,1,4,0.25,38.0,1,4,cardiology,low_value,TERR_09,private_practice,0.6,False,Mixed,0.5698,0,Primary
24,2026-01-03 17:00:00,webinar,5,0.0,57.0,1,0,0.0,,0,2,0.5,128.0,1,2,0.0,227.0,1,4,0.25,38.0,1,4,cardiology,low_value,TERR_09,private_practice,0.6,False,Mixed,0.311,1,Secondary
24,2026-01-03 17:00:00,phone_call,5,0.0,57.0,1,0,0.0,,0,2,0.5,128.0,1,2,0.0,227.0,1,4,0.25,38.0,1,4,cardiology,low_value,TERR_09,private_practice,0.6,False,Mixed,0.2856,2,Supporting
24,2026-01-03 17:00:00,email,5,0.0,57.0,1,0,0.0,,0,2,0.5,128.0,1,2,0.0,227.0,1,4,0.25,38.0,1,4,cardiology,low_value,TERR_09,private_practice,0.6,False,Mixed,0.1776,3,Other
24,2026-01-03 17:00:00,digital_ad,5,0.0,57.0,1,0,0.0,,0,2,0.5,128.0,1,2,0.0,227.0,1,4,0.25,38.0,1,4,cardiology,low_value,TERR_09,private_practice,0.6,False,Mixed,0.0893,4,Other
25,2026-01-03 17:00:00,rep_visit,3,0.6666666666666666,135.0,1,1,1.0,316.0,1,6,1.0,81.0,1,1,0.0,264.0,1,9,0.0,3.0,1,5,primary_care,medium_value,TERR_32,private_practice,2.6,False,Mixed,0.4231,0,Primary
25,2026-01-03 17:00:00,webinar,3,0.6666666666666666,135.0,1,1,1.0,316.0,1,6,1.0,81.0,1,1,0.0,264.0,1,9,0.0,3.0,1,5,primary_care,medium_value,TERR_32,private_practice,2.6,False,Mixed,0.2012,1,Secondary
25,2026-01-03 17:00:00,email,3,0.6666666666666666,135.0,1,1,1.0,316.0,1,6,1.0,81.0,1,1,0.0,264.0,1,9,0.0,3.0,1,5,primary_care,medium_value,TERR_32,private_practice,2.6,False,Mixed,0.1795,2,Supporting
25,2026-01-03 17:00:00,phone_call,3,0.6666666666666666,135.0,1,1,1.0,316.0,1,6,1.0,81.0,1,1,0.0,264.0,1,9,0.0,3.0,1,5,primary_care,medium_value,TERR_32,private_practice,2.6,False,Mixed,0.175,3,Other
25,2026-01-03 17:00:00,digital_ad,3,0.6666666666666666,135.0,1,1,1.0,316.0,1,6,1.0,81.0,1,1,0.0,264.0,1,9,0.0,3.0,1,5,primary_care,medium_value,TERR_32,private_practice,2.6,False,Mixed,0.104,4,Other
26,2026-01-03 17:00:00,rep_visit,11,0.09090909090909091,9.0,1,3,0.3333333333333333,61.0,1,2,0.5,5.0,1,11,0.0,102.0,1,0,0.0,,0,4,primary_care,medium_value,TERR_12,private_practice,5.3,False,In-Person-Heavy,0.2881,0,Primary
26,2026-01-03 17:00:00,webinar,11,0.09090909090909091,9.0,1,3,0.3333333333333333,61.0,1,2,0.5,5.0,1,11,0.0,102.0,1,0,0.0,,0,4,primary_care,medium_value,TERR_12,private_practice,5.3,False,In-Person-Heavy,0.2128,1,Secondary
26,2026-01-03 17:00:00,email,11,0.09090909090909091,9.0,1,3,0.3333333333333333,61.0,1,2,0.5,5.0,1,11,0.0,102.0,1,0,0.0,,0,4,primary_care,medium_value,TERR_12,private_practice,5.3,False,In-Person-Heavy,0.1774,2,Supporting
26,2026-01-03 17:00:00,phone_call,11,0.09090909090909091,9.0,1,3,0.3333333333333333,61.0,1,2,0.5,5.0,1,11,0.0,102.0,1,0,0.0,,0,4,primary_care,medium_value,TERR_12,private_practice,5.3,False,In-Person-Heavy,0.1743,3,Other
26,2026-01-03 17:00:00,digital_ad,11,0.09090909090909091,9.0,1,3,0.3333333333333333,61.0,1,2,0.5,5.0,1,11,0.0,102.0,1,0,0.0,,0,4,primary_care,medium_value,TERR_12,private_practice,5.3,False,In-Person-Heavy,0.0916,4,Other
27,2026-01-03 17:00:00,rep_visit,2,0.0,89.0,1,2,0.0,99.0,1,3,0.3333333333333333,3.0,1,1,0.0,274.0,1,8,0.25,10.0,1,5,oncology,medium_value,TERR_23,cancer_center,4.4,False,Digital-Heavy,0.2372,0,Primary
27,2026-01-03 17:00:00,phone_call,2,0.0,89.0,1,2,0.0,99.0,1,3,0.3333333333333333,3.0,1,1,0.0,274.0,1,8,0.25,10.0,1,5,oncology,medium_value,TERR_23,cancer_center,4.4,False,Digital-Heavy,0.1405,1,Secondary
27,2026-01-03 17:00:00,webinar,2,0.0,89.0,1,2,0.0,99.0,1,3,0.3333333333333333,3.0,1,1,0.0,274.0,1,8,0.25,10.0,1,5,oncology,medium_value,TERR_23,cancer_center,4.4,False,Digital-Heavy,0.1118,2,Supporting
27,2026-01-03 17:00:00,email,2,0.0,89.0,1,2,0.0,99.0,1,3,0.3333333333333333,3.0,1,1,0.0,274.0,1,8,0.25,10.0,1,5,oncology,medium_value,TERR_23,cancer_center,4.4,False,Digital-Heavy,0.1023,3,Other
27,2026-01-03 17:00:00,digital_ad,2,0.0,89.0,1,2,0.0,99.0,1,3,0.3333333333333333,3.0,1,1,0.0,274.0,1,8,0.25,10.0,1,5,oncology,medium_value,TERR_23,cancer_center,4.4,False,Digital-Heavy,0.0786,4,Other
28,2026-01-03 17:00:00,rep_visit,3,0.0,66.0,1,0,0.0,,0,4,1.0,52.0,1,6,0.16666666666666666,39.0,1,3,0.0,8.0,1,4,primary_care,low_value,TERR_44,clinic,3.3,False,Digital-Heavy,0.5952,0,Primary
28,2026-01-03 17:00:00,webinar,3,0.0,66.0,1,0,0.0,,0,4,1.0,52.0,1,6,0.16666666666666666,39.0,1,3,0.0,8.0,1,4,primary_care,low_value,TERR_44,clinic,3.3,False,Digital-Heavy,0.216,1,Secondary
28,2026-01-03 17:00:00,phone_call,3,0.0,66.0,1,0,0.0,,0,4,1.0,52.0,1,6,0.16666666666666666,39.0,1,3,0.0,8.0,1,4,primary_care,low_value,TERR_44,clinic,3.3,False,Digital-Heavy,0.2106,2,Supporting
28,2026-01-03 17:00:00,email,3,0.0,66.0,1,0,0.0,,0,4,1.0,52.0,1,6,0.16666666666666666,39.0,1,3,0.0,8.0,1,4,primary_care,low_value,TERR_44,clinic,3.3,False,Digital-Heavy,0.1567,3,Other
28,2026-01-03 17:00:00,digital_ad,3,0.0,66.0,1,0,0.0,,0,4,1.0,52.0,1,6,0.16666666666666666,39.0,1,3,0.0,8.0,1,4,primary_care,low_value,TERR_44,clinic,3.3,False,Digital-Heavy,0.0977,4,Other
29,2026-01-03 17:00:00,rep_visit,0,0.0,,0,2,0.0,123.0,1,6,0.16666666666666666,65.0,1,2,0.0,19.0,1,0,0.0,,0,3,endocrinology,low_value,TERR_05,private_practice,3.9,True,Mixed,0.5101,0,Primary
29,2026-01-03 17:00:00,webinar,0,0.0,,0,2,0.0,123.0,1,6,0.16666666666666666,65.0,1,2,0.0,19.0,1,0,0.0,,0,3,endocrinology,low_value,TERR_05,private_practice,3.9,True,Mixed,0.29,1,Secondary
29,2026-01-03 17:00:00,phone_call,0,0.0,,0,2,0.0,123.0,1,6,0.16666666666666666,65.0,1,2,0.0,19.0,1,0,0.0,,0,3,endocrinology,low_value,TERR_05,private_practice,3.9,True,Mixed,0.2741,2,Supporting
29,2026-01-03 17:00:00,email,0,0.0,,0,2,0.0,123.0,1,6,0.16666666666666666,65.0,1,2,0.0,19.0,1,0,0.0,,0,3,endocrinology,low_value,TERR_05,private_practice,3.9,True,Mixed,0.2321,3,Other
29,2026-01-03 17:00:00,digital_ad,0,0.0,,0,2,0.0,123.0,1,6,0.16666666666666666,65.0,1,2,0.0,19.0,1,0,0.0,,0,3,endocrinology,low_value,TERR_05,private_practice,3.9,True,Mixed,0.1189,4,Other
30,2026-01-03 17:00:00,rep_visit,0,0.0,,0,7,0.8571428571428571,45.0,1,11,0.6363636363636364,23.0,1,2,0.0,5.0,1,6,0.3333333333333333,61.0,1,4,cardiology,medium_value,TERR_09,clinic,0.7,False,Digital-Heavy,0.5461,0,Primary
30,2026-01-03 17:00:00,webinar,0,0.0,,0,7,0.8571428571428571,45.0,1,11,0.6363636363636364,23.0,1,2,0.0,5.0,1,6,0.3333333333333333,61.0,1,4,cardiology,medium_value,TERR_09,clinic,0.7,False,Digital-Heavy,0.2844,1,Secondary
30,2026-01-03 17:00:00,phone_call,0,0.0,,0,7,0.8571428571428571,45.0,1,11,0.6363636363636364,23.0,1,2,0.0,5.0,1,6,0.3333333333333333,61.0,1,4,cardiology,medium_value,TERR_09,clinic,0.7,False,Digital-Heavy,0.2573,2,Supporting
30,2026-01-03 17:00:00,email,0,0.0,,0,7,0.8571428571428571,45.0,1,11,0.6363636363636364,23.0,1,2,0.0,5.0,1,6,0.3333333333333333,61.0,1,4,cardiology,medium_value,TERR_09,clinic,0.7,False,Digital-Heavy,0.1872,3,Other
30,2026-01-03 17:00:00,digital_ad,0,0.0,,0,7,0.8571428571428571,45.0,1,11,0.6363636363636364,23.0,1,2,0.0,5.0,1,6,0.3333333333333333,61.0,1,4,cardiology,medium_value,TERR_09,clinic,0.7,False,Digital-Heavy,0.1389,4,Other
31,2026-01-03 17:00:00,rep_visit,3,0.0,32.0,1,2,1.0,17.0,1,2,0.5,52.0,1,3,0.0,2.0,1,5,0.0,200.0,1,5,dermatology,medium_value,TERR_19,hospital,3.9,False,Digital-Heavy,0.3456,0,Primary
31,2026-01-03 17:00:00,webinar,3,0.0,32.0,1,2,1.0,17.0,1,2,0.5,52.0,1,3,0.0,2.0,1,5,0.0,200.0,1,5,dermatology,medium_value,TERR_19,hospital,3.9,False,Digital-Heavy,0.1876,1,Secondary
31,2026-01-03 17:00:00,phone_call,3,0.0,32.0,1,2,1.0,17.0,1,2,0.5,52.0,1,3,0.0,2.0,1,5,0.0,200.0,1,5,dermatology,medium_value,TERR_19,hospital,3.9,False,Digital-Heavy,0.1475,2,Supporting
31,2026-01-03 17:00:00,email,3,0.0,32.0,1,2,1.0,17.0,1,2,0.5,52.0,1,3,0.0,2.0,1,5,0.0,200.0,1,5,dermatology,medium_value,TERR_19,hospital,3.9,False,Digital-Heavy,0.1193,3,Other
31,2026-01-03 17:00:00,digital_ad,3,0.0,32.0,1,2,1.0,17.0,1,2,0.5,52.0,1,3,0.0,2.0,1,5,0.0,200.0,1,5,dermatology,medium_value,TERR_19,hospital,3.9,False,Digital-Heavy,0.1089,4,Other
32,2026-01-03 17:00:00,rep_visit,2,0.0,121.0,1,1,1.0,16.0,1,13,0.8461538461538461,33.0,1,2,0.0,169.0,1,8,0.25,23.0,1,5,endocrinology,medium_value,TERR_39,hospital,1.4,False,In-Person-Heavy,0.5962,0,Primary
32,2026-01-03 17:00:00,webinar,2,0.0,121.0,1,1,1.0,16.0,1,13,0.8461538461538461,33.0,1,2,0.0,169.0,1,8,0.25,23.0,1,5,endocrinology,medium_value,TERR_39,hospital,1.4,False,In-Person-Heavy,0.2967,1,Secondary
32,2026-01-03 17:00:00,phone_call,2,0.0,121.0,1,1,1.0,16.0,1,13,0.8461538461538461,33.0,1,2,0.0,169.0,1,8,0.25,23.0,1,5,endocrinology,medium_value,TERR_39,hospital,1.4,False,In-Person-Heavy,0.2842,2,Supporting
32,2026-01-03 17:00:00,email,2,0.0,121.0,1,1,1.0,16.0,1,13,0.8461538461538461,33.0,1,2,0.0,169.0,1,8,0.25,23.0,1,5,endocrinology,medium_value,TERR_39,hospital,1.4,False,In-Person-Heavy,0.151,3,Other
32,2026-01-03 17:00:00,digital_ad,2,0.0,121.0,1,1,1.0,16.0,1,13,0.8461538461538461,33.0,1,2,0.0,169.0,1,8,0.25,23.0,1,5,endocrinology,medium_value,TERR_39,hospital,1.4,False,In-Person-Heavy,0.1002,4,Other
33,2026-01-03 17:00:00,rep_visit,3,0.0,86.0,1,3,0.0,123.0,1,10,0.7,15.0,1,1,0.0,207.0,1,5,1.0,58.0,1,5,primary_care,medium_value,TERR_42,clinic,1.4,False,In-Person-Heavy,0.7433,0,Primary
33,2026-01-03 17:00:00,phone_call,3,0.0,86.0,1,3,0.0,123.0,1,10,0.7,15.0,1,1,0.0,207.0,1,5,1.0,58.0,1,5,primary_care,medium_value,TERR_42,clinic,1.4,False,In-Person-Heavy,0.569,1,Secondary
33,2026-01-03 17:00:00,webinar,3,0.0,86.0,1,3,0.0,123.0,1,10,0.7,15.0,1,1,0.0,207.0,1,5,1.0,58.0,1,5,primary_care,medium_value,TERR_42,clinic,1.4,False,In-Person-Heavy,0.3988,2,Supporting
33,2026-01-03 17:00:00,email,3,0.0,86.0,1,3,0.0,123.0,1,10,0.7,15.0,1,1,0.0,207.0,1,5,1.0,58.0,1,5,primary_care,medium_value,TERR_42,clinic,1.4,False,In-Person-Heavy,0.2133,3,Other
33,2026-01-03 17:00:00,digital_ad,3,0.0,86.0,1,3,0.0,123.0,1,10,0.7,15.0,1,1,0.0,207.0,1,5,1.0,58.0,1,5,primary_care,medium_value,TERR_42,clinic,1.4,False,In-Person-Heavy,0.1453,4,Other
34,2026-01-03 17:00:00,rep_visit,11,0.09090909090909091,32.0,1,6,0.3333333333333333,9.0,1,1,0.0,75.0,1,6,0.0,15.0,1,3,0.0,1.0,1,5,endocrinology,medium_value,TERR_49,private_practice,0.5,False,In-Person-Heavy,0.1475,0,Primary
34,2026-01-03 17:00:00,email,11,0.09090909090909091,32.0,1,6,0.3333333333333333,9.0,1,1,0.0,75.0,1,6,0.0,15.0,1,3,0.0,1.0,1,5,endocrinology,medium_value,TERR_49,private_practice,0.5,False,In-Person-Heavy,0.1254,1,Secondary
34,2026-01-03 17:00:00,phone_call,11,0.09090909090909091,32.0,1,6,0.3333333333333333,9.0,1,1,0.0,75.0,1,6,0.0,15.0,1,3,0.0,1.0,1,5,endocrinology,medium_value,TERR_49,private_practice,0.5,False,In-Person-Heavy,0.1079,2,Supporting
34,2026-01-03 17:00:00,webinar,11,0.09090909090909091,32.0,1,6,0.3333333333333333,9.0,1,1,0.0,75.0,1,6,0.0,15.0,1,3,0.0,1.0,1,5,endocrinology,medium_value,TERR_49,private_practice,0.5,False,In-Person-Heavy,0.1077,3,Other
34,2026-01-03 17:00:00,digital_ad,11,0.09090909090909091,32.0,1,6,0.3333333333333333,9.0,1,1,0.0,75.0,1,6,0.0,15.0,1,3,0.0,1.0,1,5,endocrinology,medium_value,TERR_49,private_practice,0.5,False,In-Person-Heavy,0.0655,4,Other
35,2026-01-03 17:00:00,rep_visit,10,0.0,61.0,1,4,0.5,130.0,1,0,0.0,,0,10,0.2,1.0,1,7,0.0,115.0,1,4,primary_care,high_value,TERR_09,private_practice,1.4,False,Digital-Heavy,0.2337,0,Primary
35,2026-01-03 17:00:00,webinar,10,0.0,61.0,1,4,0.5,130.0,1,0,0.0,,0,10,0.2,1.0,1,7,0.0,115.0,1,4,primary_care,high_value,TERR_09,private_practice,1.4,False,Digital-Heavy,0.1189,1,Secondary
35,2026-01-03 17:00:00,phone_call,10,0.0,61.0,1,4,0.5,130.0,1,0,0.0,,0,10,0.2,1.0,1,7,0.0,115.0,1,4,primary_care,high_value,TERR_09,private_practice,1.4,False,Digital-Heavy,0.1146,2,Supporting
35,2026-01-03 17:00:00,email,10,0.0,61.0,1,4,0.5,130.0,1,0,0.0,,0,10,0.2,1.0,1,7,0.0,115.0,1,4,primary_care,high_value,TERR_09,private_practice,1.4,False,Digital-Heavy,0.1065,3,Other
35,2026-01-03 17:00:00,digital_ad,10,0.0,61.0,1,4,0.5,130.0,1,0,0.0,,0,10,0.2,1.0,1,7,0.0,115.0,1,4,primary_care,high_value,TERR_09,private_practice,1.4,False,Digital-Heavy,0.1015,4,Other
36,2026-01-03 17:00:00,rep_visit,4,0.5,2.0,1,1,0.0,53.0,1,1,0.0,205.0,1,5,0.2,148.0,1,2,0.0,95.0,1,5,cardiology,low_value,TERR_20,hospital,1.8,False,Digital-Heavy,0.1298,0,Primary
36,2026-01-03 17:00:00,phone_call,4,0.5,2.0,1,1,0.0,53.0,1,1,0.0,205.0,1,5,0.2,148.0,1,2,0.0,95.0,1,5,cardiology,low_value,TERR_20,hospital,1.8,False,Digital-Heavy,0.1113,1,Secondary
36,2026-01-03 17:00:00,email,4,0.5,2.0,1,1,0.0,53.0,1,1,0.0,205.0,1,5,0.2,148.0,1,2,0.0,95.0,1,5,cardiology,low_value,TERR_20,hospital,1.8,False,Digital-Heavy,0.1029,2,Supporting
36,2026-01-03 17:00:00,webinar,4,0.5,2.0,1,1,0.0,53.0,1,1,0.0,205.0,1,5,0.2,148.0,1,2,0.0,95.0,1,5,cardiology,low_value,TERR_20,hospital,1.8,False,Digital-Heavy,0.1003,3,Other
36,2026-01-03 17:00:00,digital_ad,4,0.5,2.0,1,1,0.0,53.0,1,1,0.0,205.0,1,5,0.2,148.0,1,2,0.0,95.0,1,5,cardiology,low_value,TERR_20,hospital,1.8,False,Digital-Heavy,0.0815,4,Other
37,2026-01-03 17:00:00,rep_visit,10,0.0,30.0,1,2,0.0,207.0,1,3,1.0,11.0,1,2,0.5,214.0,1,8,0.125,88.0,1,5,primary_care,medium_value,TERR_29,clinic,5.1,False,In-Person-Heavy,0.4232,0,Primary
37,2026-01-03 17:00:00,webinar,10,0.0,30.0,1,2,0.0,207.0,1,3,1.0,11.0,1,2,0.5,214.0,1,8,0.125,88.0,1,5,primary_care,medium_value,TERR_29,clinic,5.1,False,In-Person-Heavy,0.2302,1,Secondary
37,2026-01-03 17:00:00,phone_call,10,0.0,30.0,1,2,0.0,207.0,1,3,1.0,11.0,1,2,0.5,214.0,1,8,0.125,88.0,1,5,primary_care,medium_value,TERR_29,clinic,5.1,False,In-Person-Heavy,0.2178,2,Supporting
37,2026-01-03 17:00:00,email,10,0.0,30.0,1,2,0.0,207.0,1,3,1.0,11.0,1,2,0.5,214.0,1,8,0.125,88.0,1,5,primary_care,medium_value,TERR_29,clinic,5.1,False,In-Person-Heavy,0.1351,3,Other
37,2026-01-03 17:00:00,digital_ad,10,0.0,30.0,1,2,0.0,207.0,1,3,1.0,11.0,1,2,0.5,214.0,1,8,0.125,88.0,1,5,primary_care,medium_value,TERR_29,clinic,5.1,False,In-Person-Heavy,0.0937,4,Other
38,2026-01-03 17:00:00,rep_visit,3,0.0,219.0,1,1,1.0,148.0,1,7,1.0,185.0,1,0,0.0,,0,4,0.25,44.0,1,4,oncology,low_value,TERR_41,hospital,1.7,False,Mixed,0.7184,0,Primary
38,2026-01-03 17:00:00,webinar,3,0.0,219.0,1,1,1.0,148.0,1,7,1.0,185.0,1,0,0.0,,0,4,0.25,44.0,1,4,oncology,low_value,TERR_41,hospital,1.7,False,Mixed,0.3247,1,Secondary
38,2026-01-03 17:00:00,phone_call,3,0.0,219.0,1,1,1.0,148.0,1,7,1.0,185.0,1,0,0.0,,0,4,0.25,44.0,1,4,oncology,low_value,TERR_41,hospital,1.7,False,Mixed,0.2916,2,Supporting
38,2026-01-03 17:00:00,email,3,0.0,219.0,1,1,1.0,148.0,1,7,1.0,185.0,1,0,0.0,,0,4,0.25,44.0,1,4,oncology,low_value,TERR_41,hospital,1.7,False,Mixed,0.1746,3,Other
38,2026-01-03 17:00:00,digital_ad,3,0.0,219.0,1,1,1.0,148.0,1,7,1.0,185.0,1,0,0.0,,0,4,0.25,44.0,1,4,oncology,low_value,TERR_41,hospital,1.7,False,Mixed,0.1438,4,Other
39,2026-01-03 17:00:00,rep_visit,2,0.5,43.0,1,4,0.25,15.0,1,3,1.0,127.0,1,3,1.0,219.0,1,5,0.2,96.0,1,5,primary_care,medium_value,TERR_08,private_practice,2.1,False,Mixed,0.5148,0,Primary
39,2026-01-03 17:00:00,webinar,2,0.5,43.0,1,4,0.25,15.0,1,3,1.0,127.0,1,3,1.0,219.0,1,5,0.2,96.0,1,5,primary_care,medium_value,TERR_08,private_practice,2.1,False,Mixed,0.2599,1,Secondary
39,2026-01-03 17:00:00,phone_call,2,0.5,43.0,1,4,0.25,15.0,1,3,1.0,127.0,1,3,1.0,219.0,1,5,0.2,96.0,1,5,primary_care,medium_value,TERR_08,private_practice,2.1,False,Mixed,0.2243,2,Supporting
39,2026-01-03 17:00:00,email,2,0.5,43.0,1,4,0.25,15.0,1,3,1.0,127.0,1,3,1.0,219.0,1,5,0.2,96.0,1,5,primary_care,medium_value,TERR_08,private_practice,2.1,False,Mixed,0.1914,3,Other
39,2026-01-03 17:00:00,digital_ad,2,0.5,43.0,1,4,0.25,15.0,1,3,1.0,127.0,1,3,1.0,219.0,1,5,0.2,96.0,1,5,primary_care,medium_value,TERR_08,private_practice,2.1,False,Mixed,0.1193,4,Other
40,2026-01-03 17:00:00,rep_visit,8,0.25,24.0,1,4,0.0,127.0,1,5,0.2,38.0,1,3,0.0,5.0,1,8,0.5,51.0,1,5,cardiology,medium_value,TERR_12,hospital,1.1,False,Mixed,0.3351,0,Primary
40,2026-01-03 17:00:00,webinar,8,0.25,24.0,1,4,0.0,127.0,1,5,0.2,38.0,1,3,0.0,5.0,1,8,0.5,51.0,1,5,cardiology,medium_value,TERR_12,hospital,1.1,False,Mixed,0.1732,1,Secondary
40,2026-01-03 17:00:00,phone_call,8,0.25,24.0,1,4,0.0,127.0,1,5,0.2,38.0,1,3,0.0,5.0,1,8,0.5,51.0,1,5,cardiology,medium_value,TERR_12,hospital,1.1,False,Mixed,0.168,2,Supporting
40,2026-01-03 17:00:00,email,8,0.25,24.0,1,4,0.0,127.0,1,5,0.2,38.0,1,3,0.0,5.0,1,8,0.5,51.0,1,5,cardiology,medium_value,TERR_12,hospital,1.1,False,Mixed,0.134,3,Other
40,2026-01-03 17:00:00,digital_ad,8,0.25,24.0,1,4,0.0,127.0,1,5,0.2,38.0,1,3,0.0,5.0,1,8,0.5,51.0,1,5,cardiology,medium_value,TERR_12,hospital,1.1,False,Mixed,0.0801,4,Other
41,2026-01-03 17:00:00,rep_visit,3,0.0,11.0,1,2,0.5,142.0,1,7,0.42857142857142855,121.0,1,0,0.0,,0,4,0.0,37.0,1,4,dermatology,low_value,TERR_33,private_practice,0.5,False,Mixed,0.5634,0,Primary
41,2026-01-03 17:00:00,webinar,3,0.0,11.0,1,2,0.5,142.0,1,7,0.42857142857142855,121.0,1,0,0.0,,0,4,0.0,37.0,1,4,dermatology,low_value,TERR_33,private_practice,0.5,False,Mixed,0.2846,1,Secondary
41,2026-01-03 17:00:00,phone_call,3,0.0,11.0,1,2,0.5,142.0,1,7,0.42857142857142855,121.0,1,0,0.0,,0,4,0.0,37.0,1,4,dermatology,low_value,TERR_33,private_practice,0.5,False,Mixed,0.2738,2,Supporting
41,2026-01-03 17:00:00,email,3,0.0,11.0,1,2,0.5,142.0,1,7,0.42857142857142855,121.0,1,0,0.0,,0,4,0.0,37.0,1,4,dermatology,low_value,TERR_33,private_practice,0.5,False,Mixed,0.1679,3,Other
41,2026-01-03 17:00:00,digital_ad,3,0.0,11.0,1,2,0.5,142.0,1,7,0.42857142857142855,121.0,1,0,0.0,,0,4,0.0,37.0,1,4,dermatology,low_value,TERR_33,private_practice,0.5,False,Mixed,0.1162,4,Other
42,2026-01-03 17:00:00,rep_visit,8,0.125,64.0,1,8,0.25,101.0,1,6,0.5,44.0,1,0,0.0,,0,3,0.0,36.0,1,4,primary_care,high_value,TERR_19,private_practice,0.5,False,In-Person-Heavy,0.6828,0,Primary
42,2026-01-03 17:00:00,webinar,8,0.125,64.0,1,8,0.25,101.0,1,6,0.5,44.0,1,0,0.0,,0,3,0.0,36.0,1,4,primary_care,high_value,TERR_19,private_practice,0.5,False,In-Person-Heavy,0.3246,1,Secondary
42,2026-01-03 17:00:00,phone_call,8,0.125,64.0,1,8,0.25,101.0,1,6,0.5,44.0,1,0,0.0,,0,3,0.0,36.0,1,4,primary_care,high_value,TERR_19,private_practice,0.5,False,In-Person-Heavy,0.2545,2,Supporting
42,2026-01-03 17:00:00,email,8,0.125,64.0,1,8,0.25,101.0,1,6,0.5,44.0,1,0,0.0,,0,3,0.0,36.0,1,4,primary_care,high_value,TERR_19,private_practice,0.5,False,In-Person-Heavy,0.1828,3,Other
42,2026-01-03 17:00:00,digital_ad,8,0.125,64.0,1,8,0.25,101.0,1,6,0.5,44.0,1,0,0.0,,0,3,0.0,36.0,1,4,primary_care,high_value,TERR_19,private_practice,0.5,False,In-Person-Heavy,0.1103,4,Other
43,2026-01-03 17:00:00,rep_visit,2,0.0,290.0,1,6,0.16666666666666666,8.0,1,8,0.5,24.0,1,2,0.0,190.0,1,4,1.0,130.0,1,5,cardiology,medium_value,TERR_46,hospital,4.5,False,Digital-Heavy,0.4708,0,Primary
43,2026-01-03 17:00:00,phone_call,2,0.0,290.0,1,6,0.16666666666666666,8.0,1,8,0.5,24.0,1,2,0.0,190.0,1,4,1.0,130.0,1,5,cardiology,medium_value,TERR_46,hospital,4.5,False,Digital-Heavy,0.3281,1,Secondary
43,2026-01-03 17:00:00,webinar,2,0.0,290.0,1,6,0.16666666666666666,8.0,1,8,0.5,24.0,1,2,0.0,190.0,1,4,1.0,130.0,1,5,cardiology,medium_value,TERR_46,hospital,4.5,False,Digital-Heavy,0.2601,2,Supporting
43,2026-01-03 17:00:00,email,2,0.0,290.0,1,6,0.16666666666666666,8.0,1,8,0.5,24.0,1,2,0.0,190.0,1,4,1.0,130.0,1,5,cardiology,medium_value,TERR_46,hospital,4.5,False,Digital-Heavy,0.1807,3,Other
43,2026-01-03 17:00:00,digital_ad,2,0.0,290.0,1,6,0.16666666666666666,8.0,1,8,0.5,24.0,1,2,0.0,190.0,1,4,1.0,130.0,1,5,cardiology,medium_value,TERR_46,hospital,4.5,False,Digital-Heavy,0.1476,4,Other
44,2026-01-03 17:00:00,rep_visit,0,0.0,,0,3,0.0,19.0,1,0,0.0,,0,2,0.0,250.0,1,0,0.0,,0,2,cardiology,low_value,TERR_29,hospital,1.4,True,In-Person-Heavy,0.4923,0,Primary
44,2026-01-03 17:00:00,webinar,0,0.0,,0,3,0.0,19.0,1,0,0.0,,0,2,0.0,250.0,1,0,0.0,,0,2,cardiology,low_value,TERR_29,hospital,1.4,True,In-Person-Heavy,0.2396,1,Secondary
44,2026-01-03 17:00:00,phone_call,0,0.0,,0,3,0.0,19.0,1,0,0.0,,0,2,0.0,250.0,1,0,0.0,,0,2,cardiology,low_value,TERR_29,hospital,1.4,True,In-Person-Heavy,0.2346,2,Supporting
44,2026-01-03 17:00:00,email,0,0.0,,0,3,0.0,19.0,1,0,0.0,,0,2,0.0,250.0,1,0,0.0,,0,2,cardiology,low_value,TERR_29,hospital,1.4,True,In-Person-Heavy,0.1845,3,Other
44,2026-01-03 17:00:00,digital_ad,0,0.0,,0,3,0.0,19.0,1,0,0.0,,0,2,0.0,250.0,1,0,0.0,,0,2,cardiology,low_value,TERR_29,hospital,1.4,True,In-Person-Heavy,0.1034,4,Other
45,2026-01-03 17:00:00,rep_visit,1,0.0,152.0,1,2,0.0,155.0,1,4,0.75,66.0,1,2,0.0,95.0,1,5,1.0,37.0,1,5,dermatology,low_value,TERR_32,clinic,1.0,False,In-Person-Heavy,0.6507,0,Primary
45,2026-01-03 17:00:00,phone_call,1,0.0,152.0,1,2,0.0,155.0,1,4,0.75,66.0,1,2,0.0,95.0,1,5,1.0,37.0,1,5,dermatology,low_value,TERR_32,clinic,1.0,False,In-Person-Heavy,0.4684,1,Secondary
45,2026-01-03 17:00:00,webinar,1,0.0,152.0,1,2,0.0,155.0,1,4,0.75,66.0,1,2,0.0,95.0,1,5,1.0,37.0,1,5,dermatology,low_value,TERR_32,clinic,1.0,False,In-Person-Heavy,0.3619,2,Supporting
45,2026-01-03 17:00:00,email,1,0.0,152.0,1,2,0.0,155.0,1,4,0.75,66.0,1,2,0.0,95.0,1,5,1.0,37.0,1,5,dermatology,low_value,TERR_32,clinic,1.0,False,In-Person-Heavy,0.2026,3,Other
45,2026-01-03 17:00:00,digital_ad,1,0.0,152.0,1,2,0.0,155.0,1,4,0.75,66.0,1,2,0.0,95.0,1,5,1.0,37.0,1,5,dermatology,low_value,TERR_32,clinic,1.0,False,In-Person-Heavy,0.1048,4,Other
46,2026-01-03 17:00:00,rep_visit,6,0.3333333333333333,47.0,1,2,0.0,58.0,1,3,0.6666666666666666,176.0,1,1,0.0,155.0,1,2,0.0,68.0,1,5,primary_care,low_value,TERR_25,private_practice,3.5,False,In-Person-Heavy,0.505,0,Primary
46,2026-01-03 17:00:00,email,6,0.3333333333333333,47.0,1,2,0.0,58.0,1,3,0.6666666666666666,176.0,1,1,0.0,155.0,1,2,0.0,68.0,1,5,primary_care,low_value,TERR_25,private_practice,3.5,False,In-Person-Heavy,0.2646,1,Secondary
46,2026-01-03 17:00:00,webinar,6,0.3333333333333333,47.0,1,2,0.0,58.0,1,3,0.6666666666666666,176.0,1,1,0.0,155.0,1,2,0.0,68.0,1,5,primary_care,low_value,TERR_25,private_practice,3.5,False,In-Person-Heavy,0.2487,2,Supporting
46,2026-01-03 17:00:00,phone_call,6,0.3333333333333333,47.0,1,2,0.0,58.0,1,3,0.6666666666666666,176.0,1,1,0.0,155.0,1,2,0.0,68.0,1,5,primary_care,low_value,TERR_25,private_practice,3.5,False,In-Person-Heavy,0.2281,3,Other
46,2026-01-03 17:00:00,digital_ad,6,0.3333333333333333,47.0,1,2,0.0,58.0,1,3,0.6666666666666666,176.0,1,1,0.0,155.0,1,2,0.0,68.0,1,5,primary_care,low_value,TERR_25,private_practice,3.5,False,In-Person-Heavy,0.096,4,Other
47,2026-01-03 17:00:00,rep_visit,4,0.5,113.0,1,3,0.0,110.0,1,3,0.0,18.0,1,2,0.0,9.0,1,4,0.0,24.0,1,5,oncology,low_value,TERR_23,private_practice,5.8,False,In-Person-Heavy,0.363,0,Primary
47,2026-01-03 17:00:00,phone_call,4,0.5,113.0,1,3,0.0,110.0,1,3,0.0,18.0,1,2,0.0,9.0,1,4,0.0,24.0,1,5,oncology,low_value,TERR_23,private_practice,5.8,False,In-Person-Heavy,0.1913,1,Secondary
47,2026-01-03 17:00:00,webinar,4,0.5,113.0,1,3,0.0,110.0,1,3,0.0,18.0,1,2,0.0,9.0,1,4,0.0,24.0,1,5,oncology,low_value,TERR_23,private_practice,5.8,False,In-Person-Heavy,0.1868,2,Supporting
47,2026-01-03 17:00:00,email,4,0.5,113.0,1,3,0.0,110.0,1,3,0.0,18.0,1,2,0.0,9.0,1,4,0.0,24.0,1,5,oncology,low_value,TERR_23,private_practice,5.8,False,In-Person-Heavy,0.1803,3,Other
47,2026-01-03 17:00:00,digital_ad,4,0.5,113.0,1,3,0.0,110.0,1,3,0.0,18.0,1,2,0.0,9.0,1,4,0.0,24.0,1,5,oncology,low_value,TERR_23,private_practice,5.8,False,In-Person-Heavy,0.0749,4,Other
48,2026-01-03 17:00:00,rep_visit,4,0.0,24.0,1,6,0.3333333333333333,108.0,1,4,1.0,10.0,1,2,0.0,4.0,1,7,0.14285714285714285,72.0,1,5,cardiology,high_value,TERR_40,private_practice,1.2,False,In-Person-Heavy,0.3614,0,Primary
48,2026-01-03 17:00:00,webinar,4,0.0,24.0,1,6,0.3333333333333333,108.0,1,4,1.0,10.0,1,2,0.0,4.0,1,7,0.14285714285714285,72.0,1,5,cardiology,high_value,TERR_40,private_practice,1.2,False,In-Person-Heavy,0.1392,1,Secondary
48,2026-01-03 17:00:00,phone_call,4,0.0,24.0,1,6,0.3333333333333333,108.0,1,4,1.0,10.0,1,2,0.0,4.0,1,7,0.14285714285714285,72.0,1,5,cardiology,high_value,TERR_40,private_practice,1.2,False,In-Person-Heavy,0.128,2,Supporting
48,2026-01-03 17:00:00,email,4,0.0,24.0,1,6,0.3333333333333333,108.0,1,4,1.0,10.0,1,2,0.0,4.0,1,7,0.14285714285714285,72.0,1,5,cardiology,high_value,TERR_40,private_practice,1.2,False,In-Person-Heavy,0.1031,3,Other
48,2026-01-03 17:00:00,digital_ad,4,0.0,24.0,1,6,0.3333333333333333,108.0,1,4,1.0,10.0,1,2,0.0,4.0,1,7,0.14285714285714285,72.0,1,5,cardiology,high_value,TERR_40,private_practice,1.2,False,In-Person-Heavy,0.0715,4,Other
49,2026-01-03 17:00:00,rep_visit,5,0.0,23.0,1,7,0.42857142857142855,120.0,1,6,0.6666666666666666,11.0,1,2,1.0,85.0,1,4,0.0,39.0,1,5,primary_care,medium_value,TERR_35,clinic,4.2,False,Digital-Heavy,0.5145,0,Primary
49,2026-01-03 17:00:00,webinar,5,0.0,23.0,1,7,0.42857142857142855,120.0,1,6,0.6666666666666666,11.0,1,2,1.0,85.0,1,4,0.0,39.0,1,5,primary_care,medium_value,TERR_35,clinic,4.2,False,Digital-Heavy,0.2788,1,Secondary
49,2026-01-03 17:00:00,phone_call,5,0.0,23.0,1,7,0.42857142857142855,120.0,1,6,0.6666666666666666,11.0,1,2,1.0,85.0,1,4,0.0,39.0,1,5,primary_care,medium_value,TERR_35,clinic,4.2,False,Digital-Heavy,0.2637,2,Supporting
49,2026-01-03 17:00:00,email,5,0.0,23.0,1,7,0.42857142857142855,120.0,1,6,0.6666666666666666,11.0,1,2,1.0,85.0,1,4,0.0,39.0,1,5,primary_care,medium_value,TERR_35,clinic,4.2,False,Digital-Heavy,0.1538,3,Other
49,2026-01-03 17:00:00,digital_ad,5,0.0,23.0,1,7,0.42857142857142855,120.0,1,6,0.6666666666666666,11.0,1,2,1.0,85.0,1,4,0.0,39.0,1,5,primary_care,medium_value,TERR_35,clinic,4.2,False,Digital-Heavy,0.1179,4,Other
50,2026-01-03 17:00:00,rep_visit,0,0.0,,0,2,0.5,143.0,1,5,1.0,43.0,1,2,0.0,95.0,1,0,0.0,,0,3,primary_care,medium_value,TERR_07,clinic,3.3,True,In-Person-Heavy,0.728,0,Primary
50,2026-01-03 17:00:00,phone_call,0,0.0,,0,2,0.5,143.0,1,5,1.0,43.0,1,2,0.0,95.0,1,0,0.0,,0,3,primary_care,medium_value,TERR_07,clinic,3.3,True,In-Person-Heavy,0.4452,1,Secondary
50,2026-01-03 17:00:00,webinar,0,0.0,,0,2,0.5,143.0,1,5,1.0,43.0,1,2,0.0,95.0,1,0,0.0,,0,3,primary_care,medium_value,TERR_07,clinic,3.3,True,In-Person-Heavy,0.4343,2,Supporting
50,2026-01-03 17:00:00,email,0,0.0,,0,2,0.5,143.0,1,5,1.0,43.0,1,2,0.0,95.0,1,0,0.0,,0,3,primary_care,medium_value,TERR_07,clinic,3.3,True,In-Person-Heavy,0.2357,3,Other
50,2026-01-03 17:00:00,digital_ad,0,0.0,,0,2,0.5,143.0,1,5,1.0,43.0,1,2,0.0,95.0,1,0,0.0,,0,3,primary_care,medium_value,TERR_07,clinic,3.3,True,In-Person-Heavy,0.138,4,Other
51,2026-01-03 17:00:00,rep_visit,12,0.25,36.0,1,5,0.0,17.0,1,3,0.3333333333333333,221.0,1,7,0.2857142857142857,51.0,1,4,0.5,31.0,1,5,dermatology,high_value,TERR_23,private_practice,3.4,False,Digital-Heavy,0.3651,0,Primary
51,2026-01-03 17:00:00,phone_call,12,0.25,36.0,1,5,0.0,17.0,1,3,0.3333333333333333,221.0,1,7,0.2857142857142857,51.0,1,4,0.5,31.0,1,5,dermatology,high_value,TERR_23,private_practice,3.4,False,Digital-Heavy,0.2563,1,Secondary
51,2026-01-03 17:00:00,webinar,12,0.25,36.0,1,5,0.0,17.0,1,3,0.3333333333333333,221.0,1,7,0.2857142857142857,51.0,1,4,0.5,31.0,1,5,dermatology,high_value,TERR_23,private_practice,3.4,False,Digital-Heavy,0.2473,2,Supporting
51,2026-01-03 17:00:00,email,12,0.25,36.0,1,5,0.0,17.0,1,3,0.3333333333333333,221.0,1,7,0.2857142857142857,51.0,1,4,0.5,31.0,1,5,dermatology,high_value,TERR_23,private_practice,3.4,False,Digital-Heavy,0.22,3,Other
51,2026-01-03 17:00:00,digital_ad,12,0.25,36.0,1,5,0.0,17.0,1,3,0.3333333333333333,221.0,1,7,0.2857142857142857,51.0,1,4,0.5,31.0,1,5,dermatology,high_value,TERR_23,private_practice,3.4,False,Digital-Heavy,0.1225,4,Other
52,2026-01-03 17:00:00,rep_visit,5,0.4,23.0,1,4,0.0,40.0,1,2,0.0,215.0,1,9,0.2222222222222222,50.0,1,3,0.0,45.0,1,5,endocrinology,medium_value,TERR_22,clinic,2.6,False,Mixed,0.3128,0,Primary
52,2026-01-03 17:00:00,email,5,0.4,23.0,1,4,0.0,40.0,1,2,0.0,215.0,1,9,0.2222222222222222,50.0,1,3,0.0,45.0,1,5,endocrinology,medium_value,TERR_22,clinic,2.6,False,Mixed,0.2251,1,Secondary
52,2026-01-03 17:00:00,webinar,5,0.4,23.0,1,4,0.0,40.0,1,2,0.0,215.0,1,9,0.2222222222222222,50.0,1,3,0.0,45.0,1,5,endocrinology,medium_value,TERR_22,clinic,2.6,False,Mixed,0.2185,2,Supporting
52,2026-01-03 17:00:00,phone_call,5,0.4,23.0,1,4,0.0,40.0,1,2,0.0,215.0,1,9,0.2222222222222222,50.0,1,3,0.0,45.0,1,5,endocrinology,medium_value,TERR_22,clinic,2.6,False,Mixed,0.1858,3,Other
52,2026-01-03 17:00:00,digital_ad,5,0.4,23.0,1,4,0.0,40.0,1,2,0.0,215.0,1,9,0.2222222222222222,50.0,1,3,0.0,45.0,1,5,endocrinology,medium_value,TERR_22,clinic,2.6,False,Mixed,0.107,4,Other
53,2026-01-03 17:00:00,rep_visit,5,0.2,11.0,1,3,0.0,127.0,1,2,0.0,73.0,1,3,0.6666666666666666,24.0,1,5,0.0,19.0,1,5,oncology,low_value,TERR_42,cancer_center,2.2,False,Digital-Heavy,0.2472,0,Primary
53,2026-01-03 17:00:00,phone_call,5,0.2,11.0,1,3,0.0,127.0,1,2,0.0,73.0,1,3,0.6666666666666666,24.0,1,5,0.0,19.0,1,5,oncology,low_value,TERR_42,cancer_center,2.2,False,Digital-Heavy,0.1889,1,Secondary
53,2026-01-03 17:00:00,webinar,5,0.2,11.0,1,3,0.0,127.0,1,2,0.0,73.0,1,3,0.6666666666666666,24.0,1,5,0.0,19.0,1,5,oncology,low_value,TERR_42,cancer_center,2.2,False,Digital-Heavy,0.1758,2,Supporting
53,2026-01-03 17:00:00,email,5,0.2,11.0,1,3,0.0,127.0,1,2,0.0,73.0,1,3,0.6666666666666666,24.0,1,5,0.0,19.0,1,5,oncology,low_value,TERR_42,cancer_center,2.2,False,Digital-Heavy,0.1378,3,Other
53,2026-01-03 17:00:00,digital_ad,5,0.2,11.0,1,3,0.0,127.0,1,2,0.0,73.0,1,3,0.6666666666666666,24.0,1,5,0.0,19.0,1,5,oncology,low_value,TERR_42,cancer_center,2.2,False,Digital-Heavy,0.0922,4,Other
54,2026-01-03 17:00:00,rep_visit,9,0.2222222222222222,85.0,1,2,0.0,214.0,1,1,0.0,143.0,1,10,0.1,29.0,1,2,0.0,57.0,1,5,cardiology,medium_value,TERR_44,private_practice,2.9,False,Digital-Heavy,0.2606,0,Primary
54,2026-01-03 17:00:00,email,9,0.2222222222222222,85.0,1,2,0.0,214.0,1,1,0.0,143.0,1,10,0.1,29.0,1,2,0.0,57.0,1,5,cardiology,medium_value,TERR_44,private_practice,2.9,False,Digital-Heavy,0.2513,1,Secondary
54,2026-01-03 17:00:00,webinar,9,0.2222222222222222,85.0,1,2,0.0,214.0,1,1,0.0,143.0,1,10,0.1,29.0,1,2,0.0,57.0,1,5,cardiology,medium_value,TERR_44,private_practice,2.9,False,Digital-Heavy,0.2443,2,Supporting
54,2026-01-03 17:00:00,phone_call,9,0.2222222222222222,85.0,1,2,0.0,214.0,1,1,0.0,143.0,1,10,0.1,29.0,1,2,0.0,57.0,1,5,cardiology,medium_value,TERR_44,private_practice,2.9,False,Digital-Heavy,0.2232,3,Other
54,2026-01-03 17:00:00,digital_ad,9,0.2222222222222222,85.0,1,2,0.0,214.0,1,1,0.0,143.0,1,10,0.1,29.0,1,2,0.0,57.0,1,5,cardiology,medium_value,TERR_44,private_practice,2.9,False,Digital-Heavy,0.1194,4,Other
55,2026-01-03 17:00:00,rep_visit,5,0.6,18.0,1,5,0.2,116.0,1,8,0.25,78.0,1,2,0.0,65.0,1,3,0.0,149.0,1,5,dermatology,medium_value,TERR_35,private_practice,0.9,False,In-Person-Heavy,0.3377,0,Primary
55,2026-01-03 17:00:00,webinar,5,0.6,18.0,1,5,0.2,116.0,1,8,0.25,78.0,1,2,0.0,65.0,1,3,0.0,149.0,1,5,dermatology,medium_value,TERR_35,private_practice,0.9,False,In-Person-Heavy,0.274,1,Secondary
55,2026-01-03 17:00:00,phone_call,5,0.6,18.0,1,5,0.2,116.0,1,8,0.25,78.0,1,2,0.0,65.0,1,3,0.0,149.0,1,5,dermatology,medium_value,TERR_35,private_practice,0.9,False,In-Person-Heavy,0.2734,2,Supporting
55,2026-01-03 17:00:00,email,5,0.6,18.0,1,5,0.2,116.0,1,8,0.25,78.0,1,2,0.0,65.0,1,3,0.0,149.0,1,5,dermatology,medium_value,TERR_35,private_practice,0.9,False,In-Person-Heavy,0.1987,3,Other
55,2026-01-03 17:00:00,digital_ad,5,0.6,18.0,1,5,0.2,116.0,1,8,0.25,78.0,1,2,0.0,65.0,1,3,0.0,149.0,1,5,dermatology,medium_value,TERR_35,private_practice,0.9,False,In-Person-Heavy,0.1302,4,Other
56,2026-01-03 17:00:00,rep_visit,13,0.23076923076923078,15.0,1,4,0.5,158.0,1,2,0.0,143.0,1,14,0.0,9.0,1,2,0.0,58.0,1,5,endocrinology,high_value,TERR_42,private_practice,0.5,False,In-Person-Heavy,0.2477,0,Primary
56,2026-01-03 17:00:00,email,13,0.23076923076923078,15.0,1,4,0.5,158.0,1,2,0.0,143.0,1,14,0.0,9.0,1,2,0.0,58.0,1,5,endocrinology,high_value,TERR_42,private_practice,0.5,False,In-Person-Heavy,0.2027,1,Secondary
56,2026-01-03 17:00:00,webinar,13,0.23076923076923078,15.0,1,4,0.5,158.0,1,2,0.0,143.0,1,14,0.0,9.0,1,2,0.0,58.0,1,5,endocrinology,high_value,TERR_42,private_practice,0.5,False,In-Person-Heavy,0.201,2,Supporting
56,2026-01-03 17:00:00,phone_call,13,0.23076923076923078,15.0,1,4,0.5,158.0,1,2,0.0,143.0,1,14,0.0,9.0,1,2,0.0,58.0,1,5,endocrinology,high_value,TERR_42,private_practice,0.5,False,In-Person-Heavy,0.1824,3,Other
56,2026-01-03 17:00:00,digital_ad,13,0.23076923076923078,15.0,1,4,0.5,158.0,1,2,0.0,143.0,1,14,0.0,9.0,1,2,0.0,58.0,1,5,endocrinology,high_value,TERR_42,private_practice,0.5,False,In-Person-Heavy,0.0925,4,Other
57,2026-01-03 17:00:00,rep_visit,0,0.0,,0,3,0.0,72.0,1,5,0.8,124.0,1,1,0.0,172.0,1,0,0.0,,0,3,cardiology,low_value,TERR_37,hospital,1.6,True,In-Person-Heavy,0.6412,0,Primary
57,2026-01-03 17:00:00,phone_call,0,0.0,,0,3,0.0,72.0,1,5,0.8,124.0,1,1,0.0,172.0,1,0,0.0,,0,3,cardiology,low_value,TERR_37,hospital,1.6,True,In-Person-Heavy,0.3234,1,Secondary
57,2026-01-03 17:00:00,webinar,0,0.0,,0,3,0.0,72.0,1,5,0.8,124.0,1,1,0.0,172.0,1,0,0.0,,0,3,cardiology,low_value,TERR_37,hospital,1.6,True,In-Person-Heavy,0.2922,2,Supporting
57,2026-01-03 17:00:00,email,0,0.0,,0,3,0.0,72.0,1,5,0.8,124.0,1,1,0.0,172.0,1,0,0.0,,0,3,cardiology,low_value,TERR_37,hospital,1.6,True,In-Person-Heavy,0.2184,3,Other
57,2026-01-03 17:00:00,digital_ad,0,0.0,,0,3,0.0,72.0,1,5,0.8,124.0,1,1,0.0,172.0,1,0,0.0,,0,3,cardiology,low_value,TERR_37,hospital,1.6,True,In-Person-Heavy,0.1283,4,Other
58,2026-01-03 17:00:00,rep_visit,5,0.4,15.0,1,2,0.0,100.0,1,15,0.8666666666666667,24.0,1,1,0.0,86.0,1,7,0.2857142857142857,4.0,1,5,dermatology,high_value,TERR_12,private_practice,2.6,False,Digital-Heavy,0.3717,0,Primary
58,2026-01-03 17:00:00,phone_call,5,0.4,15.0,1,2,0.0,100.0,1,15,0.8666666666666667,24.0,1,1,0.0,86.0,1,7,0.2857142857142857,4.0,1,5,dermatology,high_value,TERR_12,private_practice,2.6,False,Digital-Heavy,0.1548,1,Secondary
58,2026-01-03 17:00:00,webinar,5,0.4,15.0,1,2,0.0,100.0,1,15,0.8666666666666667,24.0,1,1,0.0,86.0,1,7,0.2857142857142857,4.0,1,5,dermatology,high_value,TERR_12,private_practice,2.6,False,Digital-Heavy,0.1498,2,Supporting
58,2026-01-03 17:00:00,email,5,0.4,15.0,1,2,0.0,100.0,1,15,0.8666666666666667,24.0,1,1,0.0,86.0,1,7,0.2857142857142857,4.0,1,5,dermatology,high_value,TERR_12,private_practice,2.6,False,Digital-Heavy,0.1201,3,Other
58,2026-01-03 17:00:00,digital_ad,5,0.4,15.0,1,2,0.0,100.0,1,15,0.8666666666666667,24.0,1,1,0.0,86.0,1,7,0.2857142857142857,4.0,1,5,dermatology,high_value,TERR_12,private_practice,2.6,False,Digital-Heavy,0.0848,4,Other
59,2026-01-03 17:00:00,rep_visit,0,0.0,,0,3,0.0,100.0,1,10,0.8,23.0,1,1,0.0,176.0,1,0,0.0,,0,3,oncology,low_value,TERR_25,private_practice,2.3,True,In-Person-Heavy,0.6788,0,Primary
59,2026-01-03 17:00:00,phone_call,0,0.0,,0,3,0.0,100.0,1,10,0.8,23.0,1,1,0.0,176.0,1,0,0.0,,0,3,oncology,low_value,TERR_25,private_practice,2.3,True,In-Person-Heavy,0.3407,1,Secondary
59,2026-01-03 17:00:00,webinar,0,0.0,,0,3,0.0,100.0,1,10,0.8,23.0,1,1,0.0,176.0,1,0,0.0,,0,3,oncology,low_value,TERR_25,private_practice,2.3,True,In-Person-Heavy,0.2585,2,Supporting
59,2026-01-03 17:00:00,email,0,0.0,,0,3,0.0,100.0,1,10,0.8,23.0,1,1,0.0,176.0,1,0,0.0,,0,3,oncology,low_value,TERR_25,private_practice,2.3,True,In-Person-Heavy,0.2098,3,Other
59,2026-01-03 17:00:00,digital_ad,0,0.0,,0,3,0.0,100.0,1,10,0.8,23.0,1,1,0.0,176.0,1,0,0.0,,0,3,oncology,low_value,TERR_25,private_practice,2.3,True,In-Person-Heavy,0.115,4,Other
60,2026-01-03 17:00:00,rep_visit,9,0.1111111111111111,169.0,1,5,0.2,5.0,1,4,0.75,53.0,1,6,0.0,26.0,1,7,0.14285714285714285,61.0,1,5,dermatology,medium_value,TERR_39,private_practice,1.0,False,Digital-Heavy,0.327,0,Primary
60,2026-01-03 17:00:00,webinar,9,0.1111111111111111,169.0,1,5,0.2,5.0,1,4,0.75,53.0,1,6,0.0,26.0,1,7,0.14285714285714285,61.0,1,5,dermatology,medium_value,TERR_39,private_practice,1.0,False,Digital-Heavy,0.1788,1,Secondary
60,2026-01-03 17:00:00,phone_call,9,0.1111111111111111,169.0,1,5,0.2,5.0,1,4,0.75,53.0,1,6,0.0,26.0,1,7,0.14285714285714285,61.0,1,5,dermatology,medium_value,TERR_39,private_practice,1.0,False,Digital-Heavy,0.1385,2,Supporting
60,2026-01-03 17:00:00,email,9,0.1111111111111111,169.0,1,5,0.2,5.0,1,4,0.75,53.0,1,6,0.0,26.0,1,7,0.14285714285714285,61.0,1,5,dermatology,medium_value,TERR_39,private_practice,1.0,False,Digital-Heavy,0.1366,3,Other
60,2026-01-03 17:00:00,digital_ad,9,0.1111111111111111,169.0,1,5,0.2,5.0,1,4,0.75,53.0,1,6,0.0,26.0,1,7,0.14285714285714285,61.0,1,5,dermatology,medium_value,TERR_39,private_practice,1.0,False,Digital-Heavy,0.0887,4,Other
61,2026-01-03 17:00:00,rep_visit,4,0.5,130.0,1,7,0.42857142857142855,17.0,1,3,0.0,61.0,1,3,0.0,79.0,1,3,0.6666666666666666,152.0,1,5,dermatology,medium_value,TERR_29,private_practice,4.7,False,Mixed,0.4161,0,Primary
61,2026-01-03 17:00:00,webinar,4,0.5,130.0,1,7,0.42857142857142855,17.0,1,3,0.0,61.0,1,3,0.0,79.0,1,3,0.6666666666666666,152.0,1,5,dermatology,medium_value,TERR_29,private_practice,4.7,False,Mixed,0.3448,1,Secondary
61,2026-01-03 17:00:00,phone_call,4,0.5,130.0,1,7,0.42857142857142855,17.0,1,3,0.0,61.0,1,3,0.0,79.0,1,3,0.6666666666666666,152.0,1,5,dermatology,medium_value,TERR_29,private_practice,4.7,False,Mixed,0.3357,2,Supporting
61,2026-01-03 17:00:00,email,4,0.5,130.0,1,7,0.42857142857142855,17.0,1,3,0.0,61.0,1,3,0.0,79.0,1,3,0.6666666666666666,152.0,1,5,dermatology,medium_value,TERR_29,private_practice,4.7,False,Mixed,0.2122,3,Other
61,2026-01-03 17:00:00,digital_ad,4,0.5,130.0,1,7,0.42857142857142855,17.0,1,3,0.0,61.0,1,3,0.0,79.0,1,3,0.6666666666666666,152.0,1,5,dermatology,medium_value,TERR_29,private_practice,4.7,False,Mixed,0.1262,4,Other
62,2026-01-03 17:00:00,rep_visit,0,0.0,,0,3,0.0,47.0,1,7,0.2857142857142857,68.0,1,5,0.0,40.0,1,0,0.0,,0,3,endocrinology,medium_value,TERR_46,private_practice,3.1,True,Mixed,0.5859,0,Primary
62,2026-01-03 17:00:00,webinar,0,0.0,,0,3,0.0,47.0,1,7,0.2857142857142857,68.0,1,5,0.0,40.0,1,0,0.0,,0,3,endocrinology,medium_value,TERR_46,private_practice,3.1,True,Mixed,0.2874,1,Secondary
62,2026-01-03 17:00:00,phone_call,0,0.0,,0,3,0.0,47.0,1,7,0.2857142857142857,68.0,1,5,0.0,40.0,1,0,0.0,,0,3,endocrinology,medium_value,TERR_46,private_practice,3.1,True,Mixed,0.2761,2,Supporting
62,2026-01-03 17:00:00,email,0,0.0,,0,3,0.0,47.0,1,7,0.2857142857142857,68.0,1,5,0.0,40.0,1,0,0.0,,0,3,endocrinology,medium_value,TERR_46,private_practice,3.1,True,Mixed,0.2293,3,Other
62,2026-01-03 17:00:00,digital_ad,0,0.0,,0,3,0.0,47.0,1,7,0.2857142857142857,68.0,1,5,0.0,40.0,1,0,0.0,,0,3,endocrinology,medium_value,TERR_46,private_practice,3.1,True,Mixed,0.1148,4,Other
63,2026-01-03 17:00:00,rep_visit,3,1.0,22.0,1,4,0.0,40.0,1,3,0.6666666666666666,123.0,1,2,0.0,66.0,1,3,0.6666666666666666,241.0,1,5,endocrinology,low_value,TERR_30,private_practice,0.8,False,In-Person-Heavy,0.4449,0,Primary
63,2026-01-03 17:00:00,phone_call,3,1.0,22.0,1,4,0.0,40.0,1,3,0.6666666666666666,123.0,1,2,0.0,66.0,1,3,0.6666666666666666,241.0,1,5,endocrinology,low_value,TERR_30,private_practice,0.8,False,In-Person-Heavy,0.3057,1,Secondary
63,2026-01-03 17:00:00,webinar,3,1.0,22.0,1,4,0.0,40.0,1,3,0.6666666666666666,123.0,1,2,0.0,66.0,1,3,0.6666666666666666,241.0,1,5,endocrinology,low_value,TERR_30,private_practice,0.8,False,In-Person-Heavy,0.2896,2,Supporting
63,2026-01-03 17:00:00,email,3,1.0,22.0,1,4,0.0,40.0,1,3,0.6666666666666666,123.0,1,2,0.0,66.0,1,3,0.6666666666666666,241.0,1,5,endocrinology,low_value,TERR_30,private_practice,0.8,False,In-Person-Heavy,0.2603,3,Other
63,2026-01-03 17:00:00,digital_ad,3,1.0,22.0,1,4,0.0,40.0,1,3,0.6666666666666666,123.0,1,2,0.0,66.0,1,3,0.6666666666666666,241.0,1,5,endocrinology,low_value,TERR_30,private_practice,0.8,False,In-Person-Heavy,0.1122,4,Other
64,2026-01-03 17:00:00,rep_visit,2,0.5,24.0,1,3,0.0,8.0,1,4,1.0,46.0,1,6,0.0,52.0,1,9,0.4444444444444444,38.0,1,5,oncology,medium_value,TERR_34,cancer_center,4.4,False,Digital-Heavy,0.4225,0,Primary
64,2026-01-03 17:00:00,phone_call,2,0.5,24.0,1,3,0.0,8.0,1,4,1.0,46.0,1,6,0.0,52.0,1,9,0.4444444444444444,38.0,1,5,oncology,medium_value,TERR_34,cancer_center,4.4,False,Digital-Heavy,0.1943,1,Secondary
64,2026-01-03 17:00:00,webinar,2,0.5,24.0,1,3,0.0,8.0,1,4,1.0,46.0,1,6,0.0,52.0,1,9,0.4444444444444444,38.0,1,5,oncology,medium_value,TERR_34,cancer_center,4.4,False,Digital-Heavy,0.1733,2,Supporting
64,2026-01-03 17:00:00,email,2,0.5,24.0,1,3,0.0,8.0,1,4,1.0,46.0,1,6,0.0,52.0,1,9,0.4444444444444444,38.0,1,5,oncology,medium_value,TERR_34,cancer_center,4.4,False,Digital-Heavy,0.149,3,Other
64,2026-01-03 17:00:00,digital_ad,2,0.5,24.0,1,3,0.0,8.0,1,4,1.0,46.0,1,6,0.0,52.0,1,9,0.4444444444444444,38.0,1,5,oncology,medium_value,TERR_34,cancer_center,4.4,False,Digital-Heavy,0.085,4,Other
65,2026-01-03 17:00:00,rep_visit,2,0.0,12.0,1,4,1.0,149.0,1,11,0.45454545454545453,74.0,1,1,1.0,130.0,1,8,0.75,51.0,1,5,oncology,medium_value,TERR_04,cancer_center,3.4,False,Mixed,0.6399,0,Primary
65,2026-01-03 17:00:00,phone_call,2,0.0,12.0,1,4,1.0,149.0,1,11,0.45454545454545453,74.0,1,1,1.0,130.0,1,8,0.75,51.0,1,5,oncology,medium_value,TERR_04,cancer_center,3.4,False,Mixed,0.4514,1,Secondary
65,2026-01-03 17:00:00,webinar,2,0.0,12.0,1,4,1.0,149.0,1,11,0.45454545454545453,74.0,1,1,1.0,130.0,1,8,0.75,51.0,1,5,oncology,medium_value,TERR_04,cancer_center,3.4,False,Mixed,0.4021,2,Supporting
65,2026-01-03 17:00:00,email,2,0.0,12.0,1,4,1.0,149.0,1,11,0.45454545454545453,74.0,1,1,1.0,130.0,1,8,0.75,51.0,1,5,oncology,medium_value,TERR_04,cancer_center,3.4,False,Mixed,0.2364,3,Other
65,2026-01-03 17:00:00,digital_ad,2,0.0,12.0,1,4,1.0,149.0,1,11,0.45454545454545453,74.0,1,1,1.0,130.0,1,8,0.75,51.0,1,5,oncology,medium_value,TERR_04,cancer_center,3.4,False,Mixed,0.1837,4,Other
66,2026-01-03 17:00:00,rep_visit,8,0.0,100.0,1,1,0.0,79.0,1,5,0.2,19.0,1,3,0.0,94.0,1,8,0.5,53.0,1,5,oncology,high_value,TERR_27,hospital,4.2,False,Digital-Heavy,0.4852,0,Primary
66,2026-01-03 17:00:00,phone_call,8,0.0,100.0,1,1,0.0,79.0,1,5,0.2,19.0,1,3,0.0,94.0,1,8,0.5,53.0,1,5,oncology,high_value,TERR_27,hospital,4.2,False,Digital-Heavy,0.3265,1,Secondary
66,2026-01-03 17:00:00,webinar,8,0.0,100.0,1,1,0.0,79.0,1,5,0.2,19.0,1,3,0.0,94.0,1,8,0.5,53.0,1,5,oncology,high_value,TERR_27,hospital,4.2,False,Digital-Heavy,0.2527,2,Supporting
66,2026-01-03 17:00:00,email,8,0.0,100.0,1,1,0.0,79.0,1,5,0.2,19.0,1,3,0.0,94.0,1,8,0.5,53.0,1,5,oncology,high_value,TERR_27,hospital,4.2,False,Digital-Heavy,0.1536,3,Other
66,2026-01-03 17:00:00,digital_ad,8,0.0,100.0,1,1,0.0,79.0,1,5,0.2,19.0,1,3,0.0,94.0,1,8,0.5,53.0,1,5,oncology,high_value,TERR_27,hospital,4.2,False,Digital-Heavy,0.1008,4,Other
67,2026-01-03 17:00:00,rep_visit,0,0.0,,0,2,0.5,22.0,1,3,0.6666666666666666,44.0,1,1,0.0,150.0,1,8,0.25,5.0,1,4,endocrinology,low_value,TERR_37,private_practice,6.0,False,In-Person-Heavy,0.4372,0,Primary
67,2026-01-03 17:00:00,phone_call,0,0.0,,0,2,0.5,22.0,1,3,0.6666666666666666,44.0,1,1,0.0,150.0,1,8,0.25,5.0,1,4,endocrinology,low_value,TERR_37,private_practice,6.0,False,In-Person-Heavy,0.2278,1,Secondary
67,2026-01-03 17:00:00,webinar,0,0.0,,0,2,0.5,22.0,1,3,0.6666666666666666,44.0,1,1,0.0,150.0,1,8,0.25,5.0,1,4,endocrinology,low_value,TERR_37,private_practice,6.0,False,In-Person-Heavy,0.1931,2,Supporting
67,2026-01-03 17:00:00,email,0,0.0,,0,2,0.5,22.0,1,3,0.6666666666666666,44.0,1,1,0.0,150.0,1,8,0.25,5.0,1,4,endocrinology,low_value,TERR_37,private_practice,6.0,False,In-Person-Heavy,0.1777,3,Other
67,2026-01-03 17:00:00,digital_ad,0,0.0,,0,2,0.5,22.0,1,3,0.6666666666666666,44.0,1,1,0.0,150.0,1,8,0.25,5.0,1,4,endocrinology,low_value,TERR_37,private_practice,6.0,False,In-Person-Heavy,0.1188,4,Other
68,2026-01-03 17:00:00,rep_visit,7,0.42857142857142855,79.0,1,5,0.4,36.0,1,4,0.25,5.0,1,11,0.2727272727272727,10.0,1,7,0.42857142857142855,24.0,1,5,cardiology,high_value,TERR_43,clinic,0.5,False,Digital-Heavy,0.239,0,Primary
68,2026-01-03 17:00:00,webinar,7,0.42857142857142855,79.0,1,5,0.4,36.0,1,4,0.25,5.0,1,11,0.2727272727272727,10.0,1,7,0.42857142857142855,24.0,1,5,cardiology,high_value,TERR_43,clinic,0.5,False,Digital-Heavy,0.1698,1,Secondary
68,2026-01-03 17:00:00,phone_call,7,0.42857142857142855,79.0,1,5,0.4,36.0,1,4,0.25,5.0,1,11,0.2727272727272727,10.0,1,7,0.42857142857142855,24.0,1,5,cardiology,high_value,TERR_43,clinic,0.5,False,Digital-Heavy,0.147,2,Supporting
68,2026-01-03 17:00:00,email,7,0.42857142857142855,79.0,1,5,0.4,36.0,1,4,0.25,5.0,1,11,0.2727272727272727,10.0,1,7,0.42857142857142855,24.0,1,5,cardiology,high_value,TERR_43,clinic,0.5,False,Digital-Heavy,0.1298,3,Other
68,2026-01-03 17:00:00,digital_ad,7,0.42857142857142855,79.0,1,5,0.4,36.0,1,4,0.25,5.0,1,11,0.2727272727272727,10.0,1,7,0.42857142857142855,24.0,1,5,cardiology,high_value,TERR_43,clinic,0.5,False,Digital-Heavy,0.107,4,Other
69,2026-01-03 17:00:00,rep_visit,4,0.25,8.0,1,3,0.3333333333333333,151.0,1,5,0.4,54.0,1,0,0.0,,0,4,0.5,67.0,1,4,dermatology,medium_value,TERR_08,private_practice,3.5,False,Mixed,0.5565,0,Primary
69,2026-01-03 17:00:00,phone_call,4,0.25,8.0,1,3,0.3333333333333333,151.0,1,5,0.4,54.0,1,0,0.0,,0,4,0.5,67.0,1,4,dermatology,medium_value,TERR_08,private_practice,3.5,False,Mixed,0.3485,1,Secondary
69,2026-01-03 17:00:00,webinar,4,0.25,8.0,1,3,0.3333333333333333,151.0,1,5,0.4,54.0,1,0,0.0,,0,4,0.5,67.0,1,4,dermatology,medium_value,TERR_08,private_practice,3.5,False,Mixed,0.3047,2,Supporting
69,2026-01-03 17:00:00,email,4,0.25,8.0,1,3,0.3333333333333333,151.0,1,5,0.4,54.0,1,0,0.0,,0,4,0.5,67.0,1,4,dermatology,medium_value,TERR_08,private_practice,3.5,False,Mixed,0.2123,3,Other
69,2026-01-03 17:00:00,digital_ad,4,0.25,8.0,1,3,0.3333333333333333,151.0,1,5,0.4,54.0,1,0,0.0,,0,4,0.5,67.0,1,4,dermatology,medium_value,TERR_08,private_practice,3.5,False,Mixed,0.1169,4,Other
70,2026-01-03 17:00:00,email,5,0.6,3.0,1,2,0.0,141.0,1,1,0.0,151.0,1,7,0.14285714285714285,72.0,1,1,0.0,165.0,1,5,oncology,low_value,TERR_41,cancer_center,3.1,False,Digital-Heavy,0.1575,0,Primary
70,2026-01-03 17:00:00,rep_visit,5,0.6,3.0,1,2,0.0,141.0,1,1,0.0,151.0,1,7,0.14285714285714285,72.0,1,1,0.0,165.0,1,5,oncology,low_value,TERR_41,cancer_center,3.1,False,Digital-Heavy,0.1575,1,Secondary
70,2026-01-03 17:00:00,phone_call,5,0.6,3.0,1,2,0.0,141.0,1,1,0.0,151.0,1,7,0.14285714285714285,72.0,1,1,0.0,165.0,1,5,oncology,low_value,TERR_41,cancer_center,3.1,False,Digital-Heavy,0.1549,2,Supporting
70,2026-01-03 17:00:00,webinar,5,0.6,3.0,1,2,0.0,141.0,1,1,0.0,151.0,1,7,0.14285714285714285,72.0,1,1,0.0,165.0,1,5,oncology,low_value,TERR_41,cancer_center,3.1,False,Digital-Heavy,0.15,3,Other
70,2026-01-03 17:00:00,digital_ad,5,0.6,3.0,1,2,0.0,141.0,1,1,0.0,151.0,1,7,0.14285714285714285,72.0,1,1,0.0,165.0,1,5,oncology,low_value,TERR_41,cancer_center,3.1,False,Digital-Heavy,0.1264,4,Other
71,2026-01-03 17:00:00,rep_visit,14,0.42857142857142855,11.0,1,2,0.0,22.0,1,0,0.0,,0,6,0.16666666666666666,36.0,1,5,0.0,110.0,1,4,endocrinology,low_value,TERR_36,clinic,3.5,False,In-Person-Heavy,0.2532,0,Primary
71,2026-01-03 17:00:00,email,14,0.42857142857142855,11.0,1,2,0.0,22.0,1,0,0.0,,0,6,0.16666666666666666,36.0,1,5,0.0,110.0,1,4,endocrinology,low_value,TERR_36,clinic,3.5,False,In-Person-Heavy,0.2165,1,Secondary
71,2026-01-03 17:00:00,webinar,14,0.42857142857142855,11.0,1,2,0.0,22.0,1,0,0.0,,0,6,0.16666666666666666,36.0,1,5,0.0,110.0,1,4,endocrinology,low_value,TERR_36,clinic,3.5,False,In-Person-Heavy,0.2041,2,Supporting
71,2026-01-03 17:00:00,phone_call,14,0.42857142857142855,11.0,1,2,0.0,22.0,1,0,0.0,,0,6,0.16666666666666666,36.0,1,5,0.0,110.0,1,4,endocrinology,low_value,TERR_36,clinic,3.5,False,In-Person-Heavy,0.1768,3,Other
71,2026-01-03 17:00:00,digital_ad,14,0.42857142857142855,11.0,1,2,0.0,22.0,1,0,0.0,,0,6,0.16666666666666666,36.0,1,5,0.0,110.0,1,4,endocrinology,low_value,TERR_36,clinic,3.5,False,In-Person-Heavy,0.1364,4,Other
72,2026-01-03 17:00:00,rep_visit,6,0.0,22.0,1,6,0.0,88.0,1,7,0.5714285714285714,30.0,1,2,0.0,68.0,1,8,0.25,10.0,1,5,dermatology,high_value,TERR_49,clinic,1.1,False,Mixed,0.5394,0,Primary
72,2026-01-03 17:00:00,phone_call,6,0.0,22.0,1,6,0.0,88.0,1,7,0.5714285714285714,30.0,1,2,0.0,68.0,1,8,0.25,10.0,1,5,dermatology,high_value,TERR_49,clinic,1.1,False,Mixed,0.2196,1,Secondary
72,2026-01-03 17:00:00,webinar,6,0.0,22.0,1,6,0.0,88.0,1,7,0.5714285714285714,30.0,1,2,0.0,68.0,1,8,0.25,10.0,1,5,dermatology,high_value,TERR_49,clinic,1.1,False,Mixed,0.1896,2,Supporting
72,2026-01-03 17:00:00,email,6,0.0,22.0,1,6,0.0,88.0,1,7,0.5714285714285714,30.0,1,2,0.0,68.0,1,8,0.25,10.0,1,5,dermatology,high_value,TERR_49,clinic,1.1,False,Mixed,0.1262,3,Other
72,2026-01-03 17:00:00,digital_ad,6,0.0,22.0,1,6,0.0,88.0,1,7,0.5714285714285714,30.0,1,2,0.0,68.0,1,8,0.25,10.0,1,5,dermatology,high_value,TERR_49,clinic,1.1,False,Mixed,0.0826,4,Other
73,2026-01-03 17:00:00,rep_visit,4,0.5,19.0,1,2,0.5,40.0,1,13,0.3076923076923077,31.0,1,0,0.0,,0,6,0.8333333333333334,2.0,1,4,endocrinology,low_value,TERR_37,private_practice,1.6,False,In-Person-Heavy,0.3242,0,Primary
73,2026-01-03 17:00:00,phone_call,4,0.5,19.0,1,2,0.5,40.0,1,13,0.3076923076923077,31.0,1,0,0.0,,0,6,0.8333333333333334,2.0,1,4,endocrinology,low_value,TERR_37,private_practice,1.6,False,In-Person-Heavy,0.2445,1,Secondary
73,2026-01-03 17:00:00,webinar,4,0.5,19.0,1,2,0.5,40.0,1,13,0.3076923076923077,31.0,1,0,0.0,,0,6,0.8333333333333334,2.0,1,4,endocrinology,low_value,TERR_37,private_practice,1.6,False,In-Person-Heavy,0.1971,2,Supporting
73,2026-01-03 17:00:00,email,4,0.5,19.0,1,2,0.5,40.0,1,13,0.3076923076923077,31.0,1,0,0.0,,0,6,0.8333333333333334,2.0,1,4,endocrinology,low_value,TERR_37,private_practice,1.6,False,In-Person-Heavy,0.1511,3,Other
73,2026-01-03 17:00:00,digital_ad,4,0.5,19.0,1,2,0.5,40.0,1,13,0.3076923076923077,31.0,1,0,0.0,,0,6,0.8333333333333334,2.0,1,4,endocrinology,low_value,TERR_37,private_practice,1.6,False,In-Person-Heavy,0.1057,4,Other
74,2026-01-03 17:00:00,rep_visit,2,0.5,207.0,1,1,1.0,123.0,1,0,0.0,,0,2,0.0,75.0,1,5,0.2,16.0,1,4,primary_care,low_value,TERR_35,clinic,1.0,False,Digital-Heavy,0.4466,0,Primary
74,2026-01-03 17:00:00,webinar,2,0.5,207.0,1,1,1.0,123.0,1,0,0.0,,0,2,0.0,75.0,1,5,0.2,16.0,1,4,primary_care,low_value,TERR_35,clinic,1.0,False,Digital-Heavy,0.3415,1,Secondary
74,2026-01-03 17:00:00,phone_call,2,0.5,207.0,1,1,1.0,123.0,1,0,0.0,,0,2,0.0,75.0,1,5,0.2,16.0,1,4,primary_care,low_value,TERR_35,clinic,1.0,False,Digital-Heavy,0.2937,2,Supporting
74,2026-01-03 17:00:00,email,2,0.5,207.0,1,1,1.0,123.0,1,0,0.0,,0,2,0.0,75.0,1,5,0.2,16.0,1,4,primary_care,low_value,TERR_35,clinic,1.0,False,Digital-Heavy,0.2384,3,Other
74,2026-01-03 17:00:00,digital_ad,2,0.5,207.0,1,1,1.0,123.0,1,0,0.0,,0,2,0.0,75.0,1,5,0.2,16.0,1,4,primary_care,low_value,TERR_35,clinic,1.0,False,Digital-Heavy,0.1099,4,Other
75,2026-01-03 17:00:00,rep_visit,5,0.2,24.0,1,3,0.0,187.0,1,0,0.0,,0,4,0.0,227.0,1,2,0.0,115.0,1,4,primary_care,medium_value,TERR_19,private_practice,0.5,False,Mixed,0.3925,0,Primary
75,2026-01-03 17:00:00,webinar,5,0.2,24.0,1,3,0.0,187.0,1,0,0.0,,0,4,0.0,227.0,1,2,0.0,115.0,1,4,primary_care,medium_value,TERR_19,private_practice,0.5,False,Mixed,0.2274,1,Secondary
75,2026-01-03 17:00:00,email,5,0.2,24.0,1,3,0.0,187.0,1,0,0.0,,0,4,0.0,227.0,1,2,0.0,115.0,1,4,primary_care,medium_value,TERR_19,private_practice,0.5,False,Mixed,0.222,2,Supporting
75,2026-01-03 17:00:00,phone_call,5,0.2,24.0,1,3,0.0,187.0,1,0,0.0,,0,4,0.0,227.0,1,2,0.0,115.0,1,4,primary_care,medium_value,TERR_19,private_practice,0.5,False,Mixed,0.1945,3,Other
75,2026-01-03 17:00:00,digital_ad,5,0.2,24.0,1,3,0.0,187.0,1,0,0.0,,0,4,0.0,227.0,1,2,0.0,115.0,1,4,primary_care,medium_value,TERR_19,private_practice,0.5,False,Mixed,0.1481,4,Other
76,2026-01-03 17:00:00,rep_visit,14,0.21428571428571427,25.0,1,1,0.0,67.0,1,2,0.0,152.0,1,10,0.0,17.0,1,7,0.2857142857142857,9.0,1,5,endocrinology,high_value,TERR_12,private_practice,0.5,False,In-Person-Heavy,0.2228,0,Primary
76,2026-01-03 17:00:00,email,14,0.21428571428571427,25.0,1,1,0.0,67.0,1,2,0.0,152.0,1,10,0.0,17.0,1,7,0.2857142857142857,9.0,1,5,endocrinology,high_value,TERR_12,private_practice,0.5,False,In-Person-Heavy,0.164,1,Secondary
76,2026-01-03 17:00:00,phone_call,14,0.21428571428571427,25.0,1,1,0.0,67.0,1,2,0.0,152.0,1,10,0.0,17.0,1,7,0.2857142857142857,9.0,1,5,endocrinology,high_value,TERR_12,private_practice,0.5,False,In-Person-Heavy,0.1543,2,Supporting
76,2026-01-03 17:00:00,webinar,14,0.21428571428571427,25.0,1,1,0.0,67.0,1,2,0.0,152.0,1,10,0.0,17.0,1,7,0.2857142857142857,9.0,1,5,endocrinology,high_value,TERR_12,private_practice,0.5,False,In-Person-Heavy,0.1453,3,Other
76,2026-01-03 17:00:00,digital_ad,14,0.21428571428571427,25.0,1,1,0.0,67.0,1,2,0.0,152.0,1,10,0.0,17.0,1,7,0.2857142857142857,9.0,1,5,endocrinology,high_value,TERR_12,private_practice,0.5,False,In-Person-Heavy,0.0737,4,Other
77,2026-01-03 17:00:00,rep_visit,5,0.2,159.0,1,2,0.0,95.0,1,1,0.0,222.0,1,2,0.0,53.0,1,2,0.0,79.0,1,5,endocrinology,low_value,TERR_05,hospital,2.7,False,In-Person-Heavy,0.3265,0,Primary
77,2026-01-03 17:00:00,webinar,5,0.2,159.0,1,2,0.0,95.0,1,1,0.0,222.0,1,2,0.0,53.0,1,2,0.0,79.0,1,5,endocrinology,low_value,TERR_05,hospital,2.7,False,In-Person-Heavy,0.2385,1,Secondary
77,2026-01-03 17:00:00,phone_call,5,0.2,159.0,1,2,0.0,95.0,1,1,0.0,222.0,1,2,0.0,53.0,1,2,0.0,79.0,1,5,endocrinology,low_value,TERR_05,hospital,2.7,False,In-Person-Heavy,0.206,2,Supporting
77,2026-01-03 17:00:00,email,5,0.2,159.0,1,2,0.0,95.0,1,1,0.0,222.0,1,2,0.0,53.0,1,2,0.0,79.0,1,5,endocrinology,low_value,TERR_05,hospital,2.7,False,In-Person-Heavy,0.1942,3,Other
77,2026-01-03 17:00:00,digital_ad,5,0.2,159.0,1,2,0.0,95.0,1,1,0.0,222.0,1,2,0.0,53.0,1,2,0.0,79.0,1,5,endocrinology,low_value,TERR_05,hospital,2.7,False,In-Person-Heavy,0.1028,4,Other
78,2026-01-03 17:00:00,rep_visit,2,0.5,54.0,1,1,0.0,291.0,1,8,0.375,22.0,1,2,0.0,17.0,1,4,0.25,113.0,1,5,endocrinology,low_value,TERR_36,private_practice,4.4,False,Digital-Heavy,0.5593,0,Primary
78,2026-01-03 17:00:00,phone_call,2,0.5,54.0,1,1,0.0,291.0,1,8,0.375,22.0,1,2,0.0,17.0,1,4,0.25,113.0,1,5,endocrinology,low_value,TERR_36,private_practice,4.4,False,Digital-Heavy,0.3305,1,Secondary
78,2026-01-03 17:00:00,webinar,2,0.5,54.0,1,1,0.0,291.0,1,8,0.375,22.0,1,2,0.0,17.0,1,4,0.25,113.0,1,5,endocrinology,low_value,TERR_36,private_practice,4.4,False,Digital-Heavy,0.3218,2,Supporting
78,2026-01-03 17:00:00,email,2,0.5,54.0,1,1,0.0,291.0,1,8,0.375,22.0,1,2,0.0,17.0,1,4,0.25,113.0,1,5,endocrinology,low_value,TERR_36,private_practice,4.4,False,Digital-Heavy,0.2588,3,Other
78,2026-01-03 17:00:00,digital_ad,2,0.5,54.0,1,1,0.0,291.0,1,8,0.375,22.0,1,2,0.0,17.0,1,4,0.25,113.0,1,5,endocrinology,low_value,TERR_36,private_practice,4.4,False,Digital-Heavy,0.1303,4,Other
79,2026-01-03 17:00:00,rep_visit,7,0.0,8.0,1,3,0.6666666666666666,37.0,1,2,1.0,191.0,1,4,0.0,143.0,1,5,0.2,18.0,1,5,primary_care,medium_value,TERR_47,private_practice,2.7,False,In-Person-Heavy,0.3825,0,Primary
79,2026-01-03 17:00:00,webinar,7,0.0,8.0,1,3,0.6666666666666666,37.0,1,2,1.0,191.0,1,4,0.0,143.0,1,5,0.2,18.0,1,5,primary_care,medium_value,TERR_47,private_practice,2.7,False,In-Person-Heavy,0.1896,1,Secondary
79,2026-01-03 17:00:00,email,7,0.0,8.0,1,3,0.6666666666666666,37.0,1,2,1.0,191.0,1,4,0.0,143.0,1,5,0.2,18.0,1,5,primary_care,medium_value,TERR_47,private_practice,2.7,False,In-Person-Heavy,0.1539,2,Supporting
79,2026-01-03 17:00:00,phone_call,7,0.0,8.0,1,3,0.6666666666666666,37.0,1,2,1.0,191.0,1,4,0.0,143.0,1,5,0.2,18.0,1,5,primary_care,medium_value,TERR_47,private_practice,2.7,False,In-Person-Heavy,0.1517,3,Other
79,2026-01-03 17:00:00,digital_ad,7,0.0,8.0,1,3,0.6666666666666666,37.0,1,2,1.0,191.0,1,4,0.0,143.0,1,5,0.2,18.0,1,5,primary_care,medium_value,TERR_47,private_practice,2.7,False,In-Person-Heavy,0.0822,4,Other
80,2026-01-03 17:00:00,rep_visit,1,0.0,30.0,1,7,0.0,22.0,1,6,1.0,5.0,1,2,0.5,243.0,1,12,0.75,45.0,1,5,primary_care,high_value,TERR_38,clinic,3.4,False,In-Person-Heavy,0.5194,0,Primary
80,2026-01-03 17:00:00,phone_call,1,0.0,30.0,1,7,0.0,22.0,1,6,1.0,5.0,1,2,0.5,243.0,1,12,0.75,45.0,1,5,primary_care,high_value,TERR_38,clinic,3.4,False,In-Person-Heavy,0.2975,1,Secondary
80,2026-01-03 17:00:00,webinar,1,0.0,30.0,1,7,0.0,22.0,1,6,1.0,5.0,1,2,0.5,243.0,1,12,0.75,45.0,1,5,primary_care,high_value,TERR_38,clinic,3.4,False,In-Person-Heavy,0.2355,2,Supporting
80,2026-01-03 17:00:00,email,1,0.0,30.0,1,7,0.0,22.0,1,6,1.0,5.0,1,2,0.5,243.0,1,12,0.75,45.0,1,5,primary_care,high_value,TERR_38,clinic,3.4,False,In-Person-Heavy,0.1613,3,Other
80,2026-01-03 17:00:00,digital_ad,1,0.0,30.0,1,7,0.0,22.0,1,6,1.0,5.0,1,2,0.5,243.0,1,12,0.75,45.0,1,5,primary_care,high_value,TERR_38,clinic,3.4,False,In-Person-Heavy,0.1145,4,Other
81,2026-01-03 17:00:00,rep_visit,11,0.2727272727272727,17.0,1,4,0.0,87.0,1,0,0.0,,0,12,0.0,54.0,1,3,0.3333333333333333,33.0,1,4,dermatology,high_value,TERR_08,private_practice,0.5,False,Digital-Heavy,0.276,0,Primary
81,2026-01-03 17:00:00,phone_call,11,0.2727272727272727,17.0,1,4,0.0,87.0,1,0,0.0,,0,12,0.0,54.0,1,3,0.3333333333333333,33.0,1,4,dermatology,high_value,TERR_08,private_practice,0.5,False,Digital-Heavy,0.2298,1,Secondary
81,2026-01-03 17:00:00,webinar,11,0.2727272727272727,17.0,1,4,0.0,87.0,1,0,0.0,,0,12,0.0,54.0,1,3,0.3333333333333333,33.0,1,4,dermatology,high_value,TERR_08,private_practice,0.5,False,Digital-Heavy,0.2137,2,Supporting
81,2026-01-03 17:00:00,email,11,0.2727272727272727,17.0,1,4,0.0,87.0,1,0,0.0,,0,12,0.0,54.0,1,3,0.3333333333333333,33.0,1,4,dermatology,high_value,TERR_08,private_practice,0.5,False,Digital-Heavy,0.2053,3,Other
81,2026-01-03 17:00:00,digital_ad,11,0.2727272727272727,17.0,1,4,0.0,87.0,1,0,0.0,,0,12,0.0,54.0,1,3,0.3333333333333333,33.0,1,4,dermatology,high_value,TERR_08,private_practice,0.5,False,Digital-Heavy,0.0868,4,Other
82,2026-01-03 17:00:00,rep_visit,0,0.0,,0,4,0.5,121.0,1,2,1.0,53.0,1,2,0.0,296.0,1,0,0.0,,0,3,dermatology,low_value,TERR_07,private_practice,1.3,True,Digital-Heavy,0.5336,0,Primary
82,2026-01-03 17:00:00,phone_call,0,0.0,,0,4,0.5,121.0,1,2,1.0,53.0,1,2,0.0,296.0,1,0,0.0,,0,3,dermatology,low_value,TERR_07,private_practice,1.3,True,Digital-Heavy,0.3255,1,Secondary
82,2026-01-03 17:00:00,webinar,0,0.0,,0,4,0.5,121.0,1,2,1.0,53.0,1,2,0.0,296.0,1,0,0.0,,0,3,dermatology,low_value,TERR_07,private_practice,1.3,True,Digital-Heavy,0.3145,2,Supporting
82,2026-01-03 17:00:00,email,0,0.0,,0,4,0.5,121.0,1,2,1.0,53.0,1,2,0.0,296.0,1,0,0.0,,0,3,dermatology,low_value,TERR_07,private_practice,1.3,True,Digital-Heavy,0.2143,3,Other
82,2026-01-03 17:00:00,digital_ad,0,0.0,,0,4,0.5,121.0,1,2,1.0,53.0,1,2,0.0,296.0,1,0,0.0,,0,3,dermatology,low_value,TERR_07,private_practice,1.3,True,Digital-Heavy,0.1248,4,Other
83,2026-01-03 17:00:00,rep_visit,3,0.0,248.0,1,8,0.75,5.0,1,5,0.2,81.0,1,4,0.0,107.0,1,6,0.0,38.0,1,5,dermatology,high_value,TERR_26,clinic,0.5,False,Mixed,0.3167,0,Primary
83,2026-01-03 17:00:00,webinar,3,0.0,248.0,1,8,0.75,5.0,1,5,0.2,81.0,1,4,0.0,107.0,1,6,0.0,38.0,1,5,dermatology,high_value,TERR_26,clinic,0.5,False,Mixed,0.201,1,Secondary
83,2026-01-03 17:00:00,phone_call,3,0.0,248.0,1,8,0.75,5.0,1,5,0.2,81.0,1,4,0.0,107.0,1,6,0.0,38.0,1,5,dermatology,high_value,TERR_26,clinic,0.5,False,Mixed,0.1566,2,Supporting
83,2026-01-03 17:00:00,email,3,0.0,248.0,1,8,0.75,5.0,1,5,0.2,81.0,1,4,0.0,107.0,1,6,0.0,38.0,1,5,dermatology,high_value,TERR_26,clinic,0.5,False,Mixed,0.1361,3,Other
83,2026-01-03 17:00:00,digital_ad,3,0.0,248.0,1,8,0.75,5.0,1,5,0.2,81.0,1,4,0.0,107.0,1,6,0.0,38.0,1,5,dermatology,high_value,TERR_26,clinic,0.5,False,Mixed,0.1175,4,Other
84,2026-01-03 17:00:00,rep_visit,4,0.5,12.0,1,1,0.0,31.0,1,8,0.875,2.0,1,1,0.0,134.0,1,8,0.375,26.0,1,5,cardiology,high_value,TERR_20,private_practice,5.2,False,Digital-Heavy,0.3798,0,Primary
84,2026-01-03 17:00:00,phone_call,4,0.5,12.0,1,1,0.0,31.0,1,8,0.875,2.0,1,1,0.0,134.0,1,8,0.375,26.0,1,5,cardiology,high_value,TERR_20,private_practice,5.2,False,Digital-Heavy,0.1789,1,Secondary
84,2026-01-03 17:00:00,webinar,4,0.5,12.0,1,1,0.0,31.0,1,8,0.875,2.0,1,1,0.0,134.0,1,8,0.375,26.0,1,5,cardiology,high_value,TERR_20,private_practice,5.2,False,Digital-Heavy,0.1655,2,Supporting
84,2026-01-03 17:00:00,email,4,0.5,12.0,1,1,0.0,31.0,1,8,0.875,2.0,1,1,0.0,134.0,1,8,0.375,26.0,1,5,cardiology,high_value,TERR_20,private_practice,5.2,False,Digital-Heavy,0.1415,3,Other
84,2026-01-03 17:00:00,digital_ad,4,0.5,12.0,1,1,0.0,31.0,1,8,0.875,2.0,1,1,0.0,134.0,1,8,0.375,26.0,1,5,cardiology,high_value,TERR_20,private_practice,5.2,False,Digital-Heavy,0.0869,4,Other
85,2026-01-03 17:00:00,rep_visit,5,0.0,18.0,1,7,0.7142857142857143,45.0,1,0,0.0,,0,2,0.0,187.0,1,1,0.0,159.0,1,4,dermatology,low_value,TERR_49,hospital,0.5,False,Digital-Heavy,0.3886,0,Primary
85,2026-01-03 17:00:00,webinar,5,0.0,18.0,1,7,0.7142857142857143,45.0,1,0,0.0,,0,2,0.0,187.0,1,1,0.0,159.0,1,4,dermatology,low_value,TERR_49,hospital,0.5,False,Digital-Heavy,0.3404,1,Secondary
85,2026-01-03 17:00:00,phone_call,5,0.0,18.0,1,7,0.7142857142857143,45.0,1,0,0.0,,0,2,0.0,187.0,1,1,0.0,159.0,1,4,dermatology,low_value,TERR_49,hospital,0.5,False,Digital-Heavy,0.2261,2,Supporting
85,2026-01-03 17:00:00,email,5,0.0,18.0,1,7,0.7142857142857143,45.0,1,0,0.0,,0,2,0.0,187.0,1,1,0.0,159.0,1,4,dermatology,low_value,TERR_49,hospital,0.5,False,Digital-Heavy,0.1588,3,Other
85,2026-01-03 17:00:00,digital_ad,5,0.0,18.0,1,7,0.7142857142857143,45.0,1,0,0.0,,0,2,0.0,187.0,1,1,0.0,159.0,1,4,dermatology,low_value,TERR_49,hospital,0.5,False,Digital-Heavy,0.1443,4,Other
86,2026-01-03 17:00:00,rep_visit,12,0.0,8.0,1,3,0.3333333333333333,67.0,1,3,0.0,47.0,1,1,0.0,186.0,1,8,0.25,57.0,1,5,primary_care,high_value,TERR_44,private_practice,1.8,False,In-Person-Heavy,0.3014,0,Primary
86,2026-01-03 17:00:00,webinar,12,0.0,8.0,1,3,0.3333333333333333,67.0,1,3,0.0,47.0,1,1,0.0,186.0,1,8,0.25,57.0,1,5,primary_care,high_value,TERR_44,private_practice,1.8,False,In-Person-Heavy,0.1708,1,Secondary
86,2026-01-03 17:00:00,phone_call,12,0.0,8.0,1,3,0.3333333333333333,67.0,1,3,0.0,47.0,1,1,0.0,186.0,1,8,0.25,57.0,1,5,primary_care,high_value,TERR_44,private_practice,1.8,False,In-Person-Heavy,0.1652,2,Supporting
86,2026-01-03 17:00:00,email,12,0.0,8.0,1,3,0.3333333333333333,67.0,1,3,0.0,47.0,1,1,0.0,186.0,1,8,0.25,57.0,1,5,primary_care,high_value,TERR_44,private_practice,1.8,False,In-Person-Heavy,0.1467,3,Other
86,2026-01-03 17:00:00,digital_ad,12,0.0,8.0,1,3,0.3333333333333333,67.0,1,3,0.0,47.0,1,1,0.0,186.0,1,8,0.25,57.0,1,5,primary_care,high_value,TERR_44,private_practice,1.8,False,In-Person-Heavy,0.0788,4,Other
87,2026-01-03 17:00:00,rep_visit,7,0.2857142857142857,44.0,1,7,0.5714285714285714,64.0,1,0,0.0,,0,5,0.2,36.0,1,0,0.0,,0,3,dermatology,medium_value,TERR_37,private_practice,1.4,False,Mixed,0.4164,0,Primary
87,2026-01-03 17:00:00,webinar,7,0.2857142857142857,44.0,1,7,0.5714285714285714,64.0,1,0,0.0,,0,5,0.2,36.0,1,0,0.0,,0,3,dermatology,medium_value,TERR_37,private_practice,1.4,False,Mixed,0.367,1,Secondary
87,2026-01-03 17:00:00,phone_call,7,0.2857142857142857,44.0,1,7,0.5714285714285714,64.0,1,0,0.0,,0,5,0.2,36.0,1,0,0.0,,0,3,dermatology,medium_value,TERR_37,private_practice,1.4,False,Mixed,0.2377,2,Supporting
87,2026-01-03 17:00:00,email,7,0.2857142857142857,44.0,1,7,0.5714285714285714,64.0,1,0,0.0,,0,5,0.2,36.0,1,0,0.0,,0,3,dermatology,medium_value,TERR_37,private_practice,1.4,False,Mixed,0.2363,3,Other
87,2026-01-03 17:00:00,digital_ad,7,0.2857142857142857,44.0,1,7,0.5714285714285714,64.0,1,0,0.0,,0,5,0.2,36.0,1,0,0.0,,0,3,dermatology,medium_value,TERR_37,private_practice,1.4,False,Mixed,0.1309,4,Other
88,2026-01-03 17:00:00,rep_visit,5,0.0,106.0,1,0,0.0,,0,7,0.42857142857142855,22.0,1,2,0.0,213.0,1,9,0.3333333333333333,39.0,1,4,cardiology,low_value,TERR_47,hospital,4.5,False,Digital-Heavy,0.6427,0,Primary
88,2026-01-03 17:00:00,phone_call,5,0.0,106.0,1,0,0.0,,0,7,0.42857142857142855,22.0,1,2,0.0,213.0,1,9,0.3333333333333333,39.0,1,4,cardiology,low_value,TERR_47,hospital,4.5,False,Digital-Heavy,0.3878,1,Secondary
88,2026-01-03 17:00:00,webinar,5,0.0,106.0,1,0,0.0,,0,7,0.42857142857142855,22.0,1,2,0.0,213.0,1,9,0.3333333333333333,39.0,1,4,cardiology,low_value,TERR_47,hospital,4.5,False,Digital-Heavy,0.3554,2,Supporting
88,2026-01-03 17:00:00,email,5,0.0,106.0,1,0,0.0,,0,7,0.42857142857142855,22.0,1,2,0.0,213.0,1,9,0.3333333333333333,39.0,1,4,cardiology,low_value,TERR_47,hospital,4.5,False,Digital-Heavy,0.1911,3,Other
88,2026-01-03 17:00:00,digital_ad,5,0.0,106.0,1,0,0.0,,0,7,0.42857142857142855,22.0,1,2,0.0,213.0,1,9,0.3333333333333333,39.0,1,4,cardiology,low_value,TERR_47,hospital,4.5,False,Digital-Heavy,0.1286,4,Other
89,2026-01-03 17:00:00,rep_visit,0,0.0,,0,4,0.0,120.0,1,0,0.0,,0,6,0.16666666666666666,9.0,1,0,0.0,,0,2,primary_care,low_value,TERR_16,clinic,4.6,True,In-Person-Heavy,0.3946,0,Primary
89,2026-01-03 17:00:00,phone_call,0,0.0,,0,4,0.0,120.0,1,0,0.0,,0,6,0.16666666666666666,9.0,1,0,0.0,,0,2,primary_care,low_value,TERR_16,clinic,4.6,True,In-Person-Heavy,0.1945,1,Secondary
89,2026-01-03 17:00:00,webinar,0,0.0,,0,4,0.0,120.0,1,0,0.0,,0,6,0.16666666666666666,9.0,1,0,0.0,,0,2,primary_care,low_value,TERR_16,clinic,4.6,True,In-Person-Heavy,0.1915,2,Supporting
89,2026-01-03 17:00:00,email,0,0.0,,0,4,0.0,120.0,1,0,0.0,,0,6,0.16666666666666666,9.0,1,0,0.0,,0,2,primary_care,low_value,TERR_16,clinic,4.6,True,In-Person-Heavy,0.1526,3,Other
89,2026-01-03 17:00:00,digital_ad,0,0.0,,0,4,0.0,120.0,1,0,0.0,,0,6,0.16666666666666666,9.0,1,0,0.0,,0,2,primary_care,low_value,TERR_16,clinic,4.6,True,In-Person-Heavy,0.1135,4,Other
90,2026-01-03 17:00:00,rep_visit,0,0.0,,0,6,0.0,22.0,1,4,0.0,85.0,1,2,0.0,67.0,1,0,0.0,,0,3,primary_care,low_value,TERR_16,hospital,2.7,True,Digital-Heavy,0.3636,0,Primary
90,2026-01-03 17:00:00,phone_call,0,0.0,,0,6,0.0,22.0,1,4,0.0,85.0,1,2,0.0,67.0,1,0,0.0,,0,3,primary_care,low_value,TERR_16,hospital,2.7,True,Digital-Heavy,0.2726,1,Secondary
90,2026-01-03 17:00:00,webinar,0,0.0,,0,6,0.0,22.0,1,4,0.0,85.0,1,2,0.0,67.0,1,0,0.0,,0,3,primary_care,low_value,TERR_16,hospital,2.7,True,Digital-Heavy,0.2279,2,Supporting
90,2026-01-03 17:00:00,email,0,0.0,,0,6,0.0,22.0,1,4,0.0,85.0,1,2,0.0,67.0,1,0,0.0,,0,3,primary_care,low_value,TERR_16,hospital,2.7,True,Digital-Heavy,0.1767,3,Other
90,2026-01-03 17:00:00,digital_ad,0,0.0,,0,6,0.0,22.0,1,4,0.0,85.0,1,2,0.0,67.0,1,0,0.0,,0,3,primary_care,low_value,TERR_16,hospital,2.7,True,Digital-Heavy,0.1055,4,Other
91,2026-01-03 17:00:00,rep_visit,2,0.0,226.0,1,7,0.42857142857142855,26.0,1,8,0.5,29.0,1,1,0.0,51.0,1,9,0.8888888888888888,82.0,1,5,endocrinology,high_value,TERR_08,private_practice,3.5,False,Digital-Heavy,0.6942,0,Primary
91,2026-01-03 17:00:00,phone_call,2,0.0,226.0,1,7,0.42857142857142855,26.0,1,8,0.5,29.0,1,1,0.0,51.0,1,9,0.8888888888888888,82.0,1,5,endocrinology,high_value,TERR_08,private_practice,3.5,False,Digital-Heavy,0.5578,1,Secondary
91,2026-01-03 17:00:00,webinar,2,0.0,226.0,1,7,0.42857142857142855,26.0,1,8,0.5,29.0,1,1,0.0,51.0,1,9,0.8888888888888888,82.0,1,5,endocrinology,high_value,TERR_08,private_practice,3.5,False,Digital-Heavy,0.4227,2,Supporting
91,2026-01-03 17:00:00,email,2,0.0,226.0,1,7,0.42857142857142855,26.0,1,8,0.5,29.0,1,1,0.0,51.0,1,9,0.8888888888888888,82.0,1,5,endocrinology,high_value,TERR_08,private_practice,3.5,False,Digital-Heavy,0.2436,3,Other
91,2026-01-03 17:00:00,digital_ad,2,0.0,226.0,1,7,0.42857142857142855,26.0,1,8,0.5,29.0,1,1,0.0,51.0,1,9,0.8888888888888888,82.0,1,5,endocrinology,high_value,TERR_08,private_practice,3.5,False,Digital-Heavy,0.1558,4,Other
92,2026-01-03 17:00:00,rep_visit,7,0.2857142857142857,30.0,1,3,0.3333333333333333,45.0,1,3,0.0,75.0,1,1,0.0,199.0,1,2,0.5,162.0,1,5,endocrinology,low_value,TERR_27,private_practice,0.5,False,Digital-Heavy,0.2989,0,Primary
92,2026-01-03 17:00:00,webinar,7,0.2857142857142857,30.0,1,3,0.3333333333333333,45.0,1,3,0.0,75.0,1,1,0.0,199.0,1,2,0.5,162.0,1,5,endocrinology,low_value,TERR_27,private_practice,0.5,False,Digital-Heavy,0.2845,1,Secondary
92,2026-01-03 17:00:00,phone_call,7,0.2857142857142857,30.0,1,3,0.3333333333333333,45.0,1,3,0.0,75.0,1,1,0.0,199.0,1,2,0.5,162.0,1,5,endocrinology,low_value,TERR_27,private_practice,0.5,False,Digital-Heavy,0.2635,2,Supporting
92,2026-01-03 17:00:00,email,7,0.2857142857142857,30.0,1,3,0.3333333333333333,45.0,1,3,0.0,75.0,1,1,0.0,199.0,1,2,0.5,162.0,1,5,endocrinology,low_value,TERR_27,private_practice,0.5,False,Digital-Heavy,0.2109,3,Other
92,2026-01-03 17:00:00,digital_ad,7,0.2857142857142857,30.0,1,3,0.3333333333333333,45.0,1,3,0.0,75.0,1,1,0.0,199.0,1,2,0.5,162.0,1,5,endocrinology,low_value,TERR_27,private_practice,0.5,False,Digital-Heavy,0.1289,4,Other
93,2026-01-03 17:00:00,rep_visit,11,0.2727272727272727,60.0,1,5,0.4,24.0,1,0,0.0,,0,6,0.0,36.0,1,2,0.0,250.0,1,4,primary_care,medium_value,TERR_46,private_practice,0.5,False,Mixed,0.2949,0,Primary
93,2026-01-03 17:00:00,webinar,11,0.2727272727272727,60.0,1,5,0.4,24.0,1,0,0.0,,0,6,0.0,36.0,1,2,0.0,250.0,1,4,primary_care,medium_value,TERR_46,private_practice,0.5,False,Mixed,0.2477,1,Secondary
93,2026-01-03 17:00:00,email,11,0.2727272727272727,60.0,1,5,0.4,24.0,1,0,0.0,,0,6,0.0,36.0,1,2,0.0,250.0,1,4,primary_care,medium_value,TERR_46,private_practice,0.5,False,Mixed,0.1783,2,Supporting
93,2026-01-03 17:00:00,phone_call,11,0.2727272727272727,60.0,1,5,0.4,24.0,1,0,0.0,,0,6,0.0,36.0,1,2,0.0,250.0,1,4,primary_care,medium_value,TERR_46,private_practice,0.5,False,Mixed,0.1677,3,Other
93,2026-01-03 17:00:00,digital_ad,11,0.2727272727272727,60.0,1,5,0.4,24.0,1,0,0.0,,0,6,0.0,36.0,1,2,0.0,250.0,1,4,primary_care,medium_value,TERR_46,private_practice,0.5,False,Mixed,0.1286,4,Other
94,2026-01-03 17:00:00,rep_visit,6,0.0,33.0,1,0,0.0,,0,3,0.3333333333333333,92.0,1,2,0.0,225.0,1,5,0.2,43.0,1,4,dermatology,medium_value,TERR_05,hospital,3.5,False,Digital-Heavy,0.5154,0,Primary
94,2026-01-03 17:00:00,phone_call,6,0.0,33.0,1,0,0.0,,0,3,0.3333333333333333,92.0,1,2,0.0,225.0,1,5,0.2,43.0,1,4,dermatology,medium_value,TERR_05,hospital,3.5,False,Digital-Heavy,0.3034,1,Secondary
94,2026-01-03 17:00:00,webinar,6,0.0,33.0,1,0,0.0,,0,3,0.3333333333333333,92.0,1,2,0.0,225.0,1,5,0.2,43.0,1,4,dermatology,medium_value,TERR_05,hospital,3.5,False,Digital-Heavy,0.2837,2,Supporting
94,2026-01-03 17:00:00,email,6,0.0,33.0,1,0,0.0,,0,3,0.3333333333333333,92.0,1,2,0.0,225.0,1,5,0.2,43.0,1,4,dermatology,medium_value,TERR_05,hospital,3.5,False,Digital-Heavy,0.1594,3,Other
94,2026-01-03 17:00:00,digital_ad,6,0.0,33.0,1,0,0.0,,0,3,0.3333333333333333,92.0,1,2,0.0,225.0,1,5,0.2,43.0,1,4,dermatology,medium_value,TERR_05,hospital,3.5,False,Digital-Heavy,0.1086,4,Other
95,2026-01-03 17:00:00,rep_visit,8,0.625,26.0,1,4,0.5,58.0,1,0,0.0,,0,3,0.0,4.0,1,3,0.0,138.0,1,4,primary_care,low_value,TERR_01,private_practice,1.1,False,Digital-Heavy,0.2162,0,Primary
95,2026-01-03 17:00:00,email,8,0.625,26.0,1,4,0.5,58.0,1,0,0.0,,0,3,0.0,4.0,1,3,0.0,138.0,1,4,primary_care,low_value,TERR_01,private_practice,1.1,False,Digital-Heavy,0.1523,1,Secondary
95,2026-01-03 17:00:00,webinar,8,0.625,26.0,1,4,0.5,58.0,1,0,0.0,,0,3,0.0,4.0,1,3,0.0,138.0,1,4,primary_care,low_value,TERR_01,private_practice,1.1,False,Digital-Heavy,0.1518,2,Supporting
95,2026-01-03 17:00:00,phone_call,8,0.625,26.0,1,4,0.5,58.0,1,0,0.0,,0,3,0.0,4.0,1,3,0.0,138.0,1,4,primary_care,low_value,TERR_01,private_practice,1.1,False,Digital-Heavy,0.122,3,Other
95,2026-01-03 17:00:00,digital_ad,8,0.625,26.0,1,4,0.5,58.0,1,0,0.0,,0,3,0.0,4.0,1,3,0.0,138.0,1,4,primary_care,low_value,TERR_01,private_practice,1.1,False,Digital-Heavy,0.0926,4,Other
96,2026-01-03 17:00:00,rep_visit,5,0.0,101.0,1,4,0.25,61.0,1,4,0.75,31.0,1,3,0.0,46.0,1,5,0.2,114.0,1,5,primary_care,low_value,TERR_25,private_practice,1.0,False,In-Person-Heavy,0.5844,0,Primary
96,2026-01-03 17:00:00,webinar,5,0.0,101.0,1,4,0.25,61.0,1,4,0.75,31.0,1,3,0.0,46.0,1,5,0.2,114.0,1,5,primary_care,low_value,TERR_25,private_practice,1.0,False,In-Person-Heavy,0.2602,1,Secondary
96,2026-01-03 17:00:00,phone_call,5,0.0,101.0,1,4,0.25,61.0,1,4,0.75,31.0,1,3,0.0,46.0,1,5,0.2,114.0,1,5,primary_care,low_value,TERR_25,private_practice,1.0,False,In-Person-Heavy,0.215,2,Supporting
96,2026-01-03 17:00:00,email,5,0.0,101.0,1,4,0.25,61.0,1,4,0.75,31.0,1,3,0.0,46.0,1,5,0.2,114.0,1,5,primary_care,low_value,TERR_25,private_practice,1.0,False,In-Person-Heavy,0.1458,3,Other
96,2026-01-03 17:00:00,digital_ad,5,0.0,101.0,1,4,0.25,61.0,1,4,0.75,31.0,1,3,0.0,46.0,1,5,0.2,114.0,1,5,primary_care,low_value,TERR_25,private_practice,1.0,False,In-Person-Heavy,0.0756,4,Other
97,2026-01-03 17:00:00,rep_visit,6,0.5,1.0,1,7,0.42857142857142855,38.0,1,4,0.5,25.0,1,5,0.2,8.0,1,5,0.4,249.0,1,5,cardiology,medium_value,TERR_01,clinic,0.5,False,Mixed,0.2123,0,Primary
97,2026-01-03 17:00:00,webinar,6,0.5,1.0,1,7,0.42857142857142855,38.0,1,4,0.5,25.0,1,5,0.2,8.0,1,5,0.4,249.0,1,5,cardiology,medium_value,TERR_01,clinic,0.5,False,Mixed,0.1589,1,Secondary
97,2026-01-03 17:00:00,email,6,0.5,1.0,1,7,0.42857142857142855,38.0,1,4,0.5,25.0,1,5,0.2,8.0,1,5,0.4,249.0,1,5,cardiology,medium_value,TERR_01,clinic,0.5,False,Mixed,0.1438,2,Supporting
97,2026-01-03 17:00:00,phone_call,6,0.5,1.0,1,7,0.42857142857142855,38.0,1,4,0.5,25.0,1,5,0.2,8.0,1,5,0.4,249.0,1,5,cardiology,medium_value,TERR_01,clinic,0.5,False,Mixed,0.1412,3,Other
97,2026-01-03 17:00:00,digital_ad,6,0.5,1.0,1,7,0.42857142857142855,38.0,1,4,0.5,25.0,1,5,0.2,8.0,1,5,0.4,249.0,1,5,cardiology,medium_value,TERR_01,clinic,0.5,False,Mixed,0.1107,4,Other
98,2026-01-03 17:00:00,rep_visit,3,0.0,220.0,1,3,0.3333333333333333,75.0,1,7,0.7142857142857143,130.0,1,1,1.0,214.0,1,9,0.2222222222222222,2.0,1,5,endocrinology,medium_value,TERR_38,hospital,0.5,False,Digital-Heavy,0.3308,0,Primary
98,2026-01-03 17:00:00,webinar,3,0.0,220.0,1,3,0.3333333333333333,75.0,1,7,0.7142857142857143,130.0,1,1,1.0,214.0,1,9,0.2222222222222222,2.0,1,5,endocrinology,medium_value,TERR_38,hospital,0.5,False,Digital-Heavy,0.172,1,Secondary
98,2026-01-03 17:00:00,phone_call,3,0.0,220.0,1,3,0.3333333333333333,75.0,1,7,0.7142857142857143,130.0,1,1,1.0,214.0,1,9,0.2222222222222222,2.0,1,5,endocrinology,medium_value,TERR_38,hospital,0.5,False,Digital-Heavy,0.1712,2,Supporting
98,2026-01-03 17:00:00,email,3,0.0,220.0,1,3,0.3333333333333333,75.0,1,7,0.7142857142857143,130.0,1,1,1.0,214.0,1,9,0.2222222222222222,2.0,1,5,endocrinology,medium_value,TERR_38,hospital,0.5,False,Digital-Heavy,0.1343,3,Other
98,2026-01-03 17:00:00,digital_ad,3,0.0,220.0,1,3,0.3333333333333333,75.0,1,7,0.7142857142857143,130.0,1,1,1.0,214.0,1,9,0.2222222222222222,2.0,1,5,endocrinology,medium_value,TERR_38,hospital,0.5,False,Digital-Heavy,0.1282,4,Other
99,2026-01-03 17:00:00,rep_visit,1,0.0,101.0,1,2,0.5,156.0,1,1,1.0,289.0,1,0,0.0,,0,6,0.16666666666666666,2.0,1,4,dermatology,medium_value,TERR_21,clinic,0.7,False,In-Person-Heavy,0.3282,0,Primary
99,2026-01-03 17:00:00,phone_call,1,0.0,101.0,1,2,0.5,156.0,1,1,1.0,289.0,1,0,0.0,,0,6,0.16666666666666666,2.0,1,4,dermatology,medium_value,TERR_21,clinic,0.7,False,In-Person-Heavy,0.1546,1,Secondary
99,2026-01-03 17:00:00,webinar,1,0.0,101.0,1,2,0.5,156.0,1,1,1.0,289.0,1,0,0.0,,0,6,0.16666666666666666,2.0,1,4,dermatology,medium_value,TERR_21,clinic,0.7,False,In-Person-Heavy,0.1545,2,Supporting
99,2026-01-03 17:00:00,email,1,0.0,101.0,1,2,0.5,156.0,1,1,1.0,289.0,1,0,0.0,,0,6,0.16666666666666666,2.0,1,4,dermatology,medium_value,TERR_21,clinic,0.7,False,In-Person-Heavy,0.1418,3,Other
99,2026-01-03 17:00:00,digital_ad,1,0.0,101.0,1,2,0.5,156.0,1,1,1.0,289.0,1,0,0.0,,0,6,0.16666666666666666,2.0,1,4,dermatology,medium_value,TERR_21,clinic,0.7,False,In-Person-Heavy,0.0855,4,Other
100,2026-01-03 17:00:00,rep_visit,0,0.0,,0,2,0.5,191.0,1,5,1.0,31.0,1,0,0.0,,0,0,0.0,,0,2,primary_care,low_value,TERR_13,private_practice,2.3,True,Digital-Heavy,0.8583,0,Primary
100,2026-01-03 17:00:00,phone_call,0,0.0,,0,2,0.5,191.0,1,5,1.0,31.0,1,0,0.0,,0,0,0.0,,0,2,primary_care,low_value,TERR_13,private_practice,2.3,True,Digital-Heavy,0.4224,1,Secondary
100,2026-01-03 17:00:00,webinar,0,0.0,,0,2,0.5,191.0,1,5,1.0,31.0,1,0,0.0,,0,0,0.0,,0,2,primary_care,low_value,TERR_13,private_practice,2.3,True,Digital-Heavy,0.3666,2,Supporting
100,2026-01-03 17:00:00,email,0,0.0,,0,2,0.5,191.0,1,5,1.0,31.0,1,0,0.0,,0,0,0.0,,0,2,primary_care,low_value,TERR_13,private_practice,2.3,True,Digital-Heavy,0.219,3,Other
100,2026-01-03 17:00:00,digital_ad,0,0.0,,0,2,0.5,191.0,1,5,1.0,31.0,1,0,0.0,,0,0,0.0,,0,2,primary_care,low_value,TERR_13,private_practice,2.3,True,Digital-Heavy,0.1621,4,Other
101,2026-01-03 17:00:00,rep_visit,0,0.0,,0,1,1.0,184.0,1,12,0.5,11.0,1,1,0.0,80.0,1,0,0.0,,0,3,primary_care,low_value,TERR_26,clinic,1.6,True,In-Person-Heavy,0.6181,0,Primary
101,2026-01-03 17:00:00,phone_call,0,0.0,,0,1,1.0,184.0,1,12,0.5,11.0,1,1,0.0,80.0,1,0,0.0,,0,3,primary_care,low_value,TERR_26,clinic,1.6,True,In-Person-Heavy,0.3689,1,Secondary
101,2026-01-03 17:00:00,webinar,0,0.0,,0,1,1.0,184.0,1,12,0.5,11.0,1,1,0.0,80.0,1,0,0.0,,0,3,primary_care,low_value,TERR_26,clinic,1.6,True,In-Person-Heavy,0.3597,2,Supporting
101,2026-01-03 17:00:00,email,0,0.0,,0,1,1.0,184.0,1,12,0.5,11.0,1,1,0.0,80.0,1,0,0.0,,0,3,primary_care,low_value,TERR_26,clinic,1.6,True,In-Person-Heavy,0.218,3,Other
101,2026-01-03 17:00:00,digital_ad,0,0.0,,0,1,1.0,184.0,1,12,0.5,11.0,1,1,0.0,80.0,1,0,0.0,,0,3,primary_care,low_value,TERR_26,clinic,1.6,True,In-Person-Heavy,0.1408,4,Other
102,2026-01-03 17:00:00,rep_visit,0,0.0,,0,0,0.0,,0,4,0.5,124.0,1,3,0.0,171.0,1,0,0.0,,0,2,cardiology,low_value,TERR_44,hospital,1.0,True,In-Person-Heavy,0.5317,0,Primary
102,2026-01-03 17:00:00,phone_call,0,0.0,,0,0,0.0,,0,4,0.5,124.0,1,3,0.0,171.0,1,0,0.0,,0,2,cardiology,low_value,TERR_44,hospital,1.0,True,In-Person-Heavy,0.3094,1,Secondary
102,2026-01-03 17:00:00,webinar,0,0.0,,0,0,0.0,,0,4,0.5,124.0,1,3,0.0,171.0,1,0,0.0,,0,2,cardiology,low_value,TERR_44,hospital,1.0,True,In-Person-Heavy,0.3082,2,Supporting
102,2026-01-03 17:00:00,email,0,0.0,,0,0,0.0,,0,4,0.5,124.0,1,3,0.0,171.0,1,0,0.0,,0,2,cardiology,low_value,TERR_44,hospital,1.0,True,In-Person-Heavy,0.2341,3,Other
102,2026-01-03 17:00:00,digital_ad,0,0.0,,0,0,0.0,,0,4,0.5,124.0,1,3,0.0,171.0,1,0,0.0,,0,2,cardiology,low_value,TERR_44,hospital,1.0,True,In-Person-Heavy,0.1093,4,Other
103,2026-01-03 17:00:00,rep_visit,10,0.2,3.0,1,3,1.0,12.0,1,3,0.6666666666666666,122.0,1,4,0.0,67.0,1,5,0.6,44.0,1,5,cardiology,medium_value,TERR_39,private_practice,7.5,False,In-Person-Heavy,0.2315,0,Primary
103,2026-01-03 17:00:00,webinar,10,0.2,3.0,1,3,1.0,12.0,1,3,0.6666666666666666,122.0,1,4,0.0,67.0,1,5,0.6,44.0,1,5,cardiology,medium_value,TERR_39,private_practice,7.5,False,In-Person-Heavy,0.166,1,Secondary
103,2026-01-03 17:00:00,phone_call,10,0.2,3.0,1,3,1.0,12.0,1,3,0.6666666666666666,122.0,1,4,0.0,67.0,1,5,0.6,44.0,1,5,cardiology,medium_value,TERR_39,private_practice,7.5,False,In-Person-Heavy,0.1502,2,Supporting
103,2026-01-03 17:00:00,email,10,0.2,3.0,1,3,1.0,12.0,1,3,0.6666666666666666,122.0,1,4,0.0,67.0,1,5,0.6,44.0,1,5,cardiology,medium_value,TERR_39,private_practice,7.5,False,In-Person-Heavy,0.1375,3,Other
103,2026-01-03 17:00:00,digital_ad,10,0.2,3.0,1,3,1.0,12.0,1,3,0.6666666666666666,122.0,1,4,0.0,67.0,1,5,0.6,44.0,1,5,cardiology,medium_value,TERR_39,private_practice,7.5,False,In-Person-Heavy,0.0876,4,Other
104,2026-01-03 17:00:00,rep_visit,7,0.14285714285714285,23.0,1,2,0.0,295.0,1,2,0.5,150.0,1,3,0.3333333333333333,3.0,1,1,0.0,350.0,1,5,endocrinology,low_value,TERR_18,hospital,4.1,False,Digital-Heavy,0.2614,0,Primary
104,2026-01-03 17:00:00,webinar,7,0.14285714285714285,23.0,1,2,0.0,295.0,1,2,0.5,150.0,1,3,0.3333333333333333,3.0,1,1,0.0,350.0,1,5,endocrinology,low_value,TERR_18,hospital,4.1,False,Digital-Heavy,0.1652,1,Secondary
104,2026-01-03 17:00:00,email,7,0.14285714285714285,23.0,1,2,0.0,295.0,1,2,0.5,150.0,1,3,0.3333333333333333,3.0,1,1,0.0,350.0,1,5,endocrinology,low_value,TERR_18,hospital,4.1,False,Digital-Heavy,0.1577,2,Supporting
104,2026-01-03 17:00:00,digital_ad,7,0.14285714285714285,23.0,1,2,0.0,295.0,1,2,0.5,150.0,1,3,0.3333333333333333,3.0,1,1,0.0,350.0,1,5,endocrinology,low_value,TERR_18,hospital,4.1,False,Digital-Heavy,0.1497,3,Other
104,2026-01-03 17:00:00,phone_call,7,0.14285714285714285,23.0,1,2,0.0,295.0,1,2,0.5,150.0,1,3,0.3333333333333333,3.0,1,1,0.0,350.0,1,5,endocrinology,low_value,TERR_18,hospital,4.1,False,Digital-Heavy,0.147,4,Other
105,2026-01-03 17:00:00,rep_visit,8,0.5,37.0,1,5,0.0,33.0,1,0,0.0,,0,2,0.0,150.0,1,2,0.0,178.0,1,4,cardiology,low_value,TERR_15,private_practice,0.5,False,Digital-Heavy,0.3108,0,Primary
105,2026-01-03 17:00:00,webinar,8,0.5,37.0,1,5,0.0,33.0,1,0,0.0,,0,2,0.0,150.0,1,2,0.0,178.0,1,4,cardiology,low_value,TERR_15,private_practice,0.5,False,Digital-Heavy,0.2806,1,Secondary
105,2026-01-03 17:00:00,email,8,0.5,37.0,1,5,0.0,33.0,1,0,0.0,,0,2,0.0,150.0,1,2,0.0,178.0,1,4,cardiology,low_value,TERR_15,private_practice,0.5,False,Digital-Heavy,0.2491,2,Supporting
105,2026-01-03 17:00:00,phone_call,8,0.5,37.0,1,5,0.0,33.0,1,0,0.0,,0,2,0.0,150.0,1,2,0.0,178.0,1,4,cardiology,low_value,TERR_15,private_practice,0.5,False,Digital-Heavy,0.2043,3,Other
105,2026-01-03 17:00:00,digital_ad,8,0.5,37.0,1,5,0.0,33.0,1,0,0.0,,0,2,0.0,150.0,1,2,0.0,178.0,1,4,cardiology,low_value,TERR_15,private_practice,0.5,False,Digital-Heavy,0.1148,4,Other
106,2026-01-03 17:00:00,rep_visit,3,0.0,44.0,1,5,0.0,10.0,1,13,0.5384615384615384,2.0,1,0,0.0,,0,11,0.18181818181818182,23.0,1,4,oncology,high_value,TERR_04,private_practice,2.8,False,Digital-Heavy,0.3511,0,Primary
106,2026-01-03 17:00:00,phone_call,3,0.0,44.0,1,5,0.0,10.0,1,13,0.5384615384615384,2.0,1,0,0.0,,0,11,0.18181818181818182,23.0,1,4,oncology,high_value,TERR_04,private_practice,2.8,False,Digital-Heavy,0.1304,1,Secondary
106,2026-01-03 17:00:00,webinar,3,0.0,44.0,1,5,0.0,10.0,1,13,0.5384615384615384,2.0,1,0,0.0,,0,11,0.18181818181818182,23.0,1,4,oncology,high_value,TERR_04,private_practice,2.8,False,Digital-Heavy,0.1198,2,Supporting
106,2026-01-03 17:00:00,email,3,0.0,44.0,1,5,0.0,10.0,1,13,0.5384615384615384,2.0,1,0,0.0,,0,11,0.18181818181818182,23.0,1,4,oncology,high_value,TERR_04,private_practice,2.8,False,Digital-Heavy,0.1142,3,Other
106,2026-01-03 17:00:00,digital_ad,3,0.0,44.0,1,5,0.0,10.0,1,13,0.5384615384615384,2.0,1,0,0.0,,0,11,0.18181818181818182,23.0,1,4,oncology,high_value,TERR_04,private_practice,2.8,False,Digital-Heavy,0.0869,4,Other
107,2026-01-03 17:00:00,rep_visit,10,0.1,19.0,1,5,0.0,10.0,1,8,0.5,64.0,1,4,0.0,1.0,1,7,0.5714285714285714,36.0,1,5,primary_care,high_value,TERR_02,private_practice,3.4,False,Digital-Heavy,0.3527,0,Primary
107,2026-01-03 17:00:00,phone_call,10,0.1,19.0,1,5,0.0,10.0,1,8,0.5,64.0,1,4,0.0,1.0,1,7,0.5714285714285714,36.0,1,5,primary_care,high_value,TERR_02,private_practice,3.4,False,Digital-Heavy,0.1832,1,Secondary
107,2026-01-03 17:00:00,webinar,10,0.1,19.0,1,5,0.0,10.0,1,8,0.5,64.0,1,4,0.0,1.0,1,7,0.5714285714285714,36.0,1,5,primary_care,high_value,TERR_02,private_practice,3.4,False,Digital-Heavy,0.1695,2,Supporting
107,2026-01-03 17:00:00,email,10,0.1,19.0,1,5,0.0,10.0,1,8,0.5,64.0,1,4,0.0,1.0,1,7,0.5714285714285714,36.0,1,5,primary_care,high_value,TERR_02,private_practice,3.4,False,Digital-Heavy,0.1213,3,Other
107,2026-01-03 17:00:00,digital_ad,10,0.1,19.0,1,5,0.0,10.0,1,8,0.5,64.0,1,4,0.0,1.0,1,7,0.5714285714285714,36.0,1,5,primary_care,high_value,TERR_02,private_practice,3.4,False,Digital-Heavy,0.0984,4,Other
108,2026-01-03 17:00:00,rep_visit,9,0.1111111111111111,40.0,1,6,0.0,22.0,1,1,0.0,228.0,1,11,0.0,99.0,1,6,0.0,1.0,1,5,cardiology,high_value,TERR_47,hospital,2.8,False,Digital-Heavy,0.1423,0,Primary
108,2026-01-03 17:00:00,email,9,0.1111111111111111,40.0,1,6,0.0,22.0,1,1,0.0,228.0,1,11,0.0,99.0,1,6,0.0,1.0,1,5,cardiology,high_value,TERR_47,hospital,2.8,False,Digital-Heavy,0.1187,1,Secondary
108,2026-01-03 17:00:00,webinar,9,0.1111111111111111,40.0,1,6,0.0,22.0,1,1,0.0,228.0,1,11,0.0,99.0,1,6,0.0,1.0,1,5,cardiology,high_value,TERR_47,hospital,2.8,False,Digital-Heavy,0.1106,2,Supporting
108,2026-01-03 17:00:00,phone_call,9,0.1111111111111111,40.0,1,6,0.0,22.0,1,1,0.0,228.0,1,11,0.0,99.0,1,6,0.0,1.0,1,5,cardiology,high_value,TERR_47,hospital,2.8,False,Digital-Heavy,0.1031,3,Other
108,2026-01-03 17:00:00,digital_ad,9,0.1111111111111111,40.0,1,6,0.0,22.0,1,1,0.0,228.0,1,11,0.0,99.0,1,6,0.0,1.0,1,5,cardiology,high_value,TERR_47,hospital,2.8,False,Digital-Heavy,0.0789,4,Other
109,2026-01-03 17:00:00,rep_visit,5,0.4,54.0,1,2,0.5,144.0,1,10,0.5,22.0,1,0,0.0,,0,6,0.5,149.0,1,4,cardiology,medium_value,TERR_03,private_practice,2.0,False,Mixed,0.7133,0,Primary
109,2026-01-03 17:00:00,phone_call,5,0.4,54.0,1,2,0.5,144.0,1,10,0.5,22.0,1,0,0.0,,0,6,0.5,149.0,1,4,cardiology,medium_value,TERR_03,private_practice,2.0,False,Mixed,0.4416,1,Secondary
109,2026-01-03 17:00:00,webinar,5,0.4,54.0,1,2,0.5,144.0,1,10,0.5,22.0,1,0,0.0,,0,6,0.5,149.0,1,4,cardiology,medium_value,TERR_03,private_practice,2.0,False,Mixed,0.4187,2,Supporting
109,2026-01-03 17:00:00,email,5,0.4,54.0,1,2,0.5,144.0,1,10,0.5,22.0,1,0,0.0,,0,6,0.5,149.0,1,4,cardiology,medium_value,TERR_03,private_practice,2.0,False,Mixed,0.2596,3,Other
109,2026-01-03 17:00:00,digital_ad,5,0.4,54.0,1,2,0.5,144.0,1,10,0.5,22.0,1,0,0.0,,0,6,0.5,149.0,1,4,cardiology,medium_value,TERR_03,private_practice,2.0,False,Mixed,0.1524,4,Other
110,2026-01-03 17:00:00,rep_visit,4,0.0,176.0,1,1,0.0,322.0,1,8,0.625,18.0,1,0,0.0,,0,2,0.0,340.0,1,4,cardiology,low_value,TERR_19,hospital,0.5,False,Mixed,0.7477,0,Primary
110,2026-01-03 17:00:00,webinar,4,0.0,176.0,1,1,0.0,322.0,1,8,0.625,18.0,1,0,0.0,,0,2,0.0,340.0,1,4,cardiology,low_value,TERR_19,hospital,0.5,False,Mixed,0.3476,1,Secondary
110,2026-01-03 17:00:00,phone_call,4,0.0,176.0,1,1,0.0,322.0,1,8,0.625,18.0,1,0,0.0,,0,2,0.0,340.0,1,4,cardiology,low_value,TERR_19,hospital,0.5,False,Mixed,0.3284,2,Supporting
110,2026-01-03 17:00:00,email,4,0.0,176.0,1,1,0.0,322.0,1,8,0.625,18.0,1,0,0.0,,0,2,0.0,340.0,1,4,cardiology,low_value,TERR_19,hospital,0.5,False,Mixed,0.2071,3,Other
110,2026-01-03 17:00:00,digital_ad,4,0.0,176.0,1,1,0.0,322.0,1,8,0.625,18.0,1,0,0.0,,0,2,0.0,340.0,1,4,cardiology,low_value,TERR_19,hospital,0.5,False,Mixed,0.1534,4,Other
111,2026-01-03 17:00:00,rep_visit,0,0.0,,0,2,0.5,117.0,1,6,0.5,88.0,1,2,0.5,29.0,1,0,0.0,,0,3,dermatology,medium_value,TERR_05,private_practice,2.9,True,Mixed,0.602,0,Primary
111,2026-01-03 17:00:00,webinar,0,0.0,,0,2,0.5,117.0,1,6,0.5,88.0,1,2,0.5,29.0,1,0,0.0,,0,3,dermatology,medium_value,TERR_05,private_practice,2.9,True,Mixed,0.406,1,Secondary
111,2026-01-03 17:00:00,phone_call,0,0.0,,0,2,0.5,117.0,1,6,0.5,88.0,1,2,0.5,29.0,1,0,0.0,,0,3,dermatology,medium_value,TERR_05,private_practice,2.9,True,Mixed,0.3184,2,Supporting
111,2026-01-03 17:00:00,email,0,0.0,,0,2,0.5,117.0,1,6,0.5,88.0,1,2,0.5,29.0,1,0,0.0,,0,3,dermatology,medium_value,TERR_05,private_practice,2.9,True,Mixed,0.252,3,Other
111,2026-01-03 17:00:00,digital_ad,0,0.0,,0,2,0.5,117.0,1,6,0.5,88.0,1,2,0.5,29.0,1,0,0.0,,0,3,dermatology,medium_value,TERR_05,private_practice,2.9,True,Mixed,0.1484,4,Other
112,2026-01-03 17:00:00,rep_visit,6,0.16666666666666666,103.0,1,2,0.0,194.0,1,10,0.9,46.0,1,0,0.0,,0,10,0.4,26.0,1,4,endocrinology,high_value,TERR_14,private_practice,2.1,False,Mixed,0.6845,0,Primary
112,2026-01-03 17:00:00,phone_call,6,0.16666666666666666,103.0,1,2,0.0,194.0,1,10,0.9,46.0,1,0,0.0,,0,10,0.4,26.0,1,4,endocrinology,high_value,TERR_14,private_practice,2.1,False,Mixed,0.2603,1,Secondary
112,2026-01-03 17:00:00,webinar,6,0.16666666666666666,103.0,1,2,0.0,194.0,1,10,0.9,46.0,1,0,0.0,,0,10,0.4,26.0,1,4,endocrinology,high_value,TERR_14,private_practice,2.1,False,Mixed,0.2554,2,Supporting
112,2026-01-03 17:00:00,email,6,0.16666666666666666,103.0,1,2,0.0,194.0,1,10,0.9,46.0,1,0,0.0,,0,10,0.4,26.0,1,4,endocrinology,high_value,TERR_14,private_practice,2.1,False,Mixed,0.1943,3,Other
112,2026-01-03 17:00:00,digital_ad,6,0.16666666666666666,103.0,1,2,0.0,194.0,1,10,0.9,46.0,1,0,0.0,,0,10,0.4,26.0,1,4,endocrinology,high_value,TERR_14,private_practice,2.1,False,Mixed,0.1044,4,Other
113,2026-01-03 17:00:00,rep_visit,10,0.3,87.0,1,7,0.42857142857142855,74.0,1,0,0.0,,0,12,0.08333333333333333,5.0,1,4,0.75,30.0,1,4,dermatology,high_value,TERR_30,private_practice,8.4,False,In-Person-Heavy,0.2333,0,Primary
113,2026-01-03 17:00:00,phone_call,10,0.3,87.0,1,7,0.42857142857142855,74.0,1,0,0.0,,0,12,0.08333333333333333,5.0,1,4,0.75,30.0,1,4,dermatology,high_value,TERR_30,private_practice,8.4,False,In-Person-Heavy,0.1637,1,Secondary
113,2026-01-03 17:00:00,webinar,10,0.3,87.0,1,7,0.42857142857142855,74.0,1,0,0.0,,0,12,0.08333333333333333,5.0,1,4,0.75,30.0,1,4,dermatology,high_value,TERR_30,private_practice,8.4,False,In-Person-Heavy,0.1622,2,Supporting
113,2026-01-03 17:00:00,email,10,0.3,87.0,1,7,0.42857142857142855,74.0,1,0,0.0,,0,12,0.08333333333333333,5.0,1,4,0.75,30.0,1,4,dermatology,high_value,TERR_30,private_practice,8.4,False,In-Person-Heavy,0.1518,3,Other
113,2026-01-03 17:00:00,digital_ad,10,0.3,87.0,1,7,0.42857142857142855,74.0,1,0,0.0,,0,12,0.08333333333333333,5.0,1,4,0.75,30.0,1,4,dermatology,high_value,TERR_30,private_practice,8.4,False,In-Person-Heavy,0.0979,4,Other
114,2026-01-03 17:00:00,rep_visit,8,0.25,3.0,1,6,0.0,82.0,1,0,0.0,,0,11,0.18181818181818182,31.0,1,3,0.0,67.0,1,4,dermatology,high_value,TERR_08,private_practice,1.0,False,Mixed,0.1664,0,Primary
114,2026-01-03 17:00:00,email,8,0.25,3.0,1,6,0.0,82.0,1,0,0.0,,0,11,0.18181818181818182,31.0,1,3,0.0,67.0,1,4,dermatology,high_value,TERR_08,private_practice,1.0,False,Mixed,0.1593,1,Secondary
114,2026-01-03 17:00:00,webinar,8,0.25,3.0,1,6,0.0,82.0,1,0,0.0,,0,11,0.18181818181818182,31.0,1,3,0.0,67.0,1,4,dermatology,high_value,TERR_08,private_practice,1.0,False,Mixed,0.1297,2,Supporting
114,2026-01-03 17:00:00,phone_call,8,0.25,3.0,1,6,0.0,82.0,1,0,0.0,,0,11,0.18181818181818182,31.0,1,3,0.0,67.0,1,4,dermatology,high_value,TERR_08,private_practice,1.0,False,Mixed,0.1182,3,Other
114,2026-01-03 17:00:00,digital_ad,8,0.25,3.0,1,6,0.0,82.0,1,0,0.0,,0,11,0.18181818181818182,31.0,1,3,0.0,67.0,1,4,dermatology,high_value,TERR_08,private_practice,1.0,False,Mixed,0.0984,4,Other
115,2026-01-03 17:00:00,rep_visit,4,0.0,32.0,1,4,0.0,11.0,1,5,0.2,45.0,1,2,0.0,24.0,1,9,0.4444444444444444,38.0,1,5,cardiology,medium_value,TERR_26,private_practice,2.4,False,Digital-Heavy,0.3792,0,Primary
115,2026-01-03 17:00:00,phone_call,4,0.0,32.0,1,4,0.0,11.0,1,5,0.2,45.0,1,2,0.0,24.0,1,9,0.4444444444444444,38.0,1,5,cardiology,medium_value,TERR_26,private_practice,2.4,False,Digital-Heavy,0.1886,1,Secondary
115,2026-01-03 17:00:00,webinar,4,0.0,32.0,1,4,0.0,11.0,1,5,0.2,45.0,1,2,0.0,24.0,1,9,0.4444444444444444,38.0,1,5,cardiology,medium_value,TERR_26,private_practice,2.4,False,Digital-Heavy,0.1791,2,Supporting
115,2026-01-03 17:00:00,email,4,0.0,32.0,1,4,0.0,11.0,1,5,0.2,45.0,1,2,0.0,24.0,1,9,0.4444444444444444,38.0,1,5,cardiology,medium_value,TERR_26,private_practice,2.4,False,Digital-Heavy,0.1118,3,Other
115,2026-01-03 17:00:00,digital_ad,4,0.0,32.0,1,4,0.0,11.0,1,5,0.2,45.0,1,2,0.0,24.0,1,9,0.4444444444444444,38.0,1,5,cardiology,medium_value,TERR_26,private_practice,2.4,False,Digital-Heavy,0.0742,4,Other
116,2026-01-03 17:00:00,rep_visit,5,0.2,60.0,1,6,0.16666666666666666,37.0,1,2,0.5,155.0,1,12,0.08333333333333333,32.0,1,3,0.0,44.0,1,5,oncology,high_value,TERR_07,cancer_center,0.5,False,In-Person-Heavy,0.347,0,Primary
116,2026-01-03 17:00:00,webinar,5,0.2,60.0,1,6,0.16666666666666666,37.0,1,2,0.5,155.0,1,12,0.08333333333333333,32.0,1,3,0.0,44.0,1,5,oncology,high_value,TERR_07,cancer_center,0.5,False,In-Person-Heavy,0.1831,1,Secondary
116,2026-01-03 17:00:00,email,5,0.2,60.0,1,6,0.16666666666666666,37.0,1,2,0.5,155.0,1,12,0.08333333333333333,32.0,1,3,0.0,44.0,1,5,oncology,high_value,TERR_07,cancer_center,0.5,False,In-Person-Heavy,0.151,2,Supporting
116,2026-01-03 17:00:00,phone_call,5,0.2,60.0,1,6,0.16666666666666666,37.0,1,2,0.5,155.0,1,12,0.08333333333333333,32.0,1,3,0.0,44.0,1,5,oncology,high_value,TERR_07,cancer_center,0.5,False,In-Person-Heavy,0.1502,3,Other
116,2026-01-03 17:00:00,digital_ad,5,0.2,60.0,1,6,0.16666666666666666,37.0,1,2,0.5,155.0,1,12,0.08333333333333333,32.0,1,3,0.0,44.0,1,5,oncology,high_value,TERR_07,cancer_center,0.5,False,In-Person-Heavy,0.0959,4,Other
117,2026-01-03 17:00:00,rep_visit,6,0.6666666666666666,19.0,1,5,0.0,10.0,1,3,0.3333333333333333,5.0,1,8,0.0,72.0,1,3,0.3333333333333333,38.0,1,5,cardiology,medium_value,TERR_15,hospital,7.5,False,In-Person-Heavy,0.2256,0,Primary
117,2026-01-03 17:00:00,phone_call,6,0.6666666666666666,19.0,1,5,0.0,10.0,1,3,0.3333333333333333,5.0,1,8,0.0,72.0,1,3,0.3333333333333333,38.0,1,5,cardiology,medium_value,TERR_15,hospital,7.5,False,In-Person-Heavy,0.1406,1,Secondary
117,2026-01-03 17:00:00,webinar,6,0.6666666666666666,19.0,1,5,0.0,10.0,1,3,0.3333333333333333,5.0,1,8,0.0,72.0,1,3,0.3333333333333333,38.0,1,5,cardiology,medium_value,TERR_15,hospital,7.5,False,In-Person-Heavy,0.1391,2,Supporting
117,2026-01-03 17:00:00,email,6,0.6666666666666666,19.0,1,5,0.0,10.0,1,3,0.3333333333333333,5.0,1,8,0.0,72.0,1,3,0.3333333333333333,38.0,1,5,cardiology,medium_value,TERR_15,hospital,7.5,False,In-Person-Heavy,0.1236,3,Other
117,2026-01-03 17:00:00,digital_ad,6,0.6666666666666666,19.0,1,5,0.0,10.0,1,3,0.3333333333333333,5.0,1,8,0.0,72.0,1,3,0.3333333333333333,38.0,1,5,cardiology,medium_value,TERR_15,hospital,7.5,False,In-Person-Heavy,0.0813,4,Other
118,2026-01-03 17:00:00,rep_visit,1,0.0,351.0,1,4,0.25,53.0,1,10,0.4,18.0,1,1,1.0,23.0,1,6,0.5,9.0,1,5,dermatology,low_value,TERR_17,private_practice,0.5,False,In-Person-Heavy,0.4691,0,Primary
118,2026-01-03 17:00:00,phone_call,1,0.0,351.0,1,4,0.25,53.0,1,10,0.4,18.0,1,1,1.0,23.0,1,6,0.5,9.0,1,5,dermatology,low_value,TERR_17,private_practice,0.5,False,In-Person-Heavy,0.2856,1,Secondary
118,2026-01-03 17:00:00,webinar,1,0.0,351.0,1,4,0.25,53.0,1,10,0.4,18.0,1,1,1.0,23.0,1,6,0.5,9.0,1,5,dermatology,low_value,TERR_17,private_practice,0.5,False,In-Person-Heavy,0.2515,2,Supporting
118,2026-01-03 17:00:00,email,1,0.0,351.0,1,4,0.25,53.0,1,10,0.4,18.0,1,1,1.0,23.0,1,6,0.5,9.0,1,5,dermatology,low_value,TERR_17,private_practice,0.5,False,In-Person-Heavy,0.143,3,Other
118,2026-01-03 17:00:00,digital_ad,1,0.0,351.0,1,4,0.25,53.0,1,10,0.4,18.0,1,1,1.0,23.0,1,6,0.5,9.0,1,5,dermatology,low_value,TERR_17,private_practice,0.5,False,In-Person-Heavy,0.1179,4,Other
119,2026-01-03 17:00:00,rep_visit,6,0.6666666666666666,39.0,1,2,0.5,114.0,1,0,0.0,,0,10,0.2,4.0,1,6,0.0,8.0,1,4,oncology,medium_value,TERR_10,cancer_center,2.3,False,Mixed,0.189,0,Primary
119,2026-01-03 17:00:00,webinar,6,0.6666666666666666,39.0,1,2,0.5,114.0,1,0,0.0,,0,10,0.2,4.0,1,6,0.0,8.0,1,4,oncology,medium_value,TERR_10,cancer_center,2.3,False,Mixed,0.1281,1,Secondary
119,2026-01-03 17:00:00,email,6,0.6666666666666666,39.0,1,2,0.5,114.0,1,0,0.0,,0,10,0.2,4.0,1,6,0.0,8.0,1,4,oncology,medium_value,TERR_10,cancer_center,2.3,False,Mixed,0.124,2,Supporting
119,2026-01-03 17:00:00,phone_call,6,0.6666666666666666,39.0,1,2,0.5,114.0,1,0,0.0,,0,10,0.2,4.0,1,6,0.0,8.0,1,4,oncology,medium_value,TERR_10,cancer_center,2.3,False,Mixed,0.1208,3,Other
119,2026-01-03 17:00:00,digital_ad,6,0.6666666666666666,39.0,1,2,0.5,114.0,1,0,0.0,,0,10,0.2,4.0,1,6,0.0,8.0,1,4,oncology,medium_value,TERR_10,cancer_center,2.3,False,Mixed,0.0936,4,Other
120,2026-01-03 17:00:00,rep_visit,10,0.2,25.0,1,2,0.0,275.0,1,6,0.8333333333333334,12.0,1,4,0.0,40.0,1,9,0.2222222222222222,46.0,1,5,primary_care,high_value,TERR_47,private_practice,0.5,False,Digital-Heavy,0.4836,0,Primary
120,2026-01-03 17:00:00,webinar,10,0.2,25.0,1,2,0.0,275.0,1,6,0.8333333333333334,12.0,1,4,0.0,40.0,1,9,0.2222222222222222,46.0,1,5,primary_care,high_value,TERR_47,private_practice,0.5,False,Digital-Heavy,0.2754,1,Secondary
120,2026-01-03 17:00:00,phone_call,10,0.2,25.0,1,2,0.0,275.0,1,6,0.8333333333333334,12.0,1,4,0.0,40.0,1,9,0.2222222222222222,46.0,1,5,primary_care,high_value,TERR_47,private_practice,0.5,False,Digital-Heavy,0.2408,2,Supporting
120,2026-01-03 17:00:00,email,10,0.2,25.0,1,2,0.0,275.0,1,6,0.8333333333333334,12.0,1,4,0.0,40.0,1,9,0.2222222222222222,46.0,1,5,primary_care,high_value,TERR_47,private_practice,0.5,False,Digital-Heavy,0.1873,3,Other
120,2026-01-03 17:00:00,digital_ad,10,0.2,25.0,1,2,0.0,275.0,1,6,0.8333333333333334,12.0,1,4,0.0,40.0,1,9,0.2222222222222222,46.0,1,5,primary_care,high_value,TERR_47,private_practice,0.5,False,Digital-Heavy,0.1023,4,Other
121,2026-01-03 17:00:00,rep_visit,6,0.3333333333333333,23.0,1,3,0.3333333333333333,130.0,1,2,0.0,88.0,1,7,0.14285714285714285,33.0,1,8,0.25,8.0,1,5,oncology,high_value,TERR_37,cancer_center,0.5,False,Digital-Heavy,0.1729,0,Primary
121,2026-01-03 17:00:00,phone_call,6,0.3333333333333333,23.0,1,3,0.3333333333333333,130.0,1,2,0.0,88.0,1,7,0.14285714285714285,33.0,1,8,0.25,8.0,1,5,oncology,high_value,TERR_37,cancer_center,0.5,False,Digital-Heavy,0.1451,1,Secondary
121,2026-01-03 17:00:00,webinar,6,0.3333333333333333,23.0,1,3,0.3333333333333333,130.0,1,2,0.0,88.0,1,7,0.14285714285714285,33.0,1,8,0.25,8.0,1,5,oncology,high_value,TERR_37,cancer_center,0.5,False,Digital-Heavy,0.139,2,Supporting
121,2026-01-03 17:00:00,email,6,0.3333333333333333,23.0,1,3,0.3333333333333333,130.0,1,2,0.0,88.0,1,7,0.14285714285714285,33.0,1,8,0.25,8.0,1,5,oncology,high_value,TERR_37,cancer_center,0.5,False,Digital-Heavy,0.1277,3,Other
121,2026-01-03 17:00:00,digital_ad,6,0.3333333333333333,23.0,1,3,0.3333333333333333,130.0,1,2,0.0,88.0,1,7,0.14285714285714285,33.0,1,8,0.25,8.0,1,5,oncology,high_value,TERR_37,cancer_center,0.5,False,Digital-Heavy,0.0722,4,Other
122,2026-01-03 17:00:00,rep_visit,4,0.25,10.0,1,4,0.0,240.0,1,1,0.0,37.0,1,7,0.0,23.0,1,4,0.0,95.0,1,5,endocrinology,medium_value,TERR_45,clinic,4.4,False,Mixed,0.3052,0,Primary
122,2026-01-03 17:00:00,webinar,4,0.25,10.0,1,4,0.0,240.0,1,1,0.0,37.0,1,7,0.0,23.0,1,4,0.0,95.0,1,5,endocrinology,medium_value,TERR_45,clinic,4.4,False,Mixed,0.2156,1,Secondary
122,2026-01-03 17:00:00,email,4,0.25,10.0,1,4,0.0,240.0,1,1,0.0,37.0,1,7,0.0,23.0,1,4,0.0,95.0,1,5,endocrinology,medium_value,TERR_45,clinic,4.4,False,Mixed,0.1894,2,Supporting
122,2026-01-03 17:00:00,phone_call,4,0.25,10.0,1,4,0.0,240.0,1,1,0.0,37.0,1,7,0.0,23.0,1,4,0.0,95.0,1,5,endocrinology,medium_value,TERR_45,clinic,4.4,False,Mixed,0.1765,3,Other
122,2026-01-03 17:00:00,digital_ad,4,0.25,10.0,1,4,0.0,240.0,1,1,0.0,37.0,1,7,0.0,23.0,1,4,0.0,95.0,1,5,endocrinology,medium_value,TERR_45,clinic,4.4,False,Mixed,0.1119,4,Other
123,2026-01-03 17:00:00,rep_visit,6,0.0,135.0,1,3,0.6666666666666666,225.0,1,6,0.8333333333333334,51.0,1,2,0.0,268.0,1,8,0.5,10.0,1,5,dermatology,high_value,TERR_48,hospital,3.3,False,Digital-Heavy,0.5528,0,Primary
123,2026-01-03 17:00:00,phone_call,6,0.0,135.0,1,3,0.6666666666666666,225.0,1,6,0.8333333333333334,51.0,1,2,0.0,268.0,1,8,0.5,10.0,1,5,dermatology,high_value,TERR_48,hospital,3.3,False,Digital-Heavy,0.3199,1,Secondary
123,2026-01-03 17:00:00,webinar,6,0.0,135.0,1,3,0.6666666666666666,225.0,1,6,0.8333333333333334,51.0,1,2,0.0,268.0,1,8,0.5,10.0,1,5,dermatology,high_value,TERR_48,hospital,3.3,False,Digital-Heavy,0.2607,2,Supporting
123,2026-01-03 17:00:00,email,6,0.0,135.0,1,3,0.6666666666666666,225.0,1,6,0.8333333333333334,51.0,1,2,0.0,268.0,1,8,0.5,10.0,1,5,dermatology,high_value,TERR_48,hospital,3.3,False,Digital-Heavy,0.1572,3,Other
123,2026-01-03 17:00:00,digital_ad,6,0.0,135.0,1,3,0.6666666666666666,225.0,1,6,0.8333333333333334,51.0,1,2,0.0,268.0,1,8,0.5,10.0,1,5,dermatology,high_value,TERR_48,hospital,3.3,False,Digital-Heavy,0.1002,4,Other
124,2026-01-03 17:00:00,rep_visit,0,0.0,,0,2,0.0,82.0,1,0,0.0,,0,2,0.0,291.0,1,7,0.5714285714285714,30.0,1,3,cardiology,medium_value,TERR_24,private_practice,0.5,False,In-Person-Heavy,0.5533,0,Primary
124,2026-01-03 17:00:00,phone_call,0,0.0,,0,2,0.0,82.0,1,0,0.0,,0,2,0.0,291.0,1,7,0.5714285714285714,30.0,1,3,cardiology,medium_value,TERR_24,private_practice,0.5,False,In-Person-Heavy,0.4512,1,Secondary
124,2026-01-03 17:00:00,webinar,0,0.0,,0,2,0.0,82.0,1,0,0.0,,0,2,0.0,291.0,1,7,0.5714285714285714,30.0,1,3,cardiology,medium_value,TERR_24,private_practice,0.5,False,In-Person-Heavy,0.3103,2,Supporting
124,2026-01-03 17:00:00,email,0,0.0,,0,2,0.0,82.0,1,0,0.0,,0,2,0.0,291.0,1,7,0.5714285714285714,30.0,1,3,cardiology,medium_value,TERR_24,private_practice,0.5,False,In-Person-Heavy,0.2669,3,Other
124,2026-01-03 17:00:00,digital_ad,0,0.0,,0,2,0.0,82.0,1,0,0.0,,0,2,0.0,291.0,1,7,0.5714285714285714,30.0,1,3,cardiology,medium_value,TERR_24,private_practice,0.5,False,In-Person-Heavy,0.146,4,Other
125,2026-01-03 17:00:00,rep_visit,3,0.0,57.0,1,5,0.0,54.0,1,13,0.6923076923076923,12.0,1,1,0.0,269.0,1,11,0.18181818181818182,24.0,1,5,cardiology,high_value,TERR_04,hospital,3.4,False,Mixed,0.6439,0,Primary
125,2026-01-03 17:00:00,phone_call,3,0.0,57.0,1,5,0.0,54.0,1,13,0.6923076923076923,12.0,1,1,0.0,269.0,1,11,0.18181818181818182,24.0,1,5,cardiology,high_value,TERR_04,hospital,3.4,False,Mixed,0.3582,1,Secondary
125,2026-01-03 17:00:00,webinar,3,0.0,57.0,1,5,0.0,54.0,1,13,0.6923076923076923,12.0,1,1,0.0,269.0,1,11,0.18181818181818182,24.0,1,5,cardiology,high_value,TERR_04,hospital,3.4,False,Mixed,0.2687,2,Supporting
125,2026-01-03 17:00:00,email,3,0.0,57.0,1,5,0.0,54.0,1,13,0.6923076923076923,12.0,1,1,0.0,269.0,1,11,0.18181818181818182,24.0,1,5,cardiology,high_value,TERR_04,hospital,3.4,False,Mixed,0.1558,3,Other
125,2026-01-03 17:00:00,digital_ad,3,0.0,57.0,1,5,0.0,54.0,1,13,0.6923076923076923,12.0,1,1,0.0,269.0,1,11,0.18181818181818182,24.0,1,5,cardiology,high_value,TERR_04,hospital,3.4,False,Mixed,0.0981,4,Other
126,2026-01-03 17:00:00,rep_visit,9,0.1111111111111111,73.0,1,5,0.6,149.0,1,3,0.0,123.0,1,2,0.0,79.0,1,7,0.2857142857142857,1.0,1,5,primary_care,high_value,TERR_02,private_practice,1.1,False,In-Person-Heavy,0.1709,0,Primary
126,2026-01-03 17:00:00,phone_call,9,0.1111111111111111,73.0,1,5,0.6,149.0,1,3,0.0,123.0,1,2,0.0,79.0,1,7,0.2857142857142857,1.0,1,5,primary_care,high_value,TERR_02,private_practice,1.1,False,In-Person-Heavy,0.1204,1,Secondary
126,2026-01-03 17:00:00,webinar,9,0.1111111111111111,73.0,1,5,0.6,149.0,1,3,0.0,123.0,1,2,0.0,79.0,1,7,0.2857142857142857,1.0,1,5,primary_care,high_value,TERR_02,private_practice,1.1,False,In-Person-Heavy,0.1172,2,Supporting
126,2026-01-03 17:00:00,email,9,0.1111111111111111,73.0,1,5,0.6,149.0,1,3,0.0,123.0,1,2,0.0,79.0,1,7,0.2857142857142857,1.0,1,5,primary_care,high_value,TERR_02,private_practice,1.1,False,In-Person-Heavy,0.1042,3,Other
126,2026-01-03 17:00:00,digital_ad,9,0.1111111111111111,73.0,1,5,0.6,149.0,1,3,0.0,123.0,1,2,0.0,79.0,1,7,0.2857142857142857,1.0,1,5,primary_care,high_value,TERR_02,private_practice,1.1,False,In-Person-Heavy,0.0745,4,Other
127,2026-01-03 17:00:00,rep_visit,6,0.6666666666666666,100.0,1,1,0.0,257.0,1,0,0.0,,0,6,0.0,57.0,1,2,0.5,24.0,1,4,cardiology,low_value,TERR_04,hospital,1.8,False,In-Person-Heavy,0.2774,0,Primary
127,2026-01-03 17:00:00,email,6,0.6666666666666666,100.0,1,1,0.0,257.0,1,0,0.0,,0,6,0.0,57.0,1,2,0.5,24.0,1,4,cardiology,low_value,TERR_04,hospital,1.8,False,In-Person-Heavy,0.2293,1,Secondary
127,2026-01-03 17:00:00,phone_call,6,0.6666666666666666,100.0,1,1,0.0,257.0,1,0,0.0,,0,6,0.0,57.0,1,2,0.5,24.0,1,4,cardiology,low_value,TERR_04,hospital,1.8,False,In-Person-Heavy,0.2241,2,Supporting
127,2026-01-03 17:00:00,webinar,6,0.6666666666666666,100.0,1,1,0.0,257.0,1,0,0.0,,0,6,0.0,57.0,1,2,0.5,24.0,1,4,cardiology,low_value,TERR_04,hospital,1.8,False,In-Person-Heavy,0.2196,3,Other
127,2026-01-03 17:00:00,digital_ad,6,0.6666666666666666,100.0,1,1,0.0,257.0,1,0,0.0,,0,6,0.0,57.0,1,2,0.5,24.0,1,4,cardiology,low_value,TERR_04,hospital,1.8,False,In-Person-Heavy,0.1255,4,Other
128,2026-01-03 17:00:00,rep_visit,13,0.07692307692307693,17.0,1,8,0.75,141.0,1,1,0.0,93.0,1,3,0.0,75.0,1,3,0.3333333333333333,22.0,1,5,endocrinology,low_value,TERR_47,clinic,3.7,False,Digital-Heavy,0.3306,0,Primary
128,2026-01-03 17:00:00,webinar,13,0.07692307692307693,17.0,1,8,0.75,141.0,1,1,0.0,93.0,1,3,0.0,75.0,1,3,0.3333333333333333,22.0,1,5,endocrinology,low_value,TERR_47,clinic,3.7,False,Digital-Heavy,0.3208,1,Secondary
128,2026-01-03 17:00:00,phone_call,13,0.07692307692307693,17.0,1,8,0.75,141.0,1,1,0.0,93.0,1,3,0.0,75.0,1,3,0.3333333333333333,22.0,1,5,endocrinology,low_value,TERR_47,clinic,3.7,False,Digital-Heavy,0.3117,2,Supporting
128,2026-01-03 17:00:00,email,13,0.07692307692307693,17.0,1,8,0.75,141.0,1,1,0.0,93.0,1,3,0.0,75.0,1,3,0.3333333333333333,22.0,1,5,endocrinology,low_value,TERR_47,clinic,3.7,False,Digital-Heavy,0.2142,3,Other
128,2026-01-03 17:00:00,digital_ad,13,0.07692307692307693,17.0,1,8,0.75,141.0,1,1,0.0,93.0,1,3,0.0,75.0,1,3,0.3333333333333333,22.0,1,5,endocrinology,low_value,TERR_47,clinic,3.7,False,Digital-Heavy,0.1207,4,Other
129,2026-01-03 17:00:00,rep_visit,3,0.6666666666666666,127.0,1,2,0.0,25.0,1,13,0.5384615384615384,60.0,1,0,0.0,,0,9,0.3333333333333333,9.0,1,4,oncology,high_value,TERR_13,cancer_center,6.0,False,Digital-Heavy,0.6243,0,Primary
129,2026-01-03 17:00:00,phone_call,3,0.6666666666666666,127.0,1,2,0.0,25.0,1,13,0.5384615384615384,60.0,1,0,0.0,,0,9,0.3333333333333333,9.0,1,4,oncology,high_value,TERR_13,cancer_center,6.0,False,Digital-Heavy,0.3234,1,Secondary
129,2026-01-03 17:00:00,webinar,3,0.6666666666666666,127.0,1,2,0.0,25.0,1,13,0.5384615384615384,60.0,1,0,0.0,,0,9,0.3333333333333333,9.0,1,4,oncology,high_value,TERR_13,cancer_center,6.0,False,Digital-Heavy,0.2831,2,Supporting
129,2026-01-03 17:00:00,email,3,0.6666666666666666,127.0,1,2,0.0,25.0,1,13,0.5384615384615384,60.0,1,0,0.0,,0,9,0.3333333333333333,9.0,1,4,oncology,high_value,TERR_13,cancer_center,6.0,False,Digital-Heavy,0.2573,3,Other
129,2026-01-03 17:00:00,digital_ad,3,0.6666666666666666,127.0,1,2,0.0,25.0,1,13,0.5384615384615384,60.0,1,0,0.0,,0,9,0.3333333333333333,9.0,1,4,oncology,high_value,TERR_13,cancer_center,6.0,False,Digital-Heavy,0.132,4,Other
130,2026-01-03 17:00:00,rep_visit,7,0.2857142857142857,57.0,1,6,0.5,12.0,1,3,0.3333333333333333,192.0,1,5,0.0,2.0,1,5,0.4,23.0,1,5,cardiology,medium_value,TERR_10,private_practice,2.8,False,Mixed,0.296,0,Primary
130,2026-01-03 17:00:00,webinar,7,0.2857142857142857,57.0,1,6,0.5,12.0,1,3,0.3333333333333333,192.0,1,5,0.0,2.0,1,5,0.4,23.0,1,5,cardiology,medium_value,TERR_10,private_practice,2.8,False,Mixed,0.1665,1,Secondary
130,2026-01-03 17:00:00,phone_call,7,0.2857142857142857,57.0,1,6,0.5,12.0,1,3,0.3333333333333333,192.0,1,5,0.0,2.0,1,5,0.4,23.0,1,5,cardiology,medium_value,TERR_10,private_practice,2.8,False,Mixed,0.1467,2,Supporting
130,2026-01-03 17:00:00,email,7,0.2857142857142857,57.0,1,6,0.5,12.0,1,3,0.3333333333333333,192.0,1,5,0.0,2.0,1,5,0.4,23.0,1,5,cardiology,medium_value,TERR_10,private_practice,2.8,False,Mixed,0.1449,3,Other
130,2026-01-03 17:00:00,digital_ad,7,0.2857142857142857,57.0,1,6,0.5,12.0,1,3,0.3333333333333333,192.0,1,5,0.0,2.0,1,5,0.4,23.0,1,5,cardiology,medium_value,TERR_10,private_practice,2.8,False,Mixed,0.0951,4,Other
131,2026-01-03 17:00:00,rep_visit,0,0.0,,0,1,1.0,145.0,1,4,0.25,75.0,1,6,0.16666666666666666,85.0,1,0,0.0,,0,3,oncology,low_value,TERR_37,private_practice,1.9,True,In-Person-Heavy,0.4626,0,Primary
131,2026-01-03 17:00:00,webinar,0,0.0,,0,1,1.0,145.0,1,4,0.25,75.0,1,6,0.16666666666666666,85.0,1,0,0.0,,0,3,oncology,low_value,TERR_37,private_practice,1.9,True,In-Person-Heavy,0.3535,1,Secondary
131,2026-01-03 17:00:00,phone_call,0,0.0,,0,1,1.0,145.0,1,4,0.25,75.0,1,6,0.16666666666666666,85.0,1,0,0.0,,0,3,oncology,low_value,TERR_37,private_practice,1.9,True,In-Person-Heavy,0.3486,2,Supporting
131,2026-01-03 17:00:00,email,0,0.0,,0,1,1.0,145.0,1,4,0.25,75.0,1,6,0.16666666666666666,85.0,1,0,0.0,,0,3,oncology,low_value,TERR_37,private_practice,1.9,True,In-Person-Heavy,0.2434,3,Other
131,2026-01-03 17:00:00,digital_ad,0,0.0,,0,1,1.0,145.0,1,4,0.25,75.0,1,6,0.16666666666666666,85.0,1,0,0.0,,0,3,oncology,low_value,TERR_37,private_practice,1.9,True,In-Person-Heavy,0.1631,4,Other
132,2026-01-03 17:00:00,rep_visit,1,0.0,178.0,1,1,1.0,350.0,1,15,0.7333333333333333,54.0,1,3,0.0,17.0,1,6,0.5,43.0,1,5,primary_care,high_value,TERR_38,private_practice,3.9,False,In-Person-Heavy,0.7387,0,Primary
132,2026-01-03 17:00:00,phone_call,1,0.0,178.0,1,1,1.0,350.0,1,15,0.7333333333333333,54.0,1,3,0.0,17.0,1,6,0.5,43.0,1,5,primary_care,high_value,TERR_38,private_practice,3.9,False,In-Person-Heavy,0.4407,1,Secondary
132,2026-01-03 17:00:00,webinar,1,0.0,178.0,1,1,1.0,350.0,1,15,0.7333333333333333,54.0,1,3,0.0,17.0,1,6,0.5,43.0,1,5,primary_care,high_value,TERR_38,private_practice,3.9,False,In-Person-Heavy,0.4357,2,Supporting
132,2026-01-03 17:00:00,email,1,0.0,178.0,1,1,1.0,350.0,1,15,0.7333333333333333,54.0,1,3,0.0,17.0,1,6,0.5,43.0,1,5,primary_care,high_value,TERR_38,private_practice,3.9,False,In-Person-Heavy,0.2555,3,Other
132,2026-01-03 17:00:00,digital_ad,1,0.0,178.0,1,1,1.0,350.0,1,15,0.7333333333333333,54.0,1,3,0.0,17.0,1,6,0.5,43.0,1,5,primary_care,high_value,TERR_38,private_practice,3.9,False,In-Person-Heavy,0.1546,4,Other
133,2026-01-03 17:00:00,rep_visit,0,0.0,,0,5,0.0,66.0,1,2,1.0,239.0,1,1,0.0,271.0,1,0,0.0,,0,3,primary_care,low_value,TERR_11,clinic,1.7,True,Digital-Heavy,0.531,0,Primary
133,2026-01-03 17:00:00,phone_call,0,0.0,,0,5,0.0,66.0,1,2,1.0,239.0,1,1,0.0,271.0,1,0,0.0,,0,3,primary_care,low_value,TERR_11,clinic,1.7,True,Digital-Heavy,0.247,1,Secondary
133,2026-01-03 17:00:00,email,0,0.0,,0,5,0.0,66.0,1,2,1.0,239.0,1,1,0.0,271.0,1,0,0.0,,0,3,primary_care,low_value,TERR_11,clinic,1.7,True,Digital-Heavy,0.1941,2,Supporting
133,2026-01-03 17:00:00,webinar,0,0.0,,0,5,0.0,66.0,1,2,1.0,239.0,1,1,0.0,271.0,1,0,0.0,,0,3,primary_care,low_value,TERR_11,clinic,1.7,True,Digital-Heavy,0.1922,3,Other
133,2026-01-03 17:00:00,digital_ad,0,0.0,,0,5,0.0,66.0,1,2,1.0,239.0,1,1,0.0,271.0,1,0,0.0,,0,3,primary_care,low_value,TERR_11,clinic,1.7,True,Digital-Heavy,0.1547,4,Other
134,2026-01-03 17:00:00,rep_visit,5,0.2,11.0,1,3,0.6666666666666666,44.0,1,5,0.6,38.0,1,5,0.0,1.0,1,9,0.6666666666666666,75.0,1,5,oncology,medium_value,TERR_40,hospital,4.2,False,Digital-Heavy,0.3203,0,Primary
134,2026-01-03 17:00:00,webinar,5,0.2,11.0,1,3,0.6666666666666666,44.0,1,5,0.6,38.0,1,5,0.0,1.0,1,9,0.6666666666666666,75.0,1,5,oncology,medium_value,TERR_40,hospital,4.2,False,Digital-Heavy,0.1604,1,Secondary
134,2026-01-03 17:00:00,phone_call,5,0.2,11.0,1,3,0.6666666666666666,44.0,1,5,0.6,38.0,1,5,0.0,1.0,1,9,0.6666666666666666,75.0,1,5,oncology,medium_value,TERR_40,hospital,4.2,False,Digital-Heavy,0.1581,2,Supporting
134,2026-01-03 17:00:00,email,5,0.2,11.0,1,3,0.6666666666666666,44.0,1,5,0.6,38.0,1,5,0.0,1.0,1,9,0.6666666666666666,75.0,1,5,oncology,medium_value,TERR_40,hospital,4.2,False,Digital-Heavy,0.1063,3,Other
134,2026-01-03 17:00:00,digital_ad,5,0.2,11.0,1,3,0.6666666666666666,44.0,1,5,0.6,38.0,1,5,0.0,1.0,1,9,0.6666666666666666,75.0,1,5,oncology,medium_value,TERR_40,hospital,4.2,False,Digital-Heavy,0.0727,4,Other
135,2026-01-03 17:00:00,rep_visit,4,0.0,9.0,1,6,0.0,2.0,1,2,0.0,15.0,1,4,0.0,29.0,1,4,0.25,128.0,1,5,endocrinology,high_value,TERR_30,hospital,3.3,False,Mixed,0.251,0,Primary
135,2026-01-03 17:00:00,webinar,4,0.0,9.0,1,6,0.0,2.0,1,2,0.0,15.0,1,4,0.0,29.0,1,4,0.25,128.0,1,5,endocrinology,high_value,TERR_30,hospital,3.3,False,Mixed,0.1443,1,Secondary
135,2026-01-03 17:00:00,email,4,0.0,9.0,1,6,0.0,2.0,1,2,0.0,15.0,1,4,0.0,29.0,1,4,0.25,128.0,1,5,endocrinology,high_value,TERR_30,hospital,3.3,False,Mixed,0.1273,2,Supporting
135,2026-01-03 17:00:00,phone_call,4,0.0,9.0,1,6,0.0,2.0,1,2,0.0,15.0,1,4,0.0,29.0,1,4,0.25,128.0,1,5,endocrinology,high_value,TERR_30,hospital,3.3,False,Mixed,0.1231,3,Other
135,2026-01-03 17:00:00,digital_ad,4,0.0,9.0,1,6,0.0,2.0,1,2,0.0,15.0,1,4,0.0,29.0,1,4,0.25,128.0,1,5,endocrinology,high_value,TERR_30,hospital,3.3,False,Mixed,0.09,4,Other
136,2026-01-03 17:00:00,rep_visit,5,0.0,113.0,1,1,1.0,317.0,1,4,0.5,25.0,1,6,0.16666666666666666,121.0,1,10,0.6,31.0,1,5,dermatology,high_value,TERR_14,private_practice,3.7,False,Digital-Heavy,0.632,0,Primary
136,2026-01-03 17:00:00,phone_call,5,0.0,113.0,1,1,1.0,317.0,1,4,0.5,25.0,1,6,0.16666666666666666,121.0,1,10,0.6,31.0,1,5,dermatology,high_value,TERR_14,private_practice,3.7,False,Digital-Heavy,0.388,1,Secondary
136,2026-01-03 17:00:00,webinar,5,0.0,113.0,1,1,1.0,317.0,1,4,0.5,25.0,1,6,0.16666666666666666,121.0,1,10,0.6,31.0,1,5,dermatology,high_value,TERR_14,private_practice,3.7,False,Digital-Heavy,0.3305,2,Supporting
136,2026-01-03 17:00:00,email,5,0.0,113.0,1,1,1.0,317.0,1,4,0.5,25.0,1,6,0.16666666666666666,121.0,1,10,0.6,31.0,1,5,dermatology,high_value,TERR_14,private_practice,3.7,False,Digital-Heavy,0.1834,3,Other
136,2026-01-03 17:00:00,digital_ad,5,0.0,113.0,1,1,1.0,317.0,1,4,0.5,25.0,1,6,0.16666666666666666,121.0,1,10,0.6,31.0,1,5,dermatology,high_value,TERR_14,private_practice,3.7,False,Digital-Heavy,0.1278,4,Other
137,2026-01-03 17:00:00,rep_visit,3,0.3333333333333333,99.0,1,1,0.0,316.0,1,2,0.0,81.0,1,1,0.0,144.0,1,4,0.0,11.0,1,5,endocrinology,low_value,TERR_40,private_practice,2.0,False,In-Person-Heavy,0.32,0,Primary
137,2026-01-03 17:00:00,phone_call,3,0.3333333333333333,99.0,1,1,0.0,316.0,1,2,0.0,81.0,1,1,0.0,144.0,1,4,0.0,11.0,1,5,endocrinology,low_value,TERR_40,private_practice,2.0,False,In-Person-Heavy,0.2038,1,Secondary
137,2026-01-03 17:00:00,webinar,3,0.3333333333333333,99.0,1,1,0.0,316.0,1,2,0.0,81.0,1,1,0.0,144.0,1,4,0.0,11.0,1,5,endocrinology,low_value,TERR_40,private_practice,2.0,False,In-Person-Heavy,0.1798,2,Supporting
137,2026-01-03 17:00:00,email,3,0.3333333333333333,99.0,1,1,0.0,316.0,1,2,0.0,81.0,1,1,0.0,144.0,1,4,0.0,11.0,1,5,endocrinology,low_value,TERR_40,private_practice,2.0,False,In-Person-Heavy,0.1601,3,Other
137,2026-01-03 17:00:00,digital_ad,3,0.3333333333333333,99.0,1,1,0.0,316.0,1,2,0.0,81.0,1,1,0.0,144.0,1,4,0.0,11.0,1,5,endocrinology,low_value,TERR_40,private_practice,2.0,False,In-Person-Heavy,0.0878,4,Other
138,2026-01-03 17:00:00,rep_visit,8,0.25,94.0,1,4,0.25,53.0,1,2,0.0,177.0,1,6,0.16666666666666666,3.0,1,5,0.4,80.0,1,5,cardiology,medium_value,TERR_15,hospital,5.7,False,Digital-Heavy,0.2051,0,Primary
138,2026-01-03 17:00:00,webinar,8,0.25,94.0,1,4,0.25,53.0,1,2,0.0,177.0,1,6,0.16666666666666666,3.0,1,5,0.4,80.0,1,5,cardiology,medium_value,TERR_15,hospital,5.7,False,Digital-Heavy,0.1394,1,Secondary
138,2026-01-03 17:00:00,phone_call,8,0.25,94.0,1,4,0.25,53.0,1,2,0.0,177.0,1,6,0.16666666666666666,3.0,1,5,0.4,80.0,1,5,cardiology,medium_value,TERR_15,hospital,5.7,False,Digital-Heavy,0.1314,2,Supporting
138,2026-01-03 17:00:00,email,8,0.25,94.0,1,4,0.25,53.0,1,2,0.0,177.0,1,6,0.16666666666666666,3.0,1,5,0.4,80.0,1,5,cardiology,medium_value,TERR_15,hospital,5.7,False,Digital-Heavy,0.1213,3,Other
138,2026-01-03 17:00:00,digital_ad,8,0.25,94.0,1,4,0.25,53.0,1,2,0.0,177.0,1,6,0.16666666666666666,3.0,1,5,0.4,80.0,1,5,cardiology,medium_value,TERR_15,hospital,5.7,False,Digital-Heavy,0.0864,4,Other
139,2026-01-03 17:00:00,rep_visit,7,0.0,61.0,1,3,0.0,68.0,1,4,0.75,172.0,1,5,0.0,80.0,1,6,0.5,36.0,1,5,primary_care,high_value,TERR_40,private_practice,1.7,False,In-Person-Heavy,0.5202,0,Primary
139,2026-01-03 17:00:00,phone_call,7,0.0,61.0,1,3,0.0,68.0,1,4,0.75,172.0,1,5,0.0,80.0,1,6,0.5,36.0,1,5,primary_care,high_value,TERR_40,private_practice,1.7,False,In-Person-Heavy,0.2496,1,Secondary
139,2026-01-03 17:00:00,webinar,7,0.0,61.0,1,3,0.0,68.0,1,4,0.75,172.0,1,5,0.0,80.0,1,6,0.5,36.0,1,5,primary_care,high_value,TERR_40,private_practice,1.7,False,In-Person-Heavy,0.204,2,Supporting
139,2026-01-03 17:00:00,email,7,0.0,61.0,1,3,0.0,68.0,1,4,0.75,172.0,1,5,0.0,80.0,1,6,0.5,36.0,1,5,primary_care,high_value,TERR_40,private_practice,1.7,False,In-Person-Heavy,0.1466,3,Other
139,2026-01-03 17:00:00,digital_ad,7,0.0,61.0,1,3,0.0,68.0,1,4,0.75,172.0,1,5,0.0,80.0,1,6,0.5,36.0,1,5,primary_care,high_value,TERR_40,private_practice,1.7,False,In-Person-Heavy,0.0857,4,Other
140,2026-01-03 17:00:00,rep_visit,0,0.0,,0,4,1.0,80.0,1,1,0.0,52.0,1,5,0.0,44.0,1,0,0.0,,0,3,cardiology,low_value,TERR_08,private_practice,2.9,True,Mixed,0.4816,0,Primary
140,2026-01-03 17:00:00,webinar,0,0.0,,0,4,1.0,80.0,1,1,0.0,52.0,1,5,0.0,44.0,1,0,0.0,,0,3,cardiology,low_value,TERR_08,private_practice,2.9,True,Mixed,0.4597,1,Secondary
140,2026-01-03 17:00:00,phone_call,0,0.0,,0,4,1.0,80.0,1,1,0.0,52.0,1,5,0.0,44.0,1,0,0.0,,0,3,cardiology,low_value,TERR_08,private_practice,2.9,True,Mixed,0.365,2,Supporting
140,2026-01-03 17:00:00,email,0,0.0,,0,4,1.0,80.0,1,1,0.0,52.0,1,5,0.0,44.0,1,0,0.0,,0,3,cardiology,low_value,TERR_08,private_practice,2.9,True,Mixed,0.2735,3,Other
140,2026-01-03 17:00:00,digital_ad,0,0.0,,0,4,1.0,80.0,1,1,0.0,52.0,1,5,0.0,44.0,1,0,0.0,,0,3,cardiology,low_value,TERR_08,private_practice,2.9,True,Mixed,0.1368,4,Other
141,2026-01-03 17:00:00,rep_visit,6,0.16666666666666666,29.0,1,1,0.0,100.0,1,0,0.0,,0,5,0.0,204.0,1,1,0.0,201.0,1,4,endocrinology,medium_value,TERR_36,clinic,4.2,False,In-Person-Heavy,0.3237,0,Primary
141,2026-01-03 17:00:00,email,6,0.16666666666666666,29.0,1,1,0.0,100.0,1,0,0.0,,0,5,0.0,204.0,1,1,0.0,201.0,1,4,endocrinology,medium_value,TERR_36,clinic,4.2,False,In-Person-Heavy,0.2367,1,Secondary
141,2026-01-03 17:00:00,phone_call,6,0.16666666666666666,29.0,1,1,0.0,100.0,1,0,0.0,,0,5,0.0,204.0,1,1,0.0,201.0,1,4,endocrinology,medium_value,TERR_36,clinic,4.2,False,In-Person-Heavy,0.2263,2,Supporting
141,2026-01-03 17:00:00,webinar,6,0.16666666666666666,29.0,1,1,0.0,100.0,1,0,0.0,,0,5,0.0,204.0,1,1,0.0,201.0,1,4,endocrinology,medium_value,TERR_36,clinic,4.2,False,In-Person-Heavy,0.2211,3,Other
141,2026-01-03 17:00:00,digital_ad,6,0.16666666666666666,29.0,1,1,0.0,100.0,1,0,0.0,,0,5,0.0,204.0,1,1,0.0,201.0,1,4,endocrinology,medium_value,TERR_36,clinic,4.2,False,In-Person-Heavy,0.1652,4,Other
142,2026-01-03 17:00:00,rep_visit,5,0.4,127.0,1,6,0.0,123.0,1,14,0.6428571428571429,22.0,1,1,0.0,37.0,1,7,0.2857142857142857,17.0,1,5,primary_care,high_value,TERR_33,private_practice,2.9,False,Digital-Heavy,0.6291,0,Primary
142,2026-01-03 17:00:00,phone_call,5,0.4,127.0,1,6,0.0,123.0,1,14,0.6428571428571429,22.0,1,1,0.0,37.0,1,7,0.2857142857142857,17.0,1,5,primary_care,high_value,TERR_33,private_practice,2.9,False,Digital-Heavy,0.2855,1,Secondary
142,2026-01-03 17:00:00,webinar,5,0.4,127.0,1,6,0.0,123.0,1,14,0.6428571428571429,22.0,1,1,0.0,37.0,1,7,0.2857142857142857,17.0,1,5,primary_care,high_value,TERR_33,private_practice,2.9,False,Digital-Heavy,0.2252,2,Supporting
142,2026-01-03 17:00:00,email,5,0.4,127.0,1,6,0.0,123.0,1,14,0.6428571428571429,22.0,1,1,0.0,37.0,1,7,0.2857142857142857,17.0,1,5,primary_care,high_value,TERR_33,private_practice,2.9,False,Digital-Heavy,0.172,3,Other
142,2026-01-03 17:00:00,digital_ad,5,0.4,127.0,1,6,0.0,123.0,1,14,0.6428571428571429,22.0,1,1,0.0,37.0,1,7,0.2857142857142857,17.0,1,5,primary_care,high_value,TERR_33,private_practice,2.9,False,Digital-Heavy,0.0943,4,Other
143,2026-01-03 17:00:00,rep_visit,4,0.5,165.0,1,4,0.25,75.0,1,0,0.0,,0,4,0.25,200.0,1,4,0.5,44.0,1,4,oncology,low_value,TERR_31,cancer_center,2.0,False,In-Person-Heavy,0.3745,0,Primary
143,2026-01-03 17:00:00,webinar,4,0.5,165.0,1,4,0.25,75.0,1,0,0.0,,0,4,0.25,200.0,1,4,0.5,44.0,1,4,oncology,low_value,TERR_31,cancer_center,2.0,False,In-Person-Heavy,0.2807,1,Secondary
143,2026-01-03 17:00:00,phone_call,4,0.5,165.0,1,4,0.25,75.0,1,0,0.0,,0,4,0.25,200.0,1,4,0.5,44.0,1,4,oncology,low_value,TERR_31,cancer_center,2.0,False,In-Person-Heavy,0.2761,2,Supporting
143,2026-01-03 17:00:00,email,4,0.5,165.0,1,4,0.25,75.0,1,0,0.0,,0,4,0.25,200.0,1,4,0.5,44.0,1,4,oncology,low_value,TERR_31,cancer_center,2.0,False,In-Person-Heavy,0.2193,3,Other
143,2026-01-03 17:00:00,digital_ad,4,0.5,165.0,1,4,0.25,75.0,1,0,0.0,,0,4,0.25,200.0,1,4,0.5,44.0,1,4,oncology,low_value,TERR_31,cancer_center,2.0,False,In-Person-Heavy,0.1188,4,Other
144,2026-01-03 17:00:00,rep_visit,10,0.1,3.0,1,3,0.3333333333333333,68.0,1,3,1.0,17.0,1,2,0.0,225.0,1,3,0.0,40.0,1,5,endocrinology,medium_value,TERR_15,private_practice,2.0,False,Mixed,0.2417,0,Primary
144,2026-01-03 17:00:00,webinar,10,0.1,3.0,1,3,0.3333333333333333,68.0,1,3,1.0,17.0,1,2,0.0,225.0,1,3,0.0,40.0,1,5,endocrinology,medium_value,TERR_15,private_practice,2.0,False,Mixed,0.1613,1,Secondary
144,2026-01-03 17:00:00,email,10,0.1,3.0,1,3,0.3333333333333333,68.0,1,3,1.0,17.0,1,2,0.0,225.0,1,3,0.0,40.0,1,5,endocrinology,medium_value,TERR_15,private_practice,2.0,False,Mixed,0.1438,2,Supporting
144,2026-01-03 17:00:00,phone_call,10,0.1,3.0,1,3,0.3333333333333333,68.0,1,3,1.0,17.0,1,2,0.0,225.0,1,3,0.0,40.0,1,5,endocrinology,medium_value,TERR_15,private_practice,2.0,False,Mixed,0.1321,3,Other
144,2026-01-03 17:00:00,digital_ad,10,0.1,3.0,1,3,0.3333333333333333,68.0,1,3,1.0,17.0,1,2,0.0,225.0,1,3,0.0,40.0,1,5,endocrinology,medium_value,TERR_15,private_practice,2.0,False,Mixed,0.0847,4,Other
145,2026-01-03 17:00:00,rep_visit,0,0.0,,0,3,1.0,57.0,1,14,0.5714285714285714,2.0,1,3,0.3333333333333333,22.0,1,8,0.5,17.0,1,4,dermatology,medium_value,TERR_26,private_practice,4.8,False,In-Person-Heavy,0.4744,0,Primary
145,2026-01-03 17:00:00,webinar,0,0.0,,0,3,1.0,57.0,1,14,0.5714285714285714,2.0,1,3,0.3333333333333333,22.0,1,8,0.5,17.0,1,4,dermatology,medium_value,TERR_26,private_practice,4.8,False,In-Person-Heavy,0.3054,1,Secondary
145,2026-01-03 17:00:00,phone_call,0,0.0,,0,3,1.0,57.0,1,14,0.5714285714285714,2.0,1,3,0.3333333333333333,22.0,1,8,0.5,17.0,1,4,dermatology,medium_value,TERR_26,private_practice,4.8,False,In-Person-Heavy,0.2701,2,Supporting
145,2026-01-03 17:00:00,email,0,0.0,,0,3,1.0,57.0,1,14,0.5714285714285714,2.0,1,3,0.3333333333333333,22.0,1,8,0.5,17.0,1,4,dermatology,medium_value,TERR_26,private_practice,4.8,False,In-Person-Heavy,0.1953,3,Other
145,2026-01-03 17:00:00,digital_ad,0,0.0,,0,3,1.0,57.0,1,14,0.5714285714285714,2.0,1,3,0.3333333333333333,22.0,1,8,0.5,17.0,1,4,dermatology,medium_value,TERR_26,private_practice,4.8,False,In-Person-Heavy,0.1611,4,Other
146,2026-01-03 17:00:00,rep_visit,2,1.0,114.0,1,5,0.4,22.0,1,7,0.7142857142857143,59.0,1,2,0.0,45.0,1,9,0.3333333333333333,17.0,1,5,cardiology,high_value,TERR_10,private_practice,8.5,False,Mixed,0.6722,0,Primary
146,2026-01-03 17:00:00,phone_call,2,1.0,114.0,1,5,0.4,22.0,1,7,0.7142857142857143,59.0,1,2,0.0,45.0,1,9,0.3333333333333333,17.0,1,5,cardiology,high_value,TERR_10,private_practice,8.5,False,Mixed,0.3319,1,Secondary
146,2026-01-03 17:00:00,webinar,2,1.0,114.0,1,5,0.4,22.0,1,7,0.7142857142857143,59.0,1,2,0.0,45.0,1,9,0.3333333333333333,17.0,1,5,cardiology,high_value,TERR_10,private_practice,8.5,False,Mixed,0.3135,2,Supporting
146,2026-01-03 17:00:00,email,2,1.0,114.0,1,5,0.4,22.0,1,7,0.7142857142857143,59.0,1,2,0.0,45.0,1,9,0.3333333333333333,17.0,1,5,cardiology,high_value,TERR_10,private_practice,8.5,False,Mixed,0.238,3,Other
146,2026-01-03 17:00:00,digital_ad,2,1.0,114.0,1,5,0.4,22.0,1,7,0.7142857142857143,59.0,1,2,0.0,45.0,1,9,0.3333333333333333,17.0,1,5,cardiology,high_value,TERR_10,private_practice,8.5,False,Mixed,0.1104,4,Other
147,2026-01-03 17:00:00,rep_visit,2,0.0,233.0,1,2,0.0,36.0,1,0,0.0,,0,4,0.5,46.0,1,4,0.25,4.0,1,4,oncology,medium_value,TERR_25,private_practice,4.9,False,In-Person-Heavy,0.2234,0,Primary
147,2026-01-03 17:00:00,phone_call,2,0.0,233.0,1,2,0.0,36.0,1,0,0.0,,0,4,0.5,46.0,1,4,0.25,4.0,1,4,oncology,medium_value,TERR_25,private_practice,4.9,False,In-Person-Heavy,0.145,1,Secondary
147,2026-01-03 17:00:00,email,2,0.0,233.0,1,2,0.0,36.0,1,0,0.0,,0,4,0.5,46.0,1,4,0.25,4.0,1,4,oncology,medium_value,TERR_25,private_practice,4.9,False,In-Person-Heavy,0.133,2,Supporting
147,2026-01-03 17:00:00,webinar,2,0.0,233.0,1,2,0.0,36.0,1,0,0.0,,0,4,0.5,46.0,1,4,0.25,4.0,1,4,oncology,medium_value,TERR_25,private_practice,4.9,False,In-Person-Heavy,0.1309,3,Other
147,2026-01-03 17:00:00,digital_ad,2,0.0,233.0,1,2,0.0,36.0,1,0,0.0,,0,4,0.5,46.0,1,4,0.25,4.0,1,4,oncology,medium_value,TERR_25,private_practice,4.9,False,In-Person-Heavy,0.0904,4,Other
148,2026-01-03 17:00:00,rep_visit,4,0.5,24.0,1,1,0.0,271.0,1,3,1.0,4.0,1,0,0.0,,0,2,0.0,102.0,1,4,endocrinology,medium_value,TERR_48,clinic,9.8,False,Mixed,0.4278,0,Primary
148,2026-01-03 17:00:00,webinar,4,0.5,24.0,1,1,0.0,271.0,1,3,1.0,4.0,1,0,0.0,,0,2,0.0,102.0,1,4,endocrinology,medium_value,TERR_48,clinic,9.8,False,Mixed,0.1981,1,Secondary
148,2026-01-03 17:00:00,email,4,0.5,24.0,1,1,0.0,271.0,1,3,1.0,4.0,1,0,0.0,,0,2,0.0,102.0,1,4,endocrinology,medium_value,TERR_48,clinic,9.8,False,Mixed,0.1798,2,Supporting
148,2026-01-03 17:00:00,phone_call,4,0.5,24.0,1,1,0.0,271.0,1,3,1.0,4.0,1,0,0.0,,0,2,0.0,102.0,1,4,endocrinology,medium_value,TERR_48,clinic,9.8,False,Mixed,0.1717,3,Other
148,2026-01-03 17:00:00,digital_ad,4,0.5,24.0,1,1,0.0,271.0,1,3,1.0,4.0,1,0,0.0,,0,2,0.0,102.0,1,4,endocrinology,medium_value,TERR_48,clinic,9.8,False,Mixed,0.1126,4,Other
149,2026-01-03 17:00:00,rep_visit,2,0.0,159.0,1,5,0.6,4.0,1,9,0.7777777777777778,67.0,1,2,0.0,186.0,1,9,0.2222222222222222,58.0,1,5,dermatology,medium_value,TERR_09,hospital,1.4,False,In-Person-Heavy,0.3852,0,Primary
149,2026-01-03 17:00:00,webinar,2,0.0,159.0,1,5,0.6,4.0,1,9,0.7777777777777778,67.0,1,2,0.0,186.0,1,9,0.2222222222222222,58.0,1,5,dermatology,medium_value,TERR_09,hospital,1.4,False,In-Person-Heavy,0.1988,1,Secondary
149,2026-01-03 17:00:00,phone_call,2,0.0,159.0,1,5,0.6,4.0,1,9,0.7777777777777778,67.0,1,2,0.0,186.0,1,9,0.2222222222222222,58.0,1,5,dermatology,medium_value,TERR_09,hospital,1.4,False,In-Person-Heavy,0.1721,2,Supporting
149,2026-01-03 17:00:00,email,2,0.0,159.0,1,5,0.6,4.0,1,9,0.7777777777777778,67.0,1,2,0.0,186.0,1,9,0.2222222222222222,58.0,1,5,dermatology,medium_value,TERR_09,hospital,1.4,False,In-Person-Heavy,0.1328,3,Other
149,2026-01-03 17:00:00,digital_ad,2,0.0,159.0,1,5,0.6,4.0,1,9,0.7777777777777778,67.0,1,2,0.0,186.0,1,9,0.2222222222222222,58.0,1,5,dermatology,medium_value,TERR_09,hospital,1.4,False,In-Person-Heavy,0.0993,4,Other
150,2026-01-03 17:00:00,rep_visit,2,0.0,51.0,1,4,0.25,78.0,1,10,0.7,11.0,1,0,0.0,,0,7,0.42857142857142855,32.0,1,4,primary_care,medium_value,TERR_46,hospital,1.1,False,Digital-Heavy,0.7413,0,Primary
150,2026-01-03 17:00:00,phone_call,2,0.0,51.0,1,4,0.25,78.0,1,10,0.7,11.0,1,0,0.0,,0,7,0.42857142857142855,32.0,1,4,primary_care,medium_value,TERR_46,hospital,1.1,False,Digital-Heavy,0.3898,1,Secondary
150,2026-01-03 17:00:00,webinar,2,0.0,51.0,1,4,0.25,78.0,1,10,0.7,11.0,1,0,0.0,,0,7,0.42857142857142855,32.0,1,4,primary_care,medium_value,TERR_46,hospital,1.1,False,Digital-Heavy,0.2656,2,Supporting
150,2026-01-03 17:00:00,email,2,0.0,51.0,1,4,0.25,78.0,1,10,0.7,11.0,1,0,0.0,,0,7,0.42857142857142855,32.0,1,4,primary_care,medium_value,TERR_46,hospital,1.1,False,Digital-Heavy,0.1401,3,Other
150,2026-01-03 17:00:00,digital_ad,2,0.0,51.0,1,4,0.25,78.0,1,10,0.7,11.0,1,0,0.0,,0,7,0.42857142857142855,32.0,1,4,primary_care,medium_value,TERR_46,hospital,1.1,False,Digital-Heavy,0.1194,4,Other
151,2026-01-03 17:00:00,rep_visit,7,0.0,87.0,1,2,0.0,122.0,1,0,0.0,,0,10,0.0,11.0,1,2,0.5,198.0,1,4,dermatology,medium_value,TERR_40,private_practice,3.6,False,Digital-Heavy,0.2924,0,Primary
151,2026-01-03 17:00:00,phone_call,7,0.0,87.0,1,2,0.0,122.0,1,0,0.0,,0,10,0.0,11.0,1,2,0.5,198.0,1,4,dermatology,medium_value,TERR_40,private_practice,3.6,False,Digital-Heavy,0.2132,1,Secondary
151,2026-01-03 17:00:00,webinar,7,0.0,87.0,1,2,0.0,122.0,1,0,0.0,,0,10,0.0,11.0,1,2,0.5,198.0,1,4,dermatology,medium_value,TERR_40,private_practice,3.6,False,Digital-Heavy,0.1791,2,Supporting
151,2026-01-03 17:00:00,email,7,0.0,87.0,1,2,0.0,122.0,1,0,0.0,,0,10,0.0,11.0,1,2,0.5,198.0,1,4,dermatology,medium_value,TERR_40,private_practice,3.6,False,Digital-Heavy,0.1631,3,Other
151,2026-01-03 17:00:00,digital_ad,7,0.0,87.0,1,2,0.0,122.0,1,0,0.0,,0,10,0.0,11.0,1,2,0.5,198.0,1,4,dermatology,medium_value,TERR_40,private_practice,3.6,False,Digital-Heavy,0.1352,4,Other
152,2026-01-03 17:00:00,rep_visit,4,0.0,93.0,1,7,0.42857142857142855,68.0,1,8,0.75,23.0,1,2,0.0,12.0,1,11,0.36363636363636365,38.0,1,5,dermatology,high_value,TERR_10,private_practice,2.0,False,Digital-Heavy,0.6633,0,Primary
152,2026-01-03 17:00:00,phone_call,4,0.0,93.0,1,7,0.42857142857142855,68.0,1,8,0.75,23.0,1,2,0.0,12.0,1,11,0.36363636363636365,38.0,1,5,dermatology,high_value,TERR_10,private_practice,2.0,False,Digital-Heavy,0.3076,1,Secondary
152,2026-01-03 17:00:00,webinar,4,0.0,93.0,1,7,0.42857142857142855,68.0,1,8,0.75,23.0,1,2,0.0,12.0,1,11,0.36363636363636365,38.0,1,5,dermatology,high_value,TERR_10,private_practice,2.0,False,Digital-Heavy,0.295,2,Supporting
152,2026-01-03 17:00:00,email,4,0.0,93.0,1,7,0.42857142857142855,68.0,1,8,0.75,23.0,1,2,0.0,12.0,1,11,0.36363636363636365,38.0,1,5,dermatology,high_value,TERR_10,private_practice,2.0,False,Digital-Heavy,0.1835,3,Other
152,2026-01-03 17:00:00,digital_ad,4,0.0,93.0,1,7,0.42857142857142855,68.0,1,8,0.75,23.0,1,2,0.0,12.0,1,11,0.36363636363636365,38.0,1,5,dermatology,high_value,TERR_10,private_practice,2.0,False,Digital-Heavy,0.0994,4,Other
153,2026-01-03 17:00:00,rep_visit,0,0.0,,0,1,0.0,221.0,1,10,0.8,3.0,1,2,0.0,75.0,1,13,0.07692307692307693,18.0,1,4,primary_care,high_value,TERR_27,private_practice,0.5,False,Mixed,0.4859,0,Primary
153,2026-01-03 17:00:00,webinar,0,0.0,,0,1,0.0,221.0,1,10,0.8,3.0,1,2,0.0,75.0,1,13,0.07692307692307693,18.0,1,4,primary_care,high_value,TERR_27,private_practice,0.5,False,Mixed,0.1592,1,Secondary
153,2026-01-03 17:00:00,phone_call,0,0.0,,0,1,0.0,221.0,1,10,0.8,3.0,1,2,0.0,75.0,1,13,0.07692307692307693,18.0,1,4,primary_care,high_value,TERR_27,private_practice,0.5,False,Mixed,0.1547,2,Supporting
153,2026-01-03 17:00:00,email,0,0.0,,0,1,0.0,221.0,1,10,0.8,3.0,1,2,0.0,75.0,1,13,0.07692307692307693,18.0,1,4,primary_care,high_value,TERR_27,private_practice,0.5,False,Mixed,0.1297,3,Other
153,2026-01-03 17:00:00,digital_ad,0,0.0,,0,1,0.0,221.0,1,10,0.8,3.0,1,2,0.0,75.0,1,13,0.07692307692307693,18.0,1,4,primary_care,high_value,TERR_27,private_practice,0.5,False,Mixed,0.0934,4,Other
154,2026-01-03 17:00:00,rep_visit,7,0.2857142857142857,26.0,1,6,0.3333333333333333,3.0,1,6,0.6666666666666666,38.0,1,2,0.5,173.0,1,5,0.2,61.0,1,5,cardiology,high_value,TERR_24,private_practice,0.5,False,Mixed,0.2724,0,Primary
154,2026-01-03 17:00:00,webinar,7,0.2857142857142857,26.0,1,6,0.3333333333333333,3.0,1,6,0.6666666666666666,38.0,1,2,0.5,173.0,1,5,0.2,61.0,1,5,cardiology,high_value,TERR_24,private_practice,0.5,False,Mixed,0.2072,1,Secondary
154,2026-01-03 17:00:00,phone_call,7,0.2857142857142857,26.0,1,6,0.3333333333333333,3.0,1,6,0.6666666666666666,38.0,1,2,0.5,173.0,1,5,0.2,61.0,1,5,cardiology,high_value,TERR_24,private_practice,0.5,False,Mixed,0.1768,2,Supporting
154,2026-01-03 17:00:00,email,7,0.2857142857142857,26.0,1,6,0.3333333333333333,3.0,1,6,0.6666666666666666,38.0,1,2,0.5,173.0,1,5,0.2,61.0,1,5,cardiology,high_value,TERR_24,private_practice,0.5,False,Mixed,0.1327,3,Other
154,2026-01-03 17:00:00,digital_ad,7,0.2857142857142857,26.0,1,6,0.3333333333333333,3.0,1,6,0.6666666666666666,38.0,1,2,0.5,173.0,1,5,0.2,61.0,1,5,cardiology,high_value,TERR_24,private_practice,0.5,False,Mixed,0.1001,4,Other
155,2026-01-03 17:00:00,rep_visit,4,0.5,19.0,1,3,0.0,116.0,1,1,0.0,319.0,1,1,0.0,88.0,1,5,0.0,82.0,1,5,endocrinology,low_value,TERR_22,private_practice,2.1,False,In-Person-Heavy,0.3221,0,Primary
155,2026-01-03 17:00:00,email,4,0.5,19.0,1,3,0.0,116.0,1,1,0.0,319.0,1,1,0.0,88.0,1,5,0.0,82.0,1,5,endocrinology,low_value,TERR_22,private_practice,2.1,False,In-Person-Heavy,0.1958,1,Secondary
155,2026-01-03 17:00:00,webinar,4,0.5,19.0,1,3,0.0,116.0,1,1,0.0,319.0,1,1,0.0,88.0,1,5,0.0,82.0,1,5,endocrinology,low_value,TERR_22,private_practice,2.1,False,In-Person-Heavy,0.1946,2,Supporting
155,2026-01-03 17:00:00,phone_call,4,0.5,19.0,1,3,0.0,116.0,1,1,0.0,319.0,1,1,0.0,88.0,1,5,0.0,82.0,1,5,endocrinology,low_value,TERR_22,private_practice,2.1,False,In-Person-Heavy,0.1732,3,Other
155,2026-01-03 17:00:00,digital_ad,4,0.5,19.0,1,3,0.0,116.0,1,1,0.0,319.0,1,1,0.0,88.0,1,5,0.0,82.0,1,5,endocrinology,low_value,TERR_22,private_practice,2.1,False,In-Person-Heavy,0.0904,4,Other
156,2026-01-03 17:00:00,phone_call,2,0.0,198.0,1,3,0.0,22.0,1,8,0.125,8.0,1,3,0.0,236.0,1,10,0.4,16.0,1,5,endocrinology,low_value,TERR_17,private_practice,0.5,False,Digital-Heavy,0.2226,0,Primary
156,2026-01-03 17:00:00,rep_visit,2,0.0,198.0,1,3,0.0,22.0,1,8,0.125,8.0,1,3,0.0,236.0,1,10,0.4,16.0,1,5,endocrinology,low_value,TERR_17,private_practice,0.5,False,Digital-Heavy,0.2147,1,Secondary
156,2026-01-03 17:00:00,webinar,2,0.0,198.0,1,3,0.0,22.0,1,8,0.125,8.0,1,3,0.0,236.0,1,10,0.4,16.0,1,5,endocrinology,low_value,TERR_17,private_practice,0.5,False,Digital-Heavy,0.1836,2,Supporting
156,2026-01-03 17:00:00,email,2,0.0,198.0,1,3,0.0,22.0,1,8,0.125,8.0,1,3,0.0,236.0,1,10,0.4,16.0,1,5,endocrinology,low_value,TERR_17,private_practice,0.5,False,Digital-Heavy,0.1292,3,Other
156,2026-01-03 17:00:00,digital_ad,2,0.0,198.0,1,3,0.0,22.0,1,8,0.125,8.0,1,3,0.0,236.0,1,10,0.4,16.0,1,5,endocrinology,low_value,TERR_17,private_practice,0.5,False,Digital-Heavy,0.1152,4,Other
157,2026-01-03 17:00:00,rep_visit,9,0.1111111111111111,68.0,1,1,1.0,221.0,1,3,0.6666666666666666,193.0,1,5,0.2,101.0,1,4,0.25,16.0,1,5,primary_care,low_value,TERR_13,private_practice,6.7,False,Digital-Heavy,0.4595,0,Primary
157,2026-01-03 17:00:00,webinar,9,0.1111111111111111,68.0,1,1,1.0,221.0,1,3,0.6666666666666666,193.0,1,5,0.2,101.0,1,4,0.25,16.0,1,5,primary_care,low_value,TERR_13,private_practice,6.7,False,Digital-Heavy,0.291,1,Secondary
157,2026-01-03 17:00:00,phone_call,9,0.1111111111111111,68.0,1,1,1.0,221.0,1,3,0.6666666666666666,193.0,1,5,0.2,101.0,1,4,0.25,16.0,1,5,primary_care,low_value,TERR_13,private_practice,6.7,False,Digital-Heavy,0.2769,2,Supporting
157,2026-01-03 17:00:00,email,9,0.1111111111111111,68.0,1,1,1.0,221.0,1,3,0.6666666666666666,193.0,1,5,0.2,101.0,1,4,0.25,16.0,1,5,primary_care,low_value,TERR_13,private_practice,6.7,False,Digital-Heavy,0.2219,3,Other
157,2026-01-03 17:00:00,digital_ad,9,0.1111111111111111,68.0,1,1,1.0,221.0,1,3,0.6666666666666666,193.0,1,5,0.2,101.0,1,4,0.25,16.0,1,5,primary_care,low_value,TERR_13,private_practice,6.7,False,Digital-Heavy,0.1333,4,Other
158,2026-01-03 17:00:00,rep_visit,9,0.1111111111111111,24.0,1,5,0.2,3.0,1,1,1.0,228.0,1,8,0.125,9.0,1,1,0.0,166.0,1,5,cardiology,medium_value,TERR_32,private_practice,1.2,False,Mixed,0.2028,0,Primary
158,2026-01-03 17:00:00,webinar,9,0.1111111111111111,24.0,1,5,0.2,3.0,1,1,1.0,228.0,1,8,0.125,9.0,1,1,0.0,166.0,1,5,cardiology,medium_value,TERR_32,private_practice,1.2,False,Mixed,0.1771,1,Secondary
158,2026-01-03 17:00:00,email,9,0.1111111111111111,24.0,1,5,0.2,3.0,1,1,1.0,228.0,1,8,0.125,9.0,1,1,0.0,166.0,1,5,cardiology,medium_value,TERR_32,private_practice,1.2,False,Mixed,0.1661,2,Supporting
158,2026-01-03 17:00:00,phone_call,9,0.1111111111111111,24.0,1,5,0.2,3.0,1,1,1.0,228.0,1,8,0.125,9.0,1,1,0.0,166.0,1,5,cardiology,medium_value,TERR_32,private_practice,1.2,False,Mixed,0.1428,3,Other
158,2026-01-03 17:00:00,digital_ad,9,0.1111111111111111,24.0,1,5,0.2,3.0,1,1,1.0,228.0,1,8,0.125,9.0,1,1,0.0,166.0,1,5,cardiology,medium_value,TERR_32,private_practice,1.2,False,Mixed,0.1269,4,Other
159,2026-01-03 17:00:00,rep_visit,4,0.0,78.0,1,2,0.5,19.0,1,4,0.75,23.0,1,0,0.0,,0,3,0.0,39.0,1,4,dermatology,low_value,TERR_01,clinic,3.3,False,In-Person-Heavy,0.6921,0,Primary
159,2026-01-03 17:00:00,webinar,4,0.0,78.0,1,2,0.5,19.0,1,4,0.75,23.0,1,0,0.0,,0,3,0.0,39.0,1,4,dermatology,low_value,TERR_01,clinic,3.3,False,In-Person-Heavy,0.3276,1,Secondary
159,2026-01-03 17:00:00,phone_call,4,0.0,78.0,1,2,0.5,19.0,1,4,0.75,23.0,1,0,0.0,,0,3,0.0,39.0,1,4,dermatology,low_value,TERR_01,clinic,3.3,False,In-Person-Heavy,0.2675,2,Supporting
159,2026-01-03 17:00:00,email,4,0.0,78.0,1,2,0.5,19.0,1,4,0.75,23.0,1,0,0.0,,0,3,0.0,39.0,1,4,dermatology,low_value,TERR_01,clinic,3.3,False,In-Person-Heavy,0.142,3,Other
159,2026-01-03 17:00:00,digital_ad,4,0.0,78.0,1,2,0.5,19.0,1,4,0.75,23.0,1,0,0.0,,0,3,0.0,39.0,1,4,dermatology,low_value,TERR_01,clinic,3.3,False,In-Person-Heavy,0.0954,4,Other
160,2026-01-03 17:00:00,phone_call,14,0.14285714285714285,85.0,1,3,0.3333333333333333,128.0,1,1,0.0,269.0,1,9,0.4444444444444444,37.0,1,3,0.6666666666666666,78.0,1,5,cardiology,high_value,TERR_28,private_practice,4.5,False,Digital-Heavy,0.3315,0,Primary
160,2026-01-03 17:00:00,webinar,14,0.14285714285714285,85.0,1,3,0.3333333333333333,128.0,1,1,0.0,269.0,1,9,0.4444444444444444,37.0,1,3,0.6666666666666666,78.0,1,5,cardiology,high_value,TERR_28,private_practice,4.5,False,Digital-Heavy,0.2824,1,Secondary
160,2026-01-03 17:00:00,rep_visit,14,0.14285714285714285,85.0,1,3,0.3333333333333333,128.0,1,1,0.0,269.0,1,9,0.4444444444444444,37.0,1,3,0.6666666666666666,78.0,1,5,cardiology,high_value,TERR_28,private_practice,4.5,False,Digital-Heavy,0.2623,2,Supporting
160,2026-01-03 17:00:00,email,14,0.14285714285714285,85.0,1,3,0.3333333333333333,128.0,1,1,0.0,269.0,1,9,0.4444444444444444,37.0,1,3,0.6666666666666666,78.0,1,5,cardiology,high_value,TERR_28,private_practice,4.5,False,Digital-Heavy,0.207,3,Other
160,2026-01-03 17:00:00,digital_ad,14,0.14285714285714285,85.0,1,3,0.3333333333333333,128.0,1,1,0.0,269.0,1,9,0.4444444444444444,37.0,1,3,0.6666666666666666,78.0,1,5,cardiology,high_value,TERR_28,private_practice,4.5,False,Digital-Heavy,0.1615,4,Other
161,2026-01-03 17:00:00,rep_visit,4,0.5,47.0,1,2,0.0,193.0,1,4,0.75,15.0,1,2,0.0,73.0,1,4,0.25,5.0,1,5,oncology,low_value,TERR_39,hospital,1.0,False,In-Person-Heavy,0.2551,0,Primary
161,2026-01-03 17:00:00,phone_call,4,0.5,47.0,1,2,0.0,193.0,1,4,0.75,15.0,1,2,0.0,73.0,1,4,0.25,5.0,1,5,oncology,low_value,TERR_39,hospital,1.0,False,In-Person-Heavy,0.1392,1,Secondary
161,2026-01-03 17:00:00,webinar,4,0.5,47.0,1,2,0.0,193.0,1,4,0.75,15.0,1,2,0.0,73.0,1,4,0.25,5.0,1,5,oncology,low_value,TERR_39,hospital,1.0,False,In-Person-Heavy,0.1204,2,Supporting
161,2026-01-03 17:00:00,email,4,0.5,47.0,1,2,0.0,193.0,1,4,0.75,15.0,1,2,0.0,73.0,1,4,0.25,5.0,1,5,oncology,low_value,TERR_39,hospital,1.0,False,In-Person-Heavy,0.1069,3,Other
161,2026-01-03 17:00:00,digital_ad,4,0.5,47.0,1,2,0.0,193.0,1,4,0.75,15.0,1,2,0.0,73.0,1,4,0.25,5.0,1,5,oncology,low_value,TERR_39,hospital,1.0,False,In-Person-Heavy,0.0635,4,Other
162,2026-01-03 17:00:00,rep_visit,9,0.0,23.0,1,5,0.0,95.0,1,6,0.6666666666666666,36.0,1,3,0.0,87.0,1,7,0.2857142857142857,65.0,1,5,oncology,medium_value,TERR_33,hospital,1.7,False,Digital-Heavy,0.5275,0,Primary
162,2026-01-03 17:00:00,phone_call,9,0.0,23.0,1,5,0.0,95.0,1,6,0.6666666666666666,36.0,1,3,0.0,87.0,1,7,0.2857142857142857,65.0,1,5,oncology,medium_value,TERR_33,hospital,1.7,False,Digital-Heavy,0.2855,1,Secondary
162,2026-01-03 17:00:00,webinar,9,0.0,23.0,1,5,0.0,95.0,1,6,0.6666666666666666,36.0,1,3,0.0,87.0,1,7,0.2857142857142857,65.0,1,5,oncology,medium_value,TERR_33,hospital,1.7,False,Digital-Heavy,0.242,2,Supporting
162,2026-01-03 17:00:00,email,9,0.0,23.0,1,5,0.0,95.0,1,6,0.6666666666666666,36.0,1,3,0.0,87.0,1,7,0.2857142857142857,65.0,1,5,oncology,medium_value,TERR_33,hospital,1.7,False,Digital-Heavy,0.1607,3,Other
162,2026-01-03 17:00:00,digital_ad,9,0.0,23.0,1,5,0.0,95.0,1,6,0.6666666666666666,36.0,1,3,0.0,87.0,1,7,0.2857142857142857,65.0,1,5,oncology,medium_value,TERR_33,hospital,1.7,False,Digital-Heavy,0.0932,4,Other
163,2026-01-03 17:00:00,rep_visit,9,0.2222222222222222,9.0,1,4,0.5,43.0,1,3,1.0,22.0,1,7,0.2857142857142857,3.0,1,2,1.0,117.0,1,5,endocrinology,high_value,TERR_03,hospital,2.2,False,Digital-Heavy,0.3041,0,Primary
163,2026-01-03 17:00:00,webinar,9,0.2222222222222222,9.0,1,4,0.5,43.0,1,3,1.0,22.0,1,7,0.2857142857142857,3.0,1,2,1.0,117.0,1,5,endocrinology,high_value,TERR_03,hospital,2.2,False,Digital-Heavy,0.1813,1,Secondary
163,2026-01-03 17:00:00,phone_call,9,0.2222222222222222,9.0,1,4,0.5,43.0,1,3,1.0,22.0,1,7,0.2857142857142857,3.0,1,2,1.0,117.0,1,5,endocrinology,high_value,TERR_03,hospital,2.2,False,Digital-Heavy,0.1771,2,Supporting
163,2026-01-03 17:00:00,email,9,0.2222222222222222,9.0,1,4,0.5,43.0,1,3,1.0,22.0,1,7,0.2857142857142857,3.0,1,2,1.0,117.0,1,5,endocrinology,high_value,TERR_03,hospital,2.2,False,Digital-Heavy,0.1435,3,Other
163,2026-01-03 17:00:00,digital_ad,9,0.2222222222222222,9.0,1,4,0.5,43.0,1,3,1.0,22.0,1,7,0.2857142857142857,3.0,1,2,1.0,117.0,1,5,endocrinology,high_value,TERR_03,hospital,2.2,False,Digital-Heavy,0.0998,4,Other
164,2026-01-03 17:00:00,rep_visit,0,0.0,,0,2,0.0,100.0,1,3,0.6666666666666666,25.0,1,0,0.0,,0,0,0.0,,0,2,cardiology,low_value,TERR_47,hospital,0.5,True,In-Person-Heavy,0.7952,0,Primary
164,2026-01-03 17:00:00,phone_call,0,0.0,,0,2,0.0,100.0,1,3,0.6666666666666666,25.0,1,0,0.0,,0,0,0.0,,0,2,cardiology,low_value,TERR_47,hospital,0.5,True,In-Person-Heavy,0.3329,1,Secondary
164,2026-01-03 17:00:00,webinar,0,0.0,,0,2,0.0,100.0,1,3,0.6666666666666666,25.0,1,0,0.0,,0,0,0.0,,0,2,cardiology,low_value,TERR_47,hospital,0.5,True,In-Person-Heavy,0.2318,2,Supporting
164,2026-01-03 17:00:00,email,0,0.0,,0,2,0.0,100.0,1,3,0.6666666666666666,25.0,1,0,0.0,,0,0,0.0,,0,2,cardiology,low_value,TERR_47,hospital,0.5,True,In-Person-Heavy,0.1965,3,Other
164,2026-01-03 17:00:00,digital_ad,0,0.0,,0,2,0.0,100.0,1,3,0.6666666666666666,25.0,1,0,0.0,,0,0,0.0,,0,2,cardiology,low_value,TERR_47,hospital,0.5,True,In-Person-Heavy,0.1024,4,Other
165,2026-01-03 17:00:00,rep_visit,2,0.0,178.0,1,5,0.4,114.0,1,7,0.42857142857142855,61.0,1,1,0.0,345.0,1,6,0.16666666666666666,16.0,1,5,cardiology,medium_value,TERR_24,clinic,4.1,False,Digital-Heavy,0.5586,0,Primary
165,2026-01-03 17:00:00,phone_call,2,0.0,178.0,1,5,0.4,114.0,1,7,0.42857142857142855,61.0,1,1,0.0,345.0,1,6,0.16666666666666666,16.0,1,5,cardiology,medium_value,TERR_24,clinic,4.1,False,Digital-Heavy,0.3446,1,Secondary
165,2026-01-03 17:00:00,webinar,2,0.0,178.0,1,5,0.4,114.0,1,7,0.42857142857142855,61.0,1,1,0.0,345.0,1,6,0.16666666666666666,16.0,1,5,cardiology,medium_value,TERR_24,clinic,4.1,False,Digital-Heavy,0.3014,2,Supporting
165,2026-01-03 17:00:00,email,2,0.0,178.0,1,5,0.4,114.0,1,7,0.42857142857142855,61.0,1,1,0.0,345.0,1,6,0.16666666666666666,16.0,1,5,cardiology,medium_value,TERR_24,clinic,4.1,False,Digital-Heavy,0.1768,3,Other
165,2026-01-03 17:00:00,digital_ad,2,0.0,178.0,1,5,0.4,114.0,1,7,0.42857142857142855,61.0,1,1,0.0,345.0,1,6,0.16666666666666666,16.0,1,5,cardiology,medium_value,TERR_24,clinic,4.1,False,Digital-Heavy,0.1437,4,Other
166,2026-01-03 17:00:00,email,15,0.4,3.0,1,3,0.0,12.0,1,1,0.0,93.0,1,8,0.0,44.0,1,3,0.0,159.0,1,5,cardiology,high_value,TERR_21,clinic,1.7,False,Mixed,0.1536,0,Primary
166,2026-01-03 17:00:00,webinar,15,0.4,3.0,1,3,0.0,12.0,1,1,0.0,93.0,1,8,0.0,44.0,1,3,0.0,159.0,1,5,cardiology,high_value,TERR_21,clinic,1.7,False,Mixed,0.1518,1,Secondary
166,2026-01-03 17:00:00,rep_visit,15,0.4,3.0,1,3,0.0,12.0,1,1,0.0,93.0,1,8,0.0,44.0,1,3,0.0,159.0,1,5,cardiology,high_value,TERR_21,clinic,1.7,False,Mixed,0.1469,2,Supporting
166,2026-01-03 17:00:00,phone_call,15,0.4,3.0,1,3,0.0,12.0,1,1,0.0,93.0,1,8,0.0,44.0,1,3,0.0,159.0,1,5,cardiology,high_value,TERR_21,clinic,1.7,False,Mixed,0.1348,3,Other
166,2026-01-03 17:00:00,digital_ad,15,0.4,3.0,1,3,0.0,12.0,1,1,0.0,93.0,1,8,0.0,44.0,1,3,0.0,159.0,1,5,cardiology,high_value,TERR_21,clinic,1.7,False,Mixed,0.1159,4,Other
167,2026-01-03 17:00:00,rep_visit,7,0.14285714285714285,93.0,1,5,0.8,22.0,1,7,0.8571428571428571,75.0,1,2,0.0,129.0,1,6,0.5,10.0,1,5,oncology,high_value,TERR_18,hospital,5.2,False,Digital-Heavy,0.4856,0,Primary
167,2026-01-03 17:00:00,phone_call,7,0.14285714285714285,93.0,1,5,0.8,22.0,1,7,0.8571428571428571,75.0,1,2,0.0,129.0,1,6,0.5,10.0,1,5,oncology,high_value,TERR_18,hospital,5.2,False,Digital-Heavy,0.307,1,Secondary
167,2026-01-03 17:00:00,webinar,7,0.14285714285714285,93.0,1,5,0.8,22.0,1,7,0.8571428571428571,75.0,1,2,0.0,129.0,1,6,0.5,10.0,1,5,oncology,high_value,TERR_18,hospital,5.2,False,Digital-Heavy,0.2782,2,Supporting
167,2026-01-03 17:00:00,email,7,0.14285714285714285,93.0,1,5,0.8,22.0,1,7,0.8571428571428571,75.0,1,2,0.0,129.0,1,6,0.5,10.0,1,5,oncology,high_value,TERR_18,hospital,5.2,False,Digital-Heavy,0.1377,3,Other
167,2026-01-03 17:00:00,digital_ad,7,0.14285714285714285,93.0,1,5,0.8,22.0,1,7,0.8571428571428571,75.0,1,2,0.0,129.0,1,6,0.5,10.0,1,5,oncology,high_value,TERR_18,hospital,5.2,False,Digital-Heavy,0.1035,4,Other
168,2026-01-03 17:00:00,rep_visit,2,0.0,164.0,1,2,0.5,3.0,1,10,0.5,16.0,1,0,0.0,,0,6,0.16666666666666666,51.0,1,4,primary_care,medium_value,TERR_42,clinic,0.9,False,Digital-Heavy,0.3996,0,Primary
168,2026-01-03 17:00:00,phone_call,2,0.0,164.0,1,2,0.5,3.0,1,10,0.5,16.0,1,0,0.0,,0,6,0.16666666666666666,51.0,1,4,primary_care,medium_value,TERR_42,clinic,0.9,False,Digital-Heavy,0.2125,1,Secondary
168,2026-01-03 17:00:00,webinar,2,0.0,164.0,1,2,0.5,3.0,1,10,0.5,16.0,1,0,0.0,,0,6,0.16666666666666666,51.0,1,4,primary_care,medium_value,TERR_42,clinic,0.9,False,Digital-Heavy,0.2011,2,Supporting
168,2026-01-03 17:00:00,email,2,0.0,164.0,1,2,0.5,3.0,1,10,0.5,16.0,1,0,0.0,,0,6,0.16666666666666666,51.0,1,4,primary_care,medium_value,TERR_42,clinic,0.9,False,Digital-Heavy,0.1396,3,Other
168,2026-01-03 17:00:00,digital_ad,2,0.0,164.0,1,2,0.5,3.0,1,10,0.5,16.0,1,0,0.0,,0,6,0.16666666666666666,51.0,1,4,primary_care,medium_value,TERR_42,clinic,0.9,False,Digital-Heavy,0.1391,4,Other
169,2026-01-03 17:00:00,rep_visit,1,0.0,121.0,1,2,0.0,113.0,1,6,0.16666666666666666,39.0,1,0,0.0,,0,5,0.0,193.0,1,4,cardiology,low_value,TERR_30,hospital,0.9,False,Digital-Heavy,0.5514,0,Primary
169,2026-01-03 17:00:00,phone_call,1,0.0,121.0,1,2,0.0,113.0,1,6,0.16666666666666666,39.0,1,0,0.0,,0,5,0.0,193.0,1,4,cardiology,low_value,TERR_30,hospital,0.9,False,Digital-Heavy,0.2271,1,Secondary
169,2026-01-03 17:00:00,webinar,1,0.0,121.0,1,2,0.0,113.0,1,6,0.16666666666666666,39.0,1,0,0.0,,0,5,0.0,193.0,1,4,cardiology,low_value,TERR_30,hospital,0.9,False,Digital-Heavy,0.2197,2,Supporting
169,2026-01-03 17:00:00,email,1,0.0,121.0,1,2,0.0,113.0,1,6,0.16666666666666666,39.0,1,0,0.0,,0,5,0.0,193.0,1,4,cardiology,low_value,TERR_30,hospital,0.9,False,Digital-Heavy,0.1556,3,Other
169,2026-01-03 17:00:00,digital_ad,1,0.0,121.0,1,2,0.0,113.0,1,6,0.16666666666666666,39.0,1,0,0.0,,0,5,0.0,193.0,1,4,cardiology,low_value,TERR_30,hospital,0.9,False,Digital-Heavy,0.1317,4,Other
170,2026-01-03 17:00:00,rep_visit,4,0.25,4.0,1,4,0.0,142.0,1,3,1.0,24.0,1,0,0.0,,0,5,0.2,17.0,1,4,oncology,low_value,TERR_22,private_practice,5.4,False,Mixed,0.3088,0,Primary
170,2026-01-03 17:00:00,phone_call,4,0.25,4.0,1,4,0.0,142.0,1,3,1.0,24.0,1,0,0.0,,0,5,0.2,17.0,1,4,oncology,low_value,TERR_22,private_practice,5.4,False,Mixed,0.1252,1,Secondary
170,2026-01-03 17:00:00,email,4,0.25,4.0,1,4,0.0,142.0,1,3,1.0,24.0,1,0,0.0,,0,5,0.2,17.0,1,4,oncology,low_value,TERR_22,private_practice,5.4,False,Mixed,0.1129,2,Supporting
170,2026-01-03 17:00:00,webinar,4,0.25,4.0,1,4,0.0,142.0,1,3,1.0,24.0,1,0,0.0,,0,5,0.2,17.0,1,4,oncology,low_value,TERR_22,private_practice,5.4,False,Mixed,0.1113,3,Other
170,2026-01-03 17:00:00,digital_ad,4,0.25,4.0,1,4,0.0,142.0,1,3,1.0,24.0,1,0,0.0,,0,5,0.2,17.0,1,4,oncology,low_value,TERR_22,private_practice,5.4,False,Mixed,0.0786,4,Other
171,2026-01-03 17:00:00,rep_visit,6,0.16666666666666666,23.0,1,2,0.5,340.0,1,2,0.0,19.0,1,2,0.0,38.0,1,7,0.2857142857142857,149.0,1,5,primary_care,high_value,TERR_17,clinic,3.0,False,In-Person-Heavy,0.4114,0,Primary
171,2026-01-03 17:00:00,webinar,6,0.16666666666666666,23.0,1,2,0.5,340.0,1,2,0.0,19.0,1,2,0.0,38.0,1,7,0.2857142857142857,149.0,1,5,primary_care,high_value,TERR_17,clinic,3.0,False,In-Person-Heavy,0.2789,1,Secondary
171,2026-01-03 17:00:00,phone_call,6,0.16666666666666666,23.0,1,2,0.5,340.0,1,2,0.0,19.0,1,2,0.0,38.0,1,7,0.2857142857142857,149.0,1,5,primary_care,high_value,TERR_17,clinic,3.0,False,In-Person-Heavy,0.2524,2,Supporting
171,2026-01-03 17:00:00,email,6,0.16666666666666666,23.0,1,2,0.5,340.0,1,2,0.0,19.0,1,2,0.0,38.0,1,7,0.2857142857142857,149.0,1,5,primary_care,high_value,TERR_17,clinic,3.0,False,In-Person-Heavy,0.242,3,Other
171,2026-01-03 17:00:00,digital_ad,6,0.16666666666666666,23.0,1,2,0.5,340.0,1,2,0.0,19.0,1,2,0.0,38.0,1,7,0.2857142857142857,149.0,1,5,primary_care,high_value,TERR_17,clinic,3.0,False,In-Person-Heavy,0.1229,4,Other
172,2026-01-03 17:00:00,rep_visit,2,0.0,18.0,1,6,0.6666666666666666,138.0,1,10,0.6,1.0,1,1,1.0,282.0,1,7,0.0,39.0,1,5,cardiology,high_value,TERR_02,hospital,1.3,False,In-Person-Heavy,0.475,0,Primary
172,2026-01-03 17:00:00,phone_call,2,0.0,18.0,1,6,0.6666666666666666,138.0,1,10,0.6,1.0,1,1,1.0,282.0,1,7,0.0,39.0,1,5,cardiology,high_value,TERR_02,hospital,1.3,False,In-Person-Heavy,0.2508,1,Secondary
172,2026-01-03 17:00:00,webinar,2,0.0,18.0,1,6,0.6666666666666666,138.0,1,10,0.6,1.0,1,1,1.0,282.0,1,7,0.0,39.0,1,5,cardiology,high_value,TERR_02,hospital,1.3,False,In-Person-Heavy,0.2459,2,Supporting
172,2026-01-03 17:00:00,email,2,0.0,18.0,1,6,0.6666666666666666,138.0,1,10,0.6,1.0,1,1,1.0,282.0,1,7,0.0,39.0,1,5,cardiology,high_value,TERR_02,hospital,1.3,False,In-Person-Heavy,0.168,3,Other
172,2026-01-03 17:00:00,digital_ad,2,0.0,18.0,1,6,0.6666666666666666,138.0,1,10,0.6,1.0,1,1,1.0,282.0,1,7,0.0,39.0,1,5,cardiology,high_value,TERR_02,hospital,1.3,False,In-Person-Heavy,0.1274,4,Other
173,2026-01-03 17:00:00,rep_visit,5,0.0,2.0,1,7,0.0,60.0,1,7,0.2857142857142857,18.0,1,1,0.0,324.0,1,6,0.16666666666666666,122.0,1,5,primary_care,medium_value,TERR_23,private_practice,1.9,False,Digital-Heavy,0.2551,0,Primary
173,2026-01-03 17:00:00,phone_call,5,0.0,2.0,1,7,0.0,60.0,1,7,0.2857142857142857,18.0,1,1,0.0,324.0,1,6,0.16666666666666666,122.0,1,5,primary_care,medium_value,TERR_23,private_practice,1.9,False,Digital-Heavy,0.1508,1,Secondary
173,2026-01-03 17:00:00,webinar,5,0.0,2.0,1,7,0.0,60.0,1,7,0.2857142857142857,18.0,1,1,0.0,324.0,1,6,0.16666666666666666,122.0,1,5,primary_care,medium_value,TERR_23,private_practice,1.9,False,Digital-Heavy,0.1378,2,Supporting
173,2026-01-03 17:00:00,email,5,0.0,2.0,1,7,0.0,60.0,1,7,0.2857142857142857,18.0,1,1,0.0,324.0,1,6,0.16666666666666666,122.0,1,5,primary_care,medium_value,TERR_23,private_practice,1.9,False,Digital-Heavy,0.1229,3,Other
173,2026-01-03 17:00:00,digital_ad,5,0.0,2.0,1,7,0.0,60.0,1,7,0.2857142857142857,18.0,1,1,0.0,324.0,1,6,0.16666666666666666,122.0,1,5,primary_care,medium_value,TERR_23,private_practice,1.9,False,Digital-Heavy,0.1079,4,Other
174,2026-01-03 17:00:00,rep_visit,1,1.0,295.0,1,4,0.5,93.0,1,12,0.16666666666666666,5.0,1,3,0.3333333333333333,101.0,1,8,0.5,30.0,1,5,cardiology,medium_value,TERR_42,clinic,3.0,False,Digital-Heavy,0.4142,0,Primary
174,2026-01-03 17:00:00,phone_call,1,1.0,295.0,1,4,0.5,93.0,1,12,0.16666666666666666,5.0,1,3,0.3333333333333333,101.0,1,8,0.5,30.0,1,5,cardiology,medium_value,TERR_42,clinic,3.0,False,Digital-Heavy,0.297,1,Secondary
174,2026-01-03 17:00:00,webinar,1,1.0,295.0,1,4,0.5,93.0,1,12,0.16666666666666666,5.0,1,3,0.3333333333333333,101.0,1,8,0.5,30.0,1,5,cardiology,medium_value,TERR_42,clinic,3.0,False,Digital-Heavy,0.2762,2,Supporting
174,2026-01-03 17:00:00,email,1,1.0,295.0,1,4,0.5,93.0,1,12,0.16666666666666666,5.0,1,3,0.3333333333333333,101.0,1,8,0.5,30.0,1,5,cardiology,medium_value,TERR_42,clinic,3.0,False,Digital-Heavy,0.1847,3,Other
174,2026-01-03 17:00:00,digital_ad,1,1.0,295.0,1,4,0.5,93.0,1,12,0.16666666666666666,5.0,1,3,0.3333333333333333,101.0,1,8,0.5,30.0,1,5,cardiology,medium_value,TERR_42,clinic,3.0,False,Digital-Heavy,0.1787,4,Other
175,2026-01-03 17:00:00,rep_visit,5,0.2,5.0,1,6,0.3333333333333333,88.0,1,4,0.75,131.0,1,2,0.0,172.0,1,9,0.4444444444444444,12.0,1,5,primary_care,medium_value,TERR_23,private_practice,4.3,False,In-Person-Heavy,0.2799,0,Primary
175,2026-01-03 17:00:00,webinar,5,0.2,5.0,1,6,0.3333333333333333,88.0,1,4,0.75,131.0,1,2,0.0,172.0,1,9,0.4444444444444444,12.0,1,5,primary_care,medium_value,TERR_23,private_practice,4.3,False,In-Person-Heavy,0.1541,1,Secondary
175,2026-01-03 17:00:00,phone_call,5,0.2,5.0,1,6,0.3333333333333333,88.0,1,4,0.75,131.0,1,2,0.0,172.0,1,9,0.4444444444444444,12.0,1,5,primary_care,medium_value,TERR_23,private_practice,4.3,False,In-Person-Heavy,0.1444,2,Supporting
175,2026-01-03 17:00:00,email,5,0.2,5.0,1,6,0.3333333333333333,88.0,1,4,0.75,131.0,1,2,0.0,172.0,1,9,0.4444444444444444,12.0,1,5,primary_care,medium_value,TERR_23,private_practice,4.3,False,In-Person-Heavy,0.1403,3,Other
175,2026-01-03 17:00:00,digital_ad,5,0.2,5.0,1,6,0.3333333333333333,88.0,1,4,0.75,131.0,1,2,0.0,172.0,1,9,0.4444444444444444,12.0,1,5,primary_care,medium_value,TERR_23,private_practice,4.3,False,In-Person-Heavy,0.0857,4,Other
176,2026-01-03 17:00:00,rep_visit,4,0.5,19.0,1,2,0.0,141.0,1,10,1.0,9.0,1,4,0.0,107.0,1,6,0.5,32.0,1,5,dermatology,high_value,TERR_27,private_practice,3.5,False,Mixed,0.5593,0,Primary
176,2026-01-03 17:00:00,phone_call,4,0.5,19.0,1,2,0.0,141.0,1,10,1.0,9.0,1,4,0.0,107.0,1,6,0.5,32.0,1,5,dermatology,high_value,TERR_27,private_practice,3.5,False,Mixed,0.241,1,Secondary
176,2026-01-03 17:00:00,webinar,4,0.5,19.0,1,2,0.0,141.0,1,10,1.0,9.0,1,4,0.0,107.0,1,6,0.5,32.0,1,5,dermatology,high_value,TERR_27,private_practice,3.5,False,Mixed,0.2296,2,Supporting
176,2026-01-03 17:00:00,email,4,0.5,19.0,1,2,0.0,141.0,1,10,1.0,9.0,1,4,0.0,107.0,1,6,0.5,32.0,1,5,dermatology,high_value,TERR_27,private_practice,3.5,False,Mixed,0.1596,3,Other
176,2026-01-03 17:00:00,digital_ad,4,0.5,19.0,1,2,0.0,141.0,1,10,1.0,9.0,1,4,0.0,107.0,1,6,0.5,32.0,1,5,dermatology,high_value,TERR_27,private_practice,3.5,False,Mixed,0.0956,4,Other
177,2026-01-03 17:00:00,rep_visit,0,0.0,,0,1,0.0,2.0,1,3,0.3333333333333333,26.0,1,2,0.0,29.0,1,0,0.0,,0,3,oncology,low_value,TERR_46,cancer_center,0.5,True,Mixed,0.3016,0,Primary
177,2026-01-03 17:00:00,webinar,0,0.0,,0,1,0.0,2.0,1,3,0.3333333333333333,26.0,1,2,0.0,29.0,1,0,0.0,,0,3,oncology,low_value,TERR_46,cancer_center,0.5,True,Mixed,0.16,1,Secondary
177,2026-01-03 17:00:00,email,0,0.0,,0,1,0.0,2.0,1,3,0.3333333333333333,26.0,1,2,0.0,29.0,1,0,0.0,,0,3,oncology,low_value,TERR_46,cancer_center,0.5,True,Mixed,0.1592,2,Supporting
177,2026-01-03 17:00:00,phone_call,0,0.0,,0,1,0.0,2.0,1,3,0.3333333333333333,26.0,1,2,0.0,29.0,1,0,0.0,,0,3,oncology,low_value,TERR_46,cancer_center,0.5,True,Mixed,0.1541,3,Other
177,2026-01-03 17:00:00,digital_ad,0,0.0,,0,1,0.0,2.0,1,3,0.3333333333333333,26.0,1,2,0.0,29.0,1,0,0.0,,0,3,oncology,low_value,TERR_46,cancer_center,0.5,True,Mixed,0.1047,4,Other
178,2026-01-03 17:00:00,rep_visit,5,0.0,11.0,1,3,0.3333333333333333,5.0,1,2,1.0,255.0,1,5,0.0,107.0,1,7,0.0,19.0,1,5,endocrinology,high_value,TERR_36,hospital,1.9,False,Digital-Heavy,0.2812,0,Primary
178,2026-01-03 17:00:00,webinar,5,0.0,11.0,1,3,0.3333333333333333,5.0,1,2,1.0,255.0,1,5,0.0,107.0,1,7,0.0,19.0,1,5,endocrinology,high_value,TERR_36,hospital,1.9,False,Digital-Heavy,0.1372,1,Secondary
178,2026-01-03 17:00:00,email,5,0.0,11.0,1,3,0.3333333333333333,5.0,1,2,1.0,255.0,1,5,0.0,107.0,1,7,0.0,19.0,1,5,endocrinology,high_value,TERR_36,hospital,1.9,False,Digital-Heavy,0.1319,2,Supporting
178,2026-01-03 17:00:00,phone_call,5,0.0,11.0,1,3,0.3333333333333333,5.0,1,2,1.0,255.0,1,5,0.0,107.0,1,7,0.0,19.0,1,5,endocrinology,high_value,TERR_36,hospital,1.9,False,Digital-Heavy,0.1275,3,Other
178,2026-01-03 17:00:00,digital_ad,5,0.0,11.0,1,3,0.3333333333333333,5.0,1,2,1.0,255.0,1,5,0.0,107.0,1,7,0.0,19.0,1,5,endocrinology,high_value,TERR_36,hospital,1.9,False,Digital-Heavy,0.1085,4,Other
179,2026-01-03 17:00:00,rep_visit,8,0.25,86.0,1,3,0.6666666666666666,19.0,1,4,0.0,22.0,1,5,0.2,12.0,1,3,0.0,145.0,1,5,dermatology,low_value,TERR_39,private_practice,4.8,False,In-Person-Heavy,0.3263,0,Primary
179,2026-01-03 17:00:00,webinar,8,0.25,86.0,1,3,0.6666666666666666,19.0,1,4,0.0,22.0,1,5,0.2,12.0,1,3,0.0,145.0,1,5,dermatology,low_value,TERR_39,private_practice,4.8,False,In-Person-Heavy,0.2363,1,Secondary
179,2026-01-03 17:00:00,phone_call,8,0.25,86.0,1,3,0.6666666666666666,19.0,1,4,0.0,22.0,1,5,0.2,12.0,1,3,0.0,145.0,1,5,dermatology,low_value,TERR_39,private_practice,4.8,False,In-Person-Heavy,0.196,2,Supporting
179,2026-01-03 17:00:00,email,8,0.25,86.0,1,3,0.6666666666666666,19.0,1,4,0.0,22.0,1,5,0.2,12.0,1,3,0.0,145.0,1,5,dermatology,low_value,TERR_39,private_practice,4.8,False,In-Person-Heavy,0.1843,3,Other
179,2026-01-03 17:00:00,digital_ad,8,0.25,86.0,1,3,0.6666666666666666,19.0,1,4,0.0,22.0,1,5,0.2,12.0,1,3,0.0,145.0,1,5,dermatology,low_value,TERR_39,private_practice,4.8,False,In-Person-Heavy,0.1142,4,Other
180,2026-01-03 17:00:00,rep_visit,3,0.0,155.0,1,3,0.0,59.0,1,14,0.7857142857142857,30.0,1,2,0.0,72.0,1,11,0.45454545454545453,4.0,1,5,cardiology,high_value,TERR_24,clinic,1.5,False,Mixed,0.3841,0,Primary
180,2026-01-03 17:00:00,phone_call,3,0.0,155.0,1,3,0.0,59.0,1,14,0.7857142857142857,30.0,1,2,0.0,72.0,1,11,0.45454545454545453,4.0,1,5,cardiology,high_value,TERR_24,clinic,1.5,False,Mixed,0.1945,1,Secondary
180,2026-01-03 17:00:00,webinar,3,0.0,155.0,1,3,0.0,59.0,1,14,0.7857142857142857,30.0,1,2,0.0,72.0,1,11,0.45454545454545453,4.0,1,5,cardiology,high_value,TERR_24,clinic,1.5,False,Mixed,0.1504,2,Supporting
180,2026-01-03 17:00:00,email,3,0.0,155.0,1,3,0.0,59.0,1,14,0.7857142857142857,30.0,1,2,0.0,72.0,1,11,0.45454545454545453,4.0,1,5,cardiology,high_value,TERR_24,clinic,1.5,False,Mixed,0.109,3,Other
180,2026-01-03 17:00:00,digital_ad,3,0.0,155.0,1,3,0.0,59.0,1,14,0.7857142857142857,30.0,1,2,0.0,72.0,1,11,0.45454545454545453,4.0,1,5,cardiology,high_value,TERR_24,clinic,1.5,False,Mixed,0.088,4,Other
181,2026-01-03 17:00:00,rep_visit,13,0.07692307692307693,75.0,1,3,0.3333333333333333,142.0,1,4,1.0,95.0,1,4,0.0,235.0,1,8,0.375,2.0,1,5,dermatology,high_value,TERR_43,private_practice,1.0,False,Digital-Heavy,0.2904,0,Primary
181,2026-01-03 17:00:00,phone_call,13,0.07692307692307693,75.0,1,3,0.3333333333333333,142.0,1,4,1.0,95.0,1,4,0.0,235.0,1,8,0.375,2.0,1,5,dermatology,high_value,TERR_43,private_practice,1.0,False,Digital-Heavy,0.1708,1,Secondary
181,2026-01-03 17:00:00,webinar,13,0.07692307692307693,75.0,1,3,0.3333333333333333,142.0,1,4,1.0,95.0,1,4,0.0,235.0,1,8,0.375,2.0,1,5,dermatology,high_value,TERR_43,private_practice,1.0,False,Digital-Heavy,0.1544,2,Supporting
181,2026-01-03 17:00:00,email,13,0.07692307692307693,75.0,1,3,0.3333333333333333,142.0,1,4,1.0,95.0,1,4,0.0,235.0,1,8,0.375,2.0,1,5,dermatology,high_value,TERR_43,private_practice,1.0,False,Digital-Heavy,0.1449,3,Other
181,2026-01-03 17:00:00,digital_ad,13,0.07692307692307693,75.0,1,3,0.3333333333333333,142.0,1,4,1.0,95.0,1,4,0.0,235.0,1,8,0.375,2.0,1,5,dermatology,high_value,TERR_43,private_practice,1.0,False,Digital-Heavy,0.0982,4,Other
182,2026-01-03 17:00:00,rep_visit,0,0.0,,0,3,0.6666666666666666,1.0,1,6,0.5,80.0,1,1,0.0,137.0,1,0,0.0,,0,3,cardiology,low_value,TERR_26,hospital,3.0,True,Mixed,0.3484,0,Primary
182,2026-01-03 17:00:00,webinar,0,0.0,,0,3,0.6666666666666666,1.0,1,6,0.5,80.0,1,1,0.0,137.0,1,0,0.0,,0,3,cardiology,low_value,TERR_26,hospital,3.0,True,Mixed,0.2478,1,Secondary
182,2026-01-03 17:00:00,phone_call,0,0.0,,0,3,0.6666666666666666,1.0,1,6,0.5,80.0,1,1,0.0,137.0,1,0,0.0,,0,3,cardiology,low_value,TERR_26,hospital,3.0,True,Mixed,0.2011,2,Supporting
182,2026-01-03 17:00:00,email,0,0.0,,0,3,0.6666666666666666,1.0,1,6,0.5,80.0,1,1,0.0,137.0,1,0,0.0,,0,3,cardiology,low_value,TERR_26,hospital,3.0,True,Mixed,0.1452,3,Other
182,2026-01-03 17:00:00,digital_ad,0,0.0,,0,3,0.6666666666666666,1.0,1,6,0.5,80.0,1,1,0.0,137.0,1,0,0.0,,0,3,cardiology,low_value,TERR_26,hospital,3.0,True,Mixed,0.1117,4,Other
183,2026-01-03 17:00:00,rep_visit,6,0.16666666666666666,22.0,1,1,0.0,72.0,1,1,0.0,88.0,1,3,0.0,9.0,1,2,0.0,184.0,1,5,dermatology,low_value,TERR_40,private_practice,5.3,False,Digital-Heavy,0.2304,0,Primary
183,2026-01-03 17:00:00,email,6,0.16666666666666666,22.0,1,1,0.0,72.0,1,1,0.0,88.0,1,3,0.0,9.0,1,2,0.0,184.0,1,5,dermatology,low_value,TERR_40,private_practice,5.3,False,Digital-Heavy,0.1914,1,Secondary
183,2026-01-03 17:00:00,webinar,6,0.16666666666666666,22.0,1,1,0.0,72.0,1,1,0.0,88.0,1,3,0.0,9.0,1,2,0.0,184.0,1,5,dermatology,low_value,TERR_40,private_practice,5.3,False,Digital-Heavy,0.1876,2,Supporting
183,2026-01-03 17:00:00,phone_call,6,0.16666666666666666,22.0,1,1,0.0,72.0,1,1,0.0,88.0,1,3,0.0,9.0,1,2,0.0,184.0,1,5,dermatology,low_value,TERR_40,private_practice,5.3,False,Digital-Heavy,0.1808,3,Other
183,2026-01-03 17:00:00,digital_ad,6,0.16666666666666666,22.0,1,1,0.0,72.0,1,1,0.0,88.0,1,3,0.0,9.0,1,2,0.0,184.0,1,5,dermatology,low_value,TERR_40,private_practice,5.3,False,Digital-Heavy,0.1195,4,Other
184,2026-01-03 17:00:00,rep_visit,9,0.2222222222222222,86.0,1,1,0.0,67.0,1,3,0.3333333333333333,96.0,1,13,0.07692307692307693,11.0,1,7,0.0,40.0,1,5,primary_care,high_value,TERR_37,private_practice,0.6,False,Mixed,0.3319,0,Primary
184,2026-01-03 17:00:00,email,9,0.2222222222222222,86.0,1,1,0.0,67.0,1,3,0.3333333333333333,96.0,1,13,0.07692307692307693,11.0,1,7,0.0,40.0,1,5,primary_care,high_value,TERR_37,private_practice,0.6,False,Mixed,0.223,1,Secondary
184,2026-01-03 17:00:00,webinar,9,0.2222222222222222,86.0,1,1,0.0,67.0,1,3,0.3333333333333333,96.0,1,13,0.07692307692307693,11.0,1,7,0.0,40.0,1,5,primary_care,high_value,TERR_37,private_practice,0.6,False,Mixed,0.2088,2,Supporting
184,2026-01-03 17:00:00,phone_call,9,0.2222222222222222,86.0,1,1,0.0,67.0,1,3,0.3333333333333333,96.0,1,13,0.07692307692307693,11.0,1,7,0.0,40.0,1,5,primary_care,high_value,TERR_37,private_practice,0.6,False,Mixed,0.1716,3,Other
184,2026-01-03 17:00:00,digital_ad,9,0.2222222222222222,86.0,1,1,0.0,67.0,1,3,0.3333333333333333,96.0,1,13,0.07692307692307693,11.0,1,7,0.0,40.0,1,5,primary_care,high_value,TERR_37,private_practice,0.6,False,Mixed,0.0853,4,Other
185,2026-01-03 17:00:00,rep_visit,0,0.0,,0,3,0.0,311.0,1,7,1.0,4.0,1,0,0.0,,0,0,0.0,,0,2,endocrinology,medium_value,TERR_49,hospital,3.9,True,Mixed,0.5775,0,Primary
185,2026-01-03 17:00:00,phone_call,0,0.0,,0,3,0.0,311.0,1,7,1.0,4.0,1,0,0.0,,0,0,0.0,,0,2,endocrinology,medium_value,TERR_49,hospital,3.9,True,Mixed,0.2133,1,Secondary
185,2026-01-03 17:00:00,webinar,0,0.0,,0,3,0.0,311.0,1,7,1.0,4.0,1,0,0.0,,0,0,0.0,,0,2,endocrinology,medium_value,TERR_49,hospital,3.9,True,Mixed,0.1734,2,Supporting
185,2026-01-03 17:00:00,email,0,0.0,,0,3,0.0,311.0,1,7,1.0,4.0,1,0,0.0,,0,0,0.0,,0,2,endocrinology,medium_value,TERR_49,hospital,3.9,True,Mixed,0.1642,3,Other
185,2026-01-03 17:00:00,digital_ad,0,0.0,,0,3,0.0,311.0,1,7,1.0,4.0,1,0,0.0,,0,0,0.0,,0,2,endocrinology,medium_value,TERR_49,hospital,3.9,True,Mixed,0.1183,4,Other
186,2026-01-03 17:00:00,rep_visit,8,0.0,1.0,1,7,0.5714285714285714,33.0,1,5,0.4,26.0,1,5,0.2,15.0,1,3,0.0,158.0,1,5,oncology,high_value,TERR_12,cancer_center,1.8,False,Mixed,0.2128,0,Primary
186,2026-01-03 17:00:00,webinar,8,0.0,1.0,1,7,0.5714285714285714,33.0,1,5,0.4,26.0,1,5,0.2,15.0,1,3,0.0,158.0,1,5,oncology,high_value,TERR_12,cancer_center,1.8,False,Mixed,0.1401,1,Secondary
186,2026-01-03 17:00:00,email,8,0.0,1.0,1,7,0.5714285714285714,33.0,1,5,0.4,26.0,1,5,0.2,15.0,1,3,0.0,158.0,1,5,oncology,high_value,TERR_12,cancer_center,1.8,False,Mixed,0.116,2,Supporting
186,2026-01-03 17:00:00,phone_call,8,0.0,1.0,1,7,0.5714285714285714,33.0,1,5,0.4,26.0,1,5,0.2,15.0,1,3,0.0,158.0,1,5,oncology,high_value,TERR_12,cancer_center,1.8,False,Mixed,0.1133,3,Other
186,2026-01-03 17:00:00,digital_ad,8,0.0,1.0,1,7,0.5714285714285714,33.0,1,5,0.4,26.0,1,5,0.2,15.0,1,3,0.0,158.0,1,5,oncology,high_value,TERR_12,cancer_center,1.8,False,Mixed,0.0865,4,Other
187,2026-01-03 17:00:00,rep_visit,17,0.058823529411764705,8.0,1,3,0.3333333333333333,163.0,1,2,0.0,33.0,1,10,0.0,121.0,1,3,0.3333333333333333,93.0,1,5,cardiology,medium_value,TERR_06,hospital,2.2,False,In-Person-Heavy,0.2746,0,Primary
187,2026-01-03 17:00:00,webinar,17,0.058823529411764705,8.0,1,3,0.3333333333333333,163.0,1,2,0.0,33.0,1,10,0.0,121.0,1,3,0.3333333333333333,93.0,1,5,cardiology,medium_value,TERR_06,hospital,2.2,False,In-Person-Heavy,0.2387,1,Secondary
187,2026-01-03 17:00:00,phone_call,17,0.058823529411764705,8.0,1,3,0.3333333333333333,163.0,1,2,0.0,33.0,1,10,0.0,121.0,1,3,0.3333333333333333,93.0,1,5,cardiology,medium_value,TERR_06,hospital,2.2,False,In-Person-Heavy,0.2255,2,Supporting
187,2026-01-03 17:00:00,email,17,0.058823529411764705,8.0,1,3,0.3333333333333333,163.0,1,2,0.0,33.0,1,10,0.0,121.0,1,3,0.3333333333333333,93.0,1,5,cardiology,medium_value,TERR_06,hospital,2.2,False,In-Person-Heavy,0.1753,3,Other
187,2026-01-03 17:00:00,digital_ad,17,0.058823529411764705,8.0,1,3,0.3333333333333333,163.0,1,2,0.0,33.0,1,10,0.0,121.0,1,3,0.3333333333333333,93.0,1,5,cardiology,medium_value,TERR_06,hospital,2.2,False,In-Person-Heavy,0.1049,4,Other
188,2026-01-03 17:00:00,rep_visit,0,0.0,,0,3,0.6666666666666666,128.0,1,4,0.25,8.0,1,4,0.0,47.0,1,0,0.0,,0,3,primary_care,medium_value,TERR_26,hospital,4.4,True,Digital-Heavy,0.4414,0,Primary
188,2026-01-03 17:00:00,phone_call,0,0.0,,0,3,0.6666666666666666,128.0,1,4,0.25,8.0,1,4,0.0,47.0,1,0,0.0,,0,3,primary_care,medium_value,TERR_26,hospital,4.4,True,Digital-Heavy,0.2655,1,Secondary
188,2026-01-03 17:00:00,webinar,0,0.0,,0,3,0.6666666666666666,128.0,1,4,0.25,8.0,1,4,0.0,47.0,1,0,0.0,,0,3,primary_care,medium_value,TERR_26,hospital,4.4,True,Digital-Heavy,0.2439,2,Supporting
188,2026-01-03 17:00:00,email,0,0.0,,0,3,0.6666666666666666,128.0,1,4,0.25,8.0,1,4,0.0,47.0,1,0,0.0,,0,3,primary_care,medium_value,TERR_26,hospital,4.4,True,Digital-Heavy,0.1549,3,Other
188,2026-01-03 17:00:00,digital_ad,0,0.0,,0,3,0.6666666666666666,128.0,1,4,0.25,8.0,1,4,0.0,47.0,1,0,0.0,,0,3,primary_care,medium_value,TERR_26,hospital,4.4,True,Digital-Heavy,0.1342,4,Other
189,2026-01-03 17:00:00,rep_visit,8,0.0,71.0,1,5,0.0,33.0,1,1,0.0,80.0,1,4,0.0,53.0,1,6,0.16666666666666666,58.0,1,5,dermatology,medium_value,TERR_07,clinic,2.0,False,Mixed,0.3838,0,Primary
189,2026-01-03 17:00:00,webinar,8,0.0,71.0,1,5,0.0,33.0,1,1,0.0,80.0,1,4,0.0,53.0,1,6,0.16666666666666666,58.0,1,5,dermatology,medium_value,TERR_07,clinic,2.0,False,Mixed,0.2312,1,Secondary
189,2026-01-03 17:00:00,phone_call,8,0.0,71.0,1,5,0.0,33.0,1,1,0.0,80.0,1,4,0.0,53.0,1,6,0.16666666666666666,58.0,1,5,dermatology,medium_value,TERR_07,clinic,2.0,False,Mixed,0.1885,2,Supporting
189,2026-01-03 17:00:00,email,8,0.0,71.0,1,5,0.0,33.0,1,1,0.0,80.0,1,4,0.0,53.0,1,6,0.16666666666666666,58.0,1,5,dermatology,medium_value,TERR_07,clinic,2.0,False,Mixed,0.1737,3,Other
189,2026-01-03 17:00:00,digital_ad,8,0.0,71.0,1,5,0.0,33.0,1,1,0.0,80.0,1,4,0.0,53.0,1,6,0.16666666666666666,58.0,1,5,dermatology,medium_value,TERR_07,clinic,2.0,False,Mixed,0.0797,4,Other
190,2026-01-03 17:00:00,rep_visit,3,0.0,4.0,1,1,1.0,232.0,1,8,0.75,26.0,1,0,0.0,,0,4,0.25,47.0,1,4,dermatology,medium_value,TERR_08,clinic,9.7,False,Digital-Heavy,0.3809,0,Primary
190,2026-01-03 17:00:00,webinar,3,0.0,4.0,1,1,1.0,232.0,1,8,0.75,26.0,1,0,0.0,,0,4,0.25,47.0,1,4,dermatology,medium_value,TERR_08,clinic,9.7,False,Digital-Heavy,0.2198,1,Secondary
190,2026-01-03 17:00:00,phone_call,3,0.0,4.0,1,1,1.0,232.0,1,8,0.75,26.0,1,0,0.0,,0,4,0.25,47.0,1,4,dermatology,medium_value,TERR_08,clinic,9.7,False,Digital-Heavy,0.2185,2,Supporting
190,2026-01-03 17:00:00,email,3,0.0,4.0,1,1,1.0,232.0,1,8,0.75,26.0,1,0,0.0,,0,4,0.25,47.0,1,4,dermatology,medium_value,TERR_08,clinic,9.7,False,Digital-Heavy,0.1704,3,Other
190,2026-01-03 17:00:00,digital_ad,3,0.0,4.0,1,1,1.0,232.0,1,8,0.75,26.0,1,0,0.0,,0,4,0.25,47.0,1,4,dermatology,medium_value,TERR_08,clinic,9.7,False,Digital-Heavy,0.1299,4,Other
191,2026-01-03 17:00:00,rep_visit,2,0.0,297.0,1,3,0.0,36.0,1,10,0.8,2.0,1,4,0.0,15.0,1,9,0.2222222222222222,71.0,1,5,cardiology,high_value,TERR_18,clinic,2.8,False,Digital-Heavy,0.4015,0,Primary
191,2026-01-03 17:00:00,webinar,2,0.0,297.0,1,3,0.0,36.0,1,10,0.8,2.0,1,4,0.0,15.0,1,9,0.2222222222222222,71.0,1,5,cardiology,high_value,TERR_18,clinic,2.8,False,Digital-Heavy,0.1743,1,Secondary
191,2026-01-03 17:00:00,phone_call,2,0.0,297.0,1,3,0.0,36.0,1,10,0.8,2.0,1,4,0.0,15.0,1,9,0.2222222222222222,71.0,1,5,cardiology,high_value,TERR_18,clinic,2.8,False,Digital-Heavy,0.1622,2,Supporting
191,2026-01-03 17:00:00,email,2,0.0,297.0,1,3,0.0,36.0,1,10,0.8,2.0,1,4,0.0,15.0,1,9,0.2222222222222222,71.0,1,5,cardiology,high_value,TERR_18,clinic,2.8,False,Digital-Heavy,0.1374,3,Other
191,2026-01-03 17:00:00,digital_ad,2,0.0,297.0,1,3,0.0,36.0,1,10,0.8,2.0,1,4,0.0,15.0,1,9,0.2222222222222222,71.0,1,5,cardiology,high_value,TERR_18,clinic,2.8,False,Digital-Heavy,0.0997,4,Other
192,2026-01-03 17:00:00,rep_visit,13,0.23076923076923078,22.0,1,3,0.3333333333333333,151.0,1,1,1.0,264.0,1,11,0.18181818181818182,15.0,1,4,0.0,75.0,1,5,primary_care,high_value,TERR_44,clinic,2.8,False,Mixed,0.3408,0,Primary
192,2026-01-03 17:00:00,email,13,0.23076923076923078,22.0,1,3,0.3333333333333333,151.0,1,1,1.0,264.0,1,11,0.18181818181818182,15.0,1,4,0.0,75.0,1,5,primary_care,high_value,TERR_44,clinic,2.8,False,Mixed,0.2558,1,Secondary
192,2026-01-03 17:00:00,webinar,13,0.23076923076923078,22.0,1,3,0.3333333333333333,151.0,1,1,1.0,264.0,1,11,0.18181818181818182,15.0,1,4,0.0,75.0,1,5,primary_care,high_value,TERR_44,clinic,2.8,False,Mixed,0.2423,2,Supporting
192,2026-01-03 17:00:00,phone_call,13,0.23076923076923078,22.0,1,3,0.3333333333333333,151.0,1,1,1.0,264.0,1,11,0.18181818181818182,15.0,1,4,0.0,75.0,1,5,primary_care,high_value,TERR_44,clinic,2.8,False,Mixed,0.2054,3,Other
192,2026-01-03 17:00:00,digital_ad,13,0.23076923076923078,22.0,1,3,0.3333333333333333,151.0,1,1,1.0,264.0,1,11,0.18181818181818182,15.0,1,4,0.0,75.0,1,5,primary_care,high_value,TERR_44,clinic,2.8,False,Mixed,0.1684,4,Other
193,2026-01-03 17:00:00,rep_visit,15,0.4,4.0,1,2,0.5,57.0,1,1,1.0,74.0,1,12,0.0,12.0,1,4,0.25,101.0,1,5,oncology,medium_value,TERR_39,private_practice,0.5,False,Mixed,0.2171,0,Primary
193,2026-01-03 17:00:00,email,15,0.4,4.0,1,2,0.5,57.0,1,1,1.0,74.0,1,12,0.0,12.0,1,4,0.25,101.0,1,5,oncology,medium_value,TERR_39,private_practice,0.5,False,Mixed,0.1811,1,Secondary
193,2026-01-03 17:00:00,webinar,15,0.4,4.0,1,2,0.5,57.0,1,1,1.0,74.0,1,12,0.0,12.0,1,4,0.25,101.0,1,5,oncology,medium_value,TERR_39,private_practice,0.5,False,Mixed,0.181,2,Supporting
193,2026-01-03 17:00:00,phone_call,15,0.4,4.0,1,2,0.5,57.0,1,1,1.0,74.0,1,12,0.0,12.0,1,4,0.25,101.0,1,5,oncology,medium_value,TERR_39,private_practice,0.5,False,Mixed,0.144,3,Other
193,2026-01-03 17:00:00,digital_ad,15,0.4,4.0,1,2,0.5,57.0,1,1,1.0,74.0,1,12,0.0,12.0,1,4,0.25,101.0,1,5,oncology,medium_value,TERR_39,private_practice,0.5,False,Mixed,0.0928,4,Other
194,2026-01-03 17:00:00,rep_visit,2,0.0,17.0,1,3,0.0,129.0,1,3,0.0,74.0,1,4,0.5,61.0,1,5,0.4,3.0,1,5,primary_care,medium_value,TERR_13,private_practice,0.9,False,Mixed,0.1662,0,Primary
194,2026-01-03 17:00:00,phone_call,2,0.0,17.0,1,3,0.0,129.0,1,3,0.0,74.0,1,4,0.5,61.0,1,5,0.4,3.0,1,5,primary_care,medium_value,TERR_13,private_practice,0.9,False,Mixed,0.1201,1,Secondary
194,2026-01-03 17:00:00,webinar,2,0.0,17.0,1,3,0.0,129.0,1,3,0.0,74.0,1,4,0.5,61.0,1,5,0.4,3.0,1,5,primary_care,medium_value,TERR_13,private_practice,0.9,False,Mixed,0.1057,2,Supporting
194,2026-01-03 17:00:00,digital_ad,2,0.0,17.0,1,3,0.0,129.0,1,3,0.0,74.0,1,4,0.5,61.0,1,5,0.4,3.0,1,5,primary_care,medium_value,TERR_13,private_practice,0.9,False,Mixed,0.1029,3,Other
194,2026-01-03 17:00:00,email,2,0.0,17.0,1,3,0.0,129.0,1,3,0.0,74.0,1,4,0.5,61.0,1,5,0.4,3.0,1,5,primary_care,medium_value,TERR_13,private_practice,0.9,False,Mixed,0.1006,4,Other
195,2026-01-03 17:00:00,rep_visit,0,0.0,,0,2,1.0,333.0,1,4,0.0,29.0,1,2,0.0,53.0,1,0,0.0,,0,3,primary_care,medium_value,TERR_32,clinic,2.9,True,Digital-Heavy,0.4931,0,Primary
195,2026-01-03 17:00:00,webinar,0,0.0,,0,2,1.0,333.0,1,4,0.0,29.0,1,2,0.0,53.0,1,0,0.0,,0,3,primary_care,medium_value,TERR_32,clinic,2.9,True,Digital-Heavy,0.3715,1,Secondary
195,2026-01-03 17:00:00,phone_call,0,0.0,,0,2,1.0,333.0,1,4,0.0,29.0,1,2,0.0,53.0,1,0,0.0,,0,3,primary_care,medium_value,TERR_32,clinic,2.9,True,Digital-Heavy,0.349,2,Supporting
195,2026-01-03 17:00:00,email,0,0.0,,0,2,1.0,333.0,1,4,0.0,29.0,1,2,0.0,53.0,1,0,0.0,,0,3,primary_care,medium_value,TERR_32,clinic,2.9,True,Digital-Heavy,0.221,3,Other
195,2026-01-03 17:00:00,digital_ad,0,0.0,,0,2,1.0,333.0,1,4,0.0,29.0,1,2,0.0,53.0,1,0,0.0,,0,3,primary_care,medium_value,TERR_32,clinic,2.9,True,Digital-Heavy,0.1504,4,Other
196,2026-01-03 17:00:00,rep_visit,5,0.4,44.0,1,1,1.0,4.0,1,2,0.5,333.0,1,5,0.2,33.0,1,3,0.0,18.0,1,5,cardiology,low_value,TERR_29,private_practice,6.6,False,Mixed,0.2944,0,Primary
196,2026-01-03 17:00:00,email,5,0.4,44.0,1,1,1.0,4.0,1,2,0.5,333.0,1,5,0.2,33.0,1,3,0.0,18.0,1,5,cardiology,low_value,TERR_29,private_practice,6.6,False,Mixed,0.2197,1,Secondary
196,2026-01-03 17:00:00,webinar,5,0.4,44.0,1,1,1.0,4.0,1,2,0.5,333.0,1,5,0.2,33.0,1,3,0.0,18.0,1,5,cardiology,low_value,TERR_29,private_practice,6.6,False,Mixed,0.2042,2,Supporting
196,2026-01-03 17:00:00,phone_call,5,0.4,44.0,1,1,1.0,4.0,1,2,0.5,333.0,1,5,0.2,33.0,1,3,0.0,18.0,1,5,cardiology,low_value,TERR_29,private_practice,6.6,False,Mixed,0.1874,3,Other
196,2026-01-03 17:00:00,digital_ad,5,0.4,44.0,1,1,1.0,4.0,1,2,0.5,333.0,1,5,0.2,33.0,1,3,0.0,18.0,1,5,cardiology,low_value,TERR_29,private_practice,6.6,False,Mixed,0.1252,4,Other
197,2026-01-03 17:00:00,rep_visit,8,0.0,10.0,1,2,0.0,30.0,1,2,0.0,253.0,1,5,0.0,58.0,1,6,0.0,38.0,1,5,dermatology,medium_value,TERR_10,private_practice,0.5,False,Mixed,0.2725,0,Primary
197,2026-01-03 17:00:00,webinar,8,0.0,10.0,1,2,0.0,30.0,1,2,0.0,253.0,1,5,0.0,58.0,1,6,0.0,38.0,1,5,dermatology,medium_value,TERR_10,private_practice,0.5,False,Mixed,0.1847,1,Secondary
197,2026-01-03 17:00:00,email,8,0.0,10.0,1,2,0.0,30.0,1,2,0.0,253.0,1,5,0.0,58.0,1,6,0.0,38.0,1,5,dermatology,medium_value,TERR_10,private_practice,0.5,False,Mixed,0.1614,2,Supporting
197,2026-01-03 17:00:00,phone_call,8,0.0,10.0,1,2,0.0,30.0,1,2,0.0,253.0,1,5,0.0,58.0,1,6,0.0,38.0,1,5,dermatology,medium_value,TERR_10,private_practice,0.5,False,Mixed,0.1491,3,Other
197,2026-01-03 17:00:00,digital_ad,8,0.0,10.0,1,2,0.0,30.0,1,2,0.0,253.0,1,5,0.0,58.0,1,6,0.0,38.0,1,5,dermatology,medium_value,TERR_10,private_practice,0.5,False,Mixed,0.0817,4,Other
198,2026-01-03 17:00:00,rep_visit,7,0.5714285714285714,60.0,1,4,0.5,45.0,1,2,0.5,1.0,1,8,0.0,86.0,1,2,0.5,240.0,1,5,primary_care,medium_value,TERR_01,private_practice,3.7,False,Digital-Heavy,0.327,0,Primary
198,2026-01-03 17:00:00,webinar,7,0.5714285714285714,60.0,1,4,0.5,45.0,1,2,0.5,1.0,1,8,0.0,86.0,1,2,0.5,240.0,1,5,primary_care,medium_value,TERR_01,private_practice,3.7,False,Digital-Heavy,0.2334,1,Secondary
198,2026-01-03 17:00:00,phone_call,7,0.5714285714285714,60.0,1,4,0.5,45.0,1,2,0.5,1.0,1,8,0.0,86.0,1,2,0.5,240.0,1,5,primary_care,medium_value,TERR_01,private_practice,3.7,False,Digital-Heavy,0.2164,2,Supporting
198,2026-01-03 17:00:00,email,7,0.5714285714285714,60.0,1,4,0.5,45.0,1,2,0.5,1.0,1,8,0.0,86.0,1,2,0.5,240.0,1,5,primary_care,medium_value,TERR_01,private_practice,3.7,False,Digital-Heavy,0.2106,3,Other
198,2026-01-03 17:00:00,digital_ad,7,0.5714285714285714,60.0,1,4,0.5,45.0,1,2,0.5,1.0,1,8,0.0,86.0,1,2,0.5,240.0,1,5,primary_care,medium_value,TERR_01,private_practice,3.7,False,Digital-Heavy,0.1189,4,Other
199,2026-01-03 17:00:00,email,11,0.45454545454545453,10.0,1,3,0.0,74.0,1,1,0.0,229.0,1,12,0.0,26.0,1,4,0.0,155.0,1,5,primary_care,high_value,TERR_37,private_practice,1.3,False,Digital-Heavy,0.2299,0,Primary
199,2026-01-03 17:00:00,rep_visit,11,0.45454545454545453,10.0,1,3,0.0,74.0,1,1,0.0,229.0,1,12,0.0,26.0,1,4,0.0,155.0,1,5,primary_care,high_value,TERR_37,private_practice,1.3,False,Digital-Heavy,0.2106,1,Secondary
199,2026-01-03 17:00:00,phone_call,11,0.45454545454545453,10.0,1,3,0.0,74.0,1,1,0.0,229.0,1,12,0.0,26.0,1,4,0.0,155.0,1,5,primary_care,high_value,TERR_37,private_practice,1.3,False,Digital-Heavy,0.1881,2,Supporting
199,2026-01-03 17:00:00,webinar,11,0.45454545454545453,10.0,1,3,0.0,74.0,1,1,0.0,229.0,1,12,0.0,26.0,1,4,0.0,155.0,1,5,primary_care,high_value,TERR_37,private_practice,1.3,False,Digital-Heavy,0.1771,3,Other
199,2026-01-03 17:00:00,digital_ad,11,0.45454545454545453,10.0,1,3,0.0,74.0,1,1,0.0,229.0,1,12,0.0,26.0,1,4,0.0,155.0,1,5,primary_care,high_value,TERR_37,private_practice,1.3,False,Digital-Heavy,0.106,4,Other
200,2026-01-03 17:00:00,rep_visit,10,0.3,19.0,1,3,0.0,190.0,1,3,0.3333333333333333,26.0,1,9,0.0,150.0,1,3,0.0,94.0,1,5,primary_care,medium_value,TERR_15,hospital,2.4,False,Digital-Heavy,0.2786,0,Primary
200,2026-01-03 17:00:00,webinar,10,0.3,19.0,1,3,0.0,190.0,1,3,0.3333333333333333,26.0,1,9,0.0,150.0,1,3,0.0,94.0,1,5,primary_care,medium_value,TERR_15,hospital,2.4,False,Digital-Heavy,0.21,1,Secondary
200,2026-01-03 17:00:00,phone_call,10,0.3,19.0,1,3,0.0,190.0,1,3,0.3333333333333333,26.0,1,9,0.0,150.0,1,3,0.0,94.0,1,5,primary_care,medium_value,TERR_15,hospital,2.4,False,Digital-Heavy,0.2014,2,Supporting
200,2026-01-03 17:00:00,email,10,0.3,19.0,1,3,0.0,190.0,1,3,0.3333333333333333,26.0,1,9,0.0,150.0,1,3,0.0,94.0,1,5,primary_care,medium_value,TERR_15,hospital,2.4,False,Digital-Heavy,0.1684,3,Other
200,2026-01-03 17:00:00,digital_ad,10,0.3,19.0,1,3,0.0,190.0,1,3,0.3333333333333333,26.0,1,9,0.0,150.0,1,3,0.0,94.0,1,5,primary_care,medium_value,TERR_15,hospital,2.4,False,Digital-Heavy,0.0902,4,Other
201,2026-01-03 17:00:00,rep_visit,4,0.0,65.0,1,4,1.0,26.0,1,6,0.16666666666666666,17.0,1,2,1.0,159.0,1,11,0.2727272727272727,44.0,1,5,primary_care,high_value,TERR_46,clinic,2.6,False,Digital-Heavy,0.47,0,Primary
201,2026-01-03 17:00:00,webinar,4,0.0,65.0,1,4,1.0,26.0,1,6,0.16666666666666666,17.0,1,2,1.0,159.0,1,11,0.2727272727272727,44.0,1,5,primary_care,high_value,TERR_46,clinic,2.6,False,Digital-Heavy,0.2903,1,Secondary
201,2026-01-03 17:00:00,phone_call,4,0.0,65.0,1,4,1.0,26.0,1,6,0.16666666666666666,17.0,1,2,1.0,159.0,1,11,0.2727272727272727,44.0,1,5,primary_care,high_value,TERR_46,clinic,2.6,False,Digital-Heavy,0.2599,2,Supporting
201,2026-01-03 17:00:00,digital_ad,4,0.0,65.0,1,4,1.0,26.0,1,6,0.16666666666666666,17.0,1,2,1.0,159.0,1,11,0.2727272727272727,44.0,1,5,primary_care,high_value,TERR_46,clinic,2.6,False,Digital-Heavy,0.1414,3,Other
201,2026-01-03 17:00:00,email,4,0.0,65.0,1,4,1.0,26.0,1,6,0.16666666666666666,17.0,1,2,1.0,159.0,1,11,0.2727272727272727,44.0,1,5,primary_care,high_value,TERR_46,clinic,2.6,False,Digital-Heavy,0.1413,4,Other
202,2026-01-03 17:00:00,rep_visit,1,0.0,68.0,1,1,0.0,324.0,1,7,0.2857142857142857,4.0,1,0,0.0,,0,6,0.16666666666666666,46.0,1,4,cardiology,low_value,TERR_07,clinic,0.5,False,Mixed,0.3743,0,Primary
202,2026-01-03 17:00:00,phone_call,1,0.0,68.0,1,1,0.0,324.0,1,7,0.2857142857142857,4.0,1,0,0.0,,0,6,0.16666666666666666,46.0,1,4,cardiology,low_value,TERR_07,clinic,0.5,False,Mixed,0.155,1,Secondary
202,2026-01-03 17:00:00,webinar,1,0.0,68.0,1,1,0.0,324.0,1,7,0.2857142857142857,4.0,1,0,0.0,,0,6,0.16666666666666666,46.0,1,4,cardiology,low_value,TERR_07,clinic,0.5,False,Mixed,0.151,2,Supporting
202,2026-01-03 17:00:00,email,1,0.0,68.0,1,1,0.0,324.0,1,7,0.2857142857142857,4.0,1,0,0.0,,0,6,0.16666666666666666,46.0,1,4,cardiology,low_value,TERR_07,clinic,0.5,False,Mixed,0.1158,3,Other
202,2026-01-03 17:00:00,digital_ad,1,0.0,68.0,1,1,0.0,324.0,1,7,0.2857142857142857,4.0,1,0,0.0,,0,6,0.16666666666666666,46.0,1,4,cardiology,low_value,TERR_07,clinic,0.5,False,Mixed,0.1009,4,Other
203,2026-01-03 17:00:00,rep_visit,4,0.0,17.0,1,5,0.2,8.0,1,12,0.5833333333333334,1.0,1,0,0.0,,0,10,0.7,23.0,1,4,cardiology,high_value,TERR_46,private_practice,1.7,False,In-Person-Heavy,0.4646,0,Primary
203,2026-01-03 17:00:00,phone_call,4,0.0,17.0,1,5,0.2,8.0,1,12,0.5833333333333334,1.0,1,0,0.0,,0,10,0.7,23.0,1,4,cardiology,high_value,TERR_46,private_practice,1.7,False,In-Person-Heavy,0.1983,1,Secondary
203,2026-01-03 17:00:00,webinar,4,0.0,17.0,1,5,0.2,8.0,1,12,0.5833333333333334,1.0,1,0,0.0,,0,10,0.7,23.0,1,4,cardiology,high_value,TERR_46,private_practice,1.7,False,In-Person-Heavy,0.1772,2,Supporting
203,2026-01-03 17:00:00,email,4,0.0,17.0,1,5,0.2,8.0,1,12,0.5833333333333334,1.0,1,0,0.0,,0,10,0.7,23.0,1,4,cardiology,high_value,TERR_46,private_practice,1.7,False,In-Person-Heavy,0.1283,3,Other
203,2026-01-03 17:00:00,digital_ad,4,0.0,17.0,1,5,0.2,8.0,1,12,0.5833333333333334,1.0,1,0,0.0,,0,10,0.7,23.0,1,4,cardiology,high_value,TERR_46,private_practice,1.7,False,In-Person-Heavy,0.1083,4,Other
204,2026-01-03 17:00:00,email,13,0.38461538461538464,2.0,1,6,0.16666666666666666,16.0,1,1,0.0,151.0,1,10,0.3,45.0,1,2,0.0,114.0,1,5,cardiology,high_value,TERR_49,private_practice,2.0,False,Mixed,0.1724,0,Primary
204,2026-01-03 17:00:00,webinar,13,0.38461538461538464,2.0,1,6,0.16666666666666666,16.0,1,1,0.0,151.0,1,10,0.3,45.0,1,2,0.0,114.0,1,5,cardiology,high_value,TERR_49,private_practice,2.0,False,Mixed,0.161,1,Secondary
204,2026-01-03 17:00:00,rep_visit,13,0.38461538461538464,2.0,1,6,0.16666666666666666,16.0,1,1,0.0,151.0,1,10,0.3,45.0,1,2,0.0,114.0,1,5,cardiology,high_value,TERR_49,private_practice,2.0,False,Mixed,0.1562,2,Supporting
204,2026-01-03 17:00:00,phone_call,13,0.38461538461538464,2.0,1,6,0.16666666666666666,16.0,1,1,0.0,151.0,1,10,0.3,45.0,1,2,0.0,114.0,1,5,cardiology,high_value,TERR_49,private_practice,2.0,False,Mixed,0.1515,3,Other
204,2026-01-03 17:00:00,digital_ad,13,0.38461538461538464,2.0,1,6,0.16666666666666666,16.0,1,1,0.0,151.0,1,10,0.3,45.0,1,2,0.0,114.0,1,5,cardiology,high_value,TERR_49,private_practice,2.0,False,Mixed,0.1152,4,Other
205,2026-01-03 17:00:00,rep_visit,4,0.0,29.0,1,4,0.5,24.0,1,4,0.25,47.0,1,2,0.0,15.0,1,4,0.0,58.0,1,5,dermatology,low_value,TERR_17,private_practice,2.3,False,Mixed,0.489,0,Primary
205,2026-01-03 17:00:00,webinar,4,0.0,29.0,1,4,0.5,24.0,1,4,0.25,47.0,1,2,0.0,15.0,1,4,0.0,58.0,1,5,dermatology,low_value,TERR_17,private_practice,2.3,False,Mixed,0.2849,1,Secondary
205,2026-01-03 17:00:00,phone_call,4,0.0,29.0,1,4,0.5,24.0,1,4,0.25,47.0,1,2,0.0,15.0,1,4,0.0,58.0,1,5,dermatology,low_value,TERR_17,private_practice,2.3,False,Mixed,0.222,2,Supporting
205,2026-01-03 17:00:00,email,4,0.0,29.0,1,4,0.5,24.0,1,4,0.25,47.0,1,2,0.0,15.0,1,4,0.0,58.0,1,5,dermatology,low_value,TERR_17,private_practice,2.3,False,Mixed,0.1527,3,Other
205,2026-01-03 17:00:00,digital_ad,4,0.0,29.0,1,4,0.5,24.0,1,4,0.25,47.0,1,2,0.0,15.0,1,4,0.0,58.0,1,5,dermatology,low_value,TERR_17,private_practice,2.3,False,Mixed,0.0782,4,Other
206,2026-01-03 17:00:00,rep_visit,0,0.0,,0,1,0.0,267.0,1,6,0.16666666666666666,72.0,1,0,0.0,,0,6,0.16666666666666666,179.0,1,3,cardiology,low_value,TERR_47,clinic,1.9,False,Digital-Heavy,0.5887,0,Primary
206,2026-01-03 17:00:00,phone_call,0,0.0,,0,1,0.0,267.0,1,6,0.16666666666666666,72.0,1,0,0.0,,0,6,0.16666666666666666,179.0,1,3,cardiology,low_value,TERR_47,clinic,1.9,False,Digital-Heavy,0.3252,1,Secondary
206,2026-01-03 17:00:00,webinar,0,0.0,,0,1,0.0,267.0,1,6,0.16666666666666666,72.0,1,0,0.0,,0,6,0.16666666666666666,179.0,1,3,cardiology,low_value,TERR_47,clinic,1.9,False,Digital-Heavy,0.2693,2,Supporting
206,2026-01-03 17:00:00,email,0,0.0,,0,1,0.0,267.0,1,6,0.16666666666666666,72.0,1,0,0.0,,0,6,0.16666666666666666,179.0,1,3,cardiology,low_value,TERR_47,clinic,1.9,False,Digital-Heavy,0.2002,3,Other
206,2026-01-03 17:00:00,digital_ad,0,0.0,,0,1,0.0,267.0,1,6,0.16666666666666666,72.0,1,0,0.0,,0,6,0.16666666666666666,179.0,1,3,cardiology,low_value,TERR_47,clinic,1.9,False,Digital-Heavy,0.1601,4,Other
207,2026-01-03 17:00:00,rep_visit,2,0.0,66.0,1,3,0.3333333333333333,16.0,1,17,0.6470588235294118,40.0,1,1,1.0,184.0,1,5,0.4,2.0,1,5,primary_care,medium_value,TERR_28,clinic,0.5,False,Mixed,0.3386,0,Primary
207,2026-01-03 17:00:00,phone_call,2,0.0,66.0,1,3,0.3333333333333333,16.0,1,17,0.6470588235294118,40.0,1,1,1.0,184.0,1,5,0.4,2.0,1,5,primary_care,medium_value,TERR_28,clinic,0.5,False,Mixed,0.1665,1,Secondary
207,2026-01-03 17:00:00,webinar,2,0.0,66.0,1,3,0.3333333333333333,16.0,1,17,0.6470588235294118,40.0,1,1,1.0,184.0,1,5,0.4,2.0,1,5,primary_care,medium_value,TERR_28,clinic,0.5,False,Mixed,0.1618,2,Supporting
207,2026-01-03 17:00:00,digital_ad,2,0.0,66.0,1,3,0.3333333333333333,16.0,1,17,0.6470588235294118,40.0,1,1,1.0,184.0,1,5,0.4,2.0,1,5,primary_care,medium_value,TERR_28,clinic,0.5,False,Mixed,0.1136,3,Other
207,2026-01-03 17:00:00,email,2,0.0,66.0,1,3,0.3333333333333333,16.0,1,17,0.6470588235294118,40.0,1,1,1.0,184.0,1,5,0.4,2.0,1,5,primary_care,medium_value,TERR_28,clinic,0.5,False,Mixed,0.1121,4,Other
208,2026-01-03 17:00:00,rep_visit,7,0.14285714285714285,53.0,1,5,0.2,2.0,1,2,1.0,124.0,1,4,0.0,36.0,1,7,0.14285714285714285,8.0,1,5,primary_care,low_value,TERR_42,private_practice,0.5,False,In-Person-Heavy,0.2553,0,Primary
208,2026-01-03 17:00:00,webinar,7,0.14285714285714285,53.0,1,5,0.2,2.0,1,2,1.0,124.0,1,4,0.0,36.0,1,7,0.14285714285714285,8.0,1,5,primary_care,low_value,TERR_42,private_practice,0.5,False,In-Person-Heavy,0.1335,1,Secondary
208,2026-01-03 17:00:00,email,7,0.14285714285714285,53.0,1,5,0.2,2.0,1,2,1.0,124.0,1,4,0.0,36.0,1,7,0.14285714285714285,8.0,1,5,primary_care,low_value,TERR_42,private_practice,0.5,False,In-Person-Heavy,0.1261,2,Supporting
208,2026-01-03 17:00:00,phone_call,7,0.14285714285714285,53.0,1,5,0.2,2.0,1,2,1.0,124.0,1,4,0.0,36.0,1,7,0.14285714285714285,8.0,1,5,primary_care,low_value,TERR_42,private_practice,0.5,False,In-Person-Heavy,0.1199,3,Other
208,2026-01-03 17:00:00,digital_ad,7,0.14285714285714285,53.0,1,5,0.2,2.0,1,2,1.0,124.0,1,4,0.0,36.0,1,7,0.14285714285714285,8.0,1,5,primary_care,low_value,TERR_42,private_practice,0.5,False,In-Person-Heavy,0.0793,4,Other
209,2026-01-03 17:00:00,rep_visit,2,0.0,103.0,1,5,0.2,31.0,1,11,0.2727272727272727,12.0,1,2,0.0,157.0,1,12,0.4166666666666667,39.0,1,5,primary_care,high_value,TERR_08,private_practice,1.0,False,Mixed,0.3728,0,Primary
209,2026-01-03 17:00:00,phone_call,2,0.0,103.0,1,5,0.2,31.0,1,11,0.2727272727272727,12.0,1,2,0.0,157.0,1,12,0.4166666666666667,39.0,1,5,primary_care,high_value,TERR_08,private_practice,1.0,False,Mixed,0.2448,1,Secondary
209,2026-01-03 17:00:00,webinar,2,0.0,103.0,1,5,0.2,31.0,1,11,0.2727272727272727,12.0,1,2,0.0,157.0,1,12,0.4166666666666667,39.0,1,5,primary_care,high_value,TERR_08,private_practice,1.0,False,Mixed,0.1906,2,Supporting
209,2026-01-03 17:00:00,email,2,0.0,103.0,1,5,0.2,31.0,1,11,0.2727272727272727,12.0,1,2,0.0,157.0,1,12,0.4166666666666667,39.0,1,5,primary_care,high_value,TERR_08,private_practice,1.0,False,Mixed,0.1306,3,Other
209,2026-01-03 17:00:00,digital_ad,2,0.0,103.0,1,5,0.2,31.0,1,11,0.2727272727272727,12.0,1,2,0.0,157.0,1,12,0.4166666666666667,39.0,1,5,primary_care,high_value,TERR_08,private_practice,1.0,False,Mixed,0.0906,4,Other
210,2026-01-03 17:00:00,rep_visit,5,0.2,8.0,1,5,0.2,24.0,1,7,0.8571428571428571,4.0,1,0,0.0,,0,8,0.5,39.0,1,4,oncology,medium_value,TERR_48,cancer_center,0.5,False,Digital-Heavy,0.393,0,Primary
210,2026-01-03 17:00:00,phone_call,5,0.2,8.0,1,5,0.2,24.0,1,7,0.8571428571428571,4.0,1,0,0.0,,0,8,0.5,39.0,1,4,oncology,medium_value,TERR_48,cancer_center,0.5,False,Digital-Heavy,0.1571,1,Secondary
210,2026-01-03 17:00:00,webinar,5,0.2,8.0,1,5,0.2,24.0,1,7,0.8571428571428571,4.0,1,0,0.0,,0,8,0.5,39.0,1,4,oncology,medium_value,TERR_48,cancer_center,0.5,False,Digital-Heavy,0.1541,2,Supporting
210,2026-01-03 17:00:00,email,5,0.2,8.0,1,5,0.2,24.0,1,7,0.8571428571428571,4.0,1,0,0.0,,0,8,0.5,39.0,1,4,oncology,medium_value,TERR_48,cancer_center,0.5,False,Digital-Heavy,0.1247,3,Other
210,2026-01-03 17:00:00,digital_ad,5,0.2,8.0,1,5,0.2,24.0,1,7,0.8571428571428571,4.0,1,0,0.0,,0,8,0.5,39.0,1,4,oncology,medium_value,TERR_48,cancer_center,0.5,False,Digital-Heavy,0.0976,4,Other
211,2026-01-03 17:00:00,rep_visit,6,0.0,2.0,1,3,0.6666666666666666,9.0,1,2,1.0,166.0,1,2,0.0,229.0,1,2,0.5,201.0,1,5,endocrinology,low_value,TERR_29,private_practice,0.5,False,Mixed,0.2111,0,Primary
211,2026-01-03 17:00:00,webinar,6,0.0,2.0,1,3,0.6666666666666666,9.0,1,2,1.0,166.0,1,2,0.0,229.0,1,2,0.5,201.0,1,5,endocrinology,low_value,TERR_29,private_practice,0.5,False,Mixed,0.1665,1,Secondary
211,2026-01-03 17:00:00,phone_call,6,0.0,2.0,1,3,0.6666666666666666,9.0,1,2,1.0,166.0,1,2,0.0,229.0,1,2,0.5,201.0,1,5,endocrinology,low_value,TERR_29,private_practice,0.5,False,Mixed,0.1496,2,Supporting
211,2026-01-03 17:00:00,email,6,0.0,2.0,1,3,0.6666666666666666,9.0,1,2,1.0,166.0,1,2,0.0,229.0,1,2,0.5,201.0,1,5,endocrinology,low_value,TERR_29,private_practice,0.5,False,Mixed,0.1379,3,Other
211,2026-01-03 17:00:00,digital_ad,6,0.0,2.0,1,3,0.6666666666666666,9.0,1,2,1.0,166.0,1,2,0.0,229.0,1,2,0.5,201.0,1,5,endocrinology,low_value,TERR_29,private_practice,0.5,False,Mixed,0.1295,4,Other
212,2026-01-03 17:00:00,rep_visit,10,0.2,36.0,1,2,0.0,116.0,1,5,0.2,26.0,1,6,0.0,8.0,1,11,0.0,71.0,1,5,oncology,high_value,TERR_33,cancer_center,0.5,False,Digital-Heavy,0.3021,0,Primary
212,2026-01-03 17:00:00,webinar,10,0.2,36.0,1,2,0.0,116.0,1,5,0.2,26.0,1,6,0.0,8.0,1,11,0.0,71.0,1,5,oncology,high_value,TERR_33,cancer_center,0.5,False,Digital-Heavy,0.145,1,Secondary
212,2026-01-03 17:00:00,phone_call,10,0.2,36.0,1,2,0.0,116.0,1,5,0.2,26.0,1,6,0.0,8.0,1,11,0.0,71.0,1,5,oncology,high_value,TERR_33,cancer_center,0.5,False,Digital-Heavy,0.1308,2,Supporting
212,2026-01-03 17:00:00,email,10,0.2,36.0,1,2,0.0,116.0,1,5,0.2,26.0,1,6,0.0,8.0,1,11,0.0,71.0,1,5,oncology,high_value,TERR_33,cancer_center,0.5,False,Digital-Heavy,0.1306,3,Other
212,2026-01-03 17:00:00,digital_ad,10,0.2,36.0,1,2,0.0,116.0,1,5,0.2,26.0,1,6,0.0,8.0,1,11,0.0,71.0,1,5,oncology,high_value,TERR_33,cancer_center,0.5,False,Digital-Heavy,0.0813,4,Other
213,2026-01-03 17:00:00,rep_visit,8,0.125,15.0,1,5,0.4,22.0,1,12,0.25,44.0,1,4,0.0,32.0,1,6,0.5,66.0,1,5,cardiology,high_value,TERR_13,clinic,2.4,False,Digital-Heavy,0.3279,0,Primary
213,2026-01-03 17:00:00,webinar,8,0.125,15.0,1,5,0.4,22.0,1,12,0.25,44.0,1,4,0.0,32.0,1,6,0.5,66.0,1,5,cardiology,high_value,TERR_13,clinic,2.4,False,Digital-Heavy,0.2648,1,Secondary
213,2026-01-03 17:00:00,phone_call,8,0.125,15.0,1,5,0.4,22.0,1,12,0.25,44.0,1,4,0.0,32.0,1,6,0.5,66.0,1,5,cardiology,high_value,TERR_13,clinic,2.4,False,Digital-Heavy,0.2486,2,Supporting
213,2026-01-03 17:00:00,email,8,0.125,15.0,1,5,0.4,22.0,1,12,0.25,44.0,1,4,0.0,32.0,1,6,0.5,66.0,1,5,cardiology,high_value,TERR_13,clinic,2.4,False,Digital-Heavy,0.1606,3,Other
213,2026-01-03 17:00:00,digital_ad,8,0.125,15.0,1,5,0.4,22.0,1,12,0.25,44.0,1,4,0.0,32.0,1,6,0.5,66.0,1,5,cardiology,high_value,TERR_13,clinic,2.4,False,Digital-Heavy,0.1085,4,Other
214,2026-01-03 17:00:00,rep_visit,0,0.0,,0,3,0.6666666666666666,94.0,1,10,0.5,44.0,1,1,1.0,235.0,1,0,0.0,,0,3,dermatology,medium_value,TERR_27,clinic,2.4,True,Mixed,0.5929,0,Primary
214,2026-01-03 17:00:00,webinar,0,0.0,,0,3,0.6666666666666666,94.0,1,10,0.5,44.0,1,1,1.0,235.0,1,0,0.0,,0,3,dermatology,medium_value,TERR_27,clinic,2.4,True,Mixed,0.3665,1,Secondary
214,2026-01-03 17:00:00,phone_call,0,0.0,,0,3,0.6666666666666666,94.0,1,10,0.5,44.0,1,1,1.0,235.0,1,0,0.0,,0,3,dermatology,medium_value,TERR_27,clinic,2.4,True,Mixed,0.3464,2,Supporting
214,2026-01-03 17:00:00,email,0,0.0,,0,3,0.6666666666666666,94.0,1,10,0.5,44.0,1,1,1.0,235.0,1,0,0.0,,0,3,dermatology,medium_value,TERR_27,clinic,2.4,True,Mixed,0.235,3,Other
214,2026-01-03 17:00:00,digital_ad,0,0.0,,0,3,0.6666666666666666,94.0,1,10,0.5,44.0,1,1,1.0,235.0,1,0,0.0,,0,3,dermatology,medium_value,TERR_27,clinic,2.4,True,Mixed,0.1812,4,Other
215,2026-01-03 17:00:00,rep_visit,3,0.3333333333333333,66.0,1,2,0.0,74.0,1,1,1.0,22.0,1,9,0.2222222222222222,44.0,1,4,0.0,86.0,1,5,endocrinology,medium_value,TERR_43,private_practice,1.1,False,Digital-Heavy,0.5027,0,Primary
215,2026-01-03 17:00:00,webinar,3,0.3333333333333333,66.0,1,2,0.0,74.0,1,1,1.0,22.0,1,9,0.2222222222222222,44.0,1,4,0.0,86.0,1,5,endocrinology,medium_value,TERR_43,private_practice,1.1,False,Digital-Heavy,0.2316,1,Secondary
215,2026-01-03 17:00:00,email,3,0.3333333333333333,66.0,1,2,0.0,74.0,1,1,1.0,22.0,1,9,0.2222222222222222,44.0,1,4,0.0,86.0,1,5,endocrinology,medium_value,TERR_43,private_practice,1.1,False,Digital-Heavy,0.2055,2,Supporting
215,2026-01-03 17:00:00,phone_call,3,0.3333333333333333,66.0,1,2,0.0,74.0,1,1,1.0,22.0,1,9,0.2222222222222222,44.0,1,4,0.0,86.0,1,5,endocrinology,medium_value,TERR_43,private_practice,1.1,False,Digital-Heavy,0.1962,3,Other
215,2026-01-03 17:00:00,digital_ad,3,0.3333333333333333,66.0,1,2,0.0,74.0,1,1,1.0,22.0,1,9,0.2222222222222222,44.0,1,4,0.0,86.0,1,5,endocrinology,medium_value,TERR_43,private_practice,1.1,False,Digital-Heavy,0.0958,4,Other
216,2026-01-03 17:00:00,rep_visit,3,0.0,162.0,1,6,0.3333333333333333,94.0,1,11,0.7272727272727273,31.0,1,1,0.0,36.0,1,7,0.14285714285714285,58.0,1,5,oncology,medium_value,TERR_29,private_practice,1.3,False,In-Person-Heavy,0.6819,0,Primary
216,2026-01-03 17:00:00,webinar,3,0.0,162.0,1,6,0.3333333333333333,94.0,1,11,0.7272727272727273,31.0,1,1,0.0,36.0,1,7,0.14285714285714285,58.0,1,5,oncology,medium_value,TERR_29,private_practice,1.3,False,In-Person-Heavy,0.3019,1,Secondary
216,2026-01-03 17:00:00,phone_call,3,0.0,162.0,1,6,0.3333333333333333,94.0,1,11,0.7272727272727273,31.0,1,1,0.0,36.0,1,7,0.14285714285714285,58.0,1,5,oncology,medium_value,TERR_29,private_practice,1.3,False,In-Person-Heavy,0.2842,2,Supporting
216,2026-01-03 17:00:00,email,3,0.0,162.0,1,6,0.3333333333333333,94.0,1,11,0.7272727272727273,31.0,1,1,0.0,36.0,1,7,0.14285714285714285,58.0,1,5,oncology,medium_value,TERR_29,private_practice,1.3,False,In-Person-Heavy,0.1669,3,Other
216,2026-01-03 17:00:00,digital_ad,3,0.0,162.0,1,6,0.3333333333333333,94.0,1,11,0.7272727272727273,31.0,1,1,0.0,36.0,1,7,0.14285714285714285,58.0,1,5,oncology,medium_value,TERR_29,private_practice,1.3,False,In-Person-Heavy,0.102,4,Other
217,2026-01-03 17:00:00,rep_visit,3,0.0,88.0,1,6,0.6666666666666666,19.0,1,4,0.5,75.0,1,2,0.0,54.0,1,6,0.16666666666666666,47.0,1,5,oncology,medium_value,TERR_31,hospital,2.8,False,In-Person-Heavy,0.6307,0,Primary
217,2026-01-03 17:00:00,webinar,3,0.0,88.0,1,6,0.6666666666666666,19.0,1,4,0.5,75.0,1,2,0.0,54.0,1,6,0.16666666666666666,47.0,1,5,oncology,medium_value,TERR_31,hospital,2.8,False,In-Person-Heavy,0.309,1,Secondary
217,2026-01-03 17:00:00,phone_call,3,0.0,88.0,1,6,0.6666666666666666,19.0,1,4,0.5,75.0,1,2,0.0,54.0,1,6,0.16666666666666666,47.0,1,5,oncology,medium_value,TERR_31,hospital,2.8,False,In-Person-Heavy,0.2778,2,Supporting
217,2026-01-03 17:00:00,email,3,0.0,88.0,1,6,0.6666666666666666,19.0,1,4,0.5,75.0,1,2,0.0,54.0,1,6,0.16666666666666666,47.0,1,5,oncology,medium_value,TERR_31,hospital,2.8,False,In-Person-Heavy,0.1599,3,Other
217,2026-01-03 17:00:00,digital_ad,3,0.0,88.0,1,6,0.6666666666666666,19.0,1,4,0.5,75.0,1,2,0.0,54.0,1,6,0.16666666666666666,47.0,1,5,oncology,medium_value,TERR_31,hospital,2.8,False,In-Person-Heavy,0.0906,4,Other
218,2026-01-03 17:00:00,rep_visit,10,0.3,54.0,1,2,0.0,11.0,1,3,0.3333333333333333,16.0,1,8,0.125,25.0,1,2,1.0,227.0,1,5,endocrinology,medium_value,TERR_48,private_practice,1.3,False,Mixed,0.3304,0,Primary
218,2026-01-03 17:00:00,phone_call,10,0.3,54.0,1,2,0.0,11.0,1,3,0.3333333333333333,16.0,1,8,0.125,25.0,1,2,1.0,227.0,1,5,endocrinology,medium_value,TERR_48,private_practice,1.3,False,Mixed,0.243,1,Secondary
218,2026-01-03 17:00:00,webinar,10,0.3,54.0,1,2,0.0,11.0,1,3,0.3333333333333333,16.0,1,8,0.125,25.0,1,2,1.0,227.0,1,5,endocrinology,medium_value,TERR_48,private_practice,1.3,False,Mixed,0.2387,2,Supporting
218,2026-01-03 17:00:00,email,10,0.3,54.0,1,2,0.0,11.0,1,3,0.3333333333333333,16.0,1,8,0.125,25.0,1,2,1.0,227.0,1,5,endocrinology,medium_value,TERR_48,private_practice,1.3,False,Mixed,0.2097,3,Other
218,2026-01-03 17:00:00,digital_ad,10,0.3,54.0,1,2,0.0,11.0,1,3,0.3333333333333333,16.0,1,8,0.125,25.0,1,2,1.0,227.0,1,5,endocrinology,medium_value,TERR_48,private_practice,1.3,False,Mixed,0.1149,4,Other
219,2026-01-03 17:00:00,rep_visit,7,0.2857142857142857,31.0,1,3,0.3333333333333333,9.0,1,5,0.6,66.0,1,0,0.0,,0,5,0.0,24.0,1,4,cardiology,low_value,TERR_15,hospital,2.7,False,Digital-Heavy,0.5272,0,Primary
219,2026-01-03 17:00:00,webinar,7,0.2857142857142857,31.0,1,3,0.3333333333333333,9.0,1,5,0.6,66.0,1,0,0.0,,0,5,0.0,24.0,1,4,cardiology,low_value,TERR_15,hospital,2.7,False,Digital-Heavy,0.2082,1,Secondary
219,2026-01-03 17:00:00,phone_call,7,0.2857142857142857,31.0,1,3,0.3333333333333333,9.0,1,5,0.6,66.0,1,0,0.0,,0,5,0.0,24.0,1,4,cardiology,low_value,TERR_15,hospital,2.7,False,Digital-Heavy,0.1843,2,Supporting
219,2026-01-03 17:00:00,email,7,0.2857142857142857,31.0,1,3,0.3333333333333333,9.0,1,5,0.6,66.0,1,0,0.0,,0,5,0.0,24.0,1,4,cardiology,low_value,TERR_15,hospital,2.7,False,Digital-Heavy,0.1335,3,Other
219,2026-01-03 17:00:00,digital_ad,7,0.2857142857142857,31.0,1,3,0.3333333333333333,9.0,1,5,0.6,66.0,1,0,0.0,,0,5,0.0,24.0,1,4,cardiology,low_value,TERR_15,hospital,2.7,False,Digital-Heavy,0.0964,4,Other
220,2026-01-03 17:00:00,rep_visit,11,0.36363636363636365,24.0,1,6,0.3333333333333333,2.0,1,1,0.0,285.0,1,10,0.0,16.0,1,4,0.75,67.0,1,5,dermatology,high_value,TERR_32,private_practice,1.4,False,Digital-Heavy,0.1979,0,Primary
220,2026-01-03 17:00:00,phone_call,11,0.36363636363636365,24.0,1,6,0.3333333333333333,2.0,1,1,0.0,285.0,1,10,0.0,16.0,1,4,0.75,67.0,1,5,dermatology,high_value,TERR_32,private_practice,1.4,False,Digital-Heavy,0.1959,1,Secondary
220,2026-01-03 17:00:00,webinar,11,0.36363636363636365,24.0,1,6,0.3333333333333333,2.0,1,1,0.0,285.0,1,10,0.0,16.0,1,4,0.75,67.0,1,5,dermatology,high_value,TERR_32,private_practice,1.4,False,Digital-Heavy,0.1764,2,Supporting
220,2026-01-03 17:00:00,email,11,0.36363636363636365,24.0,1,6,0.3333333333333333,2.0,1,1,0.0,285.0,1,10,0.0,16.0,1,4,0.75,67.0,1,5,dermatology,high_value,TERR_32,private_practice,1.4,False,Digital-Heavy,0.1748,3,Other
220,2026-01-03 17:00:00,digital_ad,11,0.36363636363636365,24.0,1,6,0.3333333333333333,2.0,1,1,0.0,285.0,1,10,0.0,16.0,1,4,0.75,67.0,1,5,dermatology,high_value,TERR_32,private_practice,1.4,False,Digital-Heavy,0.1039,4,Other
221,2026-01-03 17:00:00,phone_call,10,0.1,10.0,1,4,0.25,33.0,1,2,0.0,159.0,1,11,0.09090909090909091,26.0,1,4,1.0,45.0,1,5,oncology,high_value,TERR_01,private_practice,6.0,False,Digital-Heavy,0.2482,0,Primary
221,2026-01-03 17:00:00,rep_visit,10,0.1,10.0,1,4,0.25,33.0,1,2,0.0,159.0,1,11,0.09090909090909091,26.0,1,4,1.0,45.0,1,5,oncology,high_value,TERR_01,private_practice,6.0,False,Digital-Heavy,0.2298,1,Secondary
221,2026-01-03 17:00:00,webinar,10,0.1,10.0,1,4,0.25,33.0,1,2,0.0,159.0,1,11,0.09090909090909091,26.0,1,4,1.0,45.0,1,5,oncology,high_value,TERR_01,private_practice,6.0,False,Digital-Heavy,0.2112,2,Supporting
221,2026-01-03 17:00:00,email,10,0.1,10.0,1,4,0.25,33.0,1,2,0.0,159.0,1,11,0.09090909090909091,26.0,1,4,1.0,45.0,1,5,oncology,high_value,TERR_01,private_practice,6.0,False,Digital-Heavy,0.1516,3,Other
221,2026-01-03 17:00:00,digital_ad,10,0.1,10.0,1,4,0.25,33.0,1,2,0.0,159.0,1,11,0.09090909090909091,26.0,1,4,1.0,45.0,1,5,oncology,high_value,TERR_01,private_practice,6.0,False,Digital-Heavy,0.0866,4,Other
222,2026-01-03 17:00:00,rep_visit,4,0.0,4.0,1,1,0.0,271.0,1,1,0.0,339.0,1,3,0.0,72.0,1,7,0.2857142857142857,16.0,1,5,oncology,low_value,TERR_14,hospital,2.0,False,In-Person-Heavy,0.1626,0,Primary
222,2026-01-03 17:00:00,phone_call,4,0.0,4.0,1,1,0.0,271.0,1,1,0.0,339.0,1,3,0.0,72.0,1,7,0.2857142857142857,16.0,1,5,oncology,low_value,TERR_14,hospital,2.0,False,In-Person-Heavy,0.1301,1,Secondary
222,2026-01-03 17:00:00,webinar,4,0.0,4.0,1,1,0.0,271.0,1,1,0.0,339.0,1,3,0.0,72.0,1,7,0.2857142857142857,16.0,1,5,oncology,low_value,TERR_14,hospital,2.0,False,In-Person-Heavy,0.1213,2,Supporting
222,2026-01-03 17:00:00,email,4,0.0,4.0,1,1,0.0,271.0,1,1,0.0,339.0,1,3,0.0,72.0,1,7,0.2857142857142857,16.0,1,5,oncology,low_value,TERR_14,hospital,2.0,False,In-Person-Heavy,0.1103,3,Other
222,2026-01-03 17:00:00,digital_ad,4,0.0,4.0,1,1,0.0,271.0,1,1,0.0,339.0,1,3,0.0,72.0,1,7,0.2857142857142857,16.0,1,5,oncology,low_value,TERR_14,hospital,2.0,False,In-Person-Heavy,0.0844,4,Other
223,2026-01-03 17:00:00,rep_visit,4,0.5,142.0,1,3,1.0,8.0,1,12,0.4166666666666667,15.0,1,0,0.0,,0,16,0.1875,43.0,1,4,dermatology,high_value,TERR_29,private_practice,0.5,False,Digital-Heavy,0.5821,0,Primary
223,2026-01-03 17:00:00,webinar,4,0.5,142.0,1,3,1.0,8.0,1,12,0.4166666666666667,15.0,1,0,0.0,,0,16,0.1875,43.0,1,4,dermatology,high_value,TERR_29,private_practice,0.5,False,Digital-Heavy,0.3188,1,Secondary
223,2026-01-03 17:00:00,phone_call,4,0.5,142.0,1,3,1.0,8.0,1,12,0.4166666666666667,15.0,1,0,0.0,,0,16,0.1875,43.0,1,4,dermatology,high_value,TERR_29,private_practice,0.5,False,Digital-Heavy,0.3029,2,Supporting
223,2026-01-03 17:00:00,email,4,0.5,142.0,1,3,1.0,8.0,1,12,0.4166666666666667,15.0,1,0,0.0,,0,16,0.1875,43.0,1,4,dermatology,high_value,TERR_29,private_practice,0.5,False,Digital-Heavy,0.2184,3,Other
223,2026-01-03 17:00:00,digital_ad,4,0.5,142.0,1,3,1.0,8.0,1,12,0.4166666666666667,15.0,1,0,0.0,,0,16,0.1875,43.0,1,4,dermatology,high_value,TERR_29,private_practice,0.5,False,Digital-Heavy,0.1389,4,Other
224,2026-01-03 17:00:00,rep_visit,5,0.2,18.0,1,2,0.0,109.0,1,6,1.0,47.0,1,2,0.0,220.0,1,5,0.8,22.0,1,5,primary_care,high_value,TERR_11,private_practice,4.9,False,Digital-Heavy,0.5979,0,Primary
224,2026-01-03 17:00:00,phone_call,5,0.2,18.0,1,2,0.0,109.0,1,6,1.0,47.0,1,2,0.0,220.0,1,5,0.8,22.0,1,5,primary_care,high_value,TERR_11,private_practice,4.9,False,Digital-Heavy,0.3464,1,Secondary
224,2026-01-03 17:00:00,webinar,5,0.2,18.0,1,2,0.0,109.0,1,6,1.0,47.0,1,2,0.0,220.0,1,5,0.8,22.0,1,5,primary_care,high_value,TERR_11,private_practice,4.9,False,Digital-Heavy,0.2736,2,Supporting
224,2026-01-03 17:00:00,email,5,0.2,18.0,1,2,0.0,109.0,1,6,1.0,47.0,1,2,0.0,220.0,1,5,0.8,22.0,1,5,primary_care,high_value,TERR_11,private_practice,4.9,False,Digital-Heavy,0.1628,3,Other
224,2026-01-03 17:00:00,digital_ad,5,0.2,18.0,1,2,0.0,109.0,1,6,1.0,47.0,1,2,0.0,220.0,1,5,0.8,22.0,1,5,primary_care,high_value,TERR_11,private_practice,4.9,False,Digital-Heavy,0.0974,4,Other
225,2026-01-03 17:00:00,rep_visit,1,0.0,164.0,1,4,0.0,5.0,1,6,0.5,80.0,1,1,0.0,17.0,1,5,0.6,85.0,1,5,oncology,medium_value,TERR_29,hospital,2.9,False,Digital-Heavy,0.3537,0,Primary
225,2026-01-03 17:00:00,webinar,1,0.0,164.0,1,4,0.0,5.0,1,6,0.5,80.0,1,1,0.0,17.0,1,5,0.6,85.0,1,5,oncology,medium_value,TERR_29,hospital,2.9,False,Digital-Heavy,0.2022,1,Secondary
225,2026-01-03 17:00:00,phone_call,1,0.0,164.0,1,4,0.0,5.0,1,6,0.5,80.0,1,1,0.0,17.0,1,5,0.6,85.0,1,5,oncology,medium_value,TERR_29,hospital,2.9,False,Digital-Heavy,0.1978,2,Supporting
225,2026-01-03 17:00:00,email,1,0.0,164.0,1,4,0.0,5.0,1,6,0.5,80.0,1,1,0.0,17.0,1,5,0.6,85.0,1,5,oncology,medium_value,TERR_29,hospital,2.9,False,Digital-Heavy,0.128,3,Other
225,2026-01-03 17:00:00,digital_ad,1,0.0,164.0,1,4,0.0,5.0,1,6,0.5,80.0,1,1,0.0,17.0,1,5,0.6,85.0,1,5,oncology,medium_value,TERR_29,hospital,2.9,False,Digital-Heavy,0.1111,4,Other
226,2026-01-03 17:00:00,rep_visit,6,0.0,121.0,1,4,0.0,44.0,1,13,0.6153846153846154,1.0,1,0,0.0,,0,12,0.75,16.0,1,4,cardiology,medium_value,TERR_14,private_practice,6.8,False,Digital-Heavy,0.3942,0,Primary
226,2026-01-03 17:00:00,phone_call,6,0.0,121.0,1,4,0.0,44.0,1,13,0.6153846153846154,1.0,1,0,0.0,,0,12,0.75,16.0,1,4,cardiology,medium_value,TERR_14,private_practice,6.8,False,Digital-Heavy,0.2955,1,Secondary
226,2026-01-03 17:00:00,webinar,6,0.0,121.0,1,4,0.0,44.0,1,13,0.6153846153846154,1.0,1,0,0.0,,0,12,0.75,16.0,1,4,cardiology,medium_value,TERR_14,private_practice,6.8,False,Digital-Heavy,0.2169,2,Supporting
226,2026-01-03 17:00:00,email,6,0.0,121.0,1,4,0.0,44.0,1,13,0.6153846153846154,1.0,1,0,0.0,,0,12,0.75,16.0,1,4,cardiology,medium_value,TERR_14,private_practice,6.8,False,Digital-Heavy,0.1586,3,Other
226,2026-01-03 17:00:00,digital_ad,6,0.0,121.0,1,4,0.0,44.0,1,13,0.6153846153846154,1.0,1,0,0.0,,0,12,0.75,16.0,1,4,cardiology,medium_value,TERR_14,private_practice,6.8,False,Digital-Heavy,0.114,4,Other
227,2026-01-03 17:00:00,rep_visit,9,0.4444444444444444,60.0,1,5,0.2,93.0,1,1,0.0,101.0,1,13,0.15384615384615385,5.0,1,7,0.0,9.0,1,5,cardiology,medium_value,TERR_21,private_practice,1.0,False,In-Person-Heavy,0.1911,0,Primary
227,2026-01-03 17:00:00,email,9,0.4444444444444444,60.0,1,5,0.2,93.0,1,1,0.0,101.0,1,13,0.15384615384615385,5.0,1,7,0.0,9.0,1,5,cardiology,medium_value,TERR_21,private_practice,1.0,False,In-Person-Heavy,0.1658,1,Secondary
227,2026-01-03 17:00:00,webinar,9,0.4444444444444444,60.0,1,5,0.2,93.0,1,1,0.0,101.0,1,13,0.15384615384615385,5.0,1,7,0.0,9.0,1,5,cardiology,medium_value,TERR_21,private_practice,1.0,False,In-Person-Heavy,0.1408,2,Supporting
227,2026-01-03 17:00:00,phone_call,9,0.4444444444444444,60.0,1,5,0.2,93.0,1,1,0.0,101.0,1,13,0.15384615384615385,5.0,1,7,0.0,9.0,1,5,cardiology,medium_value,TERR_21,private_practice,1.0,False,In-Person-Heavy,0.1326,3,Other
227,2026-01-03 17:00:00,digital_ad,9,0.4444444444444444,60.0,1,5,0.2,93.0,1,1,0.0,101.0,1,13,0.15384615384615385,5.0,1,7,0.0,9.0,1,5,cardiology,medium_value,TERR_21,private_practice,1.0,False,In-Person-Heavy,0.0821,4,Other
228,2026-01-03 17:00:00,rep_visit,4,0.25,89.0,1,3,0.6666666666666666,109.0,1,5,0.0,45.0,1,4,0.0,4.0,1,4,0.5,33.0,1,5,dermatology,high_value,TERR_05,clinic,1.1,False,Mixed,0.3033,0,Primary
228,2026-01-03 17:00:00,webinar,4,0.25,89.0,1,3,0.6666666666666666,109.0,1,5,0.0,45.0,1,4,0.0,4.0,1,4,0.5,33.0,1,5,dermatology,high_value,TERR_05,clinic,1.1,False,Mixed,0.1388,1,Secondary
228,2026-01-03 17:00:00,phone_call,4,0.25,89.0,1,3,0.6666666666666666,109.0,1,5,0.0,45.0,1,4,0.0,4.0,1,4,0.5,33.0,1,5,dermatology,high_value,TERR_05,clinic,1.1,False,Mixed,0.1337,2,Supporting
228,2026-01-03 17:00:00,email,4,0.25,89.0,1,3,0.6666666666666666,109.0,1,5,0.0,45.0,1,4,0.0,4.0,1,4,0.5,33.0,1,5,dermatology,high_value,TERR_05,clinic,1.1,False,Mixed,0.09,3,Other
228,2026-01-03 17:00:00,digital_ad,4,0.25,89.0,1,3,0.6666666666666666,109.0,1,5,0.0,45.0,1,4,0.0,4.0,1,4,0.5,33.0,1,5,dermatology,high_value,TERR_05,clinic,1.1,False,Mixed,0.0746,4,Other
229,2026-01-03 17:00:00,rep_visit,8,0.0,47.0,1,3,0.6666666666666666,11.0,1,1,1.0,276.0,1,10,0.0,25.0,1,4,0.5,75.0,1,5,cardiology,low_value,TERR_49,private_practice,0.6,False,Digital-Heavy,0.346,0,Primary
229,2026-01-03 17:00:00,webinar,8,0.0,47.0,1,3,0.6666666666666666,11.0,1,1,1.0,276.0,1,10,0.0,25.0,1,4,0.5,75.0,1,5,cardiology,low_value,TERR_49,private_practice,0.6,False,Digital-Heavy,0.196,1,Secondary
229,2026-01-03 17:00:00,phone_call,8,0.0,47.0,1,3,0.6666666666666666,11.0,1,1,1.0,276.0,1,10,0.0,25.0,1,4,0.5,75.0,1,5,cardiology,low_value,TERR_49,private_practice,0.6,False,Digital-Heavy,0.1779,2,Supporting
229,2026-01-03 17:00:00,email,8,0.0,47.0,1,3,0.6666666666666666,11.0,1,1,1.0,276.0,1,10,0.0,25.0,1,4,0.5,75.0,1,5,cardiology,low_value,TERR_49,private_practice,0.6,False,Digital-Heavy,0.1541,3,Other
229,2026-01-03 17:00:00,digital_ad,8,0.0,47.0,1,3,0.6666666666666666,11.0,1,1,1.0,276.0,1,10,0.0,25.0,1,4,0.5,75.0,1,5,cardiology,low_value,TERR_49,private_practice,0.6,False,Digital-Heavy,0.0949,4,Other
230,2026-01-03 17:00:00,rep_visit,5,0.2,11.0,1,9,0.2222222222222222,2.0,1,4,0.5,95.0,1,8,0.0,26.0,1,9,0.1111111111111111,52.0,1,5,endocrinology,medium_value,TERR_27,clinic,1.8,False,In-Person-Heavy,0.2603,0,Primary
230,2026-01-03 17:00:00,webinar,5,0.2,11.0,1,9,0.2222222222222222,2.0,1,4,0.5,95.0,1,8,0.0,26.0,1,9,0.1111111111111111,52.0,1,5,endocrinology,medium_value,TERR_27,clinic,1.8,False,In-Person-Heavy,0.1545,1,Secondary
230,2026-01-03 17:00:00,phone_call,5,0.2,11.0,1,9,0.2222222222222222,2.0,1,4,0.5,95.0,1,8,0.0,26.0,1,9,0.1111111111111111,52.0,1,5,endocrinology,medium_value,TERR_27,clinic,1.8,False,In-Person-Heavy,0.1429,2,Supporting
230,2026-01-03 17:00:00,email,5,0.2,11.0,1,9,0.2222222222222222,2.0,1,4,0.5,95.0,1,8,0.0,26.0,1,9,0.1111111111111111,52.0,1,5,endocrinology,medium_value,TERR_27,clinic,1.8,False,In-Person-Heavy,0.1266,3,Other
230,2026-01-03 17:00:00,digital_ad,5,0.2,11.0,1,9,0.2222222222222222,2.0,1,4,0.5,95.0,1,8,0.0,26.0,1,9,0.1111111111111111,52.0,1,5,endocrinology,medium_value,TERR_27,clinic,1.8,False,In-Person-Heavy,0.0888,4,Other
231,2026-01-03 17:00:00,rep_visit,5,0.2,74.0,1,3,0.0,185.0,1,1,1.0,40.0,1,2,0.0,213.0,1,4,0.0,2.0,1,5,endocrinology,low_value,TERR_46,private_practice,1.8,False,In-Person-Heavy,0.2657,0,Primary
231,2026-01-03 17:00:00,webinar,5,0.2,74.0,1,3,0.0,185.0,1,1,1.0,40.0,1,2,0.0,213.0,1,4,0.0,2.0,1,5,endocrinology,low_value,TERR_46,private_practice,1.8,False,In-Person-Heavy,0.127,1,Secondary
231,2026-01-03 17:00:00,phone_call,5,0.2,74.0,1,3,0.0,185.0,1,1,1.0,40.0,1,2,0.0,213.0,1,4,0.0,2.0,1,5,endocrinology,low_value,TERR_46,private_practice,1.8,False,In-Person-Heavy,0.1205,2,Supporting
231,2026-01-03 17:00:00,email,5,0.2,74.0,1,3,0.0,185.0,1,1,1.0,40.0,1,2,0.0,213.0,1,4,0.0,2.0,1,5,endocrinology,low_value,TERR_46,private_practice,1.8,False,In-Person-Heavy,0.1053,3,Other
231,2026-01-03 17:00:00,digital_ad,5,0.2,74.0,1,3,0.0,185.0,1,1,1.0,40.0,1,2,0.0,213.0,1,4,0.0,2.0,1,5,endocrinology,low_value,TERR_46,private_practice,1.8,False,In-Person-Heavy,0.0635,4,Other
232,2026-01-03 17:00:00,rep_visit,6,0.0,78.0,1,4,0.25,45.0,1,3,1.0,5.0,1,4,0.25,67.0,1,5,0.0,9.0,1,5,endocrinology,low_value,TERR_44,private_practice,1.8,False,In-Person-Heavy,0.3078,0,Primary
232,2026-01-03 17:00:00,webinar,6,0.0,78.0,1,4,0.25,45.0,1,3,1.0,5.0,1,4,0.25,67.0,1,5,0.0,9.0,1,5,endocrinology,low_value,TERR_44,private_practice,1.8,False,In-Person-Heavy,0.1142,1,Secondary
232,2026-01-03 17:00:00,phone_call,6,0.0,78.0,1,4,0.25,45.0,1,3,1.0,5.0,1,4,0.25,67.0,1,5,0.0,9.0,1,5,endocrinology,low_value,TERR_44,private_practice,1.8,False,In-Person-Heavy,0.0979,2,Supporting
232,2026-01-03 17:00:00,email,6,0.0,78.0,1,4,0.25,45.0,1,3,1.0,5.0,1,4,0.25,67.0,1,5,0.0,9.0,1,5,endocrinology,low_value,TERR_44,private_practice,1.8,False,In-Person-Heavy,0.0878,3,Other
232,2026-01-03 17:00:00,digital_ad,6,0.0,78.0,1,4,0.25,45.0,1,3,1.0,5.0,1,4,0.25,67.0,1,5,0.0,9.0,1,5,endocrinology,low_value,TERR_44,private_practice,1.8,False,In-Person-Heavy,0.0593,4,Other
233,2026-01-03 17:00:00,rep_visit,4,0.5,121.0,1,3,0.3333333333333333,114.0,1,6,0.6666666666666666,15.0,1,4,0.0,25.0,1,4,0.0,106.0,1,5,endocrinology,high_value,TERR_20,hospital,7.8,False,Mixed,0.5912,0,Primary
233,2026-01-03 17:00:00,webinar,4,0.5,121.0,1,3,0.3333333333333333,114.0,1,6,0.6666666666666666,15.0,1,4,0.0,25.0,1,4,0.0,106.0,1,5,endocrinology,high_value,TERR_20,hospital,7.8,False,Mixed,0.301,1,Secondary
233,2026-01-03 17:00:00,phone_call,4,0.5,121.0,1,3,0.3333333333333333,114.0,1,6,0.6666666666666666,15.0,1,4,0.0,25.0,1,4,0.0,106.0,1,5,endocrinology,high_value,TERR_20,hospital,7.8,False,Mixed,0.2671,2,Supporting
233,2026-01-03 17:00:00,email,4,0.5,121.0,1,3,0.3333333333333333,114.0,1,6,0.6666666666666666,15.0,1,4,0.0,25.0,1,4,0.0,106.0,1,5,endocrinology,high_value,TERR_20,hospital,7.8,False,Mixed,0.188,3,Other
233,2026-01-03 17:00:00,digital_ad,4,0.5,121.0,1,3,0.3333333333333333,114.0,1,6,0.6666666666666666,15.0,1,4,0.0,25.0,1,4,0.0,106.0,1,5,endocrinology,high_value,TERR_20,hospital,7.8,False,Mixed,0.1065,4,Other
234,2026-01-03 17:00:00,rep_visit,5,0.4,53.0,1,0,0.0,,0,2,1.0,38.0,1,2,0.0,193.0,1,5,0.4,137.0,1,4,primary_care,low_value,TERR_22,private_practice,5.1,False,In-Person-Heavy,0.6235,0,Primary
234,2026-01-03 17:00:00,webinar,5,0.4,53.0,1,0,0.0,,0,2,1.0,38.0,1,2,0.0,193.0,1,5,0.4,137.0,1,4,primary_care,low_value,TERR_22,private_practice,5.1,False,In-Person-Heavy,0.3498,1,Secondary
234,2026-01-03 17:00:00,phone_call,5,0.4,53.0,1,0,0.0,,0,2,1.0,38.0,1,2,0.0,193.0,1,5,0.4,137.0,1,4,primary_care,low_value,TERR_22,private_practice,5.1,False,In-Person-Heavy,0.3396,2,Supporting
234,2026-01-03 17:00:00,email,5,0.4,53.0,1,0,0.0,,0,2,1.0,38.0,1,2,0.0,193.0,1,5,0.4,137.0,1,4,primary_care,low_value,TERR_22,private_practice,5.1,False,In-Person-Heavy,0.2843,3,Other
234,2026-01-03 17:00:00,digital_ad,5,0.4,53.0,1,0,0.0,,0,2,1.0,38.0,1,2,0.0,193.0,1,5,0.4,137.0,1,4,primary_care,low_value,TERR_22,private_practice,5.1,False,In-Person-Heavy,0.1027,4,Other
235,2026-01-03 17:00:00,rep_visit,3,0.0,19.0,1,6,0.3333333333333333,24.0,1,13,0.6923076923076923,75.0,1,3,0.0,109.0,1,9,0.5555555555555556,5.0,1,5,cardiology,high_value,TERR_18,clinic,8.4,False,In-Person-Heavy,0.3942,0,Primary
235,2026-01-03 17:00:00,phone_call,3,0.0,19.0,1,6,0.3333333333333333,24.0,1,13,0.6923076923076923,75.0,1,3,0.0,109.0,1,9,0.5555555555555556,5.0,1,5,cardiology,high_value,TERR_18,clinic,8.4,False,In-Person-Heavy,0.2054,1,Secondary
235,2026-01-03 17:00:00,webinar,3,0.0,19.0,1,6,0.3333333333333333,24.0,1,13,0.6923076923076923,75.0,1,3,0.0,109.0,1,9,0.5555555555555556,5.0,1,5,cardiology,high_value,TERR_18,clinic,8.4,False,In-Person-Heavy,0.1727,2,Supporting
235,2026-01-03 17:00:00,email,3,0.0,19.0,1,6,0.3333333333333333,24.0,1,13,0.6923076923076923,75.0,1,3,0.0,109.0,1,9,0.5555555555555556,5.0,1,5,cardiology,high_value,TERR_18,clinic,8.4,False,In-Person-Heavy,0.1377,3,Other
235,2026-01-03 17:00:00,digital_ad,3,0.0,19.0,1,6,0.3333333333333333,24.0,1,13,0.6923076923076923,75.0,1,3,0.0,109.0,1,9,0.5555555555555556,5.0,1,5,cardiology,high_value,TERR_18,clinic,8.4,False,In-Person-Heavy,0.0896,4,Other
236,2026-01-03 17:00:00,rep_visit,7,0.14285714285714285,10.0,1,2,0.5,149.0,1,0,0.0,,0,10,0.1,43.0,1,7,0.14285714285714285,1.0,1,4,cardiology,high_value,TERR_38,hospital,0.9,False,Digital-Heavy,0.1494,0,Primary
236,2026-01-03 17:00:00,webinar,7,0.14285714285714285,10.0,1,2,0.5,149.0,1,0,0.0,,0,10,0.1,43.0,1,7,0.14285714285714285,1.0,1,4,cardiology,high_value,TERR_38,hospital,0.9,False,Digital-Heavy,0.1181,1,Secondary
236,2026-01-03 17:00:00,email,7,0.14285714285714285,10.0,1,2,0.5,149.0,1,0,0.0,,0,10,0.1,43.0,1,7,0.14285714285714285,1.0,1,4,cardiology,high_value,TERR_38,hospital,0.9,False,Digital-Heavy,0.1143,2,Supporting
236,2026-01-03 17:00:00,phone_call,7,0.14285714285714285,10.0,1,2,0.5,149.0,1,0,0.0,,0,10,0.1,43.0,1,7,0.14285714285714285,1.0,1,4,cardiology,high_value,TERR_38,hospital,0.9,False,Digital-Heavy,0.1105,3,Other
236,2026-01-03 17:00:00,digital_ad,7,0.14285714285714285,10.0,1,2,0.5,149.0,1,0,0.0,,0,10,0.1,43.0,1,7,0.14285714285714285,1.0,1,4,cardiology,high_value,TERR_38,hospital,0.9,False,Digital-Heavy,0.0803,4,Other
237,2026-01-03 17:00:00,rep_visit,0,0.0,,0,1,0.0,309.0,1,3,1.0,9.0,1,0,0.0,,0,9,0.2222222222222222,131.0,1,3,cardiology,low_value,TERR_22,private_practice,4.5,False,In-Person-Heavy,0.6709,0,Primary
237,2026-01-03 17:00:00,phone_call,0,0.0,,0,1,0.0,309.0,1,3,1.0,9.0,1,0,0.0,,0,9,0.2222222222222222,131.0,1,3,cardiology,low_value,TERR_22,private_practice,4.5,False,In-Person-Heavy,0.3597,1,Secondary
237,2026-01-03 17:00:00,webinar,0,0.0,,0,1,0.0,309.0,1,3,1.0,9.0,1,0,0.0,,0,9,0.2222222222222222,131.0,1,3,cardiology,low_value,TERR_22,private_practice,4.5,False,In-Person-Heavy,0.2357,2,Supporting
237,2026-01-03 17:00:00,email,0,0.0,,0,1,0.0,309.0,1,3,1.0,9.0,1,0,0.0,,0,9,0.2222222222222222,131.0,1,3,cardiology,low_value,TERR_22,private_practice,4.5,False,In-Person-Heavy,0.1998,3,Other
237,2026-01-03 17:00:00,digital_ad,0,0.0,,0,1,0.0,309.0,1,3,1.0,9.0,1,0,0.0,,0,9,0.2222222222222222,131.0,1,3,cardiology,low_value,TERR_22,private_practice,4.5,False,In-Person-Heavy,0.1292,4,Other
238,2026-01-03 17:00:00,rep_visit,5,0.0,8.0,1,6,0.0,3.0,1,7,0.2857142857142857,44.0,1,0,0.0,,0,8,0.25,82.0,1,4,endocrinology,high_value,TERR_50,private_practice,0.5,False,In-Person-Heavy,0.3062,0,Primary
238,2026-01-03 17:00:00,phone_call,5,0.0,8.0,1,6,0.0,3.0,1,7,0.2857142857142857,44.0,1,0,0.0,,0,8,0.25,82.0,1,4,endocrinology,high_value,TERR_50,private_practice,0.5,False,In-Person-Heavy,0.1363,1,Secondary
238,2026-01-03 17:00:00,webinar,5,0.0,8.0,1,6,0.0,3.0,1,7,0.2857142857142857,44.0,1,0,0.0,,0,8,0.25,82.0,1,4,endocrinology,high_value,TERR_50,private_practice,0.5,False,In-Person-Heavy,0.1345,2,Supporting
238,2026-01-03 17:00:00,email,5,0.0,8.0,1,6,0.0,3.0,1,7,0.2857142857142857,44.0,1,0,0.0,,0,8,0.25,82.0,1,4,endocrinology,high_value,TERR_50,private_practice,0.5,False,In-Person-Heavy,0.1169,3,Other
238,2026-01-03 17:00:00,digital_ad,5,0.0,8.0,1,6,0.0,3.0,1,7,0.2857142857142857,44.0,1,0,0.0,,0,8,0.25,82.0,1,4,endocrinology,high_value,TERR_50,private_practice,0.5,False,In-Person-Heavy,0.0994,4,Other
239,2026-01-03 17:00:00,rep_visit,6,0.16666666666666666,40.0,1,1,0.0,143.0,1,5,0.0,44.0,1,1,0.0,16.0,1,4,0.25,80.0,1,5,oncology,low_value,TERR_38,cancer_center,0.5,False,Digital-Heavy,0.3904,0,Primary
239,2026-01-03 17:00:00,phone_call,6,0.16666666666666666,40.0,1,1,0.0,143.0,1,5,0.0,44.0,1,1,0.0,16.0,1,4,0.25,80.0,1,5,oncology,low_value,TERR_38,cancer_center,0.5,False,Digital-Heavy,0.2462,1,Secondary
239,2026-01-03 17:00:00,webinar,6,0.16666666666666666,40.0,1,1,0.0,143.0,1,5,0.0,44.0,1,1,0.0,16.0,1,4,0.25,80.0,1,5,oncology,low_value,TERR_38,cancer_center,0.5,False,Digital-Heavy,0.2433,2,Supporting
239,2026-01-03 17:00:00,email,6,0.16666666666666666,40.0,1,1,0.0,143.0,1,5,0.0,44.0,1,1,0.0,16.0,1,4,0.25,80.0,1,5,oncology,low_value,TERR_38,cancer_center,0.5,False,Digital-Heavy,0.1822,3,Other
239,2026-01-03 17:00:00,digital_ad,6,0.16666666666666666,40.0,1,1,0.0,143.0,1,5,0.0,44.0,1,1,0.0,16.0,1,4,0.25,80.0,1,5,oncology,low_value,TERR_38,cancer_center,0.5,False,Digital-Heavy,0.1078,4,Other
240,2026-01-03 17:00:00,rep_visit,3,0.0,229.0,1,1,0.0,113.0,1,9,0.5555555555555556,8.0,1,1,0.0,157.0,1,6,0.5,15.0,1,5,oncology,high_value,TERR_34,cancer_center,0.5,False,Digital-Heavy,0.4056,0,Primary
240,2026-01-03 17:00:00,phone_call,3,0.0,229.0,1,1,0.0,113.0,1,9,0.5555555555555556,8.0,1,1,0.0,157.0,1,6,0.5,15.0,1,5,oncology,high_value,TERR_34,cancer_center,0.5,False,Digital-Heavy,0.2836,1,Secondary
240,2026-01-03 17:00:00,webinar,3,0.0,229.0,1,1,0.0,113.0,1,9,0.5555555555555556,8.0,1,1,0.0,157.0,1,6,0.5,15.0,1,5,oncology,high_value,TERR_34,cancer_center,0.5,False,Digital-Heavy,0.1747,2,Supporting
240,2026-01-03 17:00:00,email,3,0.0,229.0,1,1,0.0,113.0,1,9,0.5555555555555556,8.0,1,1,0.0,157.0,1,6,0.5,15.0,1,5,oncology,high_value,TERR_34,cancer_center,0.5,False,Digital-Heavy,0.1295,3,Other
240,2026-01-03 17:00:00,digital_ad,3,0.0,229.0,1,1,0.0,113.0,1,9,0.5555555555555556,8.0,1,1,0.0,157.0,1,6,0.5,15.0,1,5,oncology,high_value,TERR_34,cancer_center,0.5,False,Digital-Heavy,0.0885,4,Other
241,2026-01-03 17:00:00,rep_visit,0,0.0,,0,3,0.6666666666666666,38.0,1,0,0.0,,0,5,0.0,169.0,1,0,0.0,,0,2,endocrinology,low_value,TERR_08,private_practice,5.5,True,Mixed,0.4718,0,Primary
241,2026-01-03 17:00:00,webinar,0,0.0,,0,3,0.6666666666666666,38.0,1,0,0.0,,0,5,0.0,169.0,1,0,0.0,,0,2,endocrinology,low_value,TERR_08,private_practice,5.5,True,Mixed,0.3729,1,Secondary
241,2026-01-03 17:00:00,phone_call,0,0.0,,0,3,0.6666666666666666,38.0,1,0,0.0,,0,5,0.0,169.0,1,0,0.0,,0,2,endocrinology,low_value,TERR_08,private_practice,5.5,True,Mixed,0.3279,2,Supporting
241,2026-01-03 17:00:00,email,0,0.0,,0,3,0.6666666666666666,38.0,1,0,0.0,,0,5,0.0,169.0,1,0,0.0,,0,2,endocrinology,low_value,TERR_08,private_practice,5.5,True,Mixed,0.2429,3,Other
241,2026-01-03 17:00:00,digital_ad,0,0.0,,0,3,0.6666666666666666,38.0,1,0,0.0,,0,5,0.0,169.0,1,0,0.0,,0,2,endocrinology,low_value,TERR_08,private_practice,5.5,True,Mixed,0.1042,4,Other
242,2026-01-03 17:00:00,rep_visit,5,0.0,101.0,1,3,0.0,8.0,1,2,1.0,206.0,1,2,0.0,57.0,1,3,0.3333333333333333,32.0,1,5,oncology,low_value,TERR_47,cancer_center,1.5,False,In-Person-Heavy,0.3586,0,Primary
242,2026-01-03 17:00:00,phone_call,5,0.0,101.0,1,3,0.0,8.0,1,2,1.0,206.0,1,2,0.0,57.0,1,3,0.3333333333333333,32.0,1,5,oncology,low_value,TERR_47,cancer_center,1.5,False,In-Person-Heavy,0.1521,1,Secondary
242,2026-01-03 17:00:00,webinar,5,0.0,101.0,1,3,0.0,8.0,1,2,1.0,206.0,1,2,0.0,57.0,1,3,0.3333333333333333,32.0,1,5,oncology,low_value,TERR_47,cancer_center,1.5,False,In-Person-Heavy,0.1496,2,Supporting
242,2026-01-03 17:00:00,email,5,0.0,101.0,1,3,0.0,8.0,1,2,1.0,206.0,1,2,0.0,57.0,1,3,0.3333333333333333,32.0,1,5,oncology,low_value,TERR_47,cancer_center,1.5,False,In-Person-Heavy,0.1283,3,Other
242,2026-01-03 17:00:00,digital_ad,5,0.0,101.0,1,3,0.0,8.0,1,2,1.0,206.0,1,2,0.0,57.0,1,3,0.3333333333333333,32.0,1,5,oncology,low_value,TERR_47,cancer_center,1.5,False,In-Person-Heavy,0.0905,4,Other
243,2026-01-03 17:00:00,rep_visit,6,0.0,46.0,1,3,1.0,8.0,1,1,1.0,296.0,1,6,0.0,89.0,1,4,0.0,79.0,1,5,cardiology,medium_value,TERR_03,clinic,2.5,False,In-Person-Heavy,0.2829,0,Primary
243,2026-01-03 17:00:00,webinar,6,0.0,46.0,1,3,1.0,8.0,1,1,1.0,296.0,1,6,0.0,89.0,1,4,0.0,79.0,1,5,cardiology,medium_value,TERR_03,clinic,2.5,False,In-Person-Heavy,0.1582,1,Secondary
243,2026-01-03 17:00:00,phone_call,6,0.0,46.0,1,3,1.0,8.0,1,1,1.0,296.0,1,6,0.0,89.0,1,4,0.0,79.0,1,5,cardiology,medium_value,TERR_03,clinic,2.5,False,In-Person-Heavy,0.1296,2,Supporting
243,2026-01-03 17:00:00,email,6,0.0,46.0,1,3,1.0,8.0,1,1,1.0,296.0,1,6,0.0,89.0,1,4,0.0,79.0,1,5,cardiology,medium_value,TERR_03,clinic,2.5,False,In-Person-Heavy,0.1174,3,Other
243,2026-01-03 17:00:00,digital_ad,6,0.0,46.0,1,3,1.0,8.0,1,1,1.0,296.0,1,6,0.0,89.0,1,4,0.0,79.0,1,5,cardiology,medium_value,TERR_03,clinic,2.5,False,In-Person-Heavy,0.0938,4,Other
244,2026-01-03 17:00:00,rep_visit,9,0.1111111111111111,67.0,1,8,0.75,23.0,1,7,0.8571428571428571,19.0,1,4,0.5,40.0,1,2,0.5,9.0,1,5,endocrinology,high_value,TERR_12,clinic,7.1,False,Mixed,0.4386,0,Primary
244,2026-01-03 17:00:00,webinar,9,0.1111111111111111,67.0,1,8,0.75,23.0,1,7,0.8571428571428571,19.0,1,4,0.5,40.0,1,2,0.5,9.0,1,5,endocrinology,high_value,TERR_12,clinic,7.1,False,Mixed,0.2503,1,Secondary
244,2026-01-03 17:00:00,phone_call,9,0.1111111111111111,67.0,1,8,0.75,23.0,1,7,0.8571428571428571,19.0,1,4,0.5,40.0,1,2,0.5,9.0,1,5,endocrinology,high_value,TERR_12,clinic,7.1,False,Mixed,0.2199,2,Supporting
244,2026-01-03 17:00:00,email,9,0.1111111111111111,67.0,1,8,0.75,23.0,1,7,0.8571428571428571,19.0,1,4,0.5,40.0,1,2,0.5,9.0,1,5,endocrinology,high_value,TERR_12,clinic,7.1,False,Mixed,0.1393,3,Other
244,2026-01-03 17:00:00,digital_ad,9,0.1111111111111111,67.0,1,8,0.75,23.0,1,7,0.8571428571428571,19.0,1,4,0.5,40.0,1,2,0.5,9.0,1,5,endocrinology,high_value,TERR_12,clinic,7.1,False,Mixed,0.1174,4,Other
245,2026-01-03 17:00:00,rep_visit,4,0.0,4.0,1,3,0.3333333333333333,40.0,1,9,0.5555555555555556,61.0,1,4,0.0,282.0,1,6,0.3333333333333333,19.0,1,5,endocrinology,medium_value,TERR_32,private_practice,0.5,False,Mixed,0.3227,0,Primary
245,2026-01-03 17:00:00,phone_call,4,0.0,4.0,1,3,0.3333333333333333,40.0,1,9,0.5555555555555556,61.0,1,4,0.0,282.0,1,6,0.3333333333333333,19.0,1,5,endocrinology,medium_value,TERR_32,private_practice,0.5,False,Mixed,0.1896,1,Secondary
245,2026-01-03 17:00:00,webinar,4,0.0,4.0,1,3,0.3333333333333333,40.0,1,9,0.5555555555555556,61.0,1,4,0.0,282.0,1,6,0.3333333333333333,19.0,1,5,endocrinology,medium_value,TERR_32,private_practice,0.5,False,Mixed,0.1682,2,Supporting
245,2026-01-03 17:00:00,email,4,0.0,4.0,1,3,0.3333333333333333,40.0,1,9,0.5555555555555556,61.0,1,4,0.0,282.0,1,6,0.3333333333333333,19.0,1,5,endocrinology,medium_value,TERR_32,private_practice,0.5,False,Mixed,0.1355,3,Other
245,2026-01-03 17:00:00,digital_ad,4,0.0,4.0,1,3,0.3333333333333333,40.0,1,9,0.5555555555555556,61.0,1,4,0.0,282.0,1,6,0.3333333333333333,19.0,1,5,endocrinology,medium_value,TERR_32,private_practice,0.5,False,Mixed,0.0939,4,Other
246,2026-01-03 17:00:00,rep_visit,3,0.3333333333333333,86.0,1,3,0.6666666666666666,37.0,1,2,0.0,64.0,1,7,0.14285714285714285,18.0,1,3,0.3333333333333333,5.0,1,5,oncology,low_value,TERR_37,hospital,2.0,False,In-Person-Heavy,0.1984,0,Primary
246,2026-01-03 17:00:00,phone_call,3,0.3333333333333333,86.0,1,3,0.6666666666666666,37.0,1,2,0.0,64.0,1,7,0.14285714285714285,18.0,1,3,0.3333333333333333,5.0,1,5,oncology,low_value,TERR_37,hospital,2.0,False,In-Person-Heavy,0.1328,1,Secondary
246,2026-01-03 17:00:00,webinar,3,0.3333333333333333,86.0,1,3,0.6666666666666666,37.0,1,2,0.0,64.0,1,7,0.14285714285714285,18.0,1,3,0.3333333333333333,5.0,1,5,oncology,low_value,TERR_37,hospital,2.0,False,In-Person-Heavy,0.1271,2,Supporting
246,2026-01-03 17:00:00,email,3,0.3333333333333333,86.0,1,3,0.6666666666666666,37.0,1,2,0.0,64.0,1,7,0.14285714285714285,18.0,1,3,0.3333333333333333,5.0,1,5,oncology,low_value,TERR_37,hospital,2.0,False,In-Person-Heavy,0.1251,3,Other
246,2026-01-03 17:00:00,digital_ad,3,0.3333333333333333,86.0,1,3,0.6666666666666666,37.0,1,2,0.0,64.0,1,7,0.14285714285714285,18.0,1,3,0.3333333333333333,5.0,1,5,oncology,low_value,TERR_37,hospital,2.0,False,In-Person-Heavy,0.0698,4,Other
247,2026-01-03 17:00:00,rep_visit,3,0.0,30.0,1,0,0.0,,0,6,0.8333333333333334,10.0,1,6,0.0,100.0,1,8,0.0,52.0,1,4,primary_care,medium_value,TERR_15,private_practice,1.8,False,Mixed,0.6162,0,Primary
247,2026-01-03 17:00:00,webinar,3,0.0,30.0,1,0,0.0,,0,6,0.8333333333333334,10.0,1,6,0.0,100.0,1,8,0.0,52.0,1,4,primary_care,medium_value,TERR_15,private_practice,1.8,False,Mixed,0.2335,1,Secondary
247,2026-01-03 17:00:00,phone_call,3,0.0,30.0,1,0,0.0,,0,6,0.8333333333333334,10.0,1,6,0.0,100.0,1,8,0.0,52.0,1,4,primary_care,medium_value,TERR_15,private_practice,1.8,False,Mixed,0.1854,2,Supporting
247,2026-01-03 17:00:00,email,3,0.0,30.0,1,0,0.0,,0,6,0.8333333333333334,10.0,1,6,0.0,100.0,1,8,0.0,52.0,1,4,primary_care,medium_value,TERR_15,private_practice,1.8,False,Mixed,0.164,3,Other
247,2026-01-03 17:00:00,digital_ad,3,0.0,30.0,1,0,0.0,,0,6,0.8333333333333334,10.0,1,6,0.0,100.0,1,8,0.0,52.0,1,4,primary_care,medium_value,TERR_15,private_practice,1.8,False,Mixed,0.0769,4,Other
248,2026-01-03 17:00:00,rep_visit,5,0.4,68.0,1,2,0.0,31.0,1,0,0.0,,0,8,0.125,86.0,1,1,0.0,282.0,1,4,endocrinology,low_value,TERR_24,private_practice,0.8,False,Mixed,0.3573,0,Primary
248,2026-01-03 17:00:00,email,5,0.4,68.0,1,2,0.0,31.0,1,0,0.0,,0,8,0.125,86.0,1,1,0.0,282.0,1,4,endocrinology,low_value,TERR_24,private_practice,0.8,False,Mixed,0.3145,1,Secondary
248,2026-01-03 17:00:00,webinar,5,0.4,68.0,1,2,0.0,31.0,1,0,0.0,,0,8,0.125,86.0,1,1,0.0,282.0,1,4,endocrinology,low_value,TERR_24,private_practice,0.8,False,Mixed,0.2938,2,Supporting
248,2026-01-03 17:00:00,phone_call,5,0.4,68.0,1,2,0.0,31.0,1,0,0.0,,0,8,0.125,86.0,1,1,0.0,282.0,1,4,endocrinology,low_value,TERR_24,private_practice,0.8,False,Mixed,0.2627,3,Other
248,2026-01-03 17:00:00,digital_ad,5,0.4,68.0,1,2,0.0,31.0,1,0,0.0,,0,8,0.125,86.0,1,1,0.0,282.0,1,4,endocrinology,low_value,TERR_24,private_practice,0.8,False,Mixed,0.2565,4,Other
249,2026-01-03 17:00:00,rep_visit,14,0.42857142857142855,40.0,1,6,0.16666666666666666,122.0,1,3,0.6666666666666666,5.0,1,8,0.25,19.0,1,3,0.0,26.0,1,5,dermatology,high_value,TERR_36,private_practice,3.1,False,In-Person-Heavy,0.326,0,Primary
249,2026-01-03 17:00:00,webinar,14,0.42857142857142855,40.0,1,6,0.16666666666666666,122.0,1,3,0.6666666666666666,5.0,1,8,0.25,19.0,1,3,0.0,26.0,1,5,dermatology,high_value,TERR_36,private_practice,3.1,False,In-Person-Heavy,0.2277,1,Secondary
249,2026-01-03 17:00:00,email,14,0.42857142857142855,40.0,1,6,0.16666666666666666,122.0,1,3,0.6666666666666666,5.0,1,8,0.25,19.0,1,3,0.0,26.0,1,5,dermatology,high_value,TERR_36,private_practice,3.1,False,In-Person-Heavy,0.2029,2,Supporting
249,2026-01-03 17:00:00,phone_call,14,0.42857142857142855,40.0,1,6,0.16666666666666666,122.0,1,3,0.6666666666666666,5.0,1,8,0.25,19.0,1,3,0.0,26.0,1,5,dermatology,high_value,TERR_36,private_practice,3.1,False,In-Person-Heavy,0.1759,3,Other
249,2026-01-03 17:00:00,digital_ad,14,0.42857142857142855,40.0,1,6,0.16666666666666666,122.0,1,3,0.6666666666666666,5.0,1,8,0.25,19.0,1,3,0.0,26.0,1,5,dermatology,high_value,TERR_36,private_practice,3.1,False,In-Person-Heavy,0.1005,4,Other
250,2026-01-03 17:00:00,rep_visit,8,0.0,78.0,1,2,0.0,36.0,1,1,0.0,31.0,1,6,0.3333333333333333,96.0,1,2,0.0,218.0,1,5,endocrinology,medium_value,TERR_06,hospital,2.0,False,In-Person-Heavy,0.3357,0,Primary
250,2026-01-03 17:00:00,webinar,8,0.0,78.0,1,2,0.0,36.0,1,1,0.0,31.0,1,6,0.3333333333333333,96.0,1,2,0.0,218.0,1,5,endocrinology,medium_value,TERR_06,hospital,2.0,False,In-Person-Heavy,0.2397,1,Secondary
250,2026-01-03 17:00:00,email,8,0.0,78.0,1,2,0.0,36.0,1,1,0.0,31.0,1,6,0.3333333333333333,96.0,1,2,0.0,218.0,1,5,endocrinology,medium_value,TERR_06,hospital,2.0,False,In-Person-Heavy,0.2028,2,Supporting
250,2026-01-03 17:00:00,phone_call,8,0.0,78.0,1,2,0.0,36.0,1,1,0.0,31.0,1,6,0.3333333333333333,96.0,1,2,0.0,218.0,1,5,endocrinology,medium_value,TERR_06,hospital,2.0,False,In-Person-Heavy,0.1913,3,Other
250,2026-01-03 17:00:00,digital_ad,8,0.0,78.0,1,2,0.0,36.0,1,1,0.0,31.0,1,6,0.3333333333333333,96.0,1,2,0.0,218.0,1,5,endocrinology,medium_value,TERR_06,hospital,2.0,False,In-Person-Heavy,0.1234,4,Other
251,2026-01-03 17:00:00,rep_visit,0,0.0,,0,4,0.0,137.0,1,7,0.5714285714285714,4.0,1,0,0.0,,0,0,0.0,,0,2,oncology,medium_value,TERR_18,private_practice,0.9,True,Digital-Heavy,0.4276,0,Primary
251,2026-01-03 17:00:00,phone_call,0,0.0,,0,4,0.0,137.0,1,7,0.5714285714285714,4.0,1,0,0.0,,0,0,0.0,,0,2,oncology,medium_value,TERR_18,private_practice,0.9,True,Digital-Heavy,0.1815,1,Secondary
251,2026-01-03 17:00:00,email,0,0.0,,0,4,0.0,137.0,1,7,0.5714285714285714,4.0,1,0,0.0,,0,0,0.0,,0,2,oncology,medium_value,TERR_18,private_practice,0.9,True,Digital-Heavy,0.1595,2,Supporting
251,2026-01-03 17:00:00,webinar,0,0.0,,0,4,0.0,137.0,1,7,0.5714285714285714,4.0,1,0,0.0,,0,0,0.0,,0,2,oncology,medium_value,TERR_18,private_practice,0.9,True,Digital-Heavy,0.1523,3,Other
251,2026-01-03 17:00:00,digital_ad,0,0.0,,0,4,0.0,137.0,1,7,0.5714285714285714,4.0,1,0,0.0,,0,0,0.0,,0,2,oncology,medium_value,TERR_18,private_practice,0.9,True,Digital-Heavy,0.1056,4,Other
252,2026-01-03 17:00:00,rep_visit,13,0.15384615384615385,3.0,1,6,0.3333333333333333,40.0,1,6,0.3333333333333333,80.0,1,3,0.0,47.0,1,5,0.0,26.0,1,5,dermatology,high_value,TERR_08,clinic,1.4,False,Mixed,0.1855,0,Primary
252,2026-01-03 17:00:00,webinar,13,0.15384615384615385,3.0,1,6,0.3333333333333333,40.0,1,6,0.3333333333333333,80.0,1,3,0.0,47.0,1,5,0.0,26.0,1,5,dermatology,high_value,TERR_08,clinic,1.4,False,Mixed,0.1346,1,Secondary
252,2026-01-03 17:00:00,phone_call,13,0.15384615384615385,3.0,1,6,0.3333333333333333,40.0,1,6,0.3333333333333333,80.0,1,3,0.0,47.0,1,5,0.0,26.0,1,5,dermatology,high_value,TERR_08,clinic,1.4,False,Mixed,0.1245,2,Supporting
252,2026-01-03 17:00:00,email,13,0.15384615384615385,3.0,1,6,0.3333333333333333,40.0,1,6,0.3333333333333333,80.0,1,3,0.0,47.0,1,5,0.0,26.0,1,5,dermatology,high_value,TERR_08,clinic,1.4,False,Mixed,0.1241,3,Other
252,2026-01-03 17:00:00,digital_ad,13,0.15384615384615385,3.0,1,6,0.3333333333333333,40.0,1,6,0.3333333333333333,80.0,1,3,0.0,47.0,1,5,0.0,26.0,1,5,dermatology,high_value,TERR_08,clinic,1.4,False,Mixed,0.0875,4,Other
253,2026-01-03 17:00:00,rep_visit,9,0.2222222222222222,103.0,1,4,0.5,24.0,1,1,1.0,330.0,1,13,0.0,5.0,1,1,0.0,17.0,1,5,oncology,medium_value,TERR_45,hospital,1.5,False,In-Person-Heavy,0.1948,0,Primary
253,2026-01-03 17:00:00,webinar,9,0.2222222222222222,103.0,1,4,0.5,24.0,1,1,1.0,330.0,1,13,0.0,5.0,1,1,0.0,17.0,1,5,oncology,medium_value,TERR_45,hospital,1.5,False,In-Person-Heavy,0.1392,1,Secondary
253,2026-01-03 17:00:00,email,9,0.2222222222222222,103.0,1,4,0.5,24.0,1,1,1.0,330.0,1,13,0.0,5.0,1,1,0.0,17.0,1,5,oncology,medium_value,TERR_45,hospital,1.5,False,In-Person-Heavy,0.1336,2,Supporting
253,2026-01-03 17:00:00,phone_call,9,0.2222222222222222,103.0,1,4,0.5,24.0,1,1,1.0,330.0,1,13,0.0,5.0,1,1,0.0,17.0,1,5,oncology,medium_value,TERR_45,hospital,1.5,False,In-Person-Heavy,0.1169,3,Other
253,2026-01-03 17:00:00,digital_ad,9,0.2222222222222222,103.0,1,4,0.5,24.0,1,1,1.0,330.0,1,13,0.0,5.0,1,1,0.0,17.0,1,5,oncology,medium_value,TERR_45,hospital,1.5,False,In-Person-Heavy,0.094,4,Other
254,2026-01-03 17:00:00,rep_visit,5,0.6,22.0,1,3,0.3333333333333333,38.0,1,6,0.6666666666666666,43.0,1,4,0.0,72.0,1,8,0.125,17.0,1,5,endocrinology,high_value,TERR_39,private_practice,2.4,False,Digital-Heavy,0.4745,0,Primary
254,2026-01-03 17:00:00,webinar,5,0.6,22.0,1,3,0.3333333333333333,38.0,1,6,0.6666666666666666,43.0,1,4,0.0,72.0,1,8,0.125,17.0,1,5,endocrinology,high_value,TERR_39,private_practice,2.4,False,Digital-Heavy,0.2312,1,Secondary
254,2026-01-03 17:00:00,phone_call,5,0.6,22.0,1,3,0.3333333333333333,38.0,1,6,0.6666666666666666,43.0,1,4,0.0,72.0,1,8,0.125,17.0,1,5,endocrinology,high_value,TERR_39,private_practice,2.4,False,Digital-Heavy,0.2012,2,Supporting
254,2026-01-03 17:00:00,email,5,0.6,22.0,1,3,0.3333333333333333,38.0,1,6,0.6666666666666666,43.0,1,4,0.0,72.0,1,8,0.125,17.0,1,5,endocrinology,high_value,TERR_39,private_practice,2.4,False,Digital-Heavy,0.1535,3,Other
254,2026-01-03 17:00:00,digital_ad,5,0.6,22.0,1,3,0.3333333333333333,38.0,1,6,0.6666666666666666,43.0,1,4,0.0,72.0,1,8,0.125,17.0,1,5,endocrinology,high_value,TERR_39,private_practice,2.4,False,Digital-Heavy,0.0727,4,Other
255,2026-01-03 17:00:00,rep_visit,2,0.0,40.0,1,2,1.0,190.0,1,3,0.3333333333333333,52.0,1,2,0.0,60.0,1,4,0.75,95.0,1,5,endocrinology,low_value,TERR_02,clinic,5.2,False,Mixed,0.6223,0,Primary
255,2026-01-03 17:00:00,phone_call,2,0.0,40.0,1,2,1.0,190.0,1,3,0.3333333333333333,52.0,1,2,0.0,60.0,1,4,0.75,95.0,1,5,endocrinology,low_value,TERR_02,clinic,5.2,False,Mixed,0.4455,1,Secondary
255,2026-01-03 17:00:00,webinar,2,0.0,40.0,1,2,1.0,190.0,1,3,0.3333333333333333,52.0,1,2,0.0,60.0,1,4,0.75,95.0,1,5,endocrinology,low_value,TERR_02,clinic,5.2,False,Mixed,0.429,2,Supporting
255,2026-01-03 17:00:00,email,2,0.0,40.0,1,2,1.0,190.0,1,3,0.3333333333333333,52.0,1,2,0.0,60.0,1,4,0.75,95.0,1,5,endocrinology,low_value,TERR_02,clinic,5.2,False,Mixed,0.2331,3,Other
255,2026-01-03 17:00:00,digital_ad,2,0.0,40.0,1,2,1.0,190.0,1,3,0.3333333333333333,52.0,1,2,0.0,60.0,1,4,0.75,95.0,1,5,endocrinology,low_value,TERR_02,clinic,5.2,False,Mixed,0.1368,4,Other
256,2026-01-03 17:00:00,rep_visit,8,0.25,108.0,1,2,0.0,169.0,1,4,1.0,53.0,1,4,0.25,29.0,1,6,0.3333333333333333,45.0,1,5,dermatology,medium_value,TERR_12,private_practice,2.7,False,In-Person-Heavy,0.6061,0,Primary
256,2026-01-03 17:00:00,webinar,8,0.25,108.0,1,2,0.0,169.0,1,4,1.0,53.0,1,4,0.25,29.0,1,6,0.3333333333333333,45.0,1,5,dermatology,medium_value,TERR_12,private_practice,2.7,False,In-Person-Heavy,0.3719,1,Secondary
256,2026-01-03 17:00:00,phone_call,8,0.25,108.0,1,2,0.0,169.0,1,4,1.0,53.0,1,4,0.25,29.0,1,6,0.3333333333333333,45.0,1,5,dermatology,medium_value,TERR_12,private_practice,2.7,False,In-Person-Heavy,0.3209,2,Supporting
256,2026-01-03 17:00:00,email,8,0.25,108.0,1,2,0.0,169.0,1,4,1.0,53.0,1,4,0.25,29.0,1,6,0.3333333333333333,45.0,1,5,dermatology,medium_value,TERR_12,private_practice,2.7,False,In-Person-Heavy,0.2251,3,Other
256,2026-01-03 17:00:00,digital_ad,8,0.25,108.0,1,2,0.0,169.0,1,4,1.0,53.0,1,4,0.25,29.0,1,6,0.3333333333333333,45.0,1,5,dermatology,medium_value,TERR_12,private_practice,2.7,False,In-Person-Heavy,0.1076,4,Other
257,2026-01-03 17:00:00,rep_visit,11,0.2727272727272727,29.0,1,3,0.3333333333333333,73.0,1,3,0.0,173.0,1,9,0.1111111111111111,4.0,1,2,0.5,64.0,1,5,dermatology,medium_value,TERR_16,private_practice,2.6,False,Digital-Heavy,0.2132,0,Primary
257,2026-01-03 17:00:00,webinar,11,0.2727272727272727,29.0,1,3,0.3333333333333333,73.0,1,3,0.0,173.0,1,9,0.1111111111111111,4.0,1,2,0.5,64.0,1,5,dermatology,medium_value,TERR_16,private_practice,2.6,False,Digital-Heavy,0.1697,1,Secondary
257,2026-01-03 17:00:00,phone_call,11,0.2727272727272727,29.0,1,3,0.3333333333333333,73.0,1,3,0.0,173.0,1,9,0.1111111111111111,4.0,1,2,0.5,64.0,1,5,dermatology,medium_value,TERR_16,private_practice,2.6,False,Digital-Heavy,0.1656,2,Supporting
257,2026-01-03 17:00:00,email,11,0.2727272727272727,29.0,1,3,0.3333333333333333,73.0,1,3,0.0,173.0,1,9,0.1111111111111111,4.0,1,2,0.5,64.0,1,5,dermatology,medium_value,TERR_16,private_practice,2.6,False,Digital-Heavy,0.1488,3,Other
257,2026-01-03 17:00:00,digital_ad,11,0.2727272727272727,29.0,1,3,0.3333333333333333,73.0,1,3,0.0,173.0,1,9,0.1111111111111111,4.0,1,2,0.5,64.0,1,5,dermatology,medium_value,TERR_16,private_practice,2.6,False,Digital-Heavy,0.097,4,Other
258,2026-01-03 17:00:00,rep_visit,4,0.5,18.0,1,1,0.0,343.0,1,1,0.0,114.0,1,3,0.0,2.0,1,4,0.25,121.0,1,5,dermatology,low_value,TERR_01,private_practice,2.0,False,In-Person-Heavy,0.1802,0,Primary
258,2026-01-03 17:00:00,webinar,4,0.5,18.0,1,1,0.0,343.0,1,1,0.0,114.0,1,3,0.0,2.0,1,4,0.25,121.0,1,5,dermatology,low_value,TERR_01,private_practice,2.0,False,In-Person-Heavy,0.1346,1,Secondary
258,2026-01-03 17:00:00,email,4,0.5,18.0,1,1,0.0,343.0,1,1,0.0,114.0,1,3,0.0,2.0,1,4,0.25,121.0,1,5,dermatology,low_value,TERR_01,private_practice,2.0,False,In-Person-Heavy,0.1344,2,Supporting
258,2026-01-03 17:00:00,phone_call,4,0.5,18.0,1,1,0.0,343.0,1,1,0.0,114.0,1,3,0.0,2.0,1,4,0.25,121.0,1,5,dermatology,low_value,TERR_01,private_practice,2.0,False,In-Person-Heavy,0.1292,3,Other
258,2026-01-03 17:00:00,digital_ad,4,0.5,18.0,1,1,0.0,343.0,1,1,0.0,114.0,1,3,0.0,2.0,1,4,0.25,121.0,1,5,dermatology,low_value,TERR_01,private_practice,2.0,False,In-Person-Heavy,0.0899,4,Other
259,2026-01-03 17:00:00,rep_visit,3,0.0,64.0,1,0,0.0,,0,6,0.5,23.0,1,4,0.0,8.0,1,4,0.0,17.0,1,4,endocrinology,low_value,TERR_28,clinic,0.6,False,In-Person-Heavy,0.4422,0,Primary
259,2026-01-03 17:00:00,webinar,3,0.0,64.0,1,0,0.0,,0,6,0.5,23.0,1,4,0.0,8.0,1,4,0.0,17.0,1,4,endocrinology,low_value,TERR_28,clinic,0.6,False,In-Person-Heavy,0.1919,1,Secondary
259,2026-01-03 17:00:00,phone_call,3,0.0,64.0,1,0,0.0,,0,6,0.5,23.0,1,4,0.0,8.0,1,4,0.0,17.0,1,4,endocrinology,low_value,TERR_28,clinic,0.6,False,In-Person-Heavy,0.1906,2,Supporting
259,2026-01-03 17:00:00,email,3,0.0,64.0,1,0,0.0,,0,6,0.5,23.0,1,4,0.0,8.0,1,4,0.0,17.0,1,4,endocrinology,low_value,TERR_28,clinic,0.6,False,In-Person-Heavy,0.1323,3,Other
259,2026-01-03 17:00:00,digital_ad,3,0.0,64.0,1,0,0.0,,0,6,0.5,23.0,1,4,0.0,8.0,1,4,0.0,17.0,1,4,endocrinology,low_value,TERR_28,clinic,0.6,False,In-Person-Heavy,0.0833,4,Other
260,2026-01-03 17:00:00,rep_visit,4,0.0,184.0,1,2,0.0,116.0,1,15,0.8,23.0,1,3,0.0,2.0,1,10,0.4,79.0,1,5,dermatology,high_value,TERR_49,private_practice,0.8,False,Mixed,0.5003,0,Primary
260,2026-01-03 17:00:00,phone_call,4,0.0,184.0,1,2,0.0,116.0,1,15,0.8,23.0,1,3,0.0,2.0,1,10,0.4,79.0,1,5,dermatology,high_value,TERR_49,private_practice,0.8,False,Mixed,0.2396,1,Secondary
260,2026-01-03 17:00:00,webinar,4,0.0,184.0,1,2,0.0,116.0,1,15,0.8,23.0,1,3,0.0,2.0,1,10,0.4,79.0,1,5,dermatology,high_value,TERR_49,private_practice,0.8,False,Mixed,0.2128,2,Supporting
260,2026-01-03 17:00:00,email,4,0.0,184.0,1,2,0.0,116.0,1,15,0.8,23.0,1,3,0.0,2.0,1,10,0.4,79.0,1,5,dermatology,high_value,TERR_49,private_practice,0.8,False,Mixed,0.1494,3,Other
260,2026-01-03 17:00:00,digital_ad,4,0.0,184.0,1,2,0.0,116.0,1,15,0.8,23.0,1,3,0.0,2.0,1,10,0.4,79.0,1,5,dermatology,high_value,TERR_49,private_practice,0.8,False,Mixed,0.1076,4,Other
261,2026-01-03 17:00:00,rep_visit,7,0.0,30.0,1,3,0.0,113.0,1,5,0.6,80.0,1,4,0.25,22.0,1,9,0.1111111111111111,5.0,1,5,endocrinology,low_value,TERR_20,private_practice,2.5,False,Digital-Heavy,0.2747,0,Primary
261,2026-01-03 17:00:00,phone_call,7,0.0,30.0,1,3,0.0,113.0,1,5,0.6,80.0,1,4,0.25,22.0,1,9,0.1111111111111111,5.0,1,5,endocrinology,low_value,TERR_20,private_practice,2.5,False,Digital-Heavy,0.1357,1,Secondary
261,2026-01-03 17:00:00,webinar,7,0.0,30.0,1,3,0.0,113.0,1,5,0.6,80.0,1,4,0.25,22.0,1,9,0.1111111111111111,5.0,1,5,endocrinology,low_value,TERR_20,private_practice,2.5,False,Digital-Heavy,0.1291,2,Supporting
261,2026-01-03 17:00:00,email,7,0.0,30.0,1,3,0.0,113.0,1,5,0.6,80.0,1,4,0.25,22.0,1,9,0.1111111111111111,5.0,1,5,endocrinology,low_value,TERR_20,private_practice,2.5,False,Digital-Heavy,0.1167,3,Other
261,2026-01-03 17:00:00,digital_ad,7,0.0,30.0,1,3,0.0,113.0,1,5,0.6,80.0,1,4,0.25,22.0,1,9,0.1111111111111111,5.0,1,5,endocrinology,low_value,TERR_20,private_practice,2.5,False,Digital-Heavy,0.0856,4,Other
262,2026-01-03 17:00:00,rep_visit,0,0.0,,0,6,0.16666666666666666,92.0,1,0,0.0,,0,2,0.0,57.0,1,0,0.0,,0,2,oncology,low_value,TERR_26,hospital,6.3,True,Mixed,0.5757,0,Primary
262,2026-01-03 17:00:00,webinar,0,0.0,,0,6,0.16666666666666666,92.0,1,0,0.0,,0,2,0.0,57.0,1,0,0.0,,0,2,oncology,low_value,TERR_26,hospital,6.3,True,Mixed,0.3949,1,Secondary
262,2026-01-03 17:00:00,phone_call,0,0.0,,0,6,0.16666666666666666,92.0,1,0,0.0,,0,2,0.0,57.0,1,0,0.0,,0,2,oncology,low_value,TERR_26,hospital,6.3,True,Mixed,0.3713,2,Supporting
262,2026-01-03 17:00:00,email,0,0.0,,0,6,0.16666666666666666,92.0,1,0,0.0,,0,2,0.0,57.0,1,0,0.0,,0,2,oncology,low_value,TERR_26,hospital,6.3,True,Mixed,0.2724,3,Other
262,2026-01-03 17:00:00,digital_ad,0,0.0,,0,6,0.16666666666666666,92.0,1,0,0.0,,0,2,0.0,57.0,1,0,0.0,,0,2,oncology,low_value,TERR_26,hospital,6.3,True,Mixed,0.1171,4,Other
263,2026-01-03 17:00:00,rep_visit,4,0.0,12.0,1,4,0.75,131.0,1,3,0.0,165.0,1,1,0.0,82.0,1,2,1.0,208.0,1,5,primary_care,low_value,TERR_49,private_practice,2.5,False,In-Person-Heavy,0.3433,0,Primary
263,2026-01-03 17:00:00,webinar,4,0.0,12.0,1,4,0.75,131.0,1,3,0.0,165.0,1,1,0.0,82.0,1,2,1.0,208.0,1,5,primary_care,low_value,TERR_49,private_practice,2.5,False,In-Person-Heavy,0.2366,1,Secondary
263,2026-01-03 17:00:00,phone_call,4,0.0,12.0,1,4,0.75,131.0,1,3,0.0,165.0,1,1,0.0,82.0,1,2,1.0,208.0,1,5,primary_care,low_value,TERR_49,private_practice,2.5,False,In-Person-Heavy,0.2152,2,Supporting
263,2026-01-03 17:00:00,email,4,0.0,12.0,1,4,0.75,131.0,1,3,0.0,165.0,1,1,0.0,82.0,1,2,1.0,208.0,1,5,primary_care,low_value,TERR_49,private_practice,2.5,False,In-Person-Heavy,0.1631,3,Other
263,2026-01-03 17:00:00,digital_ad,4,0.0,12.0,1,4,0.75,131.0,1,3,0.0,165.0,1,1,0.0,82.0,1,2,1.0,208.0,1,5,primary_care,low_value,TERR_49,private_practice,2.5,False,In-Person-Heavy,0.1168,4,Other
264,2026-01-03 17:00:00,rep_visit,5,0.0,89.0,1,2,0.0,199.0,1,9,0.1111111111111111,40.0,1,4,0.25,82.0,1,7,0.0,18.0,1,5,endocrinology,high_value,TERR_24,private_practice,1.6,False,Digital-Heavy,0.4209,0,Primary
264,2026-01-03 17:00:00,phone_call,5,0.0,89.0,1,2,0.0,199.0,1,9,0.1111111111111111,40.0,1,4,0.25,82.0,1,7,0.0,18.0,1,5,endocrinology,high_value,TERR_24,private_practice,1.6,False,Digital-Heavy,0.2792,1,Secondary
264,2026-01-03 17:00:00,webinar,5,0.0,89.0,1,2,0.0,199.0,1,9,0.1111111111111111,40.0,1,4,0.25,82.0,1,7,0.0,18.0,1,5,endocrinology,high_value,TERR_24,private_practice,1.6,False,Digital-Heavy,0.2361,2,Supporting
264,2026-01-03 17:00:00,email,5,0.0,89.0,1,2,0.0,199.0,1,9,0.1111111111111111,40.0,1,4,0.25,82.0,1,7,0.0,18.0,1,5,endocrinology,high_value,TERR_24,private_practice,1.6,False,Digital-Heavy,0.1387,3,Other
264,2026-01-03 17:00:00,digital_ad,5,0.0,89.0,1,2,0.0,199.0,1,9,0.1111111111111111,40.0,1,4,0.25,82.0,1,7,0.0,18.0,1,5,endocrinology,high_value,TERR_24,private_practice,1.6,False,Digital-Heavy,0.1226,4,Other
265,2026-01-03 17:00:00,rep_visit,8,0.125,17.0,1,2,0.0,1.0,1,0,0.0,,0,6,0.16666666666666666,50.0,1,2,0.5,89.0,1,4,oncology,medium_value,TERR_43,hospital,0.5,False,Mixed,0.189,0,Primary
265,2026-01-03 17:00:00,webinar,8,0.125,17.0,1,2,0.0,1.0,1,0,0.0,,0,6,0.16666666666666666,50.0,1,2,0.5,89.0,1,4,oncology,medium_value,TERR_43,hospital,0.5,False,Mixed,0.1447,1,Secondary
265,2026-01-03 17:00:00,phone_call,8,0.125,17.0,1,2,0.0,1.0,1,0,0.0,,0,6,0.16666666666666666,50.0,1,2,0.5,89.0,1,4,oncology,medium_value,TERR_43,hospital,0.5,False,Mixed,0.1189,2,Supporting
265,2026-01-03 17:00:00,email,8,0.125,17.0,1,2,0.0,1.0,1,0,0.0,,0,6,0.16666666666666666,50.0,1,2,0.5,89.0,1,4,oncology,medium_value,TERR_43,hospital,0.5,False,Mixed,0.1095,3,Other
265,2026-01-03 17:00:00,digital_ad,8,0.125,17.0,1,2,0.0,1.0,1,0,0.0,,0,6,0.16666666666666666,50.0,1,2,0.5,89.0,1,4,oncology,medium_value,TERR_43,hospital,0.5,False,Mixed,0.1,4,Other
266,2026-01-03 17:00:00,rep_visit,5,0.0,50.0,1,3,0.3333333333333333,288.0,1,1,1.0,330.0,1,3,0.0,74.0,1,1,0.0,170.0,1,5,endocrinology,low_value,TERR_45,clinic,5.5,False,In-Person-Heavy,0.3744,0,Primary
266,2026-01-03 17:00:00,webinar,5,0.0,50.0,1,3,0.3333333333333333,288.0,1,1,1.0,330.0,1,3,0.0,74.0,1,1,0.0,170.0,1,5,endocrinology,low_value,TERR_45,clinic,5.5,False,In-Person-Heavy,0.2067,1,Secondary
266,2026-01-03 17:00:00,phone_call,5,0.0,50.0,1,3,0.3333333333333333,288.0,1,1,1.0,330.0,1,3,0.0,74.0,1,1,0.0,170.0,1,5,endocrinology,low_value,TERR_45,clinic,5.5,False,In-Person-Heavy,0.1819,2,Supporting
266,2026-01-03 17:00:00,email,5,0.0,50.0,1,3,0.3333333333333333,288.0,1,1,1.0,330.0,1,3,0.0,74.0,1,1,0.0,170.0,1,5,endocrinology,low_value,TERR_45,clinic,5.5,False,In-Person-Heavy,0.1614,3,Other
266,2026-01-03 17:00:00,digital_ad,5,0.0,50.0,1,3,0.3333333333333333,288.0,1,1,1.0,330.0,1,3,0.0,74.0,1,1,0.0,170.0,1,5,endocrinology,low_value,TERR_45,clinic,5.5,False,In-Person-Heavy,0.11,4,Other
267,2026-01-03 17:00:00,rep_visit,4,0.25,172.0,1,5,0.0,46.0,1,5,0.4,32.0,1,6,0.0,24.0,1,12,0.4166666666666667,9.0,1,5,oncology,high_value,TERR_05,hospital,1.9,False,Digital-Heavy,0.4045,0,Primary
267,2026-01-03 17:00:00,phone_call,4,0.25,172.0,1,5,0.0,46.0,1,5,0.4,32.0,1,6,0.0,24.0,1,12,0.4166666666666667,9.0,1,5,oncology,high_value,TERR_05,hospital,1.9,False,Digital-Heavy,0.2294,1,Secondary
267,2026-01-03 17:00:00,webinar,4,0.25,172.0,1,5,0.0,46.0,1,5,0.4,32.0,1,6,0.0,24.0,1,12,0.4166666666666667,9.0,1,5,oncology,high_value,TERR_05,hospital,1.9,False,Digital-Heavy,0.1828,2,Supporting
267,2026-01-03 17:00:00,email,4,0.25,172.0,1,5,0.0,46.0,1,5,0.4,32.0,1,6,0.0,24.0,1,12,0.4166666666666667,9.0,1,5,oncology,high_value,TERR_05,hospital,1.9,False,Digital-Heavy,0.131,3,Other
267,2026-01-03 17:00:00,digital_ad,4,0.25,172.0,1,5,0.0,46.0,1,5,0.4,32.0,1,6,0.0,24.0,1,12,0.4166666666666667,9.0,1,5,oncology,high_value,TERR_05,hospital,1.9,False,Digital-Heavy,0.0813,4,Other
268,2026-01-03 17:00:00,rep_visit,3,0.0,260.0,1,3,0.0,86.0,1,1,0.0,3.0,1,3,0.0,72.0,1,5,0.2,9.0,1,5,oncology,medium_value,TERR_43,cancer_center,2.7,False,In-Person-Heavy,0.1896,0,Primary
268,2026-01-03 17:00:00,phone_call,3,0.0,260.0,1,3,0.0,86.0,1,1,0.0,3.0,1,3,0.0,72.0,1,5,0.2,9.0,1,5,oncology,medium_value,TERR_43,cancer_center,2.7,False,In-Person-Heavy,0.118,1,Secondary
268,2026-01-03 17:00:00,email,3,0.0,260.0,1,3,0.0,86.0,1,1,0.0,3.0,1,3,0.0,72.0,1,5,0.2,9.0,1,5,oncology,medium_value,TERR_43,cancer_center,2.7,False,In-Person-Heavy,0.1024,2,Supporting
268,2026-01-03 17:00:00,webinar,3,0.0,260.0,1,3,0.0,86.0,1,1,0.0,3.0,1,3,0.0,72.0,1,5,0.2,9.0,1,5,oncology,medium_value,TERR_43,cancer_center,2.7,False,In-Person-Heavy,0.1012,3,Other
268,2026-01-03 17:00:00,digital_ad,3,0.0,260.0,1,3,0.0,86.0,1,1,0.0,3.0,1,3,0.0,72.0,1,5,0.2,9.0,1,5,oncology,medium_value,TERR_43,cancer_center,2.7,False,In-Person-Heavy,0.0713,4,Other
269,2026-01-03 17:00:00,rep_visit,6,0.16666666666666666,22.0,1,5,0.6,95.0,1,3,0.6666666666666666,15.0,1,6,0.3333333333333333,78.0,1,6,0.16666666666666666,52.0,1,5,oncology,medium_value,TERR_27,hospital,1.5,False,Mixed,0.4527,0,Primary
269,2026-01-03 17:00:00,webinar,6,0.16666666666666666,22.0,1,5,0.6,95.0,1,3,0.6666666666666666,15.0,1,6,0.3333333333333333,78.0,1,6,0.16666666666666666,52.0,1,5,oncology,medium_value,TERR_27,hospital,1.5,False,Mixed,0.2739,1,Secondary
269,2026-01-03 17:00:00,phone_call,6,0.16666666666666666,22.0,1,5,0.6,95.0,1,3,0.6666666666666666,15.0,1,6,0.3333333333333333,78.0,1,6,0.16666666666666666,52.0,1,5,oncology,medium_value,TERR_27,hospital,1.5,False,Mixed,0.222,2,Supporting
269,2026-01-03 17:00:00,email,6,0.16666666666666666,22.0,1,5,0.6,95.0,1,3,0.6666666666666666,15.0,1,6,0.3333333333333333,78.0,1,6,0.16666666666666666,52.0,1,5,oncology,medium_value,TERR_27,hospital,1.5,False,Mixed,0.1565,3,Other
269,2026-01-03 17:00:00,digital_ad,6,0.16666666666666666,22.0,1,5,0.6,95.0,1,3,0.6666666666666666,15.0,1,6,0.3333333333333333,78.0,1,6,0.16666666666666666,52.0,1,5,oncology,medium_value,TERR_27,hospital,1.5,False,Mixed,0.0939,4,Other
270,2026-01-03 17:00:00,rep_visit,3,0.6666666666666666,87.0,1,3,0.0,138.0,1,7,0.5714285714285714,23.0,1,1,0.0,322.0,1,11,0.45454545454545453,8.0,1,5,primary_care,low_value,TERR_19,clinic,3.6,False,Digital-Heavy,0.5261,0,Primary
270,2026-01-03 17:00:00,phone_call,3,0.6666666666666666,87.0,1,3,0.0,138.0,1,7,0.5714285714285714,23.0,1,1,0.0,322.0,1,11,0.45454545454545453,8.0,1,5,primary_care,low_value,TERR_19,clinic,3.6,False,Digital-Heavy,0.2439,1,Secondary
270,2026-01-03 17:00:00,webinar,3,0.6666666666666666,87.0,1,3,0.0,138.0,1,7,0.5714285714285714,23.0,1,1,0.0,322.0,1,11,0.45454545454545453,8.0,1,5,primary_care,low_value,TERR_19,clinic,3.6,False,Digital-Heavy,0.2078,2,Supporting
270,2026-01-03 17:00:00,email,3,0.6666666666666666,87.0,1,3,0.0,138.0,1,7,0.5714285714285714,23.0,1,1,0.0,322.0,1,11,0.45454545454545453,8.0,1,5,primary_care,low_value,TERR_19,clinic,3.6,False,Digital-Heavy,0.2056,3,Other
270,2026-01-03 17:00:00,digital_ad,3,0.6666666666666666,87.0,1,3,0.0,138.0,1,7,0.5714285714285714,23.0,1,1,0.0,322.0,1,11,0.45454545454545453,8.0,1,5,primary_care,low_value,TERR_19,clinic,3.6,False,Digital-Heavy,0.1054,4,Other
271,2026-01-03 17:00:00,rep_visit,5,0.4,51.0,1,2,0.5,15.0,1,0,0.0,,0,4,0.25,38.0,1,3,0.0,47.0,1,4,dermatology,medium_value,TERR_06,clinic,1.3,False,Digital-Heavy,0.3419,0,Primary
271,2026-01-03 17:00:00,webinar,5,0.4,51.0,1,2,0.5,15.0,1,0,0.0,,0,4,0.25,38.0,1,3,0.0,47.0,1,4,dermatology,medium_value,TERR_06,clinic,1.3,False,Digital-Heavy,0.2075,1,Secondary
271,2026-01-03 17:00:00,phone_call,5,0.4,51.0,1,2,0.5,15.0,1,0,0.0,,0,4,0.25,38.0,1,3,0.0,47.0,1,4,dermatology,medium_value,TERR_06,clinic,1.3,False,Digital-Heavy,0.1418,2,Supporting
271,2026-01-03 17:00:00,email,5,0.4,51.0,1,2,0.5,15.0,1,0,0.0,,0,4,0.25,38.0,1,3,0.0,47.0,1,4,dermatology,medium_value,TERR_06,clinic,1.3,False,Digital-Heavy,0.1225,3,Other
271,2026-01-03 17:00:00,digital_ad,5,0.4,51.0,1,2,0.5,15.0,1,0,0.0,,0,4,0.25,38.0,1,3,0.0,47.0,1,4,dermatology,medium_value,TERR_06,clinic,1.3,False,Digital-Heavy,0.0894,4,Other
272,2026-01-03 17:00:00,rep_visit,7,0.7142857142857143,4.0,1,2,0.5,79.0,1,2,0.5,36.0,1,7,0.0,12.0,1,3,0.0,194.0,1,5,primary_care,low_value,TERR_09,private_practice,0.8,False,Digital-Heavy,0.1877,0,Primary
272,2026-01-03 17:00:00,email,7,0.7142857142857143,4.0,1,2,0.5,79.0,1,2,0.5,36.0,1,7,0.0,12.0,1,3,0.0,194.0,1,5,primary_care,low_value,TERR_09,private_practice,0.8,False,Digital-Heavy,0.1521,1,Secondary
272,2026-01-03 17:00:00,webinar,7,0.7142857142857143,4.0,1,2,0.5,79.0,1,2,0.5,36.0,1,7,0.0,12.0,1,3,0.0,194.0,1,5,primary_care,low_value,TERR_09,private_practice,0.8,False,Digital-Heavy,0.124,2,Supporting
272,2026-01-03 17:00:00,phone_call,7,0.7142857142857143,4.0,1,2,0.5,79.0,1,2,0.5,36.0,1,7,0.0,12.0,1,3,0.0,194.0,1,5,primary_care,low_value,TERR_09,private_practice,0.8,False,Digital-Heavy,0.1193,3,Other
272,2026-01-03 17:00:00,digital_ad,7,0.7142857142857143,4.0,1,2,0.5,79.0,1,2,0.5,36.0,1,7,0.0,12.0,1,3,0.0,194.0,1,5,primary_care,low_value,TERR_09,private_practice,0.8,False,Digital-Heavy,0.0905,4,Other
273,2026-01-03 17:00:00,rep_visit,11,0.2727272727272727,61.0,1,3,0.3333333333333333,24.0,1,2,0.0,115.0,1,9,0.2222222222222222,52.0,1,6,0.0,74.0,1,5,primary_care,medium_value,TERR_13,private_practice,4.2,False,Digital-Heavy,0.2957,0,Primary
273,2026-01-03 17:00:00,email,11,0.2727272727272727,61.0,1,3,0.3333333333333333,24.0,1,2,0.0,115.0,1,9,0.2222222222222222,52.0,1,6,0.0,74.0,1,5,primary_care,medium_value,TERR_13,private_practice,4.2,False,Digital-Heavy,0.2788,1,Secondary
273,2026-01-03 17:00:00,webinar,11,0.2727272727272727,61.0,1,3,0.3333333333333333,24.0,1,2,0.0,115.0,1,9,0.2222222222222222,52.0,1,6,0.0,74.0,1,5,primary_care,medium_value,TERR_13,private_practice,4.2,False,Digital-Heavy,0.2717,2,Supporting
273,2026-01-03 17:00:00,phone_call,11,0.2727272727272727,61.0,1,3,0.3333333333333333,24.0,1,2,0.0,115.0,1,9,0.2222222222222222,52.0,1,6,0.0,74.0,1,5,primary_care,medium_value,TERR_13,private_practice,4.2,False,Digital-Heavy,0.2419,3,Other
273,2026-01-03 17:00:00,digital_ad,11,0.2727272727272727,61.0,1,3,0.3333333333333333,24.0,1,2,0.0,115.0,1,9,0.2222222222222222,52.0,1,6,0.0,74.0,1,5,primary_care,medium_value,TERR_13,private_practice,4.2,False,Digital-Heavy,0.125,4,Other
274,2026-01-03 17:00:00,rep_visit,3,0.0,264.0,1,2,0.0,29.0,1,1,0.0,295.0,1,5,0.0,60.0,1,4,0.25,12.0,1,5,cardiology,low_value,TERR_07,clinic,2.6,False,Mixed,0.2833,0,Primary
274,2026-01-03 17:00:00,phone_call,3,0.0,264.0,1,2,0.0,29.0,1,1,0.0,295.0,1,5,0.0,60.0,1,4,0.25,12.0,1,5,cardiology,low_value,TERR_07,clinic,2.6,False,Mixed,0.1998,1,Secondary
274,2026-01-03 17:00:00,webinar,3,0.0,264.0,1,2,0.0,29.0,1,1,0.0,295.0,1,5,0.0,60.0,1,4,0.25,12.0,1,5,cardiology,low_value,TERR_07,clinic,2.6,False,Mixed,0.1812,2,Supporting
274,2026-01-03 17:00:00,email,3,0.0,264.0,1,2,0.0,29.0,1,1,0.0,295.0,1,5,0.0,60.0,1,4,0.25,12.0,1,5,cardiology,low_value,TERR_07,clinic,2.6,False,Mixed,0.1517,3,Other
274,2026-01-03 17:00:00,digital_ad,3,0.0,264.0,1,2,0.0,29.0,1,1,0.0,295.0,1,5,0.0,60.0,1,4,0.25,12.0,1,5,cardiology,low_value,TERR_07,clinic,2.6,False,Mixed,0.087,4,Other
275,2026-01-03 17:00:00,rep_visit,9,0.0,22.0,1,3,0.0,96.0,1,3,0.6666666666666666,12.0,1,7,0.0,36.0,1,9,0.0,5.0,1,5,dermatology,medium_value,TERR_29,private_practice,5.2,False,In-Person-Heavy,0.2434,0,Primary
275,2026-01-03 17:00:00,email,9,0.0,22.0,1,3,0.0,96.0,1,3,0.6666666666666666,12.0,1,7,0.0,36.0,1,9,0.0,5.0,1,5,dermatology,medium_value,TERR_29,private_practice,5.2,False,In-Person-Heavy,0.1287,1,Secondary
275,2026-01-03 17:00:00,webinar,9,0.0,22.0,1,3,0.0,96.0,1,3,0.6666666666666666,12.0,1,7,0.0,36.0,1,9,0.0,5.0,1,5,dermatology,medium_value,TERR_29,private_practice,5.2,False,In-Person-Heavy,0.1248,2,Supporting
275,2026-01-03 17:00:00,phone_call,9,0.0,22.0,1,3,0.0,96.0,1,3,0.6666666666666666,12.0,1,7,0.0,36.0,1,9,0.0,5.0,1,5,dermatology,medium_value,TERR_29,private_practice,5.2,False,In-Person-Heavy,0.1195,3,Other
275,2026-01-03 17:00:00,digital_ad,9,0.0,22.0,1,3,0.0,96.0,1,3,0.6666666666666666,12.0,1,7,0.0,36.0,1,9,0.0,5.0,1,5,dermatology,medium_value,TERR_29,private_practice,5.2,False,In-Person-Heavy,0.0714,4,Other
276,2026-01-03 17:00:00,rep_visit,7,0.2857142857142857,11.0,1,2,1.0,120.0,1,8,0.5,2.0,1,3,0.0,144.0,1,5,0.4,18.0,1,5,primary_care,high_value,TERR_44,private_practice,1.5,False,Digital-Heavy,0.3075,0,Primary
276,2026-01-03 17:00:00,phone_call,7,0.2857142857142857,11.0,1,2,1.0,120.0,1,8,0.5,2.0,1,3,0.0,144.0,1,5,0.4,18.0,1,5,primary_care,high_value,TERR_44,private_practice,1.5,False,Digital-Heavy,0.2076,1,Secondary
276,2026-01-03 17:00:00,webinar,7,0.2857142857142857,11.0,1,2,1.0,120.0,1,8,0.5,2.0,1,3,0.0,144.0,1,5,0.4,18.0,1,5,primary_care,high_value,TERR_44,private_practice,1.5,False,Digital-Heavy,0.1956,2,Supporting
276,2026-01-03 17:00:00,email,7,0.2857142857142857,11.0,1,2,1.0,120.0,1,8,0.5,2.0,1,3,0.0,144.0,1,5,0.4,18.0,1,5,primary_care,high_value,TERR_44,private_practice,1.5,False,Digital-Heavy,0.1304,3,Other
276,2026-01-03 17:00:00,digital_ad,7,0.2857142857142857,11.0,1,2,1.0,120.0,1,8,0.5,2.0,1,3,0.0,144.0,1,5,0.4,18.0,1,5,primary_care,high_value,TERR_44,private_practice,1.5,False,Digital-Heavy,0.0922,4,Other
277,2026-01-03 17:00:00,rep_visit,4,0.25,17.0,1,6,0.3333333333333333,22.0,1,2,0.0,120.0,1,4,0.0,151.0,1,6,0.5,33.0,1,5,oncology,high_value,TERR_09,cancer_center,7.0,False,Digital-Heavy,0.2995,0,Primary
277,2026-01-03 17:00:00,phone_call,4,0.25,17.0,1,6,0.3333333333333333,22.0,1,2,0.0,120.0,1,4,0.0,151.0,1,6,0.5,33.0,1,5,oncology,high_value,TERR_09,cancer_center,7.0,False,Digital-Heavy,0.2402,1,Secondary
277,2026-01-03 17:00:00,webinar,4,0.25,17.0,1,6,0.3333333333333333,22.0,1,2,0.0,120.0,1,4,0.0,151.0,1,6,0.5,33.0,1,5,oncology,high_value,TERR_09,cancer_center,7.0,False,Digital-Heavy,0.2136,2,Supporting
277,2026-01-03 17:00:00,email,4,0.25,17.0,1,6,0.3333333333333333,22.0,1,2,0.0,120.0,1,4,0.0,151.0,1,6,0.5,33.0,1,5,oncology,high_value,TERR_09,cancer_center,7.0,False,Digital-Heavy,0.1817,3,Other
277,2026-01-03 17:00:00,digital_ad,4,0.25,17.0,1,6,0.3333333333333333,22.0,1,2,0.0,120.0,1,4,0.0,151.0,1,6,0.5,33.0,1,5,oncology,high_value,TERR_09,cancer_center,7.0,False,Digital-Heavy,0.09,4,Other
278,2026-01-03 17:00:00,rep_visit,6,0.0,36.0,1,5,0.6,60.0,1,3,0.6666666666666666,50.0,1,5,0.0,12.0,1,10,0.4,3.0,1,5,dermatology,high_value,TERR_06,hospital,3.8,False,Digital-Heavy,0.259,0,Primary
278,2026-01-03 17:00:00,webinar,6,0.0,36.0,1,5,0.6,60.0,1,3,0.6666666666666666,50.0,1,5,0.0,12.0,1,10,0.4,3.0,1,5,dermatology,high_value,TERR_06,hospital,3.8,False,Digital-Heavy,0.1517,1,Secondary
278,2026-01-03 17:00:00,phone_call,6,0.0,36.0,1,5,0.6,60.0,1,3,0.6666666666666666,50.0,1,5,0.0,12.0,1,10,0.4,3.0,1,5,dermatology,high_value,TERR_06,hospital,3.8,False,Digital-Heavy,0.132,2,Supporting
278,2026-01-03 17:00:00,email,6,0.0,36.0,1,5,0.6,60.0,1,3,0.6666666666666666,50.0,1,5,0.0,12.0,1,10,0.4,3.0,1,5,dermatology,high_value,TERR_06,hospital,3.8,False,Digital-Heavy,0.0981,3,Other
278,2026-01-03 17:00:00,digital_ad,6,0.0,36.0,1,5,0.6,60.0,1,3,0.6666666666666666,50.0,1,5,0.0,12.0,1,10,0.4,3.0,1,5,dermatology,high_value,TERR_06,hospital,3.8,False,Digital-Heavy,0.0755,4,Other
279,2026-01-03 17:00:00,rep_visit,12,0.08333333333333333,24.0,1,2,1.0,235.0,1,2,0.5,123.0,1,9,0.3333333333333333,39.0,1,1,1.0,53.0,1,5,dermatology,high_value,TERR_15,hospital,4.7,False,Mixed,0.3945,0,Primary
279,2026-01-03 17:00:00,webinar,12,0.08333333333333333,24.0,1,2,1.0,235.0,1,2,0.5,123.0,1,9,0.3333333333333333,39.0,1,1,1.0,53.0,1,5,dermatology,high_value,TERR_15,hospital,4.7,False,Mixed,0.3601,1,Secondary
279,2026-01-03 17:00:00,phone_call,12,0.08333333333333333,24.0,1,2,1.0,235.0,1,2,0.5,123.0,1,9,0.3333333333333333,39.0,1,1,1.0,53.0,1,5,dermatology,high_value,TERR_15,hospital,4.7,False,Mixed,0.355,2,Supporting
279,2026-01-03 17:00:00,email,12,0.08333333333333333,24.0,1,2,1.0,235.0,1,2,0.5,123.0,1,9,0.3333333333333333,39.0,1,1,1.0,53.0,1,5,dermatology,high_value,TERR_15,hospital,4.7,False,Mixed,0.2139,3,Other
279,2026-01-03 17:00:00,digital_ad,12,0.08333333333333333,24.0,1,2,1.0,235.0,1,2,0.5,123.0,1,9,0.3333333333333333,39.0,1,1,1.0,53.0,1,5,dermatology,high_value,TERR_15,hospital,4.7,False,Mixed,0.1941,4,Other
280,2026-01-03 17:00:00,rep_visit,8,0.125,117.0,1,4,0.0,75.0,1,4,0.25,68.0,1,6,0.0,2.0,1,2,0.5,95.0,1,5,endocrinology,medium_value,TERR_06,clinic,0.5,False,Digital-Heavy,0.2682,0,Primary
280,2026-01-03 17:00:00,phone_call,8,0.125,117.0,1,4,0.0,75.0,1,4,0.25,68.0,1,6,0.0,2.0,1,2,0.5,95.0,1,5,endocrinology,medium_value,TERR_06,clinic,0.5,False,Digital-Heavy,0.1623,1,Secondary
280,2026-01-03 17:00:00,webinar,8,0.125,117.0,1,4,0.0,75.0,1,4,0.25,68.0,1,6,0.0,2.0,1,2,0.5,95.0,1,5,endocrinology,medium_value,TERR_06,clinic,0.5,False,Digital-Heavy,0.1524,2,Supporting
280,2026-01-03 17:00:00,email,8,0.125,117.0,1,4,0.0,75.0,1,4,0.25,68.0,1,6,0.0,2.0,1,2,0.5,95.0,1,5,endocrinology,medium_value,TERR_06,clinic,0.5,False,Digital-Heavy,0.1291,3,Other
280,2026-01-03 17:00:00,digital_ad,8,0.125,117.0,1,4,0.0,75.0,1,4,0.25,68.0,1,6,0.0,2.0,1,2,0.5,95.0,1,5,endocrinology,medium_value,TERR_06,clinic,0.5,False,Digital-Heavy,0.0823,4,Other
281,2026-01-03 17:00:00,rep_visit,8,0.375,60.0,1,2,1.0,44.0,1,1,0.0,151.0,1,5,0.0,110.0,1,7,0.14285714285714285,11.0,1,5,oncology,medium_value,TERR_16,cancer_center,2.4,False,Mixed,0.2597,0,Primary
281,2026-01-03 17:00:00,webinar,8,0.375,60.0,1,2,1.0,44.0,1,1,0.0,151.0,1,5,0.0,110.0,1,7,0.14285714285714285,11.0,1,5,oncology,medium_value,TERR_16,cancer_center,2.4,False,Mixed,0.1838,1,Secondary
281,2026-01-03 17:00:00,email,8,0.375,60.0,1,2,1.0,44.0,1,1,0.0,151.0,1,5,0.0,110.0,1,7,0.14285714285714285,11.0,1,5,oncology,medium_value,TERR_16,cancer_center,2.4,False,Mixed,0.1747,2,Supporting
281,2026-01-03 17:00:00,phone_call,8,0.375,60.0,1,2,1.0,44.0,1,1,0.0,151.0,1,5,0.0,110.0,1,7,0.14285714285714285,11.0,1,5,oncology,medium_value,TERR_16,cancer_center,2.4,False,Mixed,0.1618,3,Other
281,2026-01-03 17:00:00,digital_ad,8,0.375,60.0,1,2,1.0,44.0,1,1,0.0,151.0,1,5,0.0,110.0,1,7,0.14285714285714285,11.0,1,5,oncology,medium_value,TERR_16,cancer_center,2.4,False,Mixed,0.0896,4,Other
282,2026-01-03 17:00:00,rep_visit,6,0.16666666666666666,40.0,1,2,0.5,110.0,1,10,0.0,19.0,1,2,0.5,264.0,1,3,0.0,61.0,1,5,dermatology,medium_value,TERR_11,hospital,4.7,False,In-Person-Heavy,0.3612,0,Primary
282,2026-01-03 17:00:00,webinar,6,0.16666666666666666,40.0,1,2,0.5,110.0,1,10,0.0,19.0,1,2,0.5,264.0,1,3,0.0,61.0,1,5,dermatology,medium_value,TERR_11,hospital,4.7,False,In-Person-Heavy,0.2849,1,Secondary
282,2026-01-03 17:00:00,phone_call,6,0.16666666666666666,40.0,1,2,0.5,110.0,1,10,0.0,19.0,1,2,0.5,264.0,1,3,0.0,61.0,1,5,dermatology,medium_value,TERR_11,hospital,4.7,False,In-Person-Heavy,0.2353,2,Supporting
282,2026-01-03 17:00:00,email,6,0.16666666666666666,40.0,1,2,0.5,110.0,1,10,0.0,19.0,1,2,0.5,264.0,1,3,0.0,61.0,1,5,dermatology,medium_value,TERR_11,hospital,4.7,False,In-Person-Heavy,0.1504,3,Other
282,2026-01-03 17:00:00,digital_ad,6,0.16666666666666666,40.0,1,2,0.5,110.0,1,10,0.0,19.0,1,2,0.5,264.0,1,3,0.0,61.0,1,5,dermatology,medium_value,TERR_11,hospital,4.7,False,In-Person-Heavy,0.1067,4,Other
283,2026-01-03 17:00:00,rep_visit,5,0.2,59.0,1,7,0.2857142857142857,52.0,1,6,1.0,3.0,1,6,0.0,10.0,1,7,0.0,143.0,1,5,endocrinology,high_value,TERR_48,hospital,2.7,False,Digital-Heavy,0.3526,0,Primary
283,2026-01-03 17:00:00,webinar,5,0.2,59.0,1,7,0.2857142857142857,52.0,1,6,1.0,3.0,1,6,0.0,10.0,1,7,0.0,143.0,1,5,endocrinology,high_value,TERR_48,hospital,2.7,False,Digital-Heavy,0.1765,1,Secondary
283,2026-01-03 17:00:00,phone_call,5,0.2,59.0,1,7,0.2857142857142857,52.0,1,6,1.0,3.0,1,6,0.0,10.0,1,7,0.0,143.0,1,5,endocrinology,high_value,TERR_48,hospital,2.7,False,Digital-Heavy,0.1469,2,Supporting
283,2026-01-03 17:00:00,email,5,0.2,59.0,1,7,0.2857142857142857,52.0,1,6,1.0,3.0,1,6,0.0,10.0,1,7,0.0,143.0,1,5,endocrinology,high_value,TERR_48,hospital,2.7,False,Digital-Heavy,0.1214,3,Other
283,2026-01-03 17:00:00,digital_ad,5,0.2,59.0,1,7,0.2857142857142857,52.0,1,6,1.0,3.0,1,6,0.0,10.0,1,7,0.0,143.0,1,5,endocrinology,high_value,TERR_48,hospital,2.7,False,Digital-Heavy,0.0958,4,Other
284,2026-01-03 17:00:00,rep_visit,2,0.0,192.0,1,4,0.5,96.0,1,1,1.0,115.0,1,4,0.0,71.0,1,3,0.3333333333333333,151.0,1,5,cardiology,low_value,TERR_08,clinic,1.4,False,Mixed,0.537,0,Primary
284,2026-01-03 17:00:00,webinar,2,0.0,192.0,1,4,0.5,96.0,1,1,1.0,115.0,1,4,0.0,71.0,1,3,0.3333333333333333,151.0,1,5,cardiology,low_value,TERR_08,clinic,1.4,False,Mixed,0.3805,1,Secondary
284,2026-01-03 17:00:00,phone_call,2,0.0,192.0,1,4,0.5,96.0,1,1,1.0,115.0,1,4,0.0,71.0,1,3,0.3333333333333333,151.0,1,5,cardiology,low_value,TERR_08,clinic,1.4,False,Mixed,0.2957,2,Supporting
284,2026-01-03 17:00:00,email,2,0.0,192.0,1,4,0.5,96.0,1,1,1.0,115.0,1,4,0.0,71.0,1,3,0.3333333333333333,151.0,1,5,cardiology,low_value,TERR_08,clinic,1.4,False,Mixed,0.1991,3,Other
284,2026-01-03 17:00:00,digital_ad,2,0.0,192.0,1,4,0.5,96.0,1,1,1.0,115.0,1,4,0.0,71.0,1,3,0.3333333333333333,151.0,1,5,cardiology,low_value,TERR_08,clinic,1.4,False,Mixed,0.124,4,Other
285,2026-01-03 17:00:00,rep_visit,6,0.3333333333333333,31.0,1,7,0.14285714285714285,11.0,1,7,0.42857142857142855,67.0,1,4,0.0,4.0,1,6,0.0,37.0,1,5,oncology,high_value,TERR_25,cancer_center,0.7,False,In-Person-Heavy,0.2664,0,Primary
285,2026-01-03 17:00:00,webinar,6,0.3333333333333333,31.0,1,7,0.14285714285714285,11.0,1,7,0.42857142857142855,67.0,1,4,0.0,4.0,1,6,0.0,37.0,1,5,oncology,high_value,TERR_25,cancer_center,0.7,False,In-Person-Heavy,0.134,1,Secondary
285,2026-01-03 17:00:00,phone_call,6,0.3333333333333333,31.0,1,7,0.14285714285714285,11.0,1,7,0.42857142857142855,67.0,1,4,0.0,4.0,1,6,0.0,37.0,1,5,oncology,high_value,TERR_25,cancer_center,0.7,False,In-Person-Heavy,0.1146,2,Supporting
285,2026-01-03 17:00:00,email,6,0.3333333333333333,31.0,1,7,0.14285714285714285,11.0,1,7,0.42857142857142855,67.0,1,4,0.0,4.0,1,6,0.0,37.0,1,5,oncology,high_value,TERR_25,cancer_center,0.7,False,In-Person-Heavy,0.1094,3,Other
285,2026-01-03 17:00:00,digital_ad,6,0.3333333333333333,31.0,1,7,0.14285714285714285,11.0,1,7,0.42857142857142855,67.0,1,4,0.0,4.0,1,6,0.0,37.0,1,5,oncology,high_value,TERR_25,cancer_center,0.7,False,In-Person-Heavy,0.075,4,Other
286,2026-01-03 17:00:00,rep_visit,1,0.0,162.0,1,1,0.0,240.0,1,8,1.0,32.0,1,0,0.0,,0,5,0.6,11.0,1,4,cardiology,low_value,TERR_39,private_practice,0.5,False,Mixed,0.6938,0,Primary
286,2026-01-03 17:00:00,phone_call,1,0.0,162.0,1,1,0.0,240.0,1,8,1.0,32.0,1,0,0.0,,0,5,0.6,11.0,1,4,cardiology,low_value,TERR_39,private_practice,0.5,False,Mixed,0.2937,1,Secondary
286,2026-01-03 17:00:00,webinar,1,0.0,162.0,1,1,0.0,240.0,1,8,1.0,32.0,1,0,0.0,,0,5,0.6,11.0,1,4,cardiology,low_value,TERR_39,private_practice,0.5,False,Mixed,0.2722,2,Supporting
286,2026-01-03 17:00:00,email,1,0.0,162.0,1,1,0.0,240.0,1,8,1.0,32.0,1,0,0.0,,0,5,0.6,11.0,1,4,cardiology,low_value,TERR_39,private_practice,0.5,False,Mixed,0.1621,3,Other
286,2026-01-03 17:00:00,digital_ad,1,0.0,162.0,1,1,0.0,240.0,1,8,1.0,32.0,1,0,0.0,,0,5,0.6,11.0,1,4,cardiology,low_value,TERR_39,private_practice,0.5,False,Mixed,0.1122,4,Other
287,2026-01-03 17:00:00,rep_visit,2,0.0,3.0,1,1,0.0,54.0,1,3,0.6666666666666666,96.0,1,2,0.0,107.0,1,4,0.25,282.0,1,5,primary_care,low_value,TERR_07,private_practice,2.8,False,Mixed,0.3135,0,Primary
287,2026-01-03 17:00:00,webinar,2,0.0,3.0,1,1,0.0,54.0,1,3,0.6666666666666666,96.0,1,2,0.0,107.0,1,4,0.25,282.0,1,5,primary_care,low_value,TERR_07,private_practice,2.8,False,Mixed,0.1924,1,Secondary
287,2026-01-03 17:00:00,phone_call,2,0.0,3.0,1,1,0.0,54.0,1,3,0.6666666666666666,96.0,1,2,0.0,107.0,1,4,0.25,282.0,1,5,primary_care,low_value,TERR_07,private_practice,2.8,False,Mixed,0.1801,2,Supporting
287,2026-01-03 17:00:00,email,2,0.0,3.0,1,1,0.0,54.0,1,3,0.6666666666666666,96.0,1,2,0.0,107.0,1,4,0.25,282.0,1,5,primary_care,low_value,TERR_07,private_practice,2.8,False,Mixed,0.1393,3,Other
287,2026-01-03 17:00:00,digital_ad,2,0.0,3.0,1,1,0.0,54.0,1,3,0.6666666666666666,96.0,1,2,0.0,107.0,1,4,0.25,282.0,1,5,primary_care,low_value,TERR_07,private_practice,2.8,False,Mixed,0.0956,4,Other
288,2026-01-03 17:00:00,rep_visit,4,0.25,11.0,1,3,0.3333333333333333,103.0,1,3,0.0,51.0,1,5,0.6,23.0,1,5,0.2,204.0,1,5,endocrinology,medium_value,TERR_13,private_practice,3.6,False,Digital-Heavy,0.3567,0,Primary
288,2026-01-03 17:00:00,webinar,4,0.25,11.0,1,3,0.3333333333333333,103.0,1,3,0.0,51.0,1,5,0.6,23.0,1,5,0.2,204.0,1,5,endocrinology,medium_value,TERR_13,private_practice,3.6,False,Digital-Heavy,0.3393,1,Secondary
288,2026-01-03 17:00:00,phone_call,4,0.25,11.0,1,3,0.3333333333333333,103.0,1,3,0.0,51.0,1,5,0.6,23.0,1,5,0.2,204.0,1,5,endocrinology,medium_value,TERR_13,private_practice,3.6,False,Digital-Heavy,0.3081,2,Supporting
288,2026-01-03 17:00:00,email,4,0.25,11.0,1,3,0.3333333333333333,103.0,1,3,0.0,51.0,1,5,0.6,23.0,1,5,0.2,204.0,1,5,endocrinology,medium_value,TERR_13,private_practice,3.6,False,Digital-Heavy,0.2707,3,Other
288,2026-01-03 17:00:00,digital_ad,4,0.25,11.0,1,3,0.3333333333333333,103.0,1,3,0.0,51.0,1,5,0.6,23.0,1,5,0.2,204.0,1,5,endocrinology,medium_value,TERR_13,private_practice,3.6,False,Digital-Heavy,0.2124,4,Other
289,2026-01-03 17:00:00,rep_visit,0,0.0,,0,8,0.25,109.0,1,16,0.875,23.0,1,3,0.3333333333333333,191.0,1,8,0.5,3.0,1,4,dermatology,medium_value,TERR_42,hospital,3.5,False,Digital-Heavy,0.4821,0,Primary
289,2026-01-03 17:00:00,phone_call,0,0.0,,0,8,0.25,109.0,1,16,0.875,23.0,1,3,0.3333333333333333,191.0,1,8,0.5,3.0,1,4,dermatology,medium_value,TERR_42,hospital,3.5,False,Digital-Heavy,0.261,1,Secondary
289,2026-01-03 17:00:00,webinar,0,0.0,,0,8,0.25,109.0,1,16,0.875,23.0,1,3,0.3333333333333333,191.0,1,8,0.5,3.0,1,4,dermatology,medium_value,TERR_42,hospital,3.5,False,Digital-Heavy,0.1856,2,Supporting
289,2026-01-03 17:00:00,email,0,0.0,,0,8,0.25,109.0,1,16,0.875,23.0,1,3,0.3333333333333333,191.0,1,8,0.5,3.0,1,4,dermatology,medium_value,TERR_42,hospital,3.5,False,Digital-Heavy,0.1476,3,Other
289,2026-01-03 17:00:00,digital_ad,0,0.0,,0,8,0.25,109.0,1,16,0.875,23.0,1,3,0.3333333333333333,191.0,1,8,0.5,3.0,1,4,dermatology,medium_value,TERR_42,hospital,3.5,False,Digital-Heavy,0.1454,4,Other
290,2026-01-03 17:00:00,rep_visit,6,0.16666666666666666,19.0,1,3,0.0,103.0,1,5,0.0,43.0,1,4,0.0,59.0,1,8,0.25,31.0,1,5,primary_care,low_value,TERR_50,private_practice,0.5,False,Mixed,0.3125,0,Primary
290,2026-01-03 17:00:00,webinar,6,0.16666666666666666,19.0,1,3,0.0,103.0,1,5,0.0,43.0,1,4,0.0,59.0,1,8,0.25,31.0,1,5,primary_care,low_value,TERR_50,private_practice,0.5,False,Mixed,0.2025,1,Secondary
290,2026-01-03 17:00:00,phone_call,6,0.16666666666666666,19.0,1,3,0.0,103.0,1,5,0.0,43.0,1,4,0.0,59.0,1,8,0.25,31.0,1,5,primary_care,low_value,TERR_50,private_practice,0.5,False,Mixed,0.1929,2,Supporting
290,2026-01-03 17:00:00,email,6,0.16666666666666666,19.0,1,3,0.0,103.0,1,5,0.0,43.0,1,4,0.0,59.0,1,8,0.25,31.0,1,5,primary_care,low_value,TERR_50,private_practice,0.5,False,Mixed,0.138,3,Other
290,2026-01-03 17:00:00,digital_ad,6,0.16666666666666666,19.0,1,3,0.0,103.0,1,5,0.0,43.0,1,4,0.0,59.0,1,8,0.25,31.0,1,5,primary_care,low_value,TERR_50,private_practice,0.5,False,Mixed,0.0906,4,Other
291,2026-01-03 17:00:00,rep_visit,0,0.0,,0,0,0.0,,0,6,0.6666666666666666,26.0,1,1,0.0,331.0,1,5,0.4,5.0,1,3,cardiology,low_value,TERR_10,clinic,3.7,False,Digital-Heavy,0.4965,0,Primary
291,2026-01-03 17:00:00,phone_call,0,0.0,,0,0,0.0,,0,6,0.6666666666666666,26.0,1,1,0.0,331.0,1,5,0.4,5.0,1,3,cardiology,low_value,TERR_10,clinic,3.7,False,Digital-Heavy,0.2474,1,Secondary
291,2026-01-03 17:00:00,webinar,0,0.0,,0,0,0.0,,0,6,0.6666666666666666,26.0,1,1,0.0,331.0,1,5,0.4,5.0,1,3,cardiology,low_value,TERR_10,clinic,3.7,False,Digital-Heavy,0.219,2,Supporting
291,2026-01-03 17:00:00,email,0,0.0,,0,0,0.0,,0,6,0.6666666666666666,26.0,1,1,0.0,331.0,1,5,0.4,5.0,1,3,cardiology,low_value,TERR_10,clinic,3.7,False,Digital-Heavy,0.1928,3,Other
291,2026-01-03 17:00:00,digital_ad,0,0.0,,0,0,0.0,,0,6,0.6666666666666666,26.0,1,1,0.0,331.0,1,5,0.4,5.0,1,3,cardiology,low_value,TERR_10,clinic,3.7,False,Digital-Heavy,0.1381,4,Other
292,2026-01-03 17:00:00,rep_visit,2,0.0,115.0,1,2,1.0,45.0,1,5,1.0,86.0,1,0,0.0,,0,3,1.0,50.0,1,4,oncology,low_value,TERR_44,hospital,3.8,False,Digital-Heavy,0.8121,0,Primary
292,2026-01-03 17:00:00,phone_call,2,0.0,115.0,1,2,1.0,45.0,1,5,1.0,86.0,1,0,0.0,,0,3,1.0,50.0,1,4,oncology,low_value,TERR_44,hospital,3.8,False,Digital-Heavy,0.6142,1,Secondary
292,2026-01-03 17:00:00,webinar,2,0.0,115.0,1,2,1.0,45.0,1,5,1.0,86.0,1,0,0.0,,0,3,1.0,50.0,1,4,oncology,low_value,TERR_44,hospital,3.8,False,Digital-Heavy,0.5536,2,Supporting
292,2026-01-03 17:00:00,email,2,0.0,115.0,1,2,1.0,45.0,1,5,1.0,86.0,1,0,0.0,,0,3,1.0,50.0,1,4,oncology,low_value,TERR_44,hospital,3.8,False,Digital-Heavy,0.2247,3,Other
292,2026-01-03 17:00:00,digital_ad,2,0.0,115.0,1,2,1.0,45.0,1,5,1.0,86.0,1,0,0.0,,0,3,1.0,50.0,1,4,oncology,low_value,TERR_44,hospital,3.8,False,Digital-Heavy,0.1659,4,Other
293,2026-01-03 17:00:00,rep_visit,7,0.0,44.0,1,3,0.6666666666666666,9.0,1,1,0.0,137.0,1,6,0.3333333333333333,1.0,1,2,0.5,58.0,1,5,primary_care,medium_value,TERR_28,private_practice,4.6,False,Digital-Heavy,0.1925,0,Primary
293,2026-01-03 17:00:00,phone_call,7,0.0,44.0,1,3,0.6666666666666666,9.0,1,1,0.0,137.0,1,6,0.3333333333333333,1.0,1,2,0.5,58.0,1,5,primary_care,medium_value,TERR_28,private_practice,4.6,False,Digital-Heavy,0.1372,1,Secondary
293,2026-01-03 17:00:00,webinar,7,0.0,44.0,1,3,0.6666666666666666,9.0,1,1,0.0,137.0,1,6,0.3333333333333333,1.0,1,2,0.5,58.0,1,5,primary_care,medium_value,TERR_28,private_practice,4.6,False,Digital-Heavy,0.1347,2,Supporting
293,2026-01-03 17:00:00,email,7,0.0,44.0,1,3,0.6666666666666666,9.0,1,1,0.0,137.0,1,6,0.3333333333333333,1.0,1,2,0.5,58.0,1,5,primary_care,medium_value,TERR_28,private_practice,4.6,False,Digital-Heavy,0.1116,3,Other
293,2026-01-03 17:00:00,digital_ad,7,0.0,44.0,1,3,0.6666666666666666,9.0,1,1,0.0,137.0,1,6,0.3333333333333333,1.0,1,2,0.5,58.0,1,5,primary_care,medium_value,TERR_28,private_practice,4.6,False,Digital-Heavy,0.0981,4,Other
294,2026-01-03 17:00:00,rep_visit,3,0.0,198.0,1,1,1.0,344.0,1,3,0.3333333333333333,61.0,1,3,0.3333333333333333,74.0,1,2,0.0,102.0,1,5,cardiology,low_value,TERR_25,private_practice,2.6,False,Digital-Heavy,0.4364,0,Primary
294,2026-01-03 17:00:00,webinar,3,0.0,198.0,1,1,1.0,344.0,1,3,0.3333333333333333,61.0,1,3,0.3333333333333333,74.0,1,2,0.0,102.0,1,5,cardiology,low_value,TERR_25,private_practice,2.6,False,Digital-Heavy,0.3005,1,Secondary
294,2026-01-03 17:00:00,phone_call,3,0.0,198.0,1,1,1.0,344.0,1,3,0.3333333333333333,61.0,1,3,0.3333333333333333,74.0,1,2,0.0,102.0,1,5,cardiology,low_value,TERR_25,private_practice,2.6,False,Digital-Heavy,0.27,2,Supporting
294,2026-01-03 17:00:00,email,3,0.0,198.0,1,1,1.0,344.0,1,3,0.3333333333333333,61.0,1,3,0.3333333333333333,74.0,1,2,0.0,102.0,1,5,cardiology,low_value,TERR_25,private_practice,2.6,False,Digital-Heavy,0.1845,3,Other
294,2026-01-03 17:00:00,digital_ad,3,0.0,198.0,1,1,1.0,344.0,1,3,0.3333333333333333,61.0,1,3,0.3333333333333333,74.0,1,2,0.0,102.0,1,5,cardiology,low_value,TERR_25,private_practice,2.6,False,Digital-Heavy,0.1372,4,Other
295,2026-01-03 17:00:00,rep_visit,3,0.0,80.0,1,5,0.4,11.0,1,9,0.6666666666666666,25.0,1,2,0.0,94.0,1,9,0.4444444444444444,40.0,1,5,cardiology,high_value,TERR_41,hospital,0.5,False,Mixed,0.6224,0,Primary
295,2026-01-03 17:00:00,phone_call,3,0.0,80.0,1,5,0.4,11.0,1,9,0.6666666666666666,25.0,1,2,0.0,94.0,1,9,0.4444444444444444,40.0,1,5,cardiology,high_value,TERR_41,hospital,0.5,False,Mixed,0.2812,1,Secondary
295,2026-01-03 17:00:00,webinar,3,0.0,80.0,1,5,0.4,11.0,1,9,0.6666666666666666,25.0,1,2,0.0,94.0,1,9,0.4444444444444444,40.0,1,5,cardiology,high_value,TERR_41,hospital,0.5,False,Mixed,0.2584,2,Supporting
295,2026-01-03 17:00:00,email,3,0.0,80.0,1,5,0.4,11.0,1,9,0.6666666666666666,25.0,1,2,0.0,94.0,1,9,0.4444444444444444,40.0,1,5,cardiology,high_value,TERR_41,hospital,0.5,False,Mixed,0.142,3,Other
295,2026-01-03 17:00:00,digital_ad,3,0.0,80.0,1,5,0.4,11.0,1,9,0.6666666666666666,25.0,1,2,0.0,94.0,1,9,0.4444444444444444,40.0,1,5,cardiology,high_value,TERR_41,hospital,0.5,False,Mixed,0.1028,4,Other
296,2026-01-03 17:00:00,rep_visit,2,0.5,110.0,1,2,0.0,222.0,1,0,0.0,,0,2,0.0,116.0,1,6,0.16666666666666666,12.0,1,4,cardiology,low_value,TERR_19,clinic,0.6,False,Digital-Heavy,0.3498,0,Primary
296,2026-01-03 17:00:00,webinar,2,0.5,110.0,1,2,0.0,222.0,1,0,0.0,,0,2,0.0,116.0,1,6,0.16666666666666666,12.0,1,4,cardiology,low_value,TERR_19,clinic,0.6,False,Digital-Heavy,0.2406,1,Secondary
296,2026-01-03 17:00:00,phone_call,2,0.5,110.0,1,2,0.0,222.0,1,0,0.0,,0,2,0.0,116.0,1,6,0.16666666666666666,12.0,1,4,cardiology,low_value,TERR_19,clinic,0.6,False,Digital-Heavy,0.2151,2,Supporting
296,2026-01-03 17:00:00,email,2,0.5,110.0,1,2,0.0,222.0,1,0,0.0,,0,2,0.0,116.0,1,6,0.16666666666666666,12.0,1,4,cardiology,low_value,TERR_19,clinic,0.6,False,Digital-Heavy,0.1923,3,Other
296,2026-01-03 17:00:00,digital_ad,2,0.5,110.0,1,2,0.0,222.0,1,0,0.0,,0,2,0.0,116.0,1,6,0.16666666666666666,12.0,1,4,cardiology,low_value,TERR_19,clinic,0.6,False,Digital-Heavy,0.0893,4,Other
297,2026-01-03 17:00:00,email,5,0.2,33.0,1,2,0.0,268.0,1,1,0.0,274.0,1,4,0.25,60.0,1,2,0.5,206.0,1,5,oncology,low_value,TERR_37,hospital,0.6,False,In-Person-Heavy,0.242,0,Primary
297,2026-01-03 17:00:00,phone_call,5,0.2,33.0,1,2,0.0,268.0,1,1,0.0,274.0,1,4,0.25,60.0,1,2,0.5,206.0,1,5,oncology,low_value,TERR_37,hospital,0.6,False,In-Person-Heavy,0.2368,1,Secondary
297,2026-01-03 17:00:00,rep_visit,5,0.2,33.0,1,2,0.0,268.0,1,1,0.0,274.0,1,4,0.25,60.0,1,2,0.5,206.0,1,5,oncology,low_value,TERR_37,hospital,0.6,False,In-Person-Heavy,0.2321,2,Supporting
297,2026-01-03 17:00:00,webinar,5,0.2,33.0,1,2,0.0,268.0,1,1,0.0,274.0,1,4,0.25,60.0,1,2,0.5,206.0,1,5,oncology,low_value,TERR_37,hospital,0.6,False,In-Person-Heavy,0.2186,3,Other
297,2026-01-03 17:00:00,digital_ad,5,0.2,33.0,1,2,0.0,268.0,1,1,0.0,274.0,1,4,0.25,60.0,1,2,0.5,206.0,1,5,oncology,low_value,TERR_37,hospital,0.6,False,In-Person-Heavy,0.1233,4,Other
298,2026-01-03 17:00:00,rep_visit,2,0.0,298.0,1,3,0.3333333333333333,88.0,1,11,0.45454545454545453,17.0,1,1,0.0,52.0,1,7,0.2857142857142857,25.0,1,5,endocrinology,medium_value,TERR_06,private_practice,4.1,False,In-Person-Heavy,0.6154,0,Primary
298,2026-01-03 17:00:00,phone_call,2,0.0,298.0,1,3,0.3333333333333333,88.0,1,11,0.45454545454545453,17.0,1,1,0.0,52.0,1,7,0.2857142857142857,25.0,1,5,endocrinology,medium_value,TERR_06,private_practice,4.1,False,In-Person-Heavy,0.3589,1,Secondary
298,2026-01-03 17:00:00,webinar,2,0.0,298.0,1,3,0.3333333333333333,88.0,1,11,0.45454545454545453,17.0,1,1,0.0,52.0,1,7,0.2857142857142857,25.0,1,5,endocrinology,medium_value,TERR_06,private_practice,4.1,False,In-Person-Heavy,0.3386,2,Supporting
298,2026-01-03 17:00:00,email,2,0.0,298.0,1,3,0.3333333333333333,88.0,1,11,0.45454545454545453,17.0,1,1,0.0,52.0,1,7,0.2857142857142857,25.0,1,5,endocrinology,medium_value,TERR_06,private_practice,4.1,False,In-Person-Heavy,0.1973,3,Other
298,2026-01-03 17:00:00,digital_ad,2,0.0,298.0,1,3,0.3333333333333333,88.0,1,11,0.45454545454545453,17.0,1,1,0.0,52.0,1,7,0.2857142857142857,25.0,1,5,endocrinology,medium_value,TERR_06,private_practice,4.1,False,In-Person-Heavy,0.1055,4,Other
299,2026-01-03 17:00:00,rep_visit,2,0.0,15.0,1,3,0.0,54.0,1,7,0.14285714285714285,59.0,1,2,0.0,3.0,1,9,0.5555555555555556,23.0,1,5,endocrinology,medium_value,TERR_32,private_practice,0.8,False,In-Person-Heavy,0.2396,0,Primary
299,2026-01-03 17:00:00,phone_call,2,0.0,15.0,1,3,0.0,54.0,1,7,0.14285714285714285,59.0,1,2,0.0,3.0,1,9,0.5555555555555556,23.0,1,5,endocrinology,medium_value,TERR_32,private_practice,0.8,False,In-Person-Heavy,0.1786,1,Secondary
299,2026-01-03 17:00:00,webinar,2,0.0,15.0,1,3,0.0,54.0,1,7,0.14285714285714285,59.0,1,2,0.0,3.0,1,9,0.5555555555555556,23.0,1,5,endocrinology,medium_value,TERR_32,private_practice,0.8,False,In-Person-Heavy,0.1485,2,Supporting
299,2026-01-03 17:00:00,email,2,0.0,15.0,1,3,0.0,54.0,1,7,0.14285714285714285,59.0,1,2,0.0,3.0,1,9,0.5555555555555556,23.0,1,5,endocrinology,medium_value,TERR_32,private_practice,0.8,False,In-Person-Heavy,0.1143,3,Other
299,2026-01-03 17:00:00,digital_ad,2,0.0,15.0,1,3,0.0,54.0,1,7,0.14285714285714285,59.0,1,2,0.0,3.0,1,9,0.5555555555555556,23.0,1,5,endocrinology,medium_value,TERR_32,private_practice,0.8,False,In-Person-Heavy,0.0834,4,Other
300,2026-01-03 17:00:00,rep_visit,0,0.0,,0,5,0.2,2.0,1,13,0.6923076923076923,12.0,1,2,0.0,102.0,1,9,0.3333333333333333,82.0,1,4,oncology,high_value,TERR_03,cancer_center,3.1,False,Digital-Heavy,0.5246,0,Primary
300,2026-01-03 17:00:00,phone_call,0,0.0,,0,5,0.2,2.0,1,13,0.6923076923076923,12.0,1,2,0.0,102.0,1,9,0.3333333333333333,82.0,1,4,oncology,high_value,TERR_03,cancer_center,3.1,False,Digital-Heavy,0.2504,1,Secondary
300,2026-01-03 17:00:00,webinar,0,0.0,,0,5,0.2,2.0,1,13,0.6923076923076923,12.0,1,2,0.0,102.0,1,9,0.3333333333333333,82.0,1,4,oncology,high_value,TERR_03,cancer_center,3.1,False,Digital-Heavy,0.2129,2,Supporting
300,2026-01-03 17:00:00,email,0,0.0,,0,5,0.2,2.0,1,13,0.6923076923076923,12.0,1,2,0.0,102.0,1,9,0.3333333333333333,82.0,1,4,oncology,high_value,TERR_03,cancer_center,3.1,False,Digital-Heavy,0.1648,3,Other
300,2026-01-03 17:00:00,digital_ad,0,0.0,,0,5,0.2,2.0,1,13,0.6923076923076923,12.0,1,2,0.0,102.0,1,9,0.3333333333333333,82.0,1,4,oncology,high_value,TERR_03,cancer_center,3.1,False,Digital-Heavy,0.1335,4,Other
301,2026-01-03 17:00:00,rep_visit,1,0.0,170.0,1,2,0.0,57.0,1,8,0.625,22.0,1,2,0.0,199.0,1,8,0.5,8.0,1,5,oncology,medium_value,TERR_30,private_practice,5.3,False,Mixed,0.4893,0,Primary
301,2026-01-03 17:00:00,phone_call,1,0.0,170.0,1,2,0.0,57.0,1,8,0.625,22.0,1,2,0.0,199.0,1,8,0.5,8.0,1,5,oncology,medium_value,TERR_30,private_practice,5.3,False,Mixed,0.2223,1,Secondary
301,2026-01-03 17:00:00,webinar,1,0.0,170.0,1,2,0.0,57.0,1,8,0.625,22.0,1,2,0.0,199.0,1,8,0.5,8.0,1,5,oncology,medium_value,TERR_30,private_practice,5.3,False,Mixed,0.1819,2,Supporting
301,2026-01-03 17:00:00,email,1,0.0,170.0,1,2,0.0,57.0,1,8,0.625,22.0,1,2,0.0,199.0,1,8,0.5,8.0,1,5,oncology,medium_value,TERR_30,private_practice,5.3,False,Mixed,0.1502,3,Other
301,2026-01-03 17:00:00,digital_ad,1,0.0,170.0,1,2,0.0,57.0,1,8,0.625,22.0,1,2,0.0,199.0,1,8,0.5,8.0,1,5,oncology,medium_value,TERR_30,private_practice,5.3,False,Mixed,0.0934,4,Other
302,2026-01-03 17:00:00,rep_visit,3,0.0,60.0,1,1,0.0,176.0,1,0,0.0,,0,6,0.16666666666666666,85.0,1,5,0.4,3.0,1,4,endocrinology,low_value,TERR_29,private_practice,1.5,False,Digital-Heavy,0.1965,0,Primary
302,2026-01-03 17:00:00,phone_call,3,0.0,60.0,1,1,0.0,176.0,1,0,0.0,,0,6,0.16666666666666666,85.0,1,5,0.4,3.0,1,4,endocrinology,low_value,TERR_29,private_practice,1.5,False,Digital-Heavy,0.1389,1,Secondary
302,2026-01-03 17:00:00,webinar,3,0.0,60.0,1,1,0.0,176.0,1,0,0.0,,0,6,0.16666666666666666,85.0,1,5,0.4,3.0,1,4,endocrinology,low_value,TERR_29,private_practice,1.5,False,Digital-Heavy,0.1269,2,Supporting
302,2026-01-03 17:00:00,email,3,0.0,60.0,1,1,0.0,176.0,1,0,0.0,,0,6,0.16666666666666666,85.0,1,5,0.4,3.0,1,4,endocrinology,low_value,TERR_29,private_practice,1.5,False,Digital-Heavy,0.1238,3,Other
302,2026-01-03 17:00:00,digital_ad,3,0.0,60.0,1,1,0.0,176.0,1,0,0.0,,0,6,0.16666666666666666,85.0,1,5,0.4,3.0,1,4,endocrinology,low_value,TERR_29,private_practice,1.5,False,Digital-Heavy,0.0922,4,Other
303,2026-01-03 17:00:00,rep_visit,7,0.14285714285714285,51.0,1,1,0.0,12.0,1,8,0.5,26.0,1,4,0.25,19.0,1,5,0.6,4.0,1,5,primary_care,low_value,TERR_12,private_practice,4.7,False,Mixed,0.3356,0,Primary
303,2026-01-03 17:00:00,webinar,7,0.14285714285714285,51.0,1,1,0.0,12.0,1,8,0.5,26.0,1,4,0.25,19.0,1,5,0.6,4.0,1,5,primary_care,low_value,TERR_12,private_practice,4.7,False,Mixed,0.1634,1,Secondary
303,2026-01-03 17:00:00,phone_call,7,0.14285714285714285,51.0,1,1,0.0,12.0,1,8,0.5,26.0,1,4,0.25,19.0,1,5,0.6,4.0,1,5,primary_care,low_value,TERR_12,private_practice,4.7,False,Mixed,0.1625,2,Supporting
303,2026-01-03 17:00:00,email,7,0.14285714285714285,51.0,1,1,0.0,12.0,1,8,0.5,26.0,1,4,0.25,19.0,1,5,0.6,4.0,1,5,primary_care,low_value,TERR_12,private_practice,4.7,False,Mixed,0.1284,3,Other
303,2026-01-03 17:00:00,digital_ad,7,0.14285714285714285,51.0,1,1,0.0,12.0,1,8,0.5,26.0,1,4,0.25,19.0,1,5,0.6,4.0,1,5,primary_care,low_value,TERR_12,private_practice,4.7,False,Mixed,0.0944,4,Other
304,2026-01-03 17:00:00,rep_visit,9,0.1111111111111111,11.0,1,2,0.0,263.0,1,5,0.4,135.0,1,3,0.0,40.0,1,8,0.0,32.0,1,5,endocrinology,medium_value,TERR_30,hospital,2.3,False,Mixed,0.3924,0,Primary
304,2026-01-03 17:00:00,phone_call,9,0.1111111111111111,11.0,1,2,0.0,263.0,1,5,0.4,135.0,1,3,0.0,40.0,1,8,0.0,32.0,1,5,endocrinology,medium_value,TERR_30,hospital,2.3,False,Mixed,0.2577,1,Secondary
304,2026-01-03 17:00:00,webinar,9,0.1111111111111111,11.0,1,2,0.0,263.0,1,5,0.4,135.0,1,3,0.0,40.0,1,8,0.0,32.0,1,5,endocrinology,medium_value,TERR_30,hospital,2.3,False,Mixed,0.2401,2,Supporting
304,2026-01-03 17:00:00,email,9,0.1111111111111111,11.0,1,2,0.0,263.0,1,5,0.4,135.0,1,3,0.0,40.0,1,8,0.0,32.0,1,5,endocrinology,medium_value,TERR_30,hospital,2.3,False,Mixed,0.2026,3,Other
304,2026-01-03 17:00:00,digital_ad,9,0.1111111111111111,11.0,1,2,0.0,263.0,1,5,0.4,135.0,1,3,0.0,40.0,1,8,0.0,32.0,1,5,endocrinology,medium_value,TERR_30,hospital,2.3,False,Mixed,0.1127,4,Other
305,2026-01-03 17:00:00,rep_visit,11,0.0,31.0,1,2,1.0,197.0,1,0,0.0,,0,4,0.25,12.0,1,2,0.0,144.0,1,4,endocrinology,high_value,TERR_01,hospital,6.2,False,In-Person-Heavy,0.3084,0,Primary
305,2026-01-03 17:00:00,webinar,11,0.0,31.0,1,2,1.0,197.0,1,0,0.0,,0,4,0.25,12.0,1,2,0.0,144.0,1,4,endocrinology,high_value,TERR_01,hospital,6.2,False,In-Person-Heavy,0.2697,1,Secondary
305,2026-01-03 17:00:00,phone_call,11,0.0,31.0,1,2,1.0,197.0,1,0,0.0,,0,4,0.25,12.0,1,2,0.0,144.0,1,4,endocrinology,high_value,TERR_01,hospital,6.2,False,In-Person-Heavy,0.2089,2,Supporting
305,2026-01-03 17:00:00,email,11,0.0,31.0,1,2,1.0,197.0,1,0,0.0,,0,4,0.25,12.0,1,2,0.0,144.0,1,4,endocrinology,high_value,TERR_01,hospital,6.2,False,In-Person-Heavy,0.1776,3,Other
305,2026-01-03 17:00:00,digital_ad,11,0.0,31.0,1,2,1.0,197.0,1,0,0.0,,0,4,0.25,12.0,1,2,0.0,144.0,1,4,endocrinology,high_value,TERR_01,hospital,6.2,False,In-Person-Heavy,0.1657,4,Other
306,2026-01-03 17:00:00,rep_visit,0,0.0,,0,3,0.3333333333333333,130.0,1,1,0.0,107.0,1,2,0.0,206.0,1,0,0.0,,0,3,dermatology,low_value,TERR_08,private_practice,3.9,True,In-Person-Heavy,0.3438,0,Primary
306,2026-01-03 17:00:00,webinar,0,0.0,,0,3,0.3333333333333333,130.0,1,1,0.0,107.0,1,2,0.0,206.0,1,0,0.0,,0,3,dermatology,low_value,TERR_08,private_practice,3.9,True,In-Person-Heavy,0.2591,1,Secondary
306,2026-01-03 17:00:00,phone_call,0,0.0,,0,3,0.3333333333333333,130.0,1,1,0.0,107.0,1,2,0.0,206.0,1,0,0.0,,0,3,dermatology,low_value,TERR_08,private_practice,3.9,True,In-Person-Heavy,0.2242,2,Supporting
306,2026-01-03 17:00:00,email,0,0.0,,0,3,0.3333333333333333,130.0,1,1,0.0,107.0,1,2,0.0,206.0,1,0,0.0,,0,3,dermatology,low_value,TERR_08,private_practice,3.9,True,In-Person-Heavy,0.2077,3,Other
306,2026-01-03 17:00:00,digital_ad,0,0.0,,0,3,0.3333333333333333,130.0,1,1,0.0,107.0,1,2,0.0,206.0,1,0,0.0,,0,3,dermatology,low_value,TERR_08,private_practice,3.9,True,In-Person-Heavy,0.0984,4,Other
307,2026-01-03 17:00:00,rep_visit,4,0.0,123.0,1,2,1.0,166.0,1,2,0.0,40.0,1,3,0.0,192.0,1,2,0.0,151.0,1,5,primary_care,low_value,TERR_45,clinic,2.4,False,In-Person-Heavy,0.3891,0,Primary
307,2026-01-03 17:00:00,webinar,4,0.0,123.0,1,2,1.0,166.0,1,2,0.0,40.0,1,3,0.0,192.0,1,2,0.0,151.0,1,5,primary_care,low_value,TERR_45,clinic,2.4,False,In-Person-Heavy,0.2748,1,Secondary
307,2026-01-03 17:00:00,phone_call,4,0.0,123.0,1,2,1.0,166.0,1,2,0.0,40.0,1,3,0.0,192.0,1,2,0.0,151.0,1,5,primary_care,low_value,TERR_45,clinic,2.4,False,In-Person-Heavy,0.2334,2,Supporting
307,2026-01-03 17:00:00,email,4,0.0,123.0,1,2,1.0,166.0,1,2,0.0,40.0,1,3,0.0,192.0,1,2,0.0,151.0,1,5,primary_care,low_value,TERR_45,clinic,2.4,False,In-Person-Heavy,0.1804,3,Other
307,2026-01-03 17:00:00,digital_ad,4,0.0,123.0,1,2,1.0,166.0,1,2,0.0,40.0,1,3,0.0,192.0,1,2,0.0,151.0,1,5,primary_care,low_value,TERR_45,clinic,2.4,False,In-Person-Heavy,0.109,4,Other
308,2026-01-03 17:00:00,rep_visit,2,0.0,150.0,1,6,0.16666666666666666,58.0,1,7,0.2857142857142857,2.0,1,4,0.0,184.0,1,7,0.0,38.0,1,5,primary_care,high_value,TERR_09,private_practice,0.9,False,Digital-Heavy,0.2747,0,Primary
308,2026-01-03 17:00:00,phone_call,2,0.0,150.0,1,6,0.16666666666666666,58.0,1,7,0.2857142857142857,2.0,1,4,0.0,184.0,1,7,0.0,38.0,1,5,primary_care,high_value,TERR_09,private_practice,0.9,False,Digital-Heavy,0.1174,1,Secondary
308,2026-01-03 17:00:00,webinar,2,0.0,150.0,1,6,0.16666666666666666,58.0,1,7,0.2857142857142857,2.0,1,4,0.0,184.0,1,7,0.0,38.0,1,5,primary_care,high_value,TERR_09,private_practice,0.9,False,Digital-Heavy,0.117,2,Supporting
308,2026-01-03 17:00:00,email,2,0.0,150.0,1,6,0.16666666666666666,58.0,1,7,0.2857142857142857,2.0,1,4,0.0,184.0,1,7,0.0,38.0,1,5,primary_care,high_value,TERR_09,private_practice,0.9,False,Digital-Heavy,0.0938,3,Other
308,2026-01-03 17:00:00,digital_ad,2,0.0,150.0,1,6,0.16666666666666666,58.0,1,7,0.2857142857142857,2.0,1,4,0.0,184.0,1,7,0.0,38.0,1,5,primary_care,high_value,TERR_09,private_practice,0.9,False,Digital-Heavy,0.0743,4,Other
309,2026-01-03 17:00:00,webinar,12,0.3333333333333333,4.0,1,1,1.0,253.0,1,5,0.0,25.0,1,12,0.16666666666666666,36.0,1,3,0.6666666666666666,124.0,1,5,cardiology,high_value,TERR_15,clinic,3.5,False,Mixed,0.1598,0,Primary
309,2026-01-03 17:00:00,phone_call,12,0.3333333333333333,4.0,1,1,1.0,253.0,1,5,0.0,25.0,1,12,0.16666666666666666,36.0,1,3,0.6666666666666666,124.0,1,5,cardiology,high_value,TERR_15,clinic,3.5,False,Mixed,0.1595,1,Secondary
309,2026-01-03 17:00:00,rep_visit,12,0.3333333333333333,4.0,1,1,1.0,253.0,1,5,0.0,25.0,1,12,0.16666666666666666,36.0,1,3,0.6666666666666666,124.0,1,5,cardiology,high_value,TERR_15,clinic,3.5,False,Mixed,0.1594,2,Supporting
309,2026-01-03 17:00:00,email,12,0.3333333333333333,4.0,1,1,1.0,253.0,1,5,0.0,25.0,1,12,0.16666666666666666,36.0,1,3,0.6666666666666666,124.0,1,5,cardiology,high_value,TERR_15,clinic,3.5,False,Mixed,0.1321,3,Other
309,2026-01-03 17:00:00,digital_ad,12,0.3333333333333333,4.0,1,1,1.0,253.0,1,5,0.0,25.0,1,12,0.16666666666666666,36.0,1,3,0.6666666666666666,124.0,1,5,cardiology,high_value,TERR_15,clinic,3.5,False,Mixed,0.1014,4,Other
310,2026-01-03 17:00:00,rep_visit,4,0.25,66.0,1,5,0.4,185.0,1,5,0.6,24.0,1,1,0.0,199.0,1,12,0.3333333333333333,1.0,1,5,endocrinology,low_value,TERR_47,hospital,2.0,False,Mixed,0.3406,0,Primary
310,2026-01-03 17:00:00,phone_call,4,0.25,66.0,1,5,0.4,185.0,1,5,0.6,24.0,1,1,0.0,199.0,1,12,0.3333333333333333,1.0,1,5,endocrinology,low_value,TERR_47,hospital,2.0,False,Mixed,0.1714,1,Secondary
310,2026-01-03 17:00:00,webinar,4,0.25,66.0,1,5,0.4,185.0,1,5,0.6,24.0,1,1,0.0,199.0,1,12,0.3333333333333333,1.0,1,5,endocrinology,low_value,TERR_47,hospital,2.0,False,Mixed,0.1598,2,Supporting
310,2026-01-03 17:00:00,email,4,0.25,66.0,1,5,0.4,185.0,1,5,0.6,24.0,1,1,0.0,199.0,1,12,0.3333333333333333,1.0,1,5,endocrinology,low_value,TERR_47,hospital,2.0,False,Mixed,0.1203,3,Other
310,2026-01-03 17:00:00,digital_ad,4,0.25,66.0,1,5,0.4,185.0,1,5,0.6,24.0,1,1,0.0,199.0,1,12,0.3333333333333333,1.0,1,5,endocrinology,low_value,TERR_47,hospital,2.0,False,Mixed,0.0864,4,Other
311,2026-01-03 17:00:00,rep_visit,7,0.2857142857142857,50.0,1,3,0.0,18.0,1,1,1.0,194.0,1,1,0.0,178.0,1,7,0.2857142857142857,9.0,1,5,oncology,medium_value,TERR_14,cancer_center,3.4,False,Digital-Heavy,0.3653,0,Primary
311,2026-01-03 17:00:00,phone_call,7,0.2857142857142857,50.0,1,3,0.0,18.0,1,1,1.0,194.0,1,1,0.0,178.0,1,7,0.2857142857142857,9.0,1,5,oncology,medium_value,TERR_14,cancer_center,3.4,False,Digital-Heavy,0.1817,1,Secondary
311,2026-01-03 17:00:00,webinar,7,0.2857142857142857,50.0,1,3,0.0,18.0,1,1,1.0,194.0,1,1,0.0,178.0,1,7,0.2857142857142857,9.0,1,5,oncology,medium_value,TERR_14,cancer_center,3.4,False,Digital-Heavy,0.1735,2,Supporting
311,2026-01-03 17:00:00,email,7,0.2857142857142857,50.0,1,3,0.0,18.0,1,1,1.0,194.0,1,1,0.0,178.0,1,7,0.2857142857142857,9.0,1,5,oncology,medium_value,TERR_14,cancer_center,3.4,False,Digital-Heavy,0.1669,3,Other
311,2026-01-03 17:00:00,digital_ad,7,0.2857142857142857,50.0,1,3,0.0,18.0,1,1,1.0,194.0,1,1,0.0,178.0,1,7,0.2857142857142857,9.0,1,5,oncology,medium_value,TERR_14,cancer_center,3.4,False,Digital-Heavy,0.0923,4,Other
312,2026-01-03 17:00:00,rep_visit,4,0.0,15.0,1,6,0.16666666666666666,54.0,1,8,0.625,4.0,1,2,0.0,264.0,1,4,0.5,92.0,1,5,cardiology,high_value,TERR_09,hospital,5.8,False,In-Person-Heavy,0.4101,0,Primary
312,2026-01-03 17:00:00,phone_call,4,0.0,15.0,1,6,0.16666666666666666,54.0,1,8,0.625,4.0,1,2,0.0,264.0,1,4,0.5,92.0,1,5,cardiology,high_value,TERR_09,hospital,5.8,False,In-Person-Heavy,0.2205,1,Secondary
312,2026-01-03 17:00:00,webinar,4,0.0,15.0,1,6,0.16666666666666666,54.0,1,8,0.625,4.0,1,2,0.0,264.0,1,4,0.5,92.0,1,5,cardiology,high_value,TERR_09,hospital,5.8,False,In-Person-Heavy,0.1889,2,Supporting
312,2026-01-03 17:00:00,email,4,0.0,15.0,1,6,0.16666666666666666,54.0,1,8,0.625,4.0,1,2,0.0,264.0,1,4,0.5,92.0,1,5,cardiology,high_value,TERR_09,hospital,5.8,False,In-Person-Heavy,0.146,3,Other
312,2026-01-03 17:00:00,digital_ad,4,0.0,15.0,1,6,0.16666666666666666,54.0,1,8,0.625,4.0,1,2,0.0,264.0,1,4,0.5,92.0,1,5,cardiology,high_value,TERR_09,hospital,5.8,False,In-Person-Heavy,0.0937,4,Other
313,2026-01-03 17:00:00,rep_visit,2,0.0,148.0,1,6,0.5,73.0,1,10,0.8,4.0,1,1,0.0,25.0,1,16,0.1875,12.0,1,5,dermatology,high_value,TERR_02,private_practice,5.9,False,Mixed,0.4267,0,Primary
313,2026-01-03 17:00:00,webinar,2,0.0,148.0,1,6,0.5,73.0,1,10,0.8,4.0,1,1,0.0,25.0,1,16,0.1875,12.0,1,5,dermatology,high_value,TERR_02,private_practice,5.9,False,Mixed,0.201,1,Secondary
313,2026-01-03 17:00:00,phone_call,2,0.0,148.0,1,6,0.5,73.0,1,10,0.8,4.0,1,1,0.0,25.0,1,16,0.1875,12.0,1,5,dermatology,high_value,TERR_02,private_practice,5.9,False,Mixed,0.1979,2,Supporting
313,2026-01-03 17:00:00,email,2,0.0,148.0,1,6,0.5,73.0,1,10,0.8,4.0,1,1,0.0,25.0,1,16,0.1875,12.0,1,5,dermatology,high_value,TERR_02,private_practice,5.9,False,Mixed,0.1579,3,Other
313,2026-01-03 17:00:00,digital_ad,2,0.0,148.0,1,6,0.5,73.0,1,10,0.8,4.0,1,1,0.0,25.0,1,16,0.1875,12.0,1,5,dermatology,high_value,TERR_02,private_practice,5.9,False,Mixed,0.1079,4,Other
314,2026-01-03 17:00:00,rep_visit,11,0.45454545454545453,24.0,1,4,0.25,9.0,1,2,0.5,201.0,1,7,0.0,2.0,1,4,0.0,37.0,1,5,dermatology,medium_value,TERR_14,hospital,1.3,False,Mixed,0.2083,0,Primary
314,2026-01-03 17:00:00,email,11,0.45454545454545453,24.0,1,4,0.25,9.0,1,2,0.5,201.0,1,7,0.0,2.0,1,4,0.0,37.0,1,5,dermatology,medium_value,TERR_14,hospital,1.3,False,Mixed,0.1299,1,Secondary
314,2026-01-03 17:00:00,webinar,11,0.45454545454545453,24.0,1,4,0.25,9.0,1,2,0.5,201.0,1,7,0.0,2.0,1,4,0.0,37.0,1,5,dermatology,medium_value,TERR_14,hospital,1.3,False,Mixed,0.127,2,Supporting
314,2026-01-03 17:00:00,phone_call,11,0.45454545454545453,24.0,1,4,0.25,9.0,1,2,0.5,201.0,1,7,0.0,2.0,1,4,0.0,37.0,1,5,dermatology,medium_value,TERR_14,hospital,1.3,False,Mixed,0.1158,3,Other
314,2026-01-03 17:00:00,digital_ad,11,0.45454545454545453,24.0,1,4,0.25,9.0,1,2,0.5,201.0,1,7,0.0,2.0,1,4,0.0,37.0,1,5,dermatology,medium_value,TERR_14,hospital,1.3,False,Mixed,0.0931,4,Other
315,2026-01-03 17:00:00,rep_visit,12,0.08333333333333333,11.0,1,5,0.4,162.0,1,1,0.0,116.0,1,10,0.1,5.0,1,5,0.2,78.0,1,5,dermatology,high_value,TERR_34,private_practice,1.6,False,In-Person-Heavy,0.1973,0,Primary
315,2026-01-03 17:00:00,webinar,12,0.08333333333333333,11.0,1,5,0.4,162.0,1,1,0.0,116.0,1,10,0.1,5.0,1,5,0.2,78.0,1,5,dermatology,high_value,TERR_34,private_practice,1.6,False,In-Person-Heavy,0.1639,1,Secondary
315,2026-01-03 17:00:00,phone_call,12,0.08333333333333333,11.0,1,5,0.4,162.0,1,1,0.0,116.0,1,10,0.1,5.0,1,5,0.2,78.0,1,5,dermatology,high_value,TERR_34,private_practice,1.6,False,In-Person-Heavy,0.1597,2,Supporting
315,2026-01-03 17:00:00,email,12,0.08333333333333333,11.0,1,5,0.4,162.0,1,1,0.0,116.0,1,10,0.1,5.0,1,5,0.2,78.0,1,5,dermatology,high_value,TERR_34,private_practice,1.6,False,In-Person-Heavy,0.1406,3,Other
315,2026-01-03 17:00:00,digital_ad,12,0.08333333333333333,11.0,1,5,0.4,162.0,1,1,0.0,116.0,1,10,0.1,5.0,1,5,0.2,78.0,1,5,dermatology,high_value,TERR_34,private_practice,1.6,False,In-Person-Heavy,0.0924,4,Other
316,2026-01-03 17:00:00,rep_visit,7,0.8571428571428571,4.0,1,5,0.4,39.0,1,4,0.5,9.0,1,3,0.0,15.0,1,6,0.16666666666666666,130.0,1,5,dermatology,high_value,TERR_04,private_practice,6.5,False,In-Person-Heavy,0.2391,0,Primary
316,2026-01-03 17:00:00,email,7,0.8571428571428571,4.0,1,5,0.4,39.0,1,4,0.5,9.0,1,3,0.0,15.0,1,6,0.16666666666666666,130.0,1,5,dermatology,high_value,TERR_04,private_practice,6.5,False,In-Person-Heavy,0.1591,1,Secondary
316,2026-01-03 17:00:00,phone_call,7,0.8571428571428571,4.0,1,5,0.4,39.0,1,4,0.5,9.0,1,3,0.0,15.0,1,6,0.16666666666666666,130.0,1,5,dermatology,high_value,TERR_04,private_practice,6.5,False,In-Person-Heavy,0.1536,2,Supporting
316,2026-01-03 17:00:00,webinar,7,0.8571428571428571,4.0,1,5,0.4,39.0,1,4,0.5,9.0,1,3,0.0,15.0,1,6,0.16666666666666666,130.0,1,5,dermatology,high_value,TERR_04,private_practice,6.5,False,In-Person-Heavy,0.1527,3,Other
316,2026-01-03 17:00:00,digital_ad,7,0.8571428571428571,4.0,1,5,0.4,39.0,1,4,0.5,9.0,1,3,0.0,15.0,1,6,0.16666666666666666,130.0,1,5,dermatology,high_value,TERR_04,private_practice,6.5,False,In-Person-Heavy,0.1026,4,Other
317,2026-01-03 17:00:00,phone_call,6,0.3333333333333333,2.0,1,3,0.0,123.0,1,8,0.125,127.0,1,1,0.0,53.0,1,8,0.5,30.0,1,5,endocrinology,medium_value,TERR_20,clinic,5.8,False,Digital-Heavy,0.2206,0,Primary
317,2026-01-03 17:00:00,rep_visit,6,0.3333333333333333,2.0,1,3,0.0,123.0,1,8,0.125,127.0,1,1,0.0,53.0,1,8,0.5,30.0,1,5,endocrinology,medium_value,TERR_20,clinic,5.8,False,Digital-Heavy,0.2175,1,Secondary
317,2026-01-03 17:00:00,webinar,6,0.3333333333333333,2.0,1,3,0.0,123.0,1,8,0.125,127.0,1,1,0.0,53.0,1,8,0.5,30.0,1,5,endocrinology,medium_value,TERR_20,clinic,5.8,False,Digital-Heavy,0.2041,2,Supporting
317,2026-01-03 17:00:00,email,6,0.3333333333333333,2.0,1,3,0.0,123.0,1,8,0.125,127.0,1,1,0.0,53.0,1,8,0.5,30.0,1,5,endocrinology,medium_value,TERR_20,clinic,5.8,False,Digital-Heavy,0.1888,3,Other
317,2026-01-03 17:00:00,digital_ad,6,0.3333333333333333,2.0,1,3,0.0,123.0,1,8,0.125,127.0,1,1,0.0,53.0,1,8,0.5,30.0,1,5,endocrinology,medium_value,TERR_20,clinic,5.8,False,Digital-Heavy,0.1208,4,Other
318,2026-01-03 17:00:00,rep_visit,2,0.0,51.0,1,2,0.5,172.0,1,8,0.875,11.0,1,0,0.0,,0,6,0.16666666666666666,65.0,1,4,dermatology,low_value,TERR_29,private_practice,3.0,False,Mixed,0.7421,0,Primary
318,2026-01-03 17:00:00,phone_call,2,0.0,51.0,1,2,0.5,172.0,1,8,0.875,11.0,1,0,0.0,,0,6,0.16666666666666666,65.0,1,4,dermatology,low_value,TERR_29,private_practice,3.0,False,Mixed,0.2566,1,Secondary
318,2026-01-03 17:00:00,webinar,2,0.0,51.0,1,2,0.5,172.0,1,8,0.875,11.0,1,0,0.0,,0,6,0.16666666666666666,65.0,1,4,dermatology,low_value,TERR_29,private_practice,3.0,False,Mixed,0.2402,2,Supporting
318,2026-01-03 17:00:00,email,2,0.0,51.0,1,2,0.5,172.0,1,8,0.875,11.0,1,0,0.0,,0,6,0.16666666666666666,65.0,1,4,dermatology,low_value,TERR_29,private_practice,3.0,False,Mixed,0.1376,3,Other
318,2026-01-03 17:00:00,digital_ad,2,0.0,51.0,1,2,0.5,172.0,1,8,0.875,11.0,1,0,0.0,,0,6,0.16666666666666666,65.0,1,4,dermatology,low_value,TERR_29,private_practice,3.0,False,Mixed,0.0955,4,Other
319,2026-01-03 17:00:00,rep_visit,0,0.0,,0,2,1.0,94.0,1,7,0.42857142857142855,43.0,1,1,0.0,180.0,1,0,0.0,,0,3,oncology,low_value,TERR_11,cancer_center,3.1,True,Digital-Heavy,0.5871,0,Primary
319,2026-01-03 17:00:00,phone_call,0,0.0,,0,2,1.0,94.0,1,7,0.42857142857142855,43.0,1,1,0.0,180.0,1,0,0.0,,0,3,oncology,low_value,TERR_11,cancer_center,3.1,True,Digital-Heavy,0.4002,1,Secondary
319,2026-01-03 17:00:00,webinar,0,0.0,,0,2,1.0,94.0,1,7,0.42857142857142855,43.0,1,1,0.0,180.0,1,0,0.0,,0,3,oncology,low_value,TERR_11,cancer_center,3.1,True,Digital-Heavy,0.3868,2,Supporting
319,2026-01-03 17:00:00,email,0,0.0,,0,2,1.0,94.0,1,7,0.42857142857142855,43.0,1,1,0.0,180.0,1,0,0.0,,0,3,oncology,low_value,TERR_11,cancer_center,3.1,True,Digital-Heavy,0.2273,3,Other
319,2026-01-03 17:00:00,digital_ad,0,0.0,,0,2,1.0,94.0,1,7,0.42857142857142855,43.0,1,1,0.0,180.0,1,0,0.0,,0,3,oncology,low_value,TERR_11,cancer_center,3.1,True,Digital-Heavy,0.1511,4,Other
320,2026-01-03 17:00:00,rep_visit,1,0.0,241.0,1,2,0.0,92.0,1,7,0.8571428571428571,11.0,1,0,0.0,,0,8,0.5,156.0,1,4,dermatology,medium_value,TERR_23,clinic,2.7,False,In-Person-Heavy,0.7144,0,Primary
320,2026-01-03 17:00:00,phone_call,1,0.0,241.0,1,2,0.0,92.0,1,7,0.8571428571428571,11.0,1,0,0.0,,0,8,0.5,156.0,1,4,dermatology,medium_value,TERR_23,clinic,2.7,False,In-Person-Heavy,0.3001,1,Secondary
320,2026-01-03 17:00:00,webinar,1,0.0,241.0,1,2,0.0,92.0,1,7,0.8571428571428571,11.0,1,0,0.0,,0,8,0.5,156.0,1,4,dermatology,medium_value,TERR_23,clinic,2.7,False,In-Person-Heavy,0.2648,2,Supporting
320,2026-01-03 17:00:00,email,1,0.0,241.0,1,2,0.0,92.0,1,7,0.8571428571428571,11.0,1,0,0.0,,0,8,0.5,156.0,1,4,dermatology,medium_value,TERR_23,clinic,2.7,False,In-Person-Heavy,0.1623,3,Other
320,2026-01-03 17:00:00,digital_ad,1,0.0,241.0,1,2,0.0,92.0,1,7,0.8571428571428571,11.0,1,0,0.0,,0,8,0.5,156.0,1,4,dermatology,medium_value,TERR_23,clinic,2.7,False,In-Person-Heavy,0.1142,4,Other
321,2026-01-03 17:00:00,rep_visit,7,0.0,11.0,1,5,1.0,29.0,1,3,0.6666666666666666,58.0,1,2,0.0,220.0,1,2,0.5,24.0,1,5,primary_care,medium_value,TERR_16,private_practice,3.3,False,Digital-Heavy,0.4525,0,Primary
321,2026-01-03 17:00:00,webinar,7,0.0,11.0,1,5,1.0,29.0,1,3,0.6666666666666666,58.0,1,2,0.0,220.0,1,2,0.5,24.0,1,5,primary_care,medium_value,TERR_16,private_practice,3.3,False,Digital-Heavy,0.3232,1,Secondary
321,2026-01-03 17:00:00,phone_call,7,0.0,11.0,1,5,1.0,29.0,1,3,0.6666666666666666,58.0,1,2,0.0,220.0,1,2,0.5,24.0,1,5,primary_care,medium_value,TERR_16,private_practice,3.3,False,Digital-Heavy,0.2834,2,Supporting
321,2026-01-03 17:00:00,email,7,0.0,11.0,1,5,1.0,29.0,1,3,0.6666666666666666,58.0,1,2,0.0,220.0,1,2,0.5,24.0,1,5,primary_care,medium_value,TERR_16,private_practice,3.3,False,Digital-Heavy,0.1937,3,Other
321,2026-01-03 17:00:00,digital_ad,7,0.0,11.0,1,5,1.0,29.0,1,3,0.6666666666666666,58.0,1,2,0.0,220.0,1,2,0.5,24.0,1,5,primary_care,medium_value,TERR_16,private_practice,3.3,False,Digital-Heavy,0.1077,4,Other
322,2026-01-03 17:00:00,rep_visit,11,0.36363636363636365,87.0,1,4,0.0,10.0,1,3,0.0,103.0,1,13,0.0,3.0,1,2,0.0,184.0,1,5,endocrinology,high_value,TERR_40,clinic,2.3,False,Digital-Heavy,0.1709,0,Primary
322,2026-01-03 17:00:00,email,11,0.36363636363636365,87.0,1,4,0.0,10.0,1,3,0.0,103.0,1,13,0.0,3.0,1,2,0.0,184.0,1,5,endocrinology,high_value,TERR_40,clinic,2.3,False,Digital-Heavy,0.1232,1,Secondary
322,2026-01-03 17:00:00,phone_call,11,0.36363636363636365,87.0,1,4,0.0,10.0,1,3,0.0,103.0,1,13,0.0,3.0,1,2,0.0,184.0,1,5,endocrinology,high_value,TERR_40,clinic,2.3,False,Digital-Heavy,0.1151,2,Supporting
322,2026-01-03 17:00:00,webinar,11,0.36363636363636365,87.0,1,4,0.0,10.0,1,3,0.0,103.0,1,13,0.0,3.0,1,2,0.0,184.0,1,5,endocrinology,high_value,TERR_40,clinic,2.3,False,Digital-Heavy,0.1119,3,Other
322,2026-01-03 17:00:00,digital_ad,11,0.36363636363636365,87.0,1,4,0.0,10.0,1,3,0.0,103.0,1,13,0.0,3.0,1,2,0.0,184.0,1,5,endocrinology,high_value,TERR_40,clinic,2.3,False,Digital-Heavy,0.0958,4,Other
323,2026-01-03 17:00:00,rep_visit,10,0.4,40.0,1,3,0.6666666666666666,121.0,1,7,0.5714285714285714,16.0,1,7,0.0,53.0,1,8,0.25,58.0,1,5,dermatology,high_value,TERR_39,clinic,3.5,False,In-Person-Heavy,0.4583,0,Primary
323,2026-01-03 17:00:00,webinar,10,0.4,40.0,1,3,0.6666666666666666,121.0,1,7,0.5714285714285714,16.0,1,7,0.0,53.0,1,8,0.25,58.0,1,5,dermatology,high_value,TERR_39,clinic,3.5,False,In-Person-Heavy,0.2824,1,Secondary
323,2026-01-03 17:00:00,phone_call,10,0.4,40.0,1,3,0.6666666666666666,121.0,1,7,0.5714285714285714,16.0,1,7,0.0,53.0,1,8,0.25,58.0,1,5,dermatology,high_value,TERR_39,clinic,3.5,False,In-Person-Heavy,0.2187,2,Supporting
323,2026-01-03 17:00:00,email,10,0.4,40.0,1,3,0.6666666666666666,121.0,1,7,0.5714285714285714,16.0,1,7,0.0,53.0,1,8,0.25,58.0,1,5,dermatology,high_value,TERR_39,clinic,3.5,False,In-Person-Heavy,0.1635,3,Other
323,2026-01-03 17:00:00,digital_ad,10,0.4,40.0,1,3,0.6666666666666666,121.0,1,7,0.5714285714285714,16.0,1,7,0.0,53.0,1,8,0.25,58.0,1,5,dermatology,high_value,TERR_39,clinic,3.5,False,In-Person-Heavy,0.095,4,Other
324,2026-01-03 17:00:00,rep_visit,2,0.0,9.0,1,5,0.4,89.0,1,13,0.7692307692307693,144.0,1,1,0.0,291.0,1,5,0.4,65.0,1,5,dermatology,high_value,TERR_35,hospital,6.2,False,Mixed,0.5865,0,Primary
324,2026-01-03 17:00:00,phone_call,2,0.0,9.0,1,5,0.4,89.0,1,13,0.7692307692307693,144.0,1,1,0.0,291.0,1,5,0.4,65.0,1,5,dermatology,high_value,TERR_35,hospital,6.2,False,Mixed,0.2776,1,Secondary
324,2026-01-03 17:00:00,webinar,2,0.0,9.0,1,5,0.4,89.0,1,13,0.7692307692307693,144.0,1,1,0.0,291.0,1,5,0.4,65.0,1,5,dermatology,high_value,TERR_35,hospital,6.2,False,Mixed,0.2772,2,Supporting
324,2026-01-03 17:00:00,email,2,0.0,9.0,1,5,0.4,89.0,1,13,0.7692307692307693,144.0,1,1,0.0,291.0,1,5,0.4,65.0,1,5,dermatology,high_value,TERR_35,hospital,6.2,False,Mixed,0.172,3,Other
324,2026-01-03 17:00:00,digital_ad,2,0.0,9.0,1,5,0.4,89.0,1,13,0.7692307692307693,144.0,1,1,0.0,291.0,1,5,0.4,65.0,1,5,dermatology,high_value,TERR_35,hospital,6.2,False,Mixed,0.1152,4,Other
325,2026-01-03 17:00:00,rep_visit,2,0.0,148.0,1,2,0.5,36.0,1,1,0.0,352.0,1,2,0.0,2.0,1,3,0.6666666666666666,190.0,1,5,cardiology,low_value,TERR_02,private_practice,1.9,False,Digital-Heavy,0.1957,0,Primary
325,2026-01-03 17:00:00,phone_call,2,0.0,148.0,1,2,0.5,36.0,1,1,0.0,352.0,1,2,0.0,2.0,1,3,0.6666666666666666,190.0,1,5,cardiology,low_value,TERR_02,private_practice,1.9,False,Digital-Heavy,0.1741,1,Secondary
325,2026-01-03 17:00:00,webinar,2,0.0,148.0,1,2,0.5,36.0,1,1,0.0,352.0,1,2,0.0,2.0,1,3,0.6666666666666666,190.0,1,5,cardiology,low_value,TERR_02,private_practice,1.9,False,Digital-Heavy,0.1653,2,Supporting
325,2026-01-03 17:00:00,email,2,0.0,148.0,1,2,0.5,36.0,1,1,0.0,352.0,1,2,0.0,2.0,1,3,0.6666666666666666,190.0,1,5,cardiology,low_value,TERR_02,private_practice,1.9,False,Digital-Heavy,0.1403,3,Other
325,2026-01-03 17:00:00,digital_ad,2,0.0,148.0,1,2,0.5,36.0,1,1,0.0,352.0,1,2,0.0,2.0,1,3,0.6666666666666666,190.0,1,5,cardiology,low_value,TERR_02,private_practice,1.9,False,Digital-Heavy,0.1096,4,Other
326,2026-01-03 17:00:00,rep_visit,9,0.0,124.0,1,2,0.5,75.0,1,0,0.0,,0,10,0.1,2.0,1,5,0.0,65.0,1,4,dermatology,high_value,TERR_10,private_practice,3.9,False,In-Person-Heavy,0.2401,0,Primary
326,2026-01-03 17:00:00,webinar,9,0.0,124.0,1,2,0.5,75.0,1,0,0.0,,0,10,0.1,2.0,1,5,0.0,65.0,1,4,dermatology,high_value,TERR_10,private_practice,3.9,False,In-Person-Heavy,0.1479,1,Secondary
326,2026-01-03 17:00:00,phone_call,9,0.0,124.0,1,2,0.5,75.0,1,0,0.0,,0,10,0.1,2.0,1,5,0.0,65.0,1,4,dermatology,high_value,TERR_10,private_practice,3.9,False,In-Person-Heavy,0.1322,2,Supporting
326,2026-01-03 17:00:00,email,9,0.0,124.0,1,2,0.5,75.0,1,0,0.0,,0,10,0.1,2.0,1,5,0.0,65.0,1,4,dermatology,high_value,TERR_10,private_practice,3.9,False,In-Person-Heavy,0.1164,3,Other
326,2026-01-03 17:00:00,digital_ad,9,0.0,124.0,1,2,0.5,75.0,1,0,0.0,,0,10,0.1,2.0,1,5,0.0,65.0,1,4,dermatology,high_value,TERR_10,private_practice,3.9,False,In-Person-Heavy,0.1053,4,Other
327,2026-01-03 17:00:00,rep_visit,6,0.0,94.0,1,6,0.0,142.0,1,5,0.8,24.0,1,7,0.14285714285714285,3.0,1,11,0.18181818181818182,9.0,1,5,oncology,high_value,TERR_45,hospital,4.2,False,Digital-Heavy,0.3101,0,Primary
327,2026-01-03 17:00:00,webinar,6,0.0,94.0,1,6,0.0,142.0,1,5,0.8,24.0,1,7,0.14285714285714285,3.0,1,11,0.18181818181818182,9.0,1,5,oncology,high_value,TERR_45,hospital,4.2,False,Digital-Heavy,0.1533,1,Secondary
327,2026-01-03 17:00:00,phone_call,6,0.0,94.0,1,6,0.0,142.0,1,5,0.8,24.0,1,7,0.14285714285714285,3.0,1,11,0.18181818181818182,9.0,1,5,oncology,high_value,TERR_45,hospital,4.2,False,Digital-Heavy,0.1514,2,Supporting
327,2026-01-03 17:00:00,email,6,0.0,94.0,1,6,0.0,142.0,1,5,0.8,24.0,1,7,0.14285714285714285,3.0,1,11,0.18181818181818182,9.0,1,5,oncology,high_value,TERR_45,hospital,4.2,False,Digital-Heavy,0.1133,3,Other
327,2026-01-03 17:00:00,digital_ad,6,0.0,94.0,1,6,0.0,142.0,1,5,0.8,24.0,1,7,0.14285714285714285,3.0,1,11,0.18181818181818182,9.0,1,5,oncology,high_value,TERR_45,hospital,4.2,False,Digital-Heavy,0.0878,4,Other
328,2026-01-03 17:00:00,rep_visit,3,0.0,93.0,1,3,0.3333333333333333,222.0,1,2,0.5,229.0,1,0,0.0,,0,2,0.5,134.0,1,4,dermatology,medium_value,TERR_36,hospital,0.8,False,Digital-Heavy,0.6502,0,Primary
328,2026-01-03 17:00:00,phone_call,3,0.0,93.0,1,3,0.3333333333333333,222.0,1,2,0.5,229.0,1,0,0.0,,0,2,0.5,134.0,1,4,dermatology,medium_value,TERR_36,hospital,0.8,False,Digital-Heavy,0.3298,1,Secondary
328,2026-01-03 17:00:00,webinar,3,0.0,93.0,1,3,0.3333333333333333,222.0,1,2,0.5,229.0,1,0,0.0,,0,2,0.5,134.0,1,4,dermatology,medium_value,TERR_36,hospital,0.8,False,Digital-Heavy,0.3039,2,Supporting
328,2026-01-03 17:00:00,email,3,0.0,93.0,1,3,0.3333333333333333,222.0,1,2,0.5,229.0,1,0,0.0,,0,2,0.5,134.0,1,4,dermatology,medium_value,TERR_36,hospital,0.8,False,Digital-Heavy,0.1753,3,Other
328,2026-01-03 17:00:00,digital_ad,3,0.0,93.0,1,3,0.3333333333333333,222.0,1,2,0.5,229.0,1,0,0.0,,0,2,0.5,134.0,1,4,dermatology,medium_value,TERR_36,hospital,0.8,False,Digital-Heavy,0.1218,4,Other
329,2026-01-03 17:00:00,rep_visit,9,0.2222222222222222,16.0,1,5,0.4,26.0,1,9,0.5555555555555556,4.0,1,4,0.0,159.0,1,4,0.0,38.0,1,5,cardiology,high_value,TERR_26,private_practice,0.5,False,In-Person-Heavy,0.2761,0,Primary
329,2026-01-03 17:00:00,webinar,9,0.2222222222222222,16.0,1,5,0.4,26.0,1,9,0.5555555555555556,4.0,1,4,0.0,159.0,1,4,0.0,38.0,1,5,cardiology,high_value,TERR_26,private_practice,0.5,False,In-Person-Heavy,0.1894,1,Secondary
329,2026-01-03 17:00:00,phone_call,9,0.2222222222222222,16.0,1,5,0.4,26.0,1,9,0.5555555555555556,4.0,1,4,0.0,159.0,1,4,0.0,38.0,1,5,cardiology,high_value,TERR_26,private_practice,0.5,False,In-Person-Heavy,0.1618,2,Supporting
329,2026-01-03 17:00:00,email,9,0.2222222222222222,16.0,1,5,0.4,26.0,1,9,0.5555555555555556,4.0,1,4,0.0,159.0,1,4,0.0,38.0,1,5,cardiology,high_value,TERR_26,private_practice,0.5,False,In-Person-Heavy,0.1261,3,Other
329,2026-01-03 17:00:00,digital_ad,9,0.2222222222222222,16.0,1,5,0.4,26.0,1,9,0.5555555555555556,4.0,1,4,0.0,159.0,1,4,0.0,38.0,1,5,cardiology,high_value,TERR_26,private_practice,0.5,False,In-Person-Heavy,0.0837,4,Other
330,2026-01-03 17:00:00,rep_visit,2,0.0,43.0,1,5,0.0,9.0,1,13,0.15384615384615385,15.0,1,2,0.0,194.0,1,6,0.0,2.0,1,5,oncology,medium_value,TERR_40,hospital,1.2,False,In-Person-Heavy,0.1612,0,Primary
330,2026-01-03 17:00:00,phone_call,2,0.0,43.0,1,5,0.0,9.0,1,13,0.15384615384615385,15.0,1,2,0.0,194.0,1,6,0.0,2.0,1,5,oncology,medium_value,TERR_40,hospital,1.2,False,In-Person-Heavy,0.1023,1,Secondary
330,2026-01-03 17:00:00,webinar,2,0.0,43.0,1,5,0.0,9.0,1,13,0.15384615384615385,15.0,1,2,0.0,194.0,1,6,0.0,2.0,1,5,oncology,medium_value,TERR_40,hospital,1.2,False,In-Person-Heavy,0.0924,2,Supporting
330,2026-01-03 17:00:00,email,2,0.0,43.0,1,5,0.0,9.0,1,13,0.15384615384615385,15.0,1,2,0.0,194.0,1,6,0.0,2.0,1,5,oncology,medium_value,TERR_40,hospital,1.2,False,In-Person-Heavy,0.0829,3,Other
330,2026-01-03 17:00:00,digital_ad,2,0.0,43.0,1,5,0.0,9.0,1,13,0.15384615384615385,15.0,1,2,0.0,194.0,1,6,0.0,2.0,1,5,oncology,medium_value,TERR_40,hospital,1.2,False,In-Person-Heavy,0.0756,4,Other
331,2026-01-03 17:00:00,rep_visit,8,0.25,4.0,1,6,0.3333333333333333,44.0,1,4,0.5,94.0,1,7,0.0,52.0,1,9,0.2222222222222222,8.0,1,5,primary_care,high_value,TERR_49,clinic,1.6,False,Digital-Heavy,0.1584,0,Primary
331,2026-01-03 17:00:00,phone_call,8,0.25,4.0,1,6,0.3333333333333333,44.0,1,4,0.5,94.0,1,7,0.0,52.0,1,9,0.2222222222222222,8.0,1,5,primary_care,high_value,TERR_49,clinic,1.6,False,Digital-Heavy,0.1009,1,Secondary
331,2026-01-03 17:00:00,webinar,8,0.25,4.0,1,6,0.3333333333333333,44.0,1,4,0.5,94.0,1,7,0.0,52.0,1,9,0.2222222222222222,8.0,1,5,primary_care,high_value,TERR_49,clinic,1.6,False,Digital-Heavy,0.0999,2,Supporting
331,2026-01-03 17:00:00,email,8,0.25,4.0,1,6,0.3333333333333333,44.0,1,4,0.5,94.0,1,7,0.0,52.0,1,9,0.2222222222222222,8.0,1,5,primary_care,high_value,TERR_49,clinic,1.6,False,Digital-Heavy,0.0954,3,Other
331,2026-01-03 17:00:00,digital_ad,8,0.25,4.0,1,6,0.3333333333333333,44.0,1,4,0.5,94.0,1,7,0.0,52.0,1,9,0.2222222222222222,8.0,1,5,primary_care,high_value,TERR_49,clinic,1.6,False,Digital-Heavy,0.0674,4,Other
332,2026-01-03 17:00:00,rep_visit,4,0.0,66.0,1,3,0.0,88.0,1,2,0.0,136.0,1,3,0.6666666666666666,50.0,1,1,0.0,250.0,1,5,primary_care,medium_value,TERR_02,clinic,1.1,False,Digital-Heavy,0.3673,0,Primary
332,2026-01-03 17:00:00,phone_call,4,0.0,66.0,1,3,0.0,88.0,1,2,0.0,136.0,1,3,0.6666666666666666,50.0,1,1,0.0,250.0,1,5,primary_care,medium_value,TERR_02,clinic,1.1,False,Digital-Heavy,0.236,1,Secondary
332,2026-01-03 17:00:00,webinar,4,0.0,66.0,1,3,0.0,88.0,1,2,0.0,136.0,1,3,0.6666666666666666,50.0,1,1,0.0,250.0,1,5,primary_care,medium_value,TERR_02,clinic,1.1,False,Digital-Heavy,0.2307,2,Supporting
332,2026-01-03 17:00:00,email,4,0.0,66.0,1,3,0.0,88.0,1,2,0.0,136.0,1,3,0.6666666666666666,50.0,1,1,0.0,250.0,1,5,primary_care,medium_value,TERR_02,clinic,1.1,False,Digital-Heavy,0.1907,3,Other
332,2026-01-03 17:00:00,digital_ad,4,0.0,66.0,1,3,0.0,88.0,1,2,0.0,136.0,1,3,0.6666666666666666,50.0,1,1,0.0,250.0,1,5,primary_care,medium_value,TERR_02,clinic,1.1,False,Digital-Heavy,0.1745,4,Other
333,2026-01-03 17:00:00,rep_visit,0,0.0,,0,1,0.0,80.0,1,4,1.0,86.0,1,0,0.0,,0,6,0.3333333333333333,23.0,1,3,dermatology,low_value,TERR_28,private_practice,1.8,False,Digital-Heavy,0.7236,0,Primary
333,2026-01-03 17:00:00,phone_call,0,0.0,,0,1,0.0,80.0,1,4,1.0,86.0,1,0,0.0,,0,6,0.3333333333333333,23.0,1,3,dermatology,low_value,TERR_28,private_practice,1.8,False,Digital-Heavy,0.3352,1,Secondary
333,2026-01-03 17:00:00,webinar,0,0.0,,0,1,0.0,80.0,1,4,1.0,86.0,1,0,0.0,,0,6,0.3333333333333333,23.0,1,3,dermatology,low_value,TERR_28,private_practice,1.8,False,Digital-Heavy,0.2353,2,Supporting
333,2026-01-03 17:00:00,email,0,0.0,,0,1,0.0,80.0,1,4,1.0,86.0,1,0,0.0,,0,6,0.3333333333333333,23.0,1,3,dermatology,low_value,TERR_28,private_practice,1.8,False,Digital-Heavy,0.1768,3,Other
333,2026-01-03 17:00:00,digital_ad,0,0.0,,0,1,0.0,80.0,1,4,1.0,86.0,1,0,0.0,,0,6,0.3333333333333333,23.0,1,3,dermatology,low_value,TERR_28,private_practice,1.8,False,Digital-Heavy,0.1528,4,Other
334,2026-01-03 17:00:00,rep_visit,1,0.0,11.0,1,7,0.0,5.0,1,7,0.5714285714285714,46.0,1,2,0.0,54.0,1,10,0.7,19.0,1,5,oncology,high_value,TERR_49,hospital,1.7,False,Digital-Heavy,0.4064,0,Primary
334,2026-01-03 17:00:00,phone_call,1,0.0,11.0,1,7,0.0,5.0,1,7,0.5714285714285714,46.0,1,2,0.0,54.0,1,10,0.7,19.0,1,5,oncology,high_value,TERR_49,hospital,1.7,False,Digital-Heavy,0.2048,1,Secondary
334,2026-01-03 17:00:00,webinar,1,0.0,11.0,1,7,0.0,5.0,1,7,0.5714285714285714,46.0,1,2,0.0,54.0,1,10,0.7,19.0,1,5,oncology,high_value,TERR_49,hospital,1.7,False,Digital-Heavy,0.1587,2,Supporting
334,2026-01-03 17:00:00,email,1,0.0,11.0,1,7,0.0,5.0,1,7,0.5714285714285714,46.0,1,2,0.0,54.0,1,10,0.7,19.0,1,5,oncology,high_value,TERR_49,hospital,1.7,False,Digital-Heavy,0.1129,3,Other
334,2026-01-03 17:00:00,digital_ad,1,0.0,11.0,1,7,0.0,5.0,1,7,0.5714285714285714,46.0,1,2,0.0,54.0,1,10,0.7,19.0,1,5,oncology,high_value,TERR_49,hospital,1.7,False,Digital-Heavy,0.0929,4,Other
335,2026-01-03 17:00:00,rep_visit,4,0.5,17.0,1,3,0.6666666666666666,57.0,1,10,0.7,25.0,1,0,0.0,,0,10,0.1,3.0,1,4,primary_care,high_value,TERR_01,private_practice,3.5,False,Mixed,0.4273,0,Primary
335,2026-01-03 17:00:00,webinar,4,0.5,17.0,1,3,0.6666666666666666,57.0,1,10,0.7,25.0,1,0,0.0,,0,10,0.1,3.0,1,4,primary_care,high_value,TERR_01,private_practice,3.5,False,Mixed,0.1998,1,Secondary
335,2026-01-03 17:00:00,phone_call,4,0.5,17.0,1,3,0.6666666666666666,57.0,1,10,0.7,25.0,1,0,0.0,,0,10,0.1,3.0,1,4,primary_care,high_value,TERR_01,private_practice,3.5,False,Mixed,0.1891,2,Supporting
335,2026-01-03 17:00:00,email,4,0.5,17.0,1,3,0.6666666666666666,57.0,1,10,0.7,25.0,1,0,0.0,,0,10,0.1,3.0,1,4,primary_care,high_value,TERR_01,private_practice,3.5,False,Mixed,0.1593,3,Other
335,2026-01-03 17:00:00,digital_ad,4,0.5,17.0,1,3,0.6666666666666666,57.0,1,10,0.7,25.0,1,0,0.0,,0,10,0.1,3.0,1,4,primary_care,high_value,TERR_01,private_practice,3.5,False,Mixed,0.0935,4,Other
336,2026-01-03 17:00:00,rep_visit,2,0.5,144.0,1,2,0.5,186.0,1,5,0.2,29.0,1,2,0.0,66.0,1,6,0.16666666666666666,19.0,1,5,dermatology,low_value,TERR_23,private_practice,3.1,False,Mixed,0.4537,0,Primary
336,2026-01-03 17:00:00,webinar,2,0.5,144.0,1,2,0.5,186.0,1,5,0.2,29.0,1,2,0.0,66.0,1,6,0.16666666666666666,19.0,1,5,dermatology,low_value,TERR_23,private_practice,3.1,False,Mixed,0.2286,1,Secondary
336,2026-01-03 17:00:00,phone_call,2,0.5,144.0,1,2,0.5,186.0,1,5,0.2,29.0,1,2,0.0,66.0,1,6,0.16666666666666666,19.0,1,5,dermatology,low_value,TERR_23,private_practice,3.1,False,Mixed,0.2029,2,Supporting
336,2026-01-03 17:00:00,email,2,0.5,144.0,1,2,0.5,186.0,1,5,0.2,29.0,1,2,0.0,66.0,1,6,0.16666666666666666,19.0,1,5,dermatology,low_value,TERR_23,private_practice,3.1,False,Mixed,0.1405,3,Other
336,2026-01-03 17:00:00,digital_ad,2,0.5,144.0,1,2,0.5,186.0,1,5,0.2,29.0,1,2,0.0,66.0,1,6,0.16666666666666666,19.0,1,5,dermatology,low_value,TERR_23,private_practice,3.1,False,Mixed,0.0875,4,Other
337,2026-01-03 17:00:00,rep_visit,6,0.16666666666666666,94.0,1,8,0.0,24.0,1,2,0.5,10.0,1,6,0.0,43.0,1,3,0.0,114.0,1,5,primary_care,medium_value,TERR_46,private_practice,2.9,False,Digital-Heavy,0.3872,0,Primary
337,2026-01-03 17:00:00,webinar,6,0.16666666666666666,94.0,1,8,0.0,24.0,1,2,0.5,10.0,1,6,0.0,43.0,1,3,0.0,114.0,1,5,primary_care,medium_value,TERR_46,private_practice,2.9,False,Digital-Heavy,0.202,1,Secondary
337,2026-01-03 17:00:00,phone_call,6,0.16666666666666666,94.0,1,8,0.0,24.0,1,2,0.5,10.0,1,6,0.0,43.0,1,3,0.0,114.0,1,5,primary_care,medium_value,TERR_46,private_practice,2.9,False,Digital-Heavy,0.1714,2,Supporting
337,2026-01-03 17:00:00,email,6,0.16666666666666666,94.0,1,8,0.0,24.0,1,2,0.5,10.0,1,6,0.0,43.0,1,3,0.0,114.0,1,5,primary_care,medium_value,TERR_46,private_practice,2.9,False,Digital-Heavy,0.1713,3,Other
337,2026-01-03 17:00:00,digital_ad,6,0.16666666666666666,94.0,1,8,0.0,24.0,1,2,0.5,10.0,1,6,0.0,43.0,1,3,0.0,114.0,1,5,primary_care,medium_value,TERR_46,private_practice,2.9,False,Digital-Heavy,0.0827,4,Other
338,2026-01-03 17:00:00,rep_visit,5,0.4,43.0,1,5,0.0,22.0,1,0,0.0,,0,12,0.16666666666666666,1.0,1,5,0.2,18.0,1,4,cardiology,medium_value,TERR_28,clinic,2.2,False,In-Person-Heavy,0.1811,0,Primary
338,2026-01-03 17:00:00,email,5,0.4,43.0,1,5,0.0,22.0,1,0,0.0,,0,12,0.16666666666666666,1.0,1,5,0.2,18.0,1,4,cardiology,medium_value,TERR_28,clinic,2.2,False,In-Person-Heavy,0.1332,1,Secondary
338,2026-01-03 17:00:00,webinar,5,0.4,43.0,1,5,0.0,22.0,1,0,0.0,,0,12,0.16666666666666666,1.0,1,5,0.2,18.0,1,4,cardiology,medium_value,TERR_28,clinic,2.2,False,In-Person-Heavy,0.1264,2,Supporting
338,2026-01-03 17:00:00,phone_call,5,0.4,43.0,1,5,0.0,22.0,1,0,0.0,,0,12,0.16666666666666666,1.0,1,5,0.2,18.0,1,4,cardiology,medium_value,TERR_28,clinic,2.2,False,In-Person-Heavy,0.1074,3,Other
338,2026-01-03 17:00:00,digital_ad,5,0.4,43.0,1,5,0.0,22.0,1,0,0.0,,0,12,0.16666666666666666,1.0,1,5,0.2,18.0,1,4,cardiology,medium_value,TERR_28,clinic,2.2,False,In-Person-Heavy,0.0763,4,Other
339,2026-01-03 17:00:00,rep_visit,10,0.1,19.0,1,4,0.25,109.0,1,5,0.4,193.0,1,5,0.2,51.0,1,4,0.0,149.0,1,5,oncology,high_value,TERR_38,hospital,1.6,False,Mixed,0.3949,0,Primary
339,2026-01-03 17:00:00,webinar,10,0.1,19.0,1,4,0.25,109.0,1,5,0.4,193.0,1,5,0.2,51.0,1,4,0.0,149.0,1,5,oncology,high_value,TERR_38,hospital,1.6,False,Mixed,0.24,1,Secondary
339,2026-01-03 17:00:00,phone_call,10,0.1,19.0,1,4,0.25,109.0,1,5,0.4,193.0,1,5,0.2,51.0,1,4,0.0,149.0,1,5,oncology,high_value,TERR_38,hospital,1.6,False,Mixed,0.2143,2,Supporting
339,2026-01-03 17:00:00,email,10,0.1,19.0,1,4,0.25,109.0,1,5,0.4,193.0,1,5,0.2,51.0,1,4,0.0,149.0,1,5,oncology,high_value,TERR_38,hospital,1.6,False,Mixed,0.1564,3,Other
339,2026-01-03 17:00:00,digital_ad,10,0.1,19.0,1,4,0.25,109.0,1,5,0.4,193.0,1,5,0.2,51.0,1,4,0.0,149.0,1,5,oncology,high_value,TERR_38,hospital,1.6,False,Mixed,0.1463,4,Other
340,2026-01-03 17:00:00,rep_visit,1,0.0,316.0,1,2,0.5,155.0,1,12,0.6666666666666666,2.0,1,0,0.0,,0,4,0.0,87.0,1,4,endocrinology,high_value,TERR_40,hospital,1.9,False,Digital-Heavy,0.3479,0,Primary
340,2026-01-03 17:00:00,phone_call,1,0.0,316.0,1,2,0.5,155.0,1,12,0.6666666666666666,2.0,1,0,0.0,,0,4,0.0,87.0,1,4,endocrinology,high_value,TERR_40,hospital,1.9,False,Digital-Heavy,0.1482,1,Secondary
340,2026-01-03 17:00:00,webinar,1,0.0,316.0,1,2,0.5,155.0,1,12,0.6666666666666666,2.0,1,0,0.0,,0,4,0.0,87.0,1,4,endocrinology,high_value,TERR_40,hospital,1.9,False,Digital-Heavy,0.141,2,Supporting
340,2026-01-03 17:00:00,email,1,0.0,316.0,1,2,0.5,155.0,1,12,0.6666666666666666,2.0,1,0,0.0,,0,4,0.0,87.0,1,4,endocrinology,high_value,TERR_40,hospital,1.9,False,Digital-Heavy,0.1115,3,Other
340,2026-01-03 17:00:00,digital_ad,1,0.0,316.0,1,2,0.5,155.0,1,12,0.6666666666666666,2.0,1,0,0.0,,0,4,0.0,87.0,1,4,endocrinology,high_value,TERR_40,hospital,1.9,False,Digital-Heavy,0.0895,4,Other
341,2026-01-03 17:00:00,rep_visit,12,0.0,23.0,1,5,0.0,38.0,1,3,0.3333333333333333,72.0,1,2,0.0,233.0,1,4,0.25,11.0,1,5,primary_care,high_value,TERR_14,private_practice,3.2,False,Mixed,0.3955,0,Primary
341,2026-01-03 17:00:00,phone_call,12,0.0,23.0,1,5,0.0,38.0,1,3,0.3333333333333333,72.0,1,2,0.0,233.0,1,4,0.25,11.0,1,5,primary_care,high_value,TERR_14,private_practice,3.2,False,Mixed,0.2066,1,Secondary
341,2026-01-03 17:00:00,webinar,12,0.0,23.0,1,5,0.0,38.0,1,3,0.3333333333333333,72.0,1,2,0.0,233.0,1,4,0.25,11.0,1,5,primary_care,high_value,TERR_14,private_practice,3.2,False,Mixed,0.192,2,Supporting
341,2026-01-03 17:00:00,email,12,0.0,23.0,1,5,0.0,38.0,1,3,0.3333333333333333,72.0,1,2,0.0,233.0,1,4,0.25,11.0,1,5,primary_care,high_value,TERR_14,private_practice,3.2,False,Mixed,0.1404,3,Other
341,2026-01-03 17:00:00,digital_ad,12,0.0,23.0,1,5,0.0,38.0,1,3,0.3333333333333333,72.0,1,2,0.0,233.0,1,4,0.25,11.0,1,5,primary_care,high_value,TERR_14,private_practice,3.2,False,Mixed,0.0839,4,Other
342,2026-01-03 17:00:00,rep_visit,5,0.0,17.0,1,2,0.5,95.0,1,6,0.16666666666666666,46.0,1,8,0.375,10.0,1,8,0.125,4.0,1,5,primary_care,high_value,TERR_50,hospital,1.4,False,Mixed,0.2042,0,Primary
342,2026-01-03 17:00:00,webinar,5,0.0,17.0,1,2,0.5,95.0,1,6,0.16666666666666666,46.0,1,8,0.375,10.0,1,8,0.125,4.0,1,5,primary_care,high_value,TERR_50,hospital,1.4,False,Mixed,0.1365,1,Secondary
342,2026-01-03 17:00:00,phone_call,5,0.0,17.0,1,2,0.5,95.0,1,6,0.16666666666666666,46.0,1,8,0.375,10.0,1,8,0.125,4.0,1,5,primary_care,high_value,TERR_50,hospital,1.4,False,Mixed,0.135,2,Supporting
342,2026-01-03 17:00:00,email,5,0.0,17.0,1,2,0.5,95.0,1,6,0.16666666666666666,46.0,1,8,0.375,10.0,1,8,0.125,4.0,1,5,primary_care,high_value,TERR_50,hospital,1.4,False,Mixed,0.1061,3,Other
342,2026-01-03 17:00:00,digital_ad,5,0.0,17.0,1,2,0.5,95.0,1,6,0.16666666666666666,46.0,1,8,0.375,10.0,1,8,0.125,4.0,1,5,primary_care,high_value,TERR_50,hospital,1.4,False,Mixed,0.102,4,Other
343,2026-01-03 17:00:00,rep_visit,4,0.25,123.0,1,3,0.3333333333333333,79.0,1,13,0.23076923076923078,3.0,1,2,0.0,277.0,1,8,0.625,16.0,1,5,dermatology,high_value,TERR_32,private_practice,2.7,False,Digital-Heavy,0.2748,0,Primary
343,2026-01-03 17:00:00,phone_call,4,0.25,123.0,1,3,0.3333333333333333,79.0,1,13,0.23076923076923078,3.0,1,2,0.0,277.0,1,8,0.625,16.0,1,5,dermatology,high_value,TERR_32,private_practice,2.7,False,Digital-Heavy,0.1816,1,Secondary
343,2026-01-03 17:00:00,webinar,4,0.25,123.0,1,3,0.3333333333333333,79.0,1,13,0.23076923076923078,3.0,1,2,0.0,277.0,1,8,0.625,16.0,1,5,dermatology,high_value,TERR_32,private_practice,2.7,False,Digital-Heavy,0.1608,2,Supporting
343,2026-01-03 17:00:00,email,4,0.25,123.0,1,3,0.3333333333333333,79.0,1,13,0.23076923076923078,3.0,1,2,0.0,277.0,1,8,0.625,16.0,1,5,dermatology,high_value,TERR_32,private_practice,2.7,False,Digital-Heavy,0.1254,3,Other
343,2026-01-03 17:00:00,digital_ad,4,0.25,123.0,1,3,0.3333333333333333,79.0,1,13,0.23076923076923078,3.0,1,2,0.0,277.0,1,8,0.625,16.0,1,5,dermatology,high_value,TERR_32,private_practice,2.7,False,Digital-Heavy,0.0876,4,Other
344,2026-01-03 17:00:00,rep_visit,4,0.0,57.0,1,6,0.0,8.0,1,3,0.6666666666666666,121.0,1,1,0.0,85.0,1,7,0.14285714285714285,26.0,1,5,endocrinology,low_value,TERR_17,private_practice,2.5,False,Digital-Heavy,0.4203,0,Primary
344,2026-01-03 17:00:00,phone_call,4,0.0,57.0,1,6,0.0,8.0,1,3,0.6666666666666666,121.0,1,1,0.0,85.0,1,7,0.14285714285714285,26.0,1,5,endocrinology,low_value,TERR_17,private_practice,2.5,False,Digital-Heavy,0.1514,1,Secondary
344,2026-01-03 17:00:00,webinar,4,0.0,57.0,1,6,0.0,8.0,1,3,0.6666666666666666,121.0,1,1,0.0,85.0,1,7,0.14285714285714285,26.0,1,5,endocrinology,low_value,TERR_17,private_practice,2.5,False,Digital-Heavy,0.1512,2,Supporting
344,2026-01-03 17:00:00,email,4,0.0,57.0,1,6,0.0,8.0,1,3,0.6666666666666666,121.0,1,1,0.0,85.0,1,7,0.14285714285714285,26.0,1,5,endocrinology,low_value,TERR_17,private_practice,2.5,False,Digital-Heavy,0.1238,3,Other
344,2026-01-03 17:00:00,digital_ad,4,0.0,57.0,1,6,0.0,8.0,1,3,0.6666666666666666,121.0,1,1,0.0,85.0,1,7,0.14285714285714285,26.0,1,5,endocrinology,low_value,TERR_17,private_practice,2.5,False,Digital-Heavy,0.089,4,Other
345,2026-01-03 17:00:00,rep_visit,11,0.09090909090909091,12.0,1,1,1.0,24.0,1,3,0.6666666666666666,2.0,1,6,0.0,53.0,1,8,0.125,36.0,1,5,oncology,medium_value,TERR_25,hospital,0.5,False,Mixed,0.2965,0,Primary
345,2026-01-03 17:00:00,webinar,11,0.09090909090909091,12.0,1,1,1.0,24.0,1,3,0.6666666666666666,2.0,1,6,0.0,53.0,1,8,0.125,36.0,1,5,oncology,medium_value,TERR_25,hospital,0.5,False,Mixed,0.1827,1,Secondary
345,2026-01-03 17:00:00,email,11,0.09090909090909091,12.0,1,1,1.0,24.0,1,3,0.6666666666666666,2.0,1,6,0.0,53.0,1,8,0.125,36.0,1,5,oncology,medium_value,TERR_25,hospital,0.5,False,Mixed,0.1504,2,Supporting
345,2026-01-03 17:00:00,phone_call,11,0.09090909090909091,12.0,1,1,1.0,24.0,1,3,0.6666666666666666,2.0,1,6,0.0,53.0,1,8,0.125,36.0,1,5,oncology,medium_value,TERR_25,hospital,0.5,False,Mixed,0.1445,3,Other
345,2026-01-03 17:00:00,digital_ad,11,0.09090909090909091,12.0,1,1,1.0,24.0,1,3,0.6666666666666666,2.0,1,6,0.0,53.0,1,8,0.125,36.0,1,5,oncology,medium_value,TERR_25,hospital,0.5,False,Mixed,0.0925,4,Other
346,2026-01-03 17:00:00,rep_visit,3,0.6666666666666666,67.0,1,7,0.2857142857142857,5.0,1,1,1.0,211.0,1,2,0.0,141.0,1,5,0.4,51.0,1,5,endocrinology,medium_value,TERR_32,private_practice,0.6,False,In-Person-Heavy,0.3572,0,Primary
346,2026-01-03 17:00:00,webinar,3,0.6666666666666666,67.0,1,7,0.2857142857142857,5.0,1,1,1.0,211.0,1,2,0.0,141.0,1,5,0.4,51.0,1,5,endocrinology,medium_value,TERR_32,private_practice,0.6,False,In-Person-Heavy,0.2244,1,Secondary
346,2026-01-03 17:00:00,email,3,0.6666666666666666,67.0,1,7,0.2857142857142857,5.0,1,1,1.0,211.0,1,2,0.0,141.0,1,5,0.4,51.0,1,5,endocrinology,medium_value,TERR_32,private_practice,0.6,False,In-Person-Heavy,0.1996,2,Supporting
346,2026-01-03 17:00:00,phone_call,3,0.6666666666666666,67.0,1,7,0.2857142857142857,5.0,1,1,1.0,211.0,1,2,0.0,141.0,1,5,0.4,51.0,1,5,endocrinology,medium_value,TERR_32,private_practice,0.6,False,In-Person-Heavy,0.1923,3,Other
346,2026-01-03 17:00:00,digital_ad,3,0.6666666666666666,67.0,1,7,0.2857142857142857,5.0,1,1,1.0,211.0,1,2,0.0,141.0,1,5,0.4,51.0,1,5,endocrinology,medium_value,TERR_32,private_practice,0.6,False,In-Person-Heavy,0.1037,4,Other
347,2026-01-03 17:00:00,rep_visit,2,0.0,207.0,1,0,0.0,,0,3,1.0,22.0,1,4,0.5,113.0,1,5,0.2,96.0,1,4,primary_care,low_value,TERR_49,clinic,3.3,False,Digital-Heavy,0.7119,0,Primary
347,2026-01-03 17:00:00,webinar,2,0.0,207.0,1,0,0.0,,0,3,1.0,22.0,1,4,0.5,113.0,1,5,0.2,96.0,1,4,primary_care,low_value,TERR_49,clinic,3.3,False,Digital-Heavy,0.2668,1,Secondary
347,2026-01-03 17:00:00,phone_call,2,0.0,207.0,1,0,0.0,,0,3,1.0,22.0,1,4,0.5,113.0,1,5,0.2,96.0,1,4,primary_care,low_value,TERR_49,clinic,3.3,False,Digital-Heavy,0.2437,2,Supporting
347,2026-01-03 17:00:00,email,2,0.0,207.0,1,0,0.0,,0,3,1.0,22.0,1,4,0.5,113.0,1,5,0.2,96.0,1,4,primary_care,low_value,TERR_49,clinic,3.3,False,Digital-Heavy,0.1531,3,Other
347,2026-01-03 17:00:00,digital_ad,2,0.0,207.0,1,0,0.0,,0,3,1.0,22.0,1,4,0.5,113.0,1,5,0.2,96.0,1,4,primary_care,low_value,TERR_49,clinic,3.3,False,Digital-Heavy,0.1137,4,Other
348,2026-01-03 17:00:00,rep_visit,0,0.0,,0,1,1.0,275.0,1,6,0.8333333333333334,103.0,1,2,0.0,61.0,1,0,0.0,,0,3,primary_care,low_value,TERR_21,private_practice,3.2,True,Digital-Heavy,0.6615,0,Primary
348,2026-01-03 17:00:00,webinar,0,0.0,,0,1,1.0,275.0,1,6,0.8333333333333334,103.0,1,2,0.0,61.0,1,0,0.0,,0,3,primary_care,low_value,TERR_21,private_practice,3.2,True,Digital-Heavy,0.4406,1,Secondary
348,2026-01-03 17:00:00,phone_call,0,0.0,,0,1,1.0,275.0,1,6,0.8333333333333334,103.0,1,2,0.0,61.0,1,0,0.0,,0,3,primary_care,low_value,TERR_21,private_practice,3.2,True,Digital-Heavy,0.3972,2,Supporting
348,2026-01-03 17:00:00,email,0,0.0,,0,1,1.0,275.0,1,6,0.8333333333333334,103.0,1,2,0.0,61.0,1,0,0.0,,0,3,primary_care,low_value,TERR_21,private_practice,3.2,True,Digital-Heavy,0.2853,3,Other
348,2026-01-03 17:00:00,digital_ad,0,0.0,,0,1,1.0,275.0,1,6,0.8333333333333334,103.0,1,2,0.0,61.0,1,0,0.0,,0,3,primary_care,low_value,TERR_21,private_practice,3.2,True,Digital-Heavy,0.1473,4,Other
349,2026-01-03 17:00:00,rep_visit,3,0.0,115.0,1,2,0.5,33.0,1,2,0.5,4.0,1,2,0.0,169.0,1,2,1.0,10.0,1,5,endocrinology,medium_value,TERR_28,private_practice,1.6,False,In-Person-Heavy,0.3098,0,Primary
349,2026-01-03 17:00:00,webinar,3,0.0,115.0,1,2,0.5,33.0,1,2,0.5,4.0,1,2,0.0,169.0,1,2,1.0,10.0,1,5,endocrinology,medium_value,TERR_28,private_practice,1.6,False,In-Person-Heavy,0.1763,1,Secondary
349,2026-01-03 17:00:00,phone_call,3,0.0,115.0,1,2,0.5,33.0,1,2,0.5,4.0,1,2,0.0,169.0,1,2,1.0,10.0,1,5,endocrinology,medium_value,TERR_28,private_practice,1.6,False,In-Person-Heavy,0.1753,2,Supporting
349,2026-01-03 17:00:00,email,3,0.0,115.0,1,2,0.5,33.0,1,2,0.5,4.0,1,2,0.0,169.0,1,2,1.0,10.0,1,5,endocrinology,medium_value,TERR_28,private_practice,1.6,False,In-Person-Heavy,0.1068,3,Other
349,2026-01-03 17:00:00,digital_ad,3,0.0,115.0,1,2,0.5,33.0,1,2,0.5,4.0,1,2,0.0,169.0,1,2,1.0,10.0,1,5,endocrinology,medium_value,TERR_28,private_practice,1.6,False,In-Person-Heavy,0.0763,4,Other
350,2026-01-03 17:00:00,rep_visit,3,0.3333333333333333,26.0,1,0,0.0,,0,5,0.6,15.0,1,5,0.0,1.0,1,3,0.0,113.0,1,4,dermatology,low_value,TERR_15,private_practice,6.3,False,In-Person-Heavy,0.3276,0,Primary
350,2026-01-03 17:00:00,webinar,3,0.3333333333333333,26.0,1,0,0.0,,0,5,0.6,15.0,1,5,0.0,1.0,1,3,0.0,113.0,1,4,dermatology,low_value,TERR_15,private_practice,6.3,False,In-Person-Heavy,0.1639,1,Secondary
350,2026-01-03 17:00:00,phone_call,3,0.3333333333333333,26.0,1,0,0.0,,0,5,0.6,15.0,1,5,0.0,1.0,1,3,0.0,113.0,1,4,dermatology,low_value,TERR_15,private_practice,6.3,False,In-Person-Heavy,0.1364,2,Supporting
350,2026-01-03 17:00:00,email,3,0.3333333333333333,26.0,1,0,0.0,,0,5,0.6,15.0,1,5,0.0,1.0,1,3,0.0,113.0,1,4,dermatology,low_value,TERR_15,private_practice,6.3,False,In-Person-Heavy,0.1343,3,Other
350,2026-01-03 17:00:00,digital_ad,3,0.3333333333333333,26.0,1,0,0.0,,0,5,0.6,15.0,1,5,0.0,1.0,1,3,0.0,113.0,1,4,dermatology,low_value,TERR_15,private_practice,6.3,False,In-Person-Heavy,0.0855,4,Other
351,2026-01-03 17:00:00,rep_visit,12,0.0,40.0,1,4,0.5,108.0,1,7,0.7142857142857143,10.0,1,6,0.16666666666666666,121.0,1,6,0.3333333333333333,22.0,1,5,oncology,high_value,TERR_43,hospital,3.5,False,Mixed,0.4728,0,Primary
351,2026-01-03 17:00:00,webinar,12,0.0,40.0,1,4,0.5,108.0,1,7,0.7142857142857143,10.0,1,6,0.16666666666666666,121.0,1,6,0.3333333333333333,22.0,1,5,oncology,high_value,TERR_43,hospital,3.5,False,Mixed,0.2514,1,Secondary
351,2026-01-03 17:00:00,phone_call,12,0.0,40.0,1,4,0.5,108.0,1,7,0.7142857142857143,10.0,1,6,0.16666666666666666,121.0,1,6,0.3333333333333333,22.0,1,5,oncology,high_value,TERR_43,hospital,3.5,False,Mixed,0.2508,2,Supporting
351,2026-01-03 17:00:00,email,12,0.0,40.0,1,4,0.5,108.0,1,7,0.7142857142857143,10.0,1,6,0.16666666666666666,121.0,1,6,0.3333333333333333,22.0,1,5,oncology,high_value,TERR_43,hospital,3.5,False,Mixed,0.1232,3,Other
351,2026-01-03 17:00:00,digital_ad,12,0.0,40.0,1,4,0.5,108.0,1,7,0.7142857142857143,10.0,1,6,0.16666666666666666,121.0,1,6,0.3333333333333333,22.0,1,5,oncology,high_value,TERR_43,hospital,3.5,False,Mixed,0.1069,4,Other
352,2026-01-03 17:00:00,rep_visit,6,0.0,61.0,1,6,0.5,12.0,1,1,1.0,214.0,1,7,0.14285714285714285,86.0,1,5,0.2,24.0,1,5,dermatology,medium_value,TERR_19,clinic,3.9,False,Mixed,0.397,0,Primary
352,2026-01-03 17:00:00,webinar,6,0.0,61.0,1,6,0.5,12.0,1,1,1.0,214.0,1,7,0.14285714285714285,86.0,1,5,0.2,24.0,1,5,dermatology,medium_value,TERR_19,clinic,3.9,False,Mixed,0.199,1,Secondary
352,2026-01-03 17:00:00,phone_call,6,0.0,61.0,1,6,0.5,12.0,1,1,1.0,214.0,1,7,0.14285714285714285,86.0,1,5,0.2,24.0,1,5,dermatology,medium_value,TERR_19,clinic,3.9,False,Mixed,0.1639,2,Supporting
352,2026-01-03 17:00:00,email,6,0.0,61.0,1,6,0.5,12.0,1,1,1.0,214.0,1,7,0.14285714285714285,86.0,1,5,0.2,24.0,1,5,dermatology,medium_value,TERR_19,clinic,3.9,False,Mixed,0.1501,3,Other
352,2026-01-03 17:00:00,digital_ad,6,0.0,61.0,1,6,0.5,12.0,1,1,1.0,214.0,1,7,0.14285714285714285,86.0,1,5,0.2,24.0,1,5,dermatology,medium_value,TERR_19,clinic,3.9,False,Mixed,0.1033,4,Other
353,2026-01-03 17:00:00,rep_visit,6,0.0,12.0,1,6,0.5,22.0,1,5,0.2,71.0,1,4,0.0,93.0,1,7,0.0,46.0,1,5,dermatology,medium_value,TERR_08,private_practice,2.5,False,Digital-Heavy,0.3093,0,Primary
353,2026-01-03 17:00:00,webinar,6,0.0,12.0,1,6,0.5,22.0,1,5,0.2,71.0,1,4,0.0,93.0,1,7,0.0,46.0,1,5,dermatology,medium_value,TERR_08,private_practice,2.5,False,Digital-Heavy,0.2093,1,Secondary
353,2026-01-03 17:00:00,phone_call,6,0.0,12.0,1,6,0.5,22.0,1,5,0.2,71.0,1,4,0.0,93.0,1,7,0.0,46.0,1,5,dermatology,medium_value,TERR_08,private_practice,2.5,False,Digital-Heavy,0.1749,2,Supporting
353,2026-01-03 17:00:00,email,6,0.0,12.0,1,6,0.5,22.0,1,5,0.2,71.0,1,4,0.0,93.0,1,7,0.0,46.0,1,5,dermatology,medium_value,TERR_08,private_practice,2.5,False,Digital-Heavy,0.1414,3,Other
353,2026-01-03 17:00:00,digital_ad,6,0.0,12.0,1,6,0.5,22.0,1,5,0.2,71.0,1,4,0.0,93.0,1,7,0.0,46.0,1,5,dermatology,medium_value,TERR_08,private_practice,2.5,False,Digital-Heavy,0.0818,4,Other
354,2026-01-03 17:00:00,rep_visit,0,0.0,,0,2,0.5,158.0,1,6,0.8333333333333334,38.0,1,3,0.0,3.0,1,7,0.42857142857142855,173.0,1,4,oncology,medium_value,TERR_05,hospital,4.3,False,In-Person-Heavy,0.6668,0,Primary
354,2026-01-03 17:00:00,phone_call,0,0.0,,0,2,0.5,158.0,1,6,0.8333333333333334,38.0,1,3,0.0,3.0,1,7,0.42857142857142855,173.0,1,4,oncology,medium_value,TERR_05,hospital,4.3,False,In-Person-Heavy,0.3536,1,Secondary
354,2026-01-03 17:00:00,webinar,0,0.0,,0,2,0.5,158.0,1,6,0.8333333333333334,38.0,1,3,0.0,3.0,1,7,0.42857142857142855,173.0,1,4,oncology,medium_value,TERR_05,hospital,4.3,False,In-Person-Heavy,0.3472,2,Supporting
354,2026-01-03 17:00:00,email,0,0.0,,0,2,0.5,158.0,1,6,0.8333333333333334,38.0,1,3,0.0,3.0,1,7,0.42857142857142855,173.0,1,4,oncology,medium_value,TERR_05,hospital,4.3,False,In-Person-Heavy,0.2337,3,Other
354,2026-01-03 17:00:00,digital_ad,0,0.0,,0,2,0.5,158.0,1,6,0.8333333333333334,38.0,1,3,0.0,3.0,1,7,0.42857142857142855,173.0,1,4,oncology,medium_value,TERR_05,hospital,4.3,False,In-Person-Heavy,0.1545,4,Other
355,2026-01-03 17:00:00,rep_visit,2,0.0,214.0,1,5,0.6,166.0,1,12,0.8333333333333334,1.0,1,0,0.0,,0,6,0.6666666666666666,50.0,1,4,primary_care,low_value,TERR_25,private_practice,5.2,False,In-Person-Heavy,0.5068,0,Primary
355,2026-01-03 17:00:00,phone_call,2,0.0,214.0,1,5,0.6,166.0,1,12,0.8333333333333334,1.0,1,0,0.0,,0,6,0.6666666666666666,50.0,1,4,primary_care,low_value,TERR_25,private_practice,5.2,False,In-Person-Heavy,0.2456,1,Secondary
355,2026-01-03 17:00:00,webinar,2,0.0,214.0,1,5,0.6,166.0,1,12,0.8333333333333334,1.0,1,0,0.0,,0,6,0.6666666666666666,50.0,1,4,primary_care,low_value,TERR_25,private_practice,5.2,False,In-Person-Heavy,0.2249,2,Supporting
355,2026-01-03 17:00:00,email,2,0.0,214.0,1,5,0.6,166.0,1,12,0.8333333333333334,1.0,1,0,0.0,,0,6,0.6666666666666666,50.0,1,4,primary_care,low_value,TERR_25,private_practice,5.2,False,In-Person-Heavy,0.153,3,Other
355,2026-01-03 17:00:00,digital_ad,2,0.0,214.0,1,5,0.6,166.0,1,12,0.8333333333333334,1.0,1,0,0.0,,0,6,0.6666666666666666,50.0,1,4,primary_care,low_value,TERR_25,private_practice,5.2,False,In-Person-Heavy,0.1096,4,Other
356,2026-01-03 17:00:00,rep_visit,3,0.3333333333333333,5.0,1,2,0.0,212.0,1,6,0.3333333333333333,22.0,1,2,0.0,30.0,1,6,0.0,64.0,1,5,dermatology,medium_value,TERR_27,clinic,4.0,False,In-Person-Heavy,0.3442,0,Primary
356,2026-01-03 17:00:00,webinar,3,0.3333333333333333,5.0,1,2,0.0,212.0,1,6,0.3333333333333333,22.0,1,2,0.0,30.0,1,6,0.0,64.0,1,5,dermatology,medium_value,TERR_27,clinic,4.0,False,In-Person-Heavy,0.2108,1,Secondary
356,2026-01-03 17:00:00,phone_call,3,0.3333333333333333,5.0,1,2,0.0,212.0,1,6,0.3333333333333333,22.0,1,2,0.0,30.0,1,6,0.0,64.0,1,5,dermatology,medium_value,TERR_27,clinic,4.0,False,In-Person-Heavy,0.1849,2,Supporting
356,2026-01-03 17:00:00,email,3,0.3333333333333333,5.0,1,2,0.0,212.0,1,6,0.3333333333333333,22.0,1,2,0.0,30.0,1,6,0.0,64.0,1,5,dermatology,medium_value,TERR_27,clinic,4.0,False,In-Person-Heavy,0.1471,3,Other
356,2026-01-03 17:00:00,digital_ad,3,0.3333333333333333,5.0,1,2,0.0,212.0,1,6,0.3333333333333333,22.0,1,2,0.0,30.0,1,6,0.0,64.0,1,5,dermatology,medium_value,TERR_27,clinic,4.0,False,In-Person-Heavy,0.106,4,Other
357,2026-01-03 17:00:00,rep_visit,2,0.0,127.0,1,2,0.0,51.0,1,5,0.4,25.0,1,0,0.0,,0,9,0.3333333333333333,96.0,1,4,primary_care,low_value,TERR_12,private_practice,4.6,False,Digital-Heavy,0.7688,0,Primary
357,2026-01-03 17:00:00,phone_call,2,0.0,127.0,1,2,0.0,51.0,1,5,0.4,25.0,1,0,0.0,,0,9,0.3333333333333333,96.0,1,4,primary_care,low_value,TERR_12,private_practice,4.6,False,Digital-Heavy,0.4598,1,Secondary
357,2026-01-03 17:00:00,webinar,2,0.0,127.0,1,2,0.0,51.0,1,5,0.4,25.0,1,0,0.0,,0,9,0.3333333333333333,96.0,1,4,primary_care,low_value,TERR_12,private_practice,4.6,False,Digital-Heavy,0.3998,2,Supporting
357,2026-01-03 17:00:00,email,2,0.0,127.0,1,2,0.0,51.0,1,5,0.4,25.0,1,0,0.0,,0,9,0.3333333333333333,96.0,1,4,primary_care,low_value,TERR_12,private_practice,4.6,False,Digital-Heavy,0.2307,3,Other
357,2026-01-03 17:00:00,digital_ad,2,0.0,127.0,1,2,0.0,51.0,1,5,0.4,25.0,1,0,0.0,,0,9,0.3333333333333333,96.0,1,4,primary_care,low_value,TERR_12,private_practice,4.6,False,Digital-Heavy,0.1459,4,Other
358,2026-01-03 17:00:00,rep_visit,4,0.25,45.0,1,1,0.0,331.0,1,0,0.0,,0,2,0.0,319.0,1,4,0.5,172.0,1,4,primary_care,low_value,TERR_11,hospital,2.9,False,Mixed,0.46,0,Primary
358,2026-01-03 17:00:00,phone_call,4,0.25,45.0,1,1,0.0,331.0,1,0,0.0,,0,2,0.0,319.0,1,4,0.5,172.0,1,4,primary_care,low_value,TERR_11,hospital,2.9,False,Mixed,0.3017,1,Secondary
358,2026-01-03 17:00:00,webinar,4,0.25,45.0,1,1,0.0,331.0,1,0,0.0,,0,2,0.0,319.0,1,4,0.5,172.0,1,4,primary_care,low_value,TERR_11,hospital,2.9,False,Mixed,0.2977,2,Supporting
358,2026-01-03 17:00:00,email,4,0.25,45.0,1,1,0.0,331.0,1,0,0.0,,0,2,0.0,319.0,1,4,0.5,172.0,1,4,primary_care,low_value,TERR_11,hospital,2.9,False,Mixed,0.2141,3,Other
358,2026-01-03 17:00:00,digital_ad,4,0.25,45.0,1,1,0.0,331.0,1,0,0.0,,0,2,0.0,319.0,1,4,0.5,172.0,1,4,primary_care,low_value,TERR_11,hospital,2.9,False,Mixed,0.1546,4,Other
359,2026-01-03 17:00:00,rep_visit,10,0.2,12.0,1,3,0.3333333333333333,44.0,1,0,0.0,,0,6,0.16666666666666666,31.0,1,6,0.0,108.0,1,4,cardiology,medium_value,TERR_47,clinic,1.2,False,Mixed,0.274,0,Primary
359,2026-01-03 17:00:00,webinar,10,0.2,12.0,1,3,0.3333333333333333,44.0,1,0,0.0,,0,6,0.16666666666666666,31.0,1,6,0.0,108.0,1,4,cardiology,medium_value,TERR_47,clinic,1.2,False,Mixed,0.1761,1,Secondary
359,2026-01-03 17:00:00,email,10,0.2,12.0,1,3,0.3333333333333333,44.0,1,0,0.0,,0,6,0.16666666666666666,31.0,1,6,0.0,108.0,1,4,cardiology,medium_value,TERR_47,clinic,1.2,False,Mixed,0.1518,2,Supporting
359,2026-01-03 17:00:00,phone_call,10,0.2,12.0,1,3,0.3333333333333333,44.0,1,0,0.0,,0,6,0.16666666666666666,31.0,1,6,0.0,108.0,1,4,cardiology,medium_value,TERR_47,clinic,1.2,False,Mixed,0.1303,3,Other
359,2026-01-03 17:00:00,digital_ad,10,0.2,12.0,1,3,0.3333333333333333,44.0,1,0,0.0,,0,6,0.16666666666666666,31.0,1,6,0.0,108.0,1,4,cardiology,medium_value,TERR_47,clinic,1.2,False,Mixed,0.1018,4,Other
360,2026-01-03 17:00:00,rep_visit,3,0.3333333333333333,61.0,1,3,1.0,74.0,1,5,0.8,2.0,1,4,0.0,17.0,1,4,0.5,162.0,1,5,endocrinology,high_value,TERR_26,clinic,2.8,False,In-Person-Heavy,0.473,0,Primary
360,2026-01-03 17:00:00,webinar,3,0.3333333333333333,61.0,1,3,1.0,74.0,1,5,0.8,2.0,1,4,0.0,17.0,1,4,0.5,162.0,1,5,endocrinology,high_value,TERR_26,clinic,2.8,False,In-Person-Heavy,0.2611,1,Secondary
360,2026-01-03 17:00:00,phone_call,3,0.3333333333333333,61.0,1,3,1.0,74.0,1,5,0.8,2.0,1,4,0.0,17.0,1,4,0.5,162.0,1,5,endocrinology,high_value,TERR_26,clinic,2.8,False,In-Person-Heavy,0.2228,2,Supporting
360,2026-01-03 17:00:00,email,3,0.3333333333333333,61.0,1,3,1.0,74.0,1,5,0.8,2.0,1,4,0.0,17.0,1,4,0.5,162.0,1,5,endocrinology,high_value,TERR_26,clinic,2.8,False,In-Person-Heavy,0.1644,3,Other
360,2026-01-03 17:00:00,digital_ad,3,0.3333333333333333,61.0,1,3,1.0,74.0,1,5,0.8,2.0,1,4,0.0,17.0,1,4,0.5,162.0,1,5,endocrinology,high_value,TERR_26,clinic,2.8,False,In-Person-Heavy,0.1028,4,Other
361,2026-01-03 17:00:00,rep_visit,7,0.14285714285714285,25.0,1,6,0.5,50.0,1,6,0.6666666666666666,138.0,1,10,0.0,33.0,1,6,0.3333333333333333,5.0,1,5,dermatology,high_value,TERR_17,private_practice,3.7,False,In-Person-Heavy,0.2692,0,Primary
361,2026-01-03 17:00:00,webinar,7,0.14285714285714285,25.0,1,6,0.5,50.0,1,6,0.6666666666666666,138.0,1,10,0.0,33.0,1,6,0.3333333333333333,5.0,1,5,dermatology,high_value,TERR_17,private_practice,3.7,False,In-Person-Heavy,0.1731,1,Secondary
361,2026-01-03 17:00:00,email,7,0.14285714285714285,25.0,1,6,0.5,50.0,1,6,0.6666666666666666,138.0,1,10,0.0,33.0,1,6,0.3333333333333333,5.0,1,5,dermatology,high_value,TERR_17,private_practice,3.7,False,In-Person-Heavy,0.1345,2,Supporting
361,2026-01-03 17:00:00,phone_call,7,0.14285714285714285,25.0,1,6,0.5,50.0,1,6,0.6666666666666666,138.0,1,10,0.0,33.0,1,6,0.3333333333333333,5.0,1,5,dermatology,high_value,TERR_17,private_practice,3.7,False,In-Person-Heavy,0.1332,3,Other
361,2026-01-03 17:00:00,digital_ad,7,0.14285714285714285,25.0,1,6,0.5,50.0,1,6,0.6666666666666666,138.0,1,10,0.0,33.0,1,6,0.3333333333333333,5.0,1,5,dermatology,high_value,TERR_17,private_practice,3.7,False,In-Person-Heavy,0.0776,4,Other
362,2026-01-03 17:00:00,rep_visit,8,0.125,54.0,1,8,0.5,75.0,1,7,0.8571428571428571,19.0,1,5,0.0,101.0,1,7,0.0,12.0,1,5,endocrinology,high_value,TERR_37,clinic,0.5,False,Digital-Heavy,0.424,0,Primary
362,2026-01-03 17:00:00,webinar,8,0.125,54.0,1,8,0.5,75.0,1,7,0.8571428571428571,19.0,1,5,0.0,101.0,1,7,0.0,12.0,1,5,endocrinology,high_value,TERR_37,clinic,0.5,False,Digital-Heavy,0.2258,1,Secondary
362,2026-01-03 17:00:00,phone_call,8,0.125,54.0,1,8,0.5,75.0,1,7,0.8571428571428571,19.0,1,5,0.0,101.0,1,7,0.0,12.0,1,5,endocrinology,high_value,TERR_37,clinic,0.5,False,Digital-Heavy,0.1987,2,Supporting
362,2026-01-03 17:00:00,email,8,0.125,54.0,1,8,0.5,75.0,1,7,0.8571428571428571,19.0,1,5,0.0,101.0,1,7,0.0,12.0,1,5,endocrinology,high_value,TERR_37,clinic,0.5,False,Digital-Heavy,0.1369,3,Other
362,2026-01-03 17:00:00,digital_ad,8,0.125,54.0,1,8,0.5,75.0,1,7,0.8571428571428571,19.0,1,5,0.0,101.0,1,7,0.0,12.0,1,5,endocrinology,high_value,TERR_37,clinic,0.5,False,Digital-Heavy,0.0939,4,Other
363,2026-01-03 17:00:00,rep_visit,8,0.125,18.0,1,2,0.0,5.0,1,11,0.45454545454545453,11.0,1,9,0.0,59.0,1,5,0.6,86.0,1,5,oncology,high_value,TERR_18,cancer_center,5.2,False,In-Person-Heavy,0.313,0,Primary
363,2026-01-03 17:00:00,phone_call,8,0.125,18.0,1,2,0.0,5.0,1,11,0.45454545454545453,11.0,1,9,0.0,59.0,1,5,0.6,86.0,1,5,oncology,high_value,TERR_18,cancer_center,5.2,False,In-Person-Heavy,0.2335,1,Secondary
363,2026-01-03 17:00:00,webinar,8,0.125,18.0,1,2,0.0,5.0,1,11,0.45454545454545453,11.0,1,9,0.0,59.0,1,5,0.6,86.0,1,5,oncology,high_value,TERR_18,cancer_center,5.2,False,In-Person-Heavy,0.2229,2,Supporting
363,2026-01-03 17:00:00,email,8,0.125,18.0,1,2,0.0,5.0,1,11,0.45454545454545453,11.0,1,9,0.0,59.0,1,5,0.6,86.0,1,5,oncology,high_value,TERR_18,cancer_center,5.2,False,In-Person-Heavy,0.1381,3,Other
363,2026-01-03 17:00:00,digital_ad,8,0.125,18.0,1,2,0.0,5.0,1,11,0.45454545454545453,11.0,1,9,0.0,59.0,1,5,0.6,86.0,1,5,oncology,high_value,TERR_18,cancer_center,5.2,False,In-Person-Heavy,0.1094,4,Other
364,2026-01-03 17:00:00,rep_visit,10,0.5,89.0,1,6,0.6666666666666666,8.0,1,2,0.5,45.0,1,5,0.2,96.0,1,6,0.3333333333333333,1.0,1,5,endocrinology,high_value,TERR_46,hospital,4.2,False,In-Person-Heavy,0.2153,0,Primary
364,2026-01-03 17:00:00,webinar,10,0.5,89.0,1,6,0.6666666666666666,8.0,1,2,0.5,45.0,1,5,0.2,96.0,1,6,0.3333333333333333,1.0,1,5,endocrinology,high_value,TERR_46,hospital,4.2,False,In-Person-Heavy,0.1465,1,Secondary
364,2026-01-03 17:00:00,phone_call,10,0.5,89.0,1,6,0.6666666666666666,8.0,1,2,0.5,45.0,1,5,0.2,96.0,1,6,0.3333333333333333,1.0,1,5,endocrinology,high_value,TERR_46,hospital,4.2,False,In-Person-Heavy,0.1344,2,Supporting
364,2026-01-03 17:00:00,email,10,0.5,89.0,1,6,0.6666666666666666,8.0,1,2,0.5,45.0,1,5,0.2,96.0,1,6,0.3333333333333333,1.0,1,5,endocrinology,high_value,TERR_46,hospital,4.2,False,In-Person-Heavy,0.1255,3,Other
364,2026-01-03 17:00:00,digital_ad,10,0.5,89.0,1,6,0.6666666666666666,8.0,1,2,0.5,45.0,1,5,0.2,96.0,1,6,0.3333333333333333,1.0,1,5,endocrinology,high_value,TERR_46,hospital,4.2,False,In-Person-Heavy,0.0894,4,Other
365,2026-01-03 17:00:00,rep_visit,9,0.0,53.0,1,3,0.3333333333333333,93.0,1,2,0.5,162.0,1,7,0.14285714285714285,99.0,1,4,0.0,71.0,1,5,dermatology,high_value,TERR_19,clinic,1.6,False,In-Person-Heavy,0.4665,0,Primary
365,2026-01-03 17:00:00,webinar,9,0.0,53.0,1,3,0.3333333333333333,93.0,1,2,0.5,162.0,1,7,0.14285714285714285,99.0,1,4,0.0,71.0,1,5,dermatology,high_value,TERR_19,clinic,1.6,False,In-Person-Heavy,0.2731,1,Secondary
365,2026-01-03 17:00:00,phone_call,9,0.0,53.0,1,3,0.3333333333333333,93.0,1,2,0.5,162.0,1,7,0.14285714285714285,99.0,1,4,0.0,71.0,1,5,dermatology,high_value,TERR_19,clinic,1.6,False,In-Person-Heavy,0.2289,2,Supporting
365,2026-01-03 17:00:00,email,9,0.0,53.0,1,3,0.3333333333333333,93.0,1,2,0.5,162.0,1,7,0.14285714285714285,99.0,1,4,0.0,71.0,1,5,dermatology,high_value,TERR_19,clinic,1.6,False,In-Person-Heavy,0.1719,3,Other
365,2026-01-03 17:00:00,digital_ad,9,0.0,53.0,1,3,0.3333333333333333,93.0,1,2,0.5,162.0,1,7,0.14285714285714285,99.0,1,4,0.0,71.0,1,5,dermatology,high_value,TERR_19,clinic,1.6,False,In-Person-Heavy,0.1174,4,Other
366,2026-01-03 17:00:00,rep_visit,3,0.0,185.0,1,5,0.6,100.0,1,4,0.75,4.0,1,3,0.0,74.0,1,7,0.14285714285714285,11.0,1,5,dermatology,low_value,TERR_33,private_practice,2.1,False,Mixed,0.3389,0,Primary
366,2026-01-03 17:00:00,webinar,3,0.0,185.0,1,5,0.6,100.0,1,4,0.75,4.0,1,3,0.0,74.0,1,7,0.14285714285714285,11.0,1,5,dermatology,low_value,TERR_33,private_practice,2.1,False,Mixed,0.1435,1,Secondary
366,2026-01-03 17:00:00,phone_call,3,0.0,185.0,1,5,0.6,100.0,1,4,0.75,4.0,1,3,0.0,74.0,1,7,0.14285714285714285,11.0,1,5,dermatology,low_value,TERR_33,private_practice,2.1,False,Mixed,0.1267,2,Supporting
366,2026-01-03 17:00:00,email,3,0.0,185.0,1,5,0.6,100.0,1,4,0.75,4.0,1,3,0.0,74.0,1,7,0.14285714285714285,11.0,1,5,dermatology,low_value,TERR_33,private_practice,2.1,False,Mixed,0.0915,3,Other
366,2026-01-03 17:00:00,digital_ad,3,0.0,185.0,1,5,0.6,100.0,1,4,0.75,4.0,1,3,0.0,74.0,1,7,0.14285714285714285,11.0,1,5,dermatology,low_value,TERR_33,private_practice,2.1,False,Mixed,0.0716,4,Other
367,2026-01-03 17:00:00,email,8,0.25,1.0,1,10,0.0,51.0,1,2,0.0,121.0,1,8,0.0,58.0,1,6,0.16666666666666666,99.0,1,5,endocrinology,high_value,TERR_45,private_practice,1.8,False,In-Person-Heavy,0.1593,0,Primary
367,2026-01-03 17:00:00,rep_visit,8,0.25,1.0,1,10,0.0,51.0,1,2,0.0,121.0,1,8,0.0,58.0,1,6,0.16666666666666666,99.0,1,5,endocrinology,high_value,TERR_45,private_practice,1.8,False,In-Person-Heavy,0.143,1,Secondary
367,2026-01-03 17:00:00,webinar,8,0.25,1.0,1,10,0.0,51.0,1,2,0.0,121.0,1,8,0.0,58.0,1,6,0.16666666666666666,99.0,1,5,endocrinology,high_value,TERR_45,private_practice,1.8,False,In-Person-Heavy,0.1346,2,Supporting
367,2026-01-03 17:00:00,phone_call,8,0.25,1.0,1,10,0.0,51.0,1,2,0.0,121.0,1,8,0.0,58.0,1,6,0.16666666666666666,99.0,1,5,endocrinology,high_value,TERR_45,private_practice,1.8,False,In-Person-Heavy,0.1337,3,Other
367,2026-01-03 17:00:00,digital_ad,8,0.25,1.0,1,10,0.0,51.0,1,2,0.0,121.0,1,8,0.0,58.0,1,6,0.16666666666666666,99.0,1,5,endocrinology,high_value,TERR_45,private_practice,1.8,False,In-Person-Heavy,0.0871,4,Other
368,2026-01-03 17:00:00,rep_visit,7,0.14285714285714285,16.0,1,3,0.0,67.0,1,1,1.0,107.0,1,2,0.5,255.0,1,4,0.5,75.0,1,5,primary_care,medium_value,TERR_47,clinic,4.1,False,Digital-Heavy,0.4504,0,Primary
368,2026-01-03 17:00:00,webinar,7,0.14285714285714285,16.0,1,3,0.0,67.0,1,1,1.0,107.0,1,2,0.5,255.0,1,4,0.5,75.0,1,5,primary_care,medium_value,TERR_47,clinic,4.1,False,Digital-Heavy,0.3123,1,Secondary
368,2026-01-03 17:00:00,phone_call,7,0.14285714285714285,16.0,1,3,0.0,67.0,1,1,1.0,107.0,1,2,0.5,255.0,1,4,0.5,75.0,1,5,primary_care,medium_value,TERR_47,clinic,4.1,False,Digital-Heavy,0.2802,2,Supporting
368,2026-01-03 17:00:00,email,7,0.14285714285714285,16.0,1,3,0.0,67.0,1,1,1.0,107.0,1,2,0.5,255.0,1,4,0.5,75.0,1,5,primary_care,medium_value,TERR_47,clinic,4.1,False,Digital-Heavy,0.2072,3,Other
368,2026-01-03 17:00:00,digital_ad,7,0.14285714285714285,16.0,1,3,0.0,67.0,1,1,1.0,107.0,1,2,0.5,255.0,1,4,0.5,75.0,1,5,primary_care,medium_value,TERR_47,clinic,4.1,False,Digital-Heavy,0.1194,4,Other
369,2026-01-03 17:00:00,rep_visit,4,0.0,81.0,1,2,0.0,108.0,1,17,0.8823529411764706,25.0,1,1,0.0,129.0,1,7,0.2857142857142857,5.0,1,5,endocrinology,high_value,TERR_10,private_practice,0.9,False,Mixed,0.4857,0,Primary
369,2026-01-03 17:00:00,phone_call,4,0.0,81.0,1,2,0.0,108.0,1,17,0.8823529411764706,25.0,1,1,0.0,129.0,1,7,0.2857142857142857,5.0,1,5,endocrinology,high_value,TERR_10,private_practice,0.9,False,Mixed,0.1898,1,Secondary
369,2026-01-03 17:00:00,webinar,4,0.0,81.0,1,2,0.0,108.0,1,17,0.8823529411764706,25.0,1,1,0.0,129.0,1,7,0.2857142857142857,5.0,1,5,endocrinology,high_value,TERR_10,private_practice,0.9,False,Mixed,0.1701,2,Supporting
369,2026-01-03 17:00:00,email,4,0.0,81.0,1,2,0.0,108.0,1,17,0.8823529411764706,25.0,1,1,0.0,129.0,1,7,0.2857142857142857,5.0,1,5,endocrinology,high_value,TERR_10,private_practice,0.9,False,Mixed,0.1117,3,Other
369,2026-01-03 17:00:00,digital_ad,4,0.0,81.0,1,2,0.0,108.0,1,17,0.8823529411764706,25.0,1,1,0.0,129.0,1,7,0.2857142857142857,5.0,1,5,endocrinology,high_value,TERR_10,private_practice,0.9,False,Mixed,0.0804,4,Other
370,2026-01-03 17:00:00,rep_visit,2,0.5,108.0,1,0,0.0,,0,2,1.0,166.0,1,1,0.0,288.0,1,8,0.5,2.0,1,4,cardiology,low_value,TERR_45,private_practice,5.2,False,Digital-Heavy,0.3508,0,Primary
370,2026-01-03 17:00:00,phone_call,2,0.5,108.0,1,0,0.0,,0,2,1.0,166.0,1,1,0.0,288.0,1,8,0.5,2.0,1,4,cardiology,low_value,TERR_45,private_practice,5.2,False,Digital-Heavy,0.184,1,Secondary
370,2026-01-03 17:00:00,email,2,0.5,108.0,1,0,0.0,,0,2,1.0,166.0,1,1,0.0,288.0,1,8,0.5,2.0,1,4,cardiology,low_value,TERR_45,private_practice,5.2,False,Digital-Heavy,0.1771,2,Supporting
370,2026-01-03 17:00:00,webinar,2,0.5,108.0,1,0,0.0,,0,2,1.0,166.0,1,1,0.0,288.0,1,8,0.5,2.0,1,4,cardiology,low_value,TERR_45,private_practice,5.2,False,Digital-Heavy,0.1717,3,Other
370,2026-01-03 17:00:00,digital_ad,2,0.5,108.0,1,0,0.0,,0,2,1.0,166.0,1,1,0.0,288.0,1,8,0.5,2.0,1,4,cardiology,low_value,TERR_45,private_practice,5.2,False,Digital-Heavy,0.1007,4,Other
371,2026-01-03 17:00:00,rep_visit,2,0.5,163.0,1,2,0.0,114.0,1,10,0.7,36.0,1,1,0.0,121.0,1,6,0.8333333333333334,136.0,1,5,primary_care,medium_value,TERR_37,hospital,0.7,False,Digital-Heavy,0.5092,0,Primary
371,2026-01-03 17:00:00,phone_call,2,0.5,163.0,1,2,0.0,114.0,1,10,0.7,36.0,1,1,0.0,121.0,1,6,0.8333333333333334,136.0,1,5,primary_care,medium_value,TERR_37,hospital,0.7,False,Digital-Heavy,0.4277,1,Secondary
371,2026-01-03 17:00:00,webinar,2,0.5,163.0,1,2,0.0,114.0,1,10,0.7,36.0,1,1,0.0,121.0,1,6,0.8333333333333334,136.0,1,5,primary_care,medium_value,TERR_37,hospital,0.7,False,Digital-Heavy,0.3146,2,Supporting
371,2026-01-03 17:00:00,email,2,0.5,163.0,1,2,0.0,114.0,1,10,0.7,36.0,1,1,0.0,121.0,1,6,0.8333333333333334,136.0,1,5,primary_care,medium_value,TERR_37,hospital,0.7,False,Digital-Heavy,0.196,3,Other
371,2026-01-03 17:00:00,digital_ad,2,0.5,163.0,1,2,0.0,114.0,1,10,0.7,36.0,1,1,0.0,121.0,1,6,0.8333333333333334,136.0,1,5,primary_care,medium_value,TERR_37,hospital,0.7,False,Digital-Heavy,0.1317,4,Other
372,2026-01-03 17:00:00,rep_visit,2,0.0,305.0,1,8,0.125,5.0,1,6,0.8333333333333334,8.0,1,1,0.0,101.0,1,8,0.25,38.0,1,5,primary_care,high_value,TERR_36,private_practice,0.5,False,Digital-Heavy,0.3433,0,Primary
372,2026-01-03 17:00:00,phone_call,2,0.0,305.0,1,8,0.125,5.0,1,6,0.8333333333333334,8.0,1,1,0.0,101.0,1,8,0.25,38.0,1,5,primary_care,high_value,TERR_36,private_practice,0.5,False,Digital-Heavy,0.1438,1,Secondary
372,2026-01-03 17:00:00,webinar,2,0.0,305.0,1,8,0.125,5.0,1,6,0.8333333333333334,8.0,1,1,0.0,101.0,1,8,0.25,38.0,1,5,primary_care,high_value,TERR_36,private_practice,0.5,False,Digital-Heavy,0.1427,2,Supporting
372,2026-01-03 17:00:00,email,2,0.0,305.0,1,8,0.125,5.0,1,6,0.8333333333333334,8.0,1,1,0.0,101.0,1,8,0.25,38.0,1,5,primary_care,high_value,TERR_36,private_practice,0.5,False,Digital-Heavy,0.1192,3,Other
372,2026-01-03 17:00:00,digital_ad,2,0.0,305.0,1,8,0.125,5.0,1,6,0.8333333333333334,8.0,1,1,0.0,101.0,1,8,0.25,38.0,1,5,primary_care,high_value,TERR_36,private_practice,0.5,False,Digital-Heavy,0.085,4,Other
373,2026-01-03 17:00:00,rep_visit,1,1.0,218.0,1,7,0.14285714285714285,23.0,1,13,0.5384615384615384,2.0,1,0,0.0,,0,8,0.125,10.0,1,4,oncology,medium_value,TERR_36,hospital,0.5,False,In-Person-Heavy,0.3867,0,Primary
373,2026-01-03 17:00:00,webinar,1,1.0,218.0,1,7,0.14285714285714285,23.0,1,13,0.5384615384615384,2.0,1,0,0.0,,0,8,0.125,10.0,1,4,oncology,medium_value,TERR_36,hospital,0.5,False,In-Person-Heavy,0.2079,1,Secondary
373,2026-01-03 17:00:00,phone_call,1,1.0,218.0,1,7,0.14285714285714285,23.0,1,13,0.5384615384615384,2.0,1,0,0.0,,0,8,0.125,10.0,1,4,oncology,medium_value,TERR_36,hospital,0.5,False,In-Person-Heavy,0.179,2,Supporting
373,2026-01-03 17:00:00,email,1,1.0,218.0,1,7,0.14285714285714285,23.0,1,13,0.5384615384615384,2.0,1,0,0.0,,0,8,0.125,10.0,1,4,oncology,medium_value,TERR_36,hospital,0.5,False,In-Person-Heavy,0.1535,3,Other
373,2026-01-03 17:00:00,digital_ad,1,1.0,218.0,1,7,0.14285714285714285,23.0,1,13,0.5384615384615384,2.0,1,0,0.0,,0,8,0.125,10.0,1,4,oncology,medium_value,TERR_36,hospital,0.5,False,In-Person-Heavy,0.1163,4,Other
374,2026-01-03 17:00:00,rep_visit,9,0.3333333333333333,107.0,1,3,0.0,18.0,1,3,0.6666666666666666,24.0,1,6,0.0,31.0,1,5,0.2,58.0,1,5,primary_care,high_value,TERR_31,private_practice,2.6,False,Mixed,0.4937,0,Primary
374,2026-01-03 17:00:00,webinar,9,0.3333333333333333,107.0,1,3,0.0,18.0,1,3,0.6666666666666666,24.0,1,6,0.0,31.0,1,5,0.2,58.0,1,5,primary_care,high_value,TERR_31,private_practice,2.6,False,Mixed,0.2236,1,Secondary
374,2026-01-03 17:00:00,phone_call,9,0.3333333333333333,107.0,1,3,0.0,18.0,1,3,0.6666666666666666,24.0,1,6,0.0,31.0,1,5,0.2,58.0,1,5,primary_care,high_value,TERR_31,private_practice,2.6,False,Mixed,0.1781,2,Supporting
374,2026-01-03 17:00:00,email,9,0.3333333333333333,107.0,1,3,0.0,18.0,1,3,0.6666666666666666,24.0,1,6,0.0,31.0,1,5,0.2,58.0,1,5,primary_care,high_value,TERR_31,private_practice,2.6,False,Mixed,0.1564,3,Other
374,2026-01-03 17:00:00,digital_ad,9,0.3333333333333333,107.0,1,3,0.0,18.0,1,3,0.6666666666666666,24.0,1,6,0.0,31.0,1,5,0.2,58.0,1,5,primary_care,high_value,TERR_31,private_practice,2.6,False,Mixed,0.0822,4,Other
375,2026-01-03 17:00:00,rep_visit,1,0.0,52.0,1,3,0.3333333333333333,8.0,1,12,0.3333333333333333,26.0,1,0,0.0,,0,14,0.2857142857142857,17.0,1,4,primary_care,medium_value,TERR_28,hospital,4.3,False,In-Person-Heavy,0.5974,0,Primary
375,2026-01-03 17:00:00,phone_call,1,0.0,52.0,1,3,0.3333333333333333,8.0,1,12,0.3333333333333333,26.0,1,0,0.0,,0,14,0.2857142857142857,17.0,1,4,primary_care,medium_value,TERR_28,hospital,4.3,False,In-Person-Heavy,0.2942,1,Secondary
375,2026-01-03 17:00:00,webinar,1,0.0,52.0,1,3,0.3333333333333333,8.0,1,12,0.3333333333333333,26.0,1,0,0.0,,0,14,0.2857142857142857,17.0,1,4,primary_care,medium_value,TERR_28,hospital,4.3,False,In-Person-Heavy,0.2755,2,Supporting
375,2026-01-03 17:00:00,email,1,0.0,52.0,1,3,0.3333333333333333,8.0,1,12,0.3333333333333333,26.0,1,0,0.0,,0,14,0.2857142857142857,17.0,1,4,primary_care,medium_value,TERR_28,hospital,4.3,False,In-Person-Heavy,0.1767,3,Other
375,2026-01-03 17:00:00,digital_ad,1,0.0,52.0,1,3,0.3333333333333333,8.0,1,12,0.3333333333333333,26.0,1,0,0.0,,0,14,0.2857142857142857,17.0,1,4,primary_care,medium_value,TERR_28,hospital,4.3,False,In-Person-Heavy,0.1393,4,Other
376,2026-01-03 17:00:00,rep_visit,7,0.2857142857142857,64.0,1,2,0.0,211.0,1,1,1.0,151.0,1,1,0.0,75.0,1,3,0.0,96.0,1,5,cardiology,low_value,TERR_10,private_practice,1.0,False,Mixed,0.4904,0,Primary
376,2026-01-03 17:00:00,webinar,7,0.2857142857142857,64.0,1,2,0.0,211.0,1,1,1.0,151.0,1,1,0.0,75.0,1,3,0.0,96.0,1,5,cardiology,low_value,TERR_10,private_practice,1.0,False,Mixed,0.2789,1,Secondary
376,2026-01-03 17:00:00,email,7,0.2857142857142857,64.0,1,2,0.0,211.0,1,1,1.0,151.0,1,1,0.0,75.0,1,3,0.0,96.0,1,5,cardiology,low_value,TERR_10,private_practice,1.0,False,Mixed,0.2741,2,Supporting
376,2026-01-03 17:00:00,phone_call,7,0.2857142857142857,64.0,1,2,0.0,211.0,1,1,1.0,151.0,1,1,0.0,75.0,1,3,0.0,96.0,1,5,cardiology,low_value,TERR_10,private_practice,1.0,False,Mixed,0.2381,3,Other
376,2026-01-03 17:00:00,digital_ad,7,0.2857142857142857,64.0,1,2,0.0,211.0,1,1,1.0,151.0,1,1,0.0,75.0,1,3,0.0,96.0,1,5,cardiology,low_value,TERR_10,private_practice,1.0,False,Mixed,0.099,4,Other
377,2026-01-03 17:00:00,rep_visit,16,0.0625,17.0,1,1,0.0,120.0,1,1,0.0,148.0,1,8,0.0,30.0,1,5,0.0,12.0,1,5,oncology,high_value,TERR_43,private_practice,3.1,False,In-Person-Heavy,0.2359,0,Primary
377,2026-01-03 17:00:00,phone_call,16,0.0625,17.0,1,1,0.0,120.0,1,1,0.0,148.0,1,8,0.0,30.0,1,5,0.0,12.0,1,5,oncology,high_value,TERR_43,private_practice,3.1,False,In-Person-Heavy,0.1656,1,Secondary
377,2026-01-03 17:00:00,email,16,0.0625,17.0,1,1,0.0,120.0,1,1,0.0,148.0,1,8,0.0,30.0,1,5,0.0,12.0,1,5,oncology,high_value,TERR_43,private_practice,3.1,False,In-Person-Heavy,0.1532,2,Supporting
377,2026-01-03 17:00:00,webinar,16,0.0625,17.0,1,1,0.0,120.0,1,1,0.0,148.0,1,8,0.0,30.0,1,5,0.0,12.0,1,5,oncology,high_value,TERR_43,private_practice,3.1,False,In-Person-Heavy,0.1508,3,Other
377,2026-01-03 17:00:00,digital_ad,16,0.0625,17.0,1,1,0.0,120.0,1,1,0.0,148.0,1,8,0.0,30.0,1,5,0.0,12.0,1,5,oncology,high_value,TERR_43,private_practice,3.1,False,In-Person-Heavy,0.0964,4,Other
378,2026-01-03 17:00:00,rep_visit,0,0.0,,0,2,0.0,193.0,1,8,1.0,22.0,1,0,0.0,,0,0,0.0,,0,2,oncology,low_value,TERR_04,private_practice,4.2,True,Digital-Heavy,0.8649,0,Primary
378,2026-01-03 17:00:00,phone_call,0,0.0,,0,2,0.0,193.0,1,8,1.0,22.0,1,0,0.0,,0,0,0.0,,0,2,oncology,low_value,TERR_04,private_practice,4.2,True,Digital-Heavy,0.4649,1,Secondary
378,2026-01-03 17:00:00,webinar,0,0.0,,0,2,0.0,193.0,1,8,1.0,22.0,1,0,0.0,,0,0,0.0,,0,2,oncology,low_value,TERR_04,private_practice,4.2,True,Digital-Heavy,0.3187,2,Supporting
378,2026-01-03 17:00:00,email,0,0.0,,0,2,0.0,193.0,1,8,1.0,22.0,1,0,0.0,,0,0,0.0,,0,2,oncology,low_value,TERR_04,private_practice,4.2,True,Digital-Heavy,0.2424,3,Other
378,2026-01-03 17:00:00,digital_ad,0,0.0,,0,2,0.0,193.0,1,8,1.0,22.0,1,0,0.0,,0,0,0.0,,0,2,oncology,low_value,TERR_04,private_practice,4.2,True,Digital-Heavy,0.1392,4,Other
379,2026-01-03 17:00:00,rep_visit,13,0.3076923076923077,95.0,1,1,0.0,120.0,1,0,0.0,,0,10,0.2,52.0,1,6,0.16666666666666666,3.0,1,4,primary_care,high_value,TERR_11,clinic,6.1,False,Mixed,0.2058,0,Primary
379,2026-01-03 17:00:00,email,13,0.3076923076923077,95.0,1,1,0.0,120.0,1,0,0.0,,0,10,0.2,52.0,1,6,0.16666666666666666,3.0,1,4,primary_care,high_value,TERR_11,clinic,6.1,False,Mixed,0.1537,1,Secondary
379,2026-01-03 17:00:00,phone_call,13,0.3076923076923077,95.0,1,1,0.0,120.0,1,0,0.0,,0,10,0.2,52.0,1,6,0.16666666666666666,3.0,1,4,primary_care,high_value,TERR_11,clinic,6.1,False,Mixed,0.1484,2,Supporting
379,2026-01-03 17:00:00,webinar,13,0.3076923076923077,95.0,1,1,0.0,120.0,1,0,0.0,,0,10,0.2,52.0,1,6,0.16666666666666666,3.0,1,4,primary_care,high_value,TERR_11,clinic,6.1,False,Mixed,0.1445,3,Other
379,2026-01-03 17:00:00,digital_ad,13,0.3076923076923077,95.0,1,1,0.0,120.0,1,0,0.0,,0,10,0.2,52.0,1,6,0.16666666666666666,3.0,1,4,primary_care,high_value,TERR_11,clinic,6.1,False,Mixed,0.1233,4,Other
380,2026-01-03 17:00:00,rep_visit,3,0.0,155.0,1,2,0.0,114.0,1,8,0.375,59.0,1,0,0.0,,0,3,0.3333333333333333,64.0,1,4,dermatology,low_value,TERR_14,private_practice,1.5,False,Digital-Heavy,0.6755,0,Primary
380,2026-01-03 17:00:00,phone_call,3,0.0,155.0,1,2,0.0,114.0,1,8,0.375,59.0,1,0,0.0,,0,3,0.3333333333333333,64.0,1,4,dermatology,low_value,TERR_14,private_practice,1.5,False,Digital-Heavy,0.3379,1,Secondary
380,2026-01-03 17:00:00,webinar,3,0.0,155.0,1,2,0.0,114.0,1,8,0.375,59.0,1,0,0.0,,0,3,0.3333333333333333,64.0,1,4,dermatology,low_value,TERR_14,private_practice,1.5,False,Digital-Heavy,0.2932,2,Supporting
380,2026-01-03 17:00:00,email,3,0.0,155.0,1,2,0.0,114.0,1,8,0.375,59.0,1,0,0.0,,0,3,0.3333333333333333,64.0,1,4,dermatology,low_value,TERR_14,private_practice,1.5,False,Digital-Heavy,0.1584,3,Other
380,2026-01-03 17:00:00,digital_ad,3,0.0,155.0,1,2,0.0,114.0,1,8,0.375,59.0,1,0,0.0,,0,3,0.3333333333333333,64.0,1,4,dermatology,low_value,TERR_14,private_practice,1.5,False,Digital-Heavy,0.1238,4,Other
381,2026-01-03 17:00:00,phone_call,0,0.0,,0,4,0.25,141.0,1,11,0.18181818181818182,5.0,1,1,0.0,326.0,1,0,0.0,,0,3,oncology,low_value,TERR_49,private_practice,2.8,True,Digital-Heavy,0.1605,0,Primary
381,2026-01-03 17:00:00,rep_visit,0,0.0,,0,4,0.25,141.0,1,11,0.18181818181818182,5.0,1,1,0.0,326.0,1,0,0.0,,0,3,oncology,low_value,TERR_49,private_practice,2.8,True,Digital-Heavy,0.1418,1,Secondary
381,2026-01-03 17:00:00,email,0,0.0,,0,4,0.25,141.0,1,11,0.18181818181818182,5.0,1,1,0.0,326.0,1,0,0.0,,0,3,oncology,low_value,TERR_49,private_practice,2.8,True,Digital-Heavy,0.1308,2,Supporting
381,2026-01-03 17:00:00,webinar,0,0.0,,0,4,0.25,141.0,1,11,0.18181818181818182,5.0,1,1,0.0,326.0,1,0,0.0,,0,3,oncology,low_value,TERR_49,private_practice,2.8,True,Digital-Heavy,0.1271,3,Other
381,2026-01-03 17:00:00,digital_ad,0,0.0,,0,4,0.25,141.0,1,11,0.18181818181818182,5.0,1,1,0.0,326.0,1,0,0.0,,0,3,oncology,low_value,TERR_49,private_practice,2.8,True,Digital-Heavy,0.1053,4,Other
382,2026-01-03 17:00:00,rep_visit,8,0.125,11.0,1,1,1.0,339.0,1,3,0.6666666666666666,5.0,1,5,0.0,86.0,1,6,0.16666666666666666,19.0,1,5,cardiology,medium_value,TERR_41,clinic,3.7,False,In-Person-Heavy,0.3016,0,Primary
382,2026-01-03 17:00:00,webinar,8,0.125,11.0,1,1,1.0,339.0,1,3,0.6666666666666666,5.0,1,5,0.0,86.0,1,6,0.16666666666666666,19.0,1,5,cardiology,medium_value,TERR_41,clinic,3.7,False,In-Person-Heavy,0.228,1,Secondary
382,2026-01-03 17:00:00,phone_call,8,0.125,11.0,1,1,1.0,339.0,1,3,0.6666666666666666,5.0,1,5,0.0,86.0,1,6,0.16666666666666666,19.0,1,5,cardiology,medium_value,TERR_41,clinic,3.7,False,In-Person-Heavy,0.2077,2,Supporting
382,2026-01-03 17:00:00,email,8,0.125,11.0,1,1,1.0,339.0,1,3,0.6666666666666666,5.0,1,5,0.0,86.0,1,6,0.16666666666666666,19.0,1,5,cardiology,medium_value,TERR_41,clinic,3.7,False,In-Person-Heavy,0.1711,3,Other
382,2026-01-03 17:00:00,digital_ad,8,0.125,11.0,1,1,1.0,339.0,1,3,0.6666666666666666,5.0,1,5,0.0,86.0,1,6,0.16666666666666666,19.0,1,5,cardiology,medium_value,TERR_41,clinic,3.7,False,In-Person-Heavy,0.094,4,Other
383,2026-01-03 17:00:00,rep_visit,5,0.0,127.0,1,3,0.0,31.0,1,4,0.25,40.0,1,4,0.0,22.0,1,2,0.5,221.0,1,5,oncology,low_value,TERR_33,cancer_center,3.2,False,Digital-Heavy,0.3917,0,Primary
383,2026-01-03 17:00:00,phone_call,5,0.0,127.0,1,3,0.0,31.0,1,4,0.25,40.0,1,4,0.0,22.0,1,2,0.5,221.0,1,5,oncology,low_value,TERR_33,cancer_center,3.2,False,Digital-Heavy,0.2426,1,Secondary
383,2026-01-03 17:00:00,webinar,5,0.0,127.0,1,3,0.0,31.0,1,4,0.25,40.0,1,4,0.0,22.0,1,2,0.5,221.0,1,5,oncology,low_value,TERR_33,cancer_center,3.2,False,Digital-Heavy,0.2219,2,Supporting
383,2026-01-03 17:00:00,email,5,0.0,127.0,1,3,0.0,31.0,1,4,0.25,40.0,1,4,0.0,22.0,1,2,0.5,221.0,1,5,oncology,low_value,TERR_33,cancer_center,3.2,False,Digital-Heavy,0.1478,3,Other
383,2026-01-03 17:00:00,digital_ad,5,0.0,127.0,1,3,0.0,31.0,1,4,0.25,40.0,1,4,0.0,22.0,1,2,0.5,221.0,1,5,oncology,low_value,TERR_33,cancer_center,3.2,False,Digital-Heavy,0.1075,4,Other
384,2026-01-03 17:00:00,rep_visit,13,0.46153846153846156,18.0,1,8,0.0,2.0,1,1,1.0,344.0,1,8,0.25,85.0,1,4,0.25,26.0,1,5,dermatology,high_value,TERR_43,private_practice,1.9,False,Digital-Heavy,0.2527,0,Primary
384,2026-01-03 17:00:00,email,13,0.46153846153846156,18.0,1,8,0.0,2.0,1,1,1.0,344.0,1,8,0.25,85.0,1,4,0.25,26.0,1,5,dermatology,high_value,TERR_43,private_practice,1.9,False,Digital-Heavy,0.2162,1,Secondary
384,2026-01-03 17:00:00,webinar,13,0.46153846153846156,18.0,1,8,0.0,2.0,1,1,1.0,344.0,1,8,0.25,85.0,1,4,0.25,26.0,1,5,dermatology,high_value,TERR_43,private_practice,1.9,False,Digital-Heavy,0.1863,2,Supporting
384,2026-01-03 17:00:00,phone_call,13,0.46153846153846156,18.0,1,8,0.0,2.0,1,1,1.0,344.0,1,8,0.25,85.0,1,4,0.25,26.0,1,5,dermatology,high_value,TERR_43,private_practice,1.9,False,Digital-Heavy,0.1756,3,Other
384,2026-01-03 17:00:00,digital_ad,13,0.46153846153846156,18.0,1,8,0.0,2.0,1,1,1.0,344.0,1,8,0.25,85.0,1,4,0.25,26.0,1,5,dermatology,high_value,TERR_43,private_practice,1.9,False,Digital-Heavy,0.1346,4,Other
385,2026-01-03 17:00:00,rep_visit,6,0.16666666666666666,5.0,1,5,0.8,22.0,1,2,0.5,137.0,1,6,0.0,58.0,1,0,0.0,,0,4,primary_care,medium_value,TERR_21,private_practice,2.4,False,In-Person-Heavy,0.2248,0,Primary
385,2026-01-03 17:00:00,webinar,6,0.16666666666666666,5.0,1,5,0.8,22.0,1,2,0.5,137.0,1,6,0.0,58.0,1,0,0.0,,0,4,primary_care,medium_value,TERR_21,private_practice,2.4,False,In-Person-Heavy,0.1594,1,Secondary
385,2026-01-03 17:00:00,email,6,0.16666666666666666,5.0,1,5,0.8,22.0,1,2,0.5,137.0,1,6,0.0,58.0,1,0,0.0,,0,4,primary_care,medium_value,TERR_21,private_practice,2.4,False,In-Person-Heavy,0.1406,2,Supporting
385,2026-01-03 17:00:00,phone_call,6,0.16666666666666666,5.0,1,5,0.8,22.0,1,2,0.5,137.0,1,6,0.0,58.0,1,0,0.0,,0,4,primary_care,medium_value,TERR_21,private_practice,2.4,False,In-Person-Heavy,0.1313,3,Other
385,2026-01-03 17:00:00,digital_ad,6,0.16666666666666666,5.0,1,5,0.8,22.0,1,2,0.5,137.0,1,6,0.0,58.0,1,0,0.0,,0,4,primary_care,medium_value,TERR_21,private_practice,2.4,False,In-Person-Heavy,0.0834,4,Other
386,2026-01-03 17:00:00,rep_visit,0,0.0,,0,4,0.0,218.0,1,0,0.0,,0,4,0.25,18.0,1,0,0.0,,0,2,oncology,low_value,TERR_10,cancer_center,0.5,True,In-Person-Heavy,0.5072,0,Primary
386,2026-01-03 17:00:00,email,0,0.0,,0,4,0.0,218.0,1,0,0.0,,0,4,0.25,18.0,1,0,0.0,,0,2,oncology,low_value,TERR_10,cancer_center,0.5,True,In-Person-Heavy,0.2529,1,Secondary
386,2026-01-03 17:00:00,webinar,0,0.0,,0,4,0.0,218.0,1,0,0.0,,0,4,0.25,18.0,1,0,0.0,,0,2,oncology,low_value,TERR_10,cancer_center,0.5,True,In-Person-Heavy,0.2443,2,Supporting
386,2026-01-03 17:00:00,phone_call,0,0.0,,0,4,0.0,218.0,1,0,0.0,,0,4,0.25,18.0,1,0,0.0,,0,2,oncology,low_value,TERR_10,cancer_center,0.5,True,In-Person-Heavy,0.2337,3,Other
386,2026-01-03 17:00:00,digital_ad,0,0.0,,0,4,0.0,218.0,1,0,0.0,,0,4,0.25,18.0,1,0,0.0,,0,2,oncology,low_value,TERR_10,cancer_center,0.5,True,In-Person-Heavy,0.1616,4,Other
387,2026-01-03 17:00:00,rep_visit,5,0.2,101.0,1,5,0.8,144.0,1,11,0.7272727272727273,22.0,1,2,0.0,157.0,1,12,0.3333333333333333,3.0,1,5,cardiology,high_value,TERR_10,hospital,2.8,False,In-Person-Heavy,0.3823,0,Primary
387,2026-01-03 17:00:00,phone_call,5,0.2,101.0,1,5,0.8,144.0,1,11,0.7272727272727273,22.0,1,2,0.0,157.0,1,12,0.3333333333333333,3.0,1,5,cardiology,high_value,TERR_10,hospital,2.8,False,In-Person-Heavy,0.2272,1,Secondary
387,2026-01-03 17:00:00,webinar,5,0.2,101.0,1,5,0.8,144.0,1,11,0.7272727272727273,22.0,1,2,0.0,157.0,1,12,0.3333333333333333,3.0,1,5,cardiology,high_value,TERR_10,hospital,2.8,False,In-Person-Heavy,0.1855,2,Supporting
387,2026-01-03 17:00:00,email,5,0.2,101.0,1,5,0.8,144.0,1,11,0.7272727272727273,22.0,1,2,0.0,157.0,1,12,0.3333333333333333,3.0,1,5,cardiology,high_value,TERR_10,hospital,2.8,False,In-Person-Heavy,0.1178,3,Other
387,2026-01-03 17:00:00,digital_ad,5,0.2,101.0,1,5,0.8,144.0,1,11,0.7272727272727273,22.0,1,2,0.0,157.0,1,12,0.3333333333333333,3.0,1,5,cardiology,high_value,TERR_10,hospital,2.8,False,In-Person-Heavy,0.1029,4,Other
388,2026-01-03 17:00:00,rep_visit,2,0.0,87.0,1,4,0.0,142.0,1,14,0.8571428571428571,10.0,1,1,0.0,96.0,1,5,0.6,64.0,1,5,cardiology,high_value,TERR_07,hospital,1.7,False,Mixed,0.6755,0,Primary
388,2026-01-03 17:00:00,phone_call,2,0.0,87.0,1,4,0.0,142.0,1,14,0.8571428571428571,10.0,1,1,0.0,96.0,1,5,0.6,64.0,1,5,cardiology,high_value,TERR_07,hospital,1.7,False,Mixed,0.4434,1,Secondary
388,2026-01-03 17:00:00,webinar,2,0.0,87.0,1,4,0.0,142.0,1,14,0.8571428571428571,10.0,1,1,0.0,96.0,1,5,0.6,64.0,1,5,cardiology,high_value,TERR_07,hospital,1.7,False,Mixed,0.2897,2,Supporting
388,2026-01-03 17:00:00,email,2,0.0,87.0,1,4,0.0,142.0,1,14,0.8571428571428571,10.0,1,1,0.0,96.0,1,5,0.6,64.0,1,5,cardiology,high_value,TERR_07,hospital,1.7,False,Mixed,0.1612,3,Other
388,2026-01-03 17:00:00,digital_ad,2,0.0,87.0,1,4,0.0,142.0,1,14,0.8571428571428571,10.0,1,1,0.0,96.0,1,5,0.6,64.0,1,5,cardiology,high_value,TERR_07,hospital,1.7,False,Mixed,0.1008,4,Other
389,2026-01-03 17:00:00,rep_visit,10,0.2,73.0,1,5,0.2,109.0,1,1,0.0,50.0,1,16,0.3125,8.0,1,3,0.0,40.0,1,5,endocrinology,high_value,TERR_28,clinic,1.5,False,In-Person-Heavy,0.2543,0,Primary
389,2026-01-03 17:00:00,webinar,10,0.2,73.0,1,5,0.2,109.0,1,1,0.0,50.0,1,16,0.3125,8.0,1,3,0.0,40.0,1,5,endocrinology,high_value,TERR_28,clinic,1.5,False,In-Person-Heavy,0.1675,1,Secondary
389,2026-01-03 17:00:00,email,10,0.2,73.0,1,5,0.2,109.0,1,1,0.0,50.0,1,16,0.3125,8.0,1,3,0.0,40.0,1,5,endocrinology,high_value,TERR_28,clinic,1.5,False,In-Person-Heavy,0.1628,2,Supporting
389,2026-01-03 17:00:00,phone_call,10,0.2,73.0,1,5,0.2,109.0,1,1,0.0,50.0,1,16,0.3125,8.0,1,3,0.0,40.0,1,5,endocrinology,high_value,TERR_28,clinic,1.5,False,In-Person-Heavy,0.1607,3,Other
389,2026-01-03 17:00:00,digital_ad,10,0.2,73.0,1,5,0.2,109.0,1,1,0.0,50.0,1,16,0.3125,8.0,1,3,0.0,40.0,1,5,endocrinology,high_value,TERR_28,clinic,1.5,False,In-Person-Heavy,0.0955,4,Other
390,2026-01-03 17:00:00,rep_visit,10,0.0,12.0,1,3,0.0,51.0,1,0,0.0,,0,5,0.2,5.0,1,4,0.25,17.0,1,4,cardiology,low_value,TERR_28,clinic,1.5,False,Mixed,0.2083,0,Primary
390,2026-01-03 17:00:00,webinar,10,0.0,12.0,1,3,0.0,51.0,1,0,0.0,,0,5,0.2,5.0,1,4,0.25,17.0,1,4,cardiology,low_value,TERR_28,clinic,1.5,False,Mixed,0.1173,1,Secondary
390,2026-01-03 17:00:00,phone_call,10,0.0,12.0,1,3,0.0,51.0,1,0,0.0,,0,5,0.2,5.0,1,4,0.25,17.0,1,4,cardiology,low_value,TERR_28,clinic,1.5,False,Mixed,0.0996,2,Supporting
390,2026-01-03 17:00:00,email,10,0.0,12.0,1,3,0.0,51.0,1,0,0.0,,0,5,0.2,5.0,1,4,0.25,17.0,1,4,cardiology,low_value,TERR_28,clinic,1.5,False,Mixed,0.0943,3,Other
390,2026-01-03 17:00:00,digital_ad,10,0.0,12.0,1,3,0.0,51.0,1,0,0.0,,0,5,0.2,5.0,1,4,0.25,17.0,1,4,cardiology,low_value,TERR_28,clinic,1.5,False,Mixed,0.0755,4,Other
391,2026-01-03 17:00:00,rep_visit,7,0.2857142857142857,3.0,1,3,0.0,66.0,1,0,0.0,,0,9,0.0,29.0,1,4,0.5,18.0,1,4,primary_care,medium_value,TERR_33,private_practice,6.3,False,Digital-Heavy,0.1733,0,Primary
391,2026-01-03 17:00:00,email,7,0.2857142857142857,3.0,1,3,0.0,66.0,1,0,0.0,,0,9,0.0,29.0,1,4,0.5,18.0,1,4,primary_care,medium_value,TERR_33,private_practice,6.3,False,Digital-Heavy,0.1597,1,Secondary
391,2026-01-03 17:00:00,phone_call,7,0.2857142857142857,3.0,1,3,0.0,66.0,1,0,0.0,,0,9,0.0,29.0,1,4,0.5,18.0,1,4,primary_care,medium_value,TERR_33,private_practice,6.3,False,Digital-Heavy,0.1544,2,Supporting
391,2026-01-03 17:00:00,webinar,7,0.2857142857142857,3.0,1,3,0.0,66.0,1,0,0.0,,0,9,0.0,29.0,1,4,0.5,18.0,1,4,primary_care,medium_value,TERR_33,private_practice,6.3,False,Digital-Heavy,0.1446,3,Other
391,2026-01-03 17:00:00,digital_ad,7,0.2857142857142857,3.0,1,3,0.0,66.0,1,0,0.0,,0,9,0.0,29.0,1,4,0.5,18.0,1,4,primary_care,medium_value,TERR_33,private_practice,6.3,False,Digital-Heavy,0.0951,4,Other
392,2026-01-03 17:00:00,rep_visit,3,0.3333333333333333,78.0,1,3,0.3333333333333333,2.0,1,7,0.5714285714285714,66.0,1,6,0.0,47.0,1,8,0.0,30.0,1,5,endocrinology,medium_value,TERR_23,clinic,2.7,False,In-Person-Heavy,0.3697,0,Primary
392,2026-01-03 17:00:00,webinar,3,0.3333333333333333,78.0,1,3,0.3333333333333333,2.0,1,7,0.5714285714285714,66.0,1,6,0.0,47.0,1,8,0.0,30.0,1,5,endocrinology,medium_value,TERR_23,clinic,2.7,False,In-Person-Heavy,0.1933,1,Secondary
392,2026-01-03 17:00:00,phone_call,3,0.3333333333333333,78.0,1,3,0.3333333333333333,2.0,1,7,0.5714285714285714,66.0,1,6,0.0,47.0,1,8,0.0,30.0,1,5,endocrinology,medium_value,TERR_23,clinic,2.7,False,In-Person-Heavy,0.1634,2,Supporting
392,2026-01-03 17:00:00,email,3,0.3333333333333333,78.0,1,3,0.3333333333333333,2.0,1,7,0.5714285714285714,66.0,1,6,0.0,47.0,1,8,0.0,30.0,1,5,endocrinology,medium_value,TERR_23,clinic,2.7,False,In-Person-Heavy,0.1412,3,Other
392,2026-01-03 17:00:00,digital_ad,3,0.3333333333333333,78.0,1,3,0.3333333333333333,2.0,1,7,0.5714285714285714,66.0,1,6,0.0,47.0,1,8,0.0,30.0,1,5,endocrinology,medium_value,TERR_23,clinic,2.7,False,In-Person-Heavy,0.0876,4,Other
393,2026-01-03 17:00:00,rep_visit,6,0.3333333333333333,1.0,1,3,0.0,165.0,1,1,0.0,345.0,1,3,0.0,179.0,1,1,0.0,354.0,1,5,cardiology,low_value,TERR_28,private_practice,0.5,False,Mixed,0.1877,0,Primary
393,2026-01-03 17:00:00,phone_call,6,0.3333333333333333,1.0,1,3,0.0,165.0,1,1,0.0,345.0,1,3,0.0,179.0,1,1,0.0,354.0,1,5,cardiology,low_value,TERR_28,private_practice,0.5,False,Mixed,0.1565,1,Secondary
393,2026-01-03 17:00:00,webinar,6,0.3333333333333333,1.0,1,3,0.0,165.0,1,1,0.0,345.0,1,3,0.0,179.0,1,1,0.0,354.0,1,5,cardiology,low_value,TERR_28,private_practice,0.5,False,Mixed,0.1513,2,Supporting
393,2026-01-03 17:00:00,email,6,0.3333333333333333,1.0,1,3,0.0,165.0,1,1,0.0,345.0,1,3,0.0,179.0,1,1,0.0,354.0,1,5,cardiology,low_value,TERR_28,private_practice,0.5,False,Mixed,0.1415,3,Other
393,2026-01-03 17:00:00,digital_ad,6,0.3333333333333333,1.0,1,3,0.0,165.0,1,1,0.0,345.0,1,3,0.0,179.0,1,1,0.0,354.0,1,5,cardiology,low_value,TERR_28,private_practice,0.5,False,Mixed,0.1413,4,Other
394,2026-01-03 17:00:00,rep_visit,9,0.3333333333333333,23.0,1,4,0.5,3.0,1,1,0.0,19.0,1,9,0.2222222222222222,53.0,1,3,0.3333333333333333,47.0,1,5,endocrinology,high_value,TERR_09,private_practice,3.1,False,In-Person-Heavy,0.1982,0,Primary
394,2026-01-03 17:00:00,webinar,9,0.3333333333333333,23.0,1,4,0.5,3.0,1,1,0.0,19.0,1,9,0.2222222222222222,53.0,1,3,0.3333333333333333,47.0,1,5,endocrinology,high_value,TERR_09,private_practice,3.1,False,In-Person-Heavy,0.1782,1,Secondary
394,2026-01-03 17:00:00,phone_call,9,0.3333333333333333,23.0,1,4,0.5,3.0,1,1,0.0,19.0,1,9,0.2222222222222222,53.0,1,3,0.3333333333333333,47.0,1,5,endocrinology,high_value,TERR_09,private_practice,3.1,False,In-Person-Heavy,0.16,2,Supporting
394,2026-01-03 17:00:00,email,9,0.3333333333333333,23.0,1,4,0.5,3.0,1,1,0.0,19.0,1,9,0.2222222222222222,53.0,1,3,0.3333333333333333,47.0,1,5,endocrinology,high_value,TERR_09,private_practice,3.1,False,In-Person-Heavy,0.1477,3,Other
394,2026-01-03 17:00:00,digital_ad,9,0.3333333333333333,23.0,1,4,0.5,3.0,1,1,0.0,19.0,1,9,0.2222222222222222,53.0,1,3,0.3333333333333333,47.0,1,5,endocrinology,high_value,TERR_09,private_practice,3.1,False,In-Person-Heavy,0.0848,4,Other
395,2026-01-03 17:00:00,rep_visit,5,0.0,107.0,1,4,0.75,45.0,1,9,0.4444444444444444,1.0,1,6,0.16666666666666666,39.0,1,8,0.125,102.0,1,5,oncology,high_value,TERR_03,hospital,1.8,False,Mixed,0.3712,0,Primary
395,2026-01-03 17:00:00,webinar,5,0.0,107.0,1,4,0.75,45.0,1,9,0.4444444444444444,1.0,1,6,0.16666666666666666,39.0,1,8,0.125,102.0,1,5,oncology,high_value,TERR_03,hospital,1.8,False,Mixed,0.205,1,Secondary
395,2026-01-03 17:00:00,phone_call,5,0.0,107.0,1,4,0.75,45.0,1,9,0.4444444444444444,1.0,1,6,0.16666666666666666,39.0,1,8,0.125,102.0,1,5,oncology,high_value,TERR_03,hospital,1.8,False,Mixed,0.1819,2,Supporting
395,2026-01-03 17:00:00,email,5,0.0,107.0,1,4,0.75,45.0,1,9,0.4444444444444444,1.0,1,6,0.16666666666666666,39.0,1,8,0.125,102.0,1,5,oncology,high_value,TERR_03,hospital,1.8,False,Mixed,0.1197,3,Other
395,2026-01-03 17:00:00,digital_ad,5,0.0,107.0,1,4,0.75,45.0,1,9,0.4444444444444444,1.0,1,6,0.16666666666666666,39.0,1,8,0.125,102.0,1,5,oncology,high_value,TERR_03,hospital,1.8,False,Mixed,0.1057,4,Other
396,2026-01-03 17:00:00,rep_visit,5,0.0,58.0,1,4,1.0,19.0,1,0,0.0,,0,4,0.5,183.0,1,5,0.0,1.0,1,4,cardiology,medium_value,TERR_38,clinic,6.6,False,Digital-Heavy,0.2265,0,Primary
396,2026-01-03 17:00:00,webinar,5,0.0,58.0,1,4,1.0,19.0,1,0,0.0,,0,4,0.5,183.0,1,5,0.0,1.0,1,4,cardiology,medium_value,TERR_38,clinic,6.6,False,Digital-Heavy,0.1479,1,Secondary
396,2026-01-03 17:00:00,phone_call,5,0.0,58.0,1,4,1.0,19.0,1,0,0.0,,0,4,0.5,183.0,1,5,0.0,1.0,1,4,cardiology,medium_value,TERR_38,clinic,6.6,False,Digital-Heavy,0.1258,2,Supporting
396,2026-01-03 17:00:00,email,5,0.0,58.0,1,4,1.0,19.0,1,0,0.0,,0,4,0.5,183.0,1,5,0.0,1.0,1,4,cardiology,medium_value,TERR_38,clinic,6.6,False,Digital-Heavy,0.1091,3,Other
396,2026-01-03 17:00:00,digital_ad,5,0.0,58.0,1,4,1.0,19.0,1,0,0.0,,0,4,0.5,183.0,1,5,0.0,1.0,1,4,cardiology,medium_value,TERR_38,clinic,6.6,False,Digital-Heavy,0.1058,4,Other
397,2026-01-03 17:00:00,rep_visit,5,0.4,16.0,1,3,0.3333333333333333,44.0,1,0,0.0,,0,2,0.5,164.0,1,2,0.5,130.0,1,4,endocrinology,low_value,TERR_43,private_practice,5.1,False,Digital-Heavy,0.35,0,Primary
397,2026-01-03 17:00:00,webinar,5,0.4,16.0,1,3,0.3333333333333333,44.0,1,0,0.0,,0,2,0.5,164.0,1,2,0.5,130.0,1,4,endocrinology,low_value,TERR_43,private_practice,5.1,False,Digital-Heavy,0.3492,1,Secondary
397,2026-01-03 17:00:00,phone_call,5,0.4,16.0,1,3,0.3333333333333333,44.0,1,0,0.0,,0,2,0.5,164.0,1,2,0.5,130.0,1,4,endocrinology,low_value,TERR_43,private_practice,5.1,False,Digital-Heavy,0.3127,2,Supporting
397,2026-01-03 17:00:00,email,5,0.4,16.0,1,3,0.3333333333333333,44.0,1,0,0.0,,0,2,0.5,164.0,1,2,0.5,130.0,1,4,endocrinology,low_value,TERR_43,private_practice,5.1,False,Digital-Heavy,0.2566,3,Other
397,2026-01-03 17:00:00,digital_ad,5,0.4,16.0,1,3,0.3333333333333333,44.0,1,0,0.0,,0,2,0.5,164.0,1,2,0.5,130.0,1,4,endocrinology,low_value,TERR_43,private_practice,5.1,False,Digital-Heavy,0.1198,4,Other
398,2026-01-03 17:00:00,rep_visit,10,0.1,1.0,1,4,0.0,17.0,1,9,0.5555555555555556,121.0,1,7,0.0,96.0,1,5,0.6,127.0,1,5,endocrinology,high_value,TERR_19,clinic,1.8,False,In-Person-Heavy,0.2218,0,Primary
398,2026-01-03 17:00:00,phone_call,10,0.1,1.0,1,4,0.0,17.0,1,9,0.5555555555555556,121.0,1,7,0.0,96.0,1,5,0.6,127.0,1,5,endocrinology,high_value,TERR_19,clinic,1.8,False,In-Person-Heavy,0.155,1,Secondary
398,2026-01-03 17:00:00,webinar,10,0.1,1.0,1,4,0.0,17.0,1,9,0.5555555555555556,121.0,1,7,0.0,96.0,1,5,0.6,127.0,1,5,endocrinology,high_value,TERR_19,clinic,1.8,False,In-Person-Heavy,0.1528,2,Supporting
398,2026-01-03 17:00:00,email,10,0.1,1.0,1,4,0.0,17.0,1,9,0.5555555555555556,121.0,1,7,0.0,96.0,1,5,0.6,127.0,1,5,endocrinology,high_value,TERR_19,clinic,1.8,False,In-Person-Heavy,0.1174,3,Other
398,2026-01-03 17:00:00,digital_ad,10,0.1,1.0,1,4,0.0,17.0,1,9,0.5555555555555556,121.0,1,7,0.0,96.0,1,5,0.6,127.0,1,5,endocrinology,high_value,TERR_19,clinic,1.8,False,In-Person-Heavy,0.0967,4,Other
399,2026-01-03 17:00:00,rep_visit,7,0.2857142857142857,31.0,1,0,0.0,,0,0,0.0,,0,3,0.0,50.0,1,1,1.0,138.0,1,3,primary_care,low_value,TERR_21,clinic,2.7,False,Digital-Heavy,0.3911,0,Primary
399,2026-01-03 17:00:00,phone_call,7,0.2857142857142857,31.0,1,0,0.0,,0,0,0.0,,0,3,0.0,50.0,1,1,1.0,138.0,1,3,primary_care,low_value,TERR_21,clinic,2.7,False,Digital-Heavy,0.2835,1,Secondary
399,2026-01-03 17:00:00,webinar,7,0.2857142857142857,31.0,1,0,0.0,,0,0,0.0,,0,3,0.0,50.0,1,1,1.0,138.0,1,3,primary_care,low_value,TERR_21,clinic,2.7,False,Digital-Heavy,0.2558,2,Supporting
399,2026-01-03 17:00:00,email,7,0.2857142857142857,31.0,1,0,0.0,,0,0,0.0,,0,3,0.0,50.0,1,1,1.0,138.0,1,3,primary_care,low_value,TERR_21,clinic,2.7,False,Digital-Heavy,0.1996,3,Other
399,2026-01-03 17:00:00,digital_ad,7,0.2857142857142857,31.0,1,0,0.0,,0,0,0.0,,0,3,0.0,50.0,1,1,1.0,138.0,1,3,primary_care,low_value,TERR_21,clinic,2.7,False,Digital-Heavy,0.1368,4,Other
400,2026-01-03 17:00:00,rep_visit,11,0.18181818181818182,3.0,1,5,0.4,107.0,1,0,0.0,,0,13,0.15384615384615385,8.0,1,5,0.2,47.0,1,4,dermatology,medium_value,TERR_31,private_practice,1.6,False,Mixed,0.1875,0,Primary
400,2026-01-03 17:00:00,webinar,11,0.18181818181818182,3.0,1,5,0.4,107.0,1,0,0.0,,0,13,0.15384615384615385,8.0,1,5,0.2,47.0,1,4,dermatology,medium_value,TERR_31,private_practice,1.6,False,Mixed,0.1443,1,Secondary
400,2026-01-03 17:00:00,email,11,0.18181818181818182,3.0,1,5,0.4,107.0,1,0,0.0,,0,13,0.15384615384615385,8.0,1,5,0.2,47.0,1,4,dermatology,medium_value,TERR_31,private_practice,1.6,False,Mixed,0.1347,2,Supporting
400,2026-01-03 17:00:00,phone_call,11,0.18181818181818182,3.0,1,5,0.4,107.0,1,0,0.0,,0,13,0.15384615384615385,8.0,1,5,0.2,47.0,1,4,dermatology,medium_value,TERR_31,private_practice,1.6,False,Mixed,0.1241,3,Other
400,2026-01-03 17:00:00,digital_ad,11,0.18181818181818182,3.0,1,5,0.4,107.0,1,0,0.0,,0,13,0.15384615384615385,8.0,1,5,0.2,47.0,1,4,dermatology,medium_value,TERR_31,private_practice,1.6,False,Mixed,0.1137,4,Other
401,2026-01-03 17:00:00,rep_visit,0,0.0,,0,1,0.0,114.0,1,5,0.6,12.0,1,0,0.0,,0,0,0.0,,0,2,dermatology,medium_value,TERR_05,clinic,3.7,True,Digital-Heavy,0.7752,0,Primary
401,2026-01-03 17:00:00,phone_call,0,0.0,,0,1,0.0,114.0,1,5,0.6,12.0,1,0,0.0,,0,0,0.0,,0,2,dermatology,medium_value,TERR_05,clinic,3.7,True,Digital-Heavy,0.4899,1,Secondary
401,2026-01-03 17:00:00,webinar,0,0.0,,0,1,0.0,114.0,1,5,0.6,12.0,1,0,0.0,,0,0,0.0,,0,2,dermatology,medium_value,TERR_05,clinic,3.7,True,Digital-Heavy,0.3761,2,Supporting
401,2026-01-03 17:00:00,email,0,0.0,,0,1,0.0,114.0,1,5,0.6,12.0,1,0,0.0,,0,0,0.0,,0,2,dermatology,medium_value,TERR_05,clinic,3.7,True,Digital-Heavy,0.2466,3,Other
401,2026-01-03 17:00:00,digital_ad,0,0.0,,0,1,0.0,114.0,1,5,0.6,12.0,1,0,0.0,,0,0,0.0,,0,2,dermatology,medium_value,TERR_05,clinic,3.7,True,Digital-Heavy,0.1509,4,Other
402,2026-01-03 17:00:00,rep_visit,8,0.25,24.0,1,5,0.2,31.0,1,1,1.0,323.0,1,9,0.0,17.0,1,5,0.0,100.0,1,5,dermatology,medium_value,TERR_38,private_practice,3.3,False,Mixed,0.3573,0,Primary
402,2026-01-03 17:00:00,email,8,0.25,24.0,1,5,0.2,31.0,1,1,1.0,323.0,1,9,0.0,17.0,1,5,0.0,100.0,1,5,dermatology,medium_value,TERR_38,private_practice,3.3,False,Mixed,0.2824,1,Secondary
402,2026-01-03 17:00:00,webinar,8,0.25,24.0,1,5,0.2,31.0,1,1,1.0,323.0,1,9,0.0,17.0,1,5,0.0,100.0,1,5,dermatology,medium_value,TERR_38,private_practice,3.3,False,Mixed,0.2501,2,Supporting
402,2026-01-03 17:00:00,phone_call,8,0.25,24.0,1,5,0.2,31.0,1,1,1.0,323.0,1,9,0.0,17.0,1,5,0.0,100.0,1,5,dermatology,medium_value,TERR_38,private_practice,3.3,False,Mixed,0.1763,3,Other
402,2026-01-03 17:00:00,digital_ad,8,0.25,24.0,1,5,0.2,31.0,1,1,1.0,323.0,1,9,0.0,17.0,1,5,0.0,100.0,1,5,dermatology,medium_value,TERR_38,private_practice,3.3,False,Mixed,0.1273,4,Other
403,2026-01-03 17:00:00,rep_visit,8,0.0,2.0,1,3,0.0,72.0,1,5,0.4,8.0,1,3,0.3333333333333333,192.0,1,6,0.6666666666666666,96.0,1,5,cardiology,medium_value,TERR_09,hospital,1.4,False,Mixed,0.2542,0,Primary
403,2026-01-03 17:00:00,phone_call,8,0.0,2.0,1,3,0.0,72.0,1,5,0.4,8.0,1,3,0.3333333333333333,192.0,1,6,0.6666666666666666,96.0,1,5,cardiology,medium_value,TERR_09,hospital,1.4,False,Mixed,0.1728,1,Secondary
403,2026-01-03 17:00:00,webinar,8,0.0,2.0,1,3,0.0,72.0,1,5,0.4,8.0,1,3,0.3333333333333333,192.0,1,6,0.6666666666666666,96.0,1,5,cardiology,medium_value,TERR_09,hospital,1.4,False,Mixed,0.163,2,Supporting
403,2026-01-03 17:00:00,email,8,0.0,2.0,1,3,0.0,72.0,1,5,0.4,8.0,1,3,0.3333333333333333,192.0,1,6,0.6666666666666666,96.0,1,5,cardiology,medium_value,TERR_09,hospital,1.4,False,Mixed,0.1348,3,Other
403,2026-01-03 17:00:00,digital_ad,8,0.0,2.0,1,3,0.0,72.0,1,5,0.4,8.0,1,3,0.3333333333333333,192.0,1,6,0.6666666666666666,96.0,1,5,cardiology,medium_value,TERR_09,hospital,1.4,False,Mixed,0.0934,4,Other
404,2026-01-03 17:00:00,rep_visit,4,0.25,38.0,1,6,0.5,23.0,1,3,0.0,278.0,1,6,0.16666666666666666,5.0,1,5,0.6,65.0,1,5,oncology,high_value,TERR_30,private_practice,1.8,False,Digital-Heavy,0.2233,0,Primary
404,2026-01-03 17:00:00,phone_call,4,0.25,38.0,1,6,0.5,23.0,1,3,0.0,278.0,1,6,0.16666666666666666,5.0,1,5,0.6,65.0,1,5,oncology,high_value,TERR_30,private_practice,1.8,False,Digital-Heavy,0.1582,1,Secondary
404,2026-01-03 17:00:00,webinar,4,0.25,38.0,1,6,0.5,23.0,1,3,0.0,278.0,1,6,0.16666666666666666,5.0,1,5,0.6,65.0,1,5,oncology,high_value,TERR_30,private_practice,1.8,False,Digital-Heavy,0.1538,2,Supporting
404,2026-01-03 17:00:00,email,4,0.25,38.0,1,6,0.5,23.0,1,3,0.0,278.0,1,6,0.16666666666666666,5.0,1,5,0.6,65.0,1,5,oncology,high_value,TERR_30,private_practice,1.8,False,Digital-Heavy,0.1315,3,Other
404,2026-01-03 17:00:00,digital_ad,4,0.25,38.0,1,6,0.5,23.0,1,3,0.0,278.0,1,6,0.16666666666666666,5.0,1,5,0.6,65.0,1,5,oncology,high_value,TERR_30,private_practice,1.8,False,Digital-Heavy,0.0883,4,Other
405,2026-01-03 17:00:00,rep_visit,6,0.16666666666666666,9.0,1,5,0.4,120.0,1,3,0.3333333333333333,64.0,1,4,0.0,52.0,1,1,0.0,116.0,1,5,dermatology,low_value,TERR_34,private_practice,3.3,False,Digital-Heavy,0.3499,0,Primary
405,2026-01-03 17:00:00,webinar,6,0.16666666666666666,9.0,1,5,0.4,120.0,1,3,0.3333333333333333,64.0,1,4,0.0,52.0,1,1,0.0,116.0,1,5,dermatology,low_value,TERR_34,private_practice,3.3,False,Digital-Heavy,0.2482,1,Secondary
405,2026-01-03 17:00:00,phone_call,6,0.16666666666666666,9.0,1,5,0.4,120.0,1,3,0.3333333333333333,64.0,1,4,0.0,52.0,1,1,0.0,116.0,1,5,dermatology,low_value,TERR_34,private_practice,3.3,False,Digital-Heavy,0.2421,2,Supporting
405,2026-01-03 17:00:00,email,6,0.16666666666666666,9.0,1,5,0.4,120.0,1,3,0.3333333333333333,64.0,1,4,0.0,52.0,1,1,0.0,116.0,1,5,dermatology,low_value,TERR_34,private_practice,3.3,False,Digital-Heavy,0.1838,3,Other
405,2026-01-03 17:00:00,digital_ad,6,0.16666666666666666,9.0,1,5,0.4,120.0,1,3,0.3333333333333333,64.0,1,4,0.0,52.0,1,1,0.0,116.0,1,5,dermatology,low_value,TERR_34,private_practice,3.3,False,Digital-Heavy,0.1186,4,Other
406,2026-01-03 17:00:00,rep_visit,9,0.0,26.0,1,6,0.5,10.0,1,0,0.0,,0,6,0.3333333333333333,29.0,1,5,0.0,61.0,1,4,cardiology,high_value,TERR_23,private_practice,2.5,False,Mixed,0.265,0,Primary
406,2026-01-03 17:00:00,webinar,9,0.0,26.0,1,6,0.5,10.0,1,0,0.0,,0,6,0.3333333333333333,29.0,1,5,0.0,61.0,1,4,cardiology,high_value,TERR_23,private_practice,2.5,False,Mixed,0.1473,1,Secondary
406,2026-01-03 17:00:00,phone_call,9,0.0,26.0,1,6,0.5,10.0,1,0,0.0,,0,6,0.3333333333333333,29.0,1,5,0.0,61.0,1,4,cardiology,high_value,TERR_23,private_practice,2.5,False,Mixed,0.1069,2,Supporting
406,2026-01-03 17:00:00,email,9,0.0,26.0,1,6,0.5,10.0,1,0,0.0,,0,6,0.3333333333333333,29.0,1,5,0.0,61.0,1,4,cardiology,high_value,TERR_23,private_practice,2.5,False,Mixed,0.1024,3,Other
406,2026-01-03 17:00:00,digital_ad,9,0.0,26.0,1,6,0.5,10.0,1,0,0.0,,0,6,0.3333333333333333,29.0,1,5,0.0,61.0,1,4,cardiology,high_value,TERR_23,private_practice,2.5,False,Mixed,0.0744,4,Other
407,2026-01-03 17:00:00,rep_visit,8,0.125,10.0,1,4,0.25,2.0,1,9,0.2222222222222222,44.0,1,3,0.0,234.0,1,4,0.5,141.0,1,5,primary_care,medium_value,TERR_20,clinic,2.9,False,Mixed,0.2306,0,Primary
407,2026-01-03 17:00:00,webinar,8,0.125,10.0,1,4,0.25,2.0,1,9,0.2222222222222222,44.0,1,3,0.0,234.0,1,4,0.5,141.0,1,5,primary_care,medium_value,TERR_20,clinic,2.9,False,Mixed,0.2237,1,Secondary
407,2026-01-03 17:00:00,phone_call,8,0.125,10.0,1,4,0.25,2.0,1,9,0.2222222222222222,44.0,1,3,0.0,234.0,1,4,0.5,141.0,1,5,primary_care,medium_value,TERR_20,clinic,2.9,False,Mixed,0.2108,2,Supporting
407,2026-01-03 17:00:00,email,8,0.125,10.0,1,4,0.25,2.0,1,9,0.2222222222222222,44.0,1,3,0.0,234.0,1,4,0.5,141.0,1,5,primary_care,medium_value,TERR_20,clinic,2.9,False,Mixed,0.1599,3,Other
407,2026-01-03 17:00:00,digital_ad,8,0.125,10.0,1,4,0.25,2.0,1,9,0.2222222222222222,44.0,1,3,0.0,234.0,1,4,0.5,141.0,1,5,primary_care,medium_value,TERR_20,clinic,2.9,False,Mixed,0.1178,4,Other
408,2026-01-03 17:00:00,rep_visit,3,0.0,137.0,1,4,0.5,51.0,1,4,0.0,5.0,1,1,0.0,162.0,1,8,0.0,144.0,1,5,oncology,medium_value,TERR_28,hospital,3.0,False,In-Person-Heavy,0.3123,0,Primary
408,2026-01-03 17:00:00,webinar,3,0.0,137.0,1,4,0.5,51.0,1,4,0.0,5.0,1,1,0.0,162.0,1,8,0.0,144.0,1,5,oncology,medium_value,TERR_28,hospital,3.0,False,In-Person-Heavy,0.2239,1,Secondary
408,2026-01-03 17:00:00,phone_call,3,0.0,137.0,1,4,0.5,51.0,1,4,0.0,5.0,1,1,0.0,162.0,1,8,0.0,144.0,1,5,oncology,medium_value,TERR_28,hospital,3.0,False,In-Person-Heavy,0.207,2,Supporting
408,2026-01-03 17:00:00,email,3,0.0,137.0,1,4,0.5,51.0,1,4,0.0,5.0,1,1,0.0,162.0,1,8,0.0,144.0,1,5,oncology,medium_value,TERR_28,hospital,3.0,False,In-Person-Heavy,0.1594,3,Other
408,2026-01-03 17:00:00,digital_ad,3,0.0,137.0,1,4,0.5,51.0,1,4,0.0,5.0,1,1,0.0,162.0,1,8,0.0,144.0,1,5,oncology,medium_value,TERR_28,hospital,3.0,False,In-Person-Heavy,0.107,4,Other
409,2026-01-03 17:00:00,rep_visit,6,0.3333333333333333,65.0,1,3,0.0,143.0,1,2,0.0,166.0,1,6,0.0,40.0,1,2,0.0,113.0,1,5,primary_care,high_value,TERR_47,clinic,1.9,False,Digital-Heavy,0.2758,0,Primary
409,2026-01-03 17:00:00,phone_call,6,0.3333333333333333,65.0,1,3,0.0,143.0,1,2,0.0,166.0,1,6,0.0,40.0,1,2,0.0,113.0,1,5,primary_care,high_value,TERR_47,clinic,1.9,False,Digital-Heavy,0.1981,1,Secondary
409,2026-01-03 17:00:00,email,6,0.3333333333333333,65.0,1,3,0.0,143.0,1,2,0.0,166.0,1,6,0.0,40.0,1,2,0.0,113.0,1,5,primary_care,high_value,TERR_47,clinic,1.9,False,Digital-Heavy,0.1802,2,Supporting
409,2026-01-03 17:00:00,webinar,6,0.3333333333333333,65.0,1,3,0.0,143.0,1,2,0.0,166.0,1,6,0.0,40.0,1,2,0.0,113.0,1,5,primary_care,high_value,TERR_47,clinic,1.9,False,Digital-Heavy,0.1716,3,Other
409,2026-01-03 17:00:00,digital_ad,6,0.3333333333333333,65.0,1,3,0.0,143.0,1,2,0.0,166.0,1,6,0.0,40.0,1,2,0.0,113.0,1,5,primary_care,high_value,TERR_47,clinic,1.9,False,Digital-Heavy,0.0993,4,Other
410,2026-01-03 17:00:00,rep_visit,2,0.5,89.0,1,0,0.0,,0,4,1.0,46.0,1,1,0.0,278.0,1,3,0.6666666666666666,57.0,1,4,dermatology,low_value,TERR_46,private_practice,2.2,False,In-Person-Heavy,0.7096,0,Primary
410,2026-01-03 17:00:00,webinar,2,0.5,89.0,1,0,0.0,,0,4,1.0,46.0,1,1,0.0,278.0,1,3,0.6666666666666666,57.0,1,4,dermatology,low_value,TERR_46,private_practice,2.2,False,In-Person-Heavy,0.3839,1,Secondary
410,2026-01-03 17:00:00,phone_call,2,0.5,89.0,1,0,0.0,,0,4,1.0,46.0,1,1,0.0,278.0,1,3,0.6666666666666666,57.0,1,4,dermatology,low_value,TERR_46,private_practice,2.2,False,In-Person-Heavy,0.3831,2,Supporting
410,2026-01-03 17:00:00,email,2,0.5,89.0,1,0,0.0,,0,4,1.0,46.0,1,1,0.0,278.0,1,3,0.6666666666666666,57.0,1,4,dermatology,low_value,TERR_46,private_practice,2.2,False,In-Person-Heavy,0.2606,3,Other
410,2026-01-03 17:00:00,digital_ad,2,0.5,89.0,1,0,0.0,,0,4,1.0,46.0,1,1,0.0,278.0,1,3,0.6666666666666666,57.0,1,4,dermatology,low_value,TERR_46,private_practice,2.2,False,In-Person-Heavy,0.104,4,Other
411,2026-01-03 17:00:00,rep_visit,9,0.2222222222222222,3.0,1,2,0.5,163.0,1,2,0.0,137.0,1,2,0.0,206.0,1,3,0.0,52.0,1,5,endocrinology,low_value,TERR_18,hospital,1.7,False,In-Person-Heavy,0.1704,0,Primary
411,2026-01-03 17:00:00,webinar,9,0.2222222222222222,3.0,1,2,0.5,163.0,1,2,0.0,137.0,1,2,0.0,206.0,1,3,0.0,52.0,1,5,endocrinology,low_value,TERR_18,hospital,1.7,False,In-Person-Heavy,0.1623,1,Secondary
411,2026-01-03 17:00:00,email,9,0.2222222222222222,3.0,1,2,0.5,163.0,1,2,0.0,137.0,1,2,0.0,206.0,1,3,0.0,52.0,1,5,endocrinology,low_value,TERR_18,hospital,1.7,False,In-Person-Heavy,0.1609,2,Supporting
411,2026-01-03 17:00:00,phone_call,9,0.2222222222222222,3.0,1,2,0.5,163.0,1,2,0.0,137.0,1,2,0.0,206.0,1,3,0.0,52.0,1,5,endocrinology,low_value,TERR_18,hospital,1.7,False,In-Person-Heavy,0.1509,3,Other
411,2026-01-03 17:00:00,digital_ad,9,0.2222222222222222,3.0,1,2,0.5,163.0,1,2,0.0,137.0,1,2,0.0,206.0,1,3,0.0,52.0,1,5,endocrinology,low_value,TERR_18,hospital,1.7,False,In-Person-Heavy,0.0949,4,Other
412,2026-01-03 17:00:00,phone_call,4,0.25,16.0,1,1,0.0,194.0,1,1,0.0,68.0,1,5,0.2,60.0,1,1,0.0,303.0,1,5,cardiology,low_value,TERR_34,private_practice,6.7,False,Digital-Heavy,0.3167,0,Primary
412,2026-01-03 17:00:00,webinar,4,0.25,16.0,1,1,0.0,194.0,1,1,0.0,68.0,1,5,0.2,60.0,1,1,0.0,303.0,1,5,cardiology,low_value,TERR_34,private_practice,6.7,False,Digital-Heavy,0.3038,1,Secondary
412,2026-01-03 17:00:00,email,4,0.25,16.0,1,1,0.0,194.0,1,1,0.0,68.0,1,5,0.2,60.0,1,1,0.0,303.0,1,5,cardiology,low_value,TERR_34,private_practice,6.7,False,Digital-Heavy,0.2971,2,Supporting
412,2026-01-03 17:00:00,rep_visit,4,0.25,16.0,1,1,0.0,194.0,1,1,0.0,68.0,1,5,0.2,60.0,1,1,0.0,303.0,1,5,cardiology,low_value,TERR_34,private_practice,6.7,False,Digital-Heavy,0.285,3,Other
412,2026-01-03 17:00:00,digital_ad,4,0.25,16.0,1,1,0.0,194.0,1,1,0.0,68.0,1,5,0.2,60.0,1,1,0.0,303.0,1,5,cardiology,low_value,TERR_34,private_practice,6.7,False,Digital-Heavy,0.166,4,Other
413,2026-01-03 17:00:00,rep_visit,8,0.125,24.0,1,3,0.3333333333333333,57.0,1,1,0.0,228.0,1,4,0.25,54.0,1,0,0.0,,0,4,endocrinology,low_value,TERR_20,private_practice,7.1,False,Mixed,0.3701,0,Primary
413,2026-01-03 17:00:00,webinar,8,0.125,24.0,1,3,0.3333333333333333,57.0,1,1,0.0,228.0,1,4,0.25,54.0,1,0,0.0,,0,4,endocrinology,low_value,TERR_20,private_practice,7.1,False,Mixed,0.3113,1,Secondary
413,2026-01-03 17:00:00,phone_call,8,0.125,24.0,1,3,0.3333333333333333,57.0,1,1,0.0,228.0,1,4,0.25,54.0,1,0,0.0,,0,4,endocrinology,low_value,TERR_20,private_practice,7.1,False,Mixed,0.2643,2,Supporting
413,2026-01-03 17:00:00,email,8,0.125,24.0,1,3,0.3333333333333333,57.0,1,1,0.0,228.0,1,4,0.25,54.0,1,0,0.0,,0,4,endocrinology,low_value,TERR_20,private_practice,7.1,False,Mixed,0.2418,3,Other
413,2026-01-03 17:00:00,digital_ad,8,0.125,24.0,1,3,0.3333333333333333,57.0,1,1,0.0,228.0,1,4,0.25,54.0,1,0,0.0,,0,4,endocrinology,low_value,TERR_20,private_practice,7.1,False,Mixed,0.1542,4,Other
414,2026-01-03 17:00:00,rep_visit,6,0.16666666666666666,115.0,1,0,0.0,,0,2,0.5,141.0,1,6,0.3333333333333333,12.0,1,5,0.4,60.0,1,4,primary_care,medium_value,TERR_38,private_practice,3.7,False,Digital-Heavy,0.4189,0,Primary
414,2026-01-03 17:00:00,webinar,6,0.16666666666666666,115.0,1,0,0.0,,0,2,0.5,141.0,1,6,0.3333333333333333,12.0,1,5,0.4,60.0,1,4,primary_care,medium_value,TERR_38,private_practice,3.7,False,Digital-Heavy,0.2535,1,Secondary
414,2026-01-03 17:00:00,phone_call,6,0.16666666666666666,115.0,1,0,0.0,,0,2,0.5,141.0,1,6,0.3333333333333333,12.0,1,5,0.4,60.0,1,4,primary_care,medium_value,TERR_38,private_practice,3.7,False,Digital-Heavy,0.2173,2,Supporting
414,2026-01-03 17:00:00,email,6,0.16666666666666666,115.0,1,0,0.0,,0,2,0.5,141.0,1,6,0.3333333333333333,12.0,1,5,0.4,60.0,1,4,primary_care,medium_value,TERR_38,private_practice,3.7,False,Digital-Heavy,0.2135,3,Other
414,2026-01-03 17:00:00,digital_ad,6,0.16666666666666666,115.0,1,0,0.0,,0,2,0.5,141.0,1,6,0.3333333333333333,12.0,1,5,0.4,60.0,1,4,primary_care,medium_value,TERR_38,private_practice,3.7,False,Digital-Heavy,0.1414,4,Other
415,2026-01-03 17:00:00,rep_visit,7,0.14285714285714285,71.0,1,3,0.6666666666666666,64.0,1,6,0.8333333333333334,22.0,1,6,0.0,16.0,1,5,0.2,171.0,1,5,primary_care,medium_value,TERR_20,private_practice,1.8,False,Digital-Heavy,0.5696,0,Primary
415,2026-01-03 17:00:00,webinar,7,0.14285714285714285,71.0,1,3,0.6666666666666666,64.0,1,6,0.8333333333333334,22.0,1,6,0.0,16.0,1,5,0.2,171.0,1,5,primary_care,medium_value,TERR_20,private_practice,1.8,False,Digital-Heavy,0.3491,1,Secondary
415,2026-01-03 17:00:00,phone_call,7,0.14285714285714285,71.0,1,3,0.6666666666666666,64.0,1,6,0.8333333333333334,22.0,1,6,0.0,16.0,1,5,0.2,171.0,1,5,primary_care,medium_value,TERR_20,private_practice,1.8,False,Digital-Heavy,0.3177,2,Supporting
415,2026-01-03 17:00:00,email,7,0.14285714285714285,71.0,1,3,0.6666666666666666,64.0,1,6,0.8333333333333334,22.0,1,6,0.0,16.0,1,5,0.2,171.0,1,5,primary_care,medium_value,TERR_20,private_practice,1.8,False,Digital-Heavy,0.2225,3,Other
415,2026-01-03 17:00:00,digital_ad,7,0.14285714285714285,71.0,1,3,0.6666666666666666,64.0,1,6,0.8333333333333334,22.0,1,6,0.0,16.0,1,5,0.2,171.0,1,5,primary_care,medium_value,TERR_20,private_practice,1.8,False,Digital-Heavy,0.1164,4,Other
416,2026-01-03 17:00:00,rep_visit,3,0.0,40.0,1,0,0.0,,0,2,0.5,170.0,1,2,0.5,123.0,1,3,0.3333333333333333,23.0,1,4,primary_care,medium_value,TERR_19,private_practice,1.7,False,Digital-Heavy,0.5533,0,Primary
416,2026-01-03 17:00:00,phone_call,3,0.0,40.0,1,0,0.0,,0,2,0.5,170.0,1,2,0.5,123.0,1,3,0.3333333333333333,23.0,1,4,primary_care,medium_value,TERR_19,private_practice,1.7,False,Digital-Heavy,0.2431,1,Secondary
416,2026-01-03 17:00:00,webinar,3,0.0,40.0,1,0,0.0,,0,2,0.5,170.0,1,2,0.5,123.0,1,3,0.3333333333333333,23.0,1,4,primary_care,medium_value,TERR_19,private_practice,1.7,False,Digital-Heavy,0.2345,2,Supporting
416,2026-01-03 17:00:00,email,3,0.0,40.0,1,0,0.0,,0,2,0.5,170.0,1,2,0.5,123.0,1,3,0.3333333333333333,23.0,1,4,primary_care,medium_value,TERR_19,private_practice,1.7,False,Digital-Heavy,0.173,3,Other
416,2026-01-03 17:00:00,digital_ad,3,0.0,40.0,1,0,0.0,,0,2,0.5,170.0,1,2,0.5,123.0,1,3,0.3333333333333333,23.0,1,4,primary_care,medium_value,TERR_19,private_practice,1.7,False,Digital-Heavy,0.1051,4,Other
417,2026-01-03 17:00:00,rep_visit,2,0.0,155.0,1,4,0.25,8.0,1,3,0.6666666666666666,242.0,1,4,0.0,40.0,1,6,0.3333333333333333,99.0,1,5,endocrinology,high_value,TERR_30,private_practice,0.5,False,Digital-Heavy,0.3607,0,Primary
417,2026-01-03 17:00:00,phone_call,2,0.0,155.0,1,4,0.25,8.0,1,3,0.6666666666666666,242.0,1,4,0.0,40.0,1,6,0.3333333333333333,99.0,1,5,endocrinology,high_value,TERR_30,private_practice,0.5,False,Digital-Heavy,0.1493,1,Secondary
417,2026-01-03 17:00:00,webinar,2,0.0,155.0,1,4,0.25,8.0,1,3,0.6666666666666666,242.0,1,4,0.0,40.0,1,6,0.3333333333333333,99.0,1,5,endocrinology,high_value,TERR_30,private_practice,0.5,False,Digital-Heavy,0.1478,2,Supporting
417,2026-01-03 17:00:00,email,2,0.0,155.0,1,4,0.25,8.0,1,3,0.6666666666666666,242.0,1,4,0.0,40.0,1,6,0.3333333333333333,99.0,1,5,endocrinology,high_value,TERR_30,private_practice,0.5,False,Digital-Heavy,0.1252,3,Other
417,2026-01-03 17:00:00,digital_ad,2,0.0,155.0,1,4,0.25,8.0,1,3,0.6666666666666666,242.0,1,4,0.0,40.0,1,6,0.3333333333333333,99.0,1,5,endocrinology,high_value,TERR_30,private_practice,0.5,False,Digital-Heavy,0.089,4,Other
418,2026-01-03 17:00:00,rep_visit,7,0.0,58.0,1,2,0.5,26.0,1,3,0.3333333333333333,54.0,1,2,0.5,115.0,1,5,0.8,31.0,1,5,primary_care,low_value,TERR_11,private_practice,2.9,False,Digital-Heavy,0.4987,0,Primary
418,2026-01-03 17:00:00,webinar,7,0.0,58.0,1,2,0.5,26.0,1,3,0.3333333333333333,54.0,1,2,0.5,115.0,1,5,0.8,31.0,1,5,primary_care,low_value,TERR_11,private_practice,2.9,False,Digital-Heavy,0.2853,1,Secondary
418,2026-01-03 17:00:00,phone_call,7,0.0,58.0,1,2,0.5,26.0,1,3,0.3333333333333333,54.0,1,2,0.5,115.0,1,5,0.8,31.0,1,5,primary_care,low_value,TERR_11,private_practice,2.9,False,Digital-Heavy,0.2838,2,Supporting
418,2026-01-03 17:00:00,email,7,0.0,58.0,1,2,0.5,26.0,1,3,0.3333333333333333,54.0,1,2,0.5,115.0,1,5,0.8,31.0,1,5,primary_care,low_value,TERR_11,private_practice,2.9,False,Digital-Heavy,0.1453,3,Other
418,2026-01-03 17:00:00,digital_ad,7,0.0,58.0,1,2,0.5,26.0,1,3,0.3333333333333333,54.0,1,2,0.5,115.0,1,5,0.8,31.0,1,5,primary_care,low_value,TERR_11,private_practice,2.9,False,Digital-Heavy,0.0934,4,Other
419,2026-01-03 17:00:00,rep_visit,11,0.0,4.0,1,5,0.0,38.0,1,4,0.75,74.0,1,6,0.0,12.0,1,6,0.16666666666666666,19.0,1,5,primary_care,high_value,TERR_46,private_practice,1.5,False,In-Person-Heavy,0.2216,0,Primary
419,2026-01-03 17:00:00,webinar,11,0.0,4.0,1,5,0.0,38.0,1,4,0.75,74.0,1,6,0.0,12.0,1,6,0.16666666666666666,19.0,1,5,primary_care,high_value,TERR_46,private_practice,1.5,False,In-Person-Heavy,0.1256,1,Secondary
419,2026-01-03 17:00:00,email,11,0.0,4.0,1,5,0.0,38.0,1,4,0.75,74.0,1,6,0.0,12.0,1,6,0.16666666666666666,19.0,1,5,primary_care,high_value,TERR_46,private_practice,1.5,False,In-Person-Heavy,0.1171,2,Supporting
419,2026-01-03 17:00:00,phone_call,11,0.0,4.0,1,5,0.0,38.0,1,4,0.75,74.0,1,6,0.0,12.0,1,6,0.16666666666666666,19.0,1,5,primary_care,high_value,TERR_46,private_practice,1.5,False,In-Person-Heavy,0.1149,3,Other
419,2026-01-03 17:00:00,digital_ad,11,0.0,4.0,1,5,0.0,38.0,1,4,0.75,74.0,1,6,0.0,12.0,1,6,0.16666666666666666,19.0,1,5,primary_care,high_value,TERR_46,private_practice,1.5,False,In-Person-Heavy,0.0753,4,Other
420,2026-01-03 17:00:00,rep_visit,8,0.25,3.0,1,0,0.0,,0,1,1.0,213.0,1,6,0.0,71.0,1,0,0.0,,0,3,primary_care,low_value,TERR_16,hospital,4.1,False,Digital-Heavy,0.1534,0,Primary
420,2026-01-03 17:00:00,email,8,0.25,3.0,1,0,0.0,,0,1,1.0,213.0,1,6,0.0,71.0,1,0,0.0,,0,3,primary_care,low_value,TERR_16,hospital,4.1,False,Digital-Heavy,0.1266,1,Secondary
420,2026-01-03 17:00:00,webinar,8,0.25,3.0,1,0,0.0,,0,1,1.0,213.0,1,6,0.0,71.0,1,0,0.0,,0,3,primary_care,low_value,TERR_16,hospital,4.1,False,Digital-Heavy,0.1181,2,Supporting
420,2026-01-03 17:00:00,phone_call,8,0.25,3.0,1,0,0.0,,0,1,1.0,213.0,1,6,0.0,71.0,1,0,0.0,,0,3,primary_care,low_value,TERR_16,hospital,4.1,False,Digital-Heavy,0.1145,3,Other
420,2026-01-03 17:00:00,digital_ad,8,0.25,3.0,1,0,0.0,,0,1,1.0,213.0,1,6,0.0,71.0,1,0,0.0,,0,3,primary_care,low_value,TERR_16,hospital,4.1,False,Digital-Heavy,0.0842,4,Other
421,2026-01-03 17:00:00,rep_visit,15,0.26666666666666666,4.0,1,3,0.0,16.0,1,4,0.5,148.0,1,8,0.25,29.0,1,4,0.0,123.0,1,5,primary_care,high_value,TERR_21,private_practice,4.1,False,Digital-Heavy,0.1608,0,Primary
421,2026-01-03 17:00:00,email,15,0.26666666666666666,4.0,1,3,0.0,16.0,1,4,0.5,148.0,1,8,0.25,29.0,1,4,0.0,123.0,1,5,primary_care,high_value,TERR_21,private_practice,4.1,False,Digital-Heavy,0.1382,1,Secondary
421,2026-01-03 17:00:00,webinar,15,0.26666666666666666,4.0,1,3,0.0,16.0,1,4,0.5,148.0,1,8,0.25,29.0,1,4,0.0,123.0,1,5,primary_care,high_value,TERR_21,private_practice,4.1,False,Digital-Heavy,0.1295,2,Supporting
421,2026-01-03 17:00:00,phone_call,15,0.26666666666666666,4.0,1,3,0.0,16.0,1,4,0.5,148.0,1,8,0.25,29.0,1,4,0.0,123.0,1,5,primary_care,high_value,TERR_21,private_practice,4.1,False,Digital-Heavy,0.1244,3,Other
421,2026-01-03 17:00:00,digital_ad,15,0.26666666666666666,4.0,1,3,0.0,16.0,1,4,0.5,148.0,1,8,0.25,29.0,1,4,0.0,123.0,1,5,primary_care,high_value,TERR_21,private_practice,4.1,False,Digital-Heavy,0.099,4,Other
422,2026-01-03 17:00:00,email,16,0.3125,8.0,1,6,0.3333333333333333,2.0,1,1,0.0,103.0,1,5,0.2,204.0,1,4,0.5,144.0,1,5,dermatology,high_value,TERR_44,private_practice,1.8,False,Digital-Heavy,0.2605,0,Primary
422,2026-01-03 17:00:00,phone_call,16,0.3125,8.0,1,6,0.3333333333333333,2.0,1,1,0.0,103.0,1,5,0.2,204.0,1,4,0.5,144.0,1,5,dermatology,high_value,TERR_44,private_practice,1.8,False,Digital-Heavy,0.2578,1,Secondary
422,2026-01-03 17:00:00,webinar,16,0.3125,8.0,1,6,0.3333333333333333,2.0,1,1,0.0,103.0,1,5,0.2,204.0,1,4,0.5,144.0,1,5,dermatology,high_value,TERR_44,private_practice,1.8,False,Digital-Heavy,0.2433,2,Supporting
422,2026-01-03 17:00:00,rep_visit,16,0.3125,8.0,1,6,0.3333333333333333,2.0,1,1,0.0,103.0,1,5,0.2,204.0,1,4,0.5,144.0,1,5,dermatology,high_value,TERR_44,private_practice,1.8,False,Digital-Heavy,0.223,3,Other
422,2026-01-03 17:00:00,digital_ad,16,0.3125,8.0,1,6,0.3333333333333333,2.0,1,1,0.0,103.0,1,5,0.2,204.0,1,4,0.5,144.0,1,5,dermatology,high_value,TERR_44,private_practice,1.8,False,Digital-Heavy,0.1553,4,Other
423,2026-01-03 17:00:00,rep_visit,3,0.0,100.0,1,1,0.0,278.0,1,5,0.4,110.0,1,1,0.0,201.0,1,10,0.7,8.0,1,5,dermatology,medium_value,TERR_24,private_practice,2.0,False,Mixed,0.4806,0,Primary
423,2026-01-03 17:00:00,phone_call,3,0.0,100.0,1,1,0.0,278.0,1,5,0.4,110.0,1,1,0.0,201.0,1,10,0.7,8.0,1,5,dermatology,medium_value,TERR_24,private_practice,2.0,False,Mixed,0.2871,1,Secondary
423,2026-01-03 17:00:00,webinar,3,0.0,100.0,1,1,0.0,278.0,1,5,0.4,110.0,1,1,0.0,201.0,1,10,0.7,8.0,1,5,dermatology,medium_value,TERR_24,private_practice,2.0,False,Mixed,0.2236,2,Supporting
423,2026-01-03 17:00:00,email,3,0.0,100.0,1,1,0.0,278.0,1,5,0.4,110.0,1,1,0.0,201.0,1,10,0.7,8.0,1,5,dermatology,medium_value,TERR_24,private_practice,2.0,False,Mixed,0.1724,3,Other
423,2026-01-03 17:00:00,digital_ad,3,0.0,100.0,1,1,0.0,278.0,1,5,0.4,110.0,1,1,0.0,201.0,1,10,0.7,8.0,1,5,dermatology,medium_value,TERR_24,private_practice,2.0,False,Mixed,0.1116,4,Other
424,2026-01-03 17:00:00,rep_visit,4,0.0,16.0,1,1,0.0,333.0,1,3,0.3333333333333333,33.0,1,7,0.14285714285714285,11.0,1,3,0.0,4.0,1,5,primary_care,medium_value,TERR_40,private_practice,3.6,False,In-Person-Heavy,0.2171,0,Primary
424,2026-01-03 17:00:00,email,4,0.0,16.0,1,1,0.0,333.0,1,3,0.3333333333333333,33.0,1,7,0.14285714285714285,11.0,1,3,0.0,4.0,1,5,primary_care,medium_value,TERR_40,private_practice,3.6,False,In-Person-Heavy,0.1343,1,Secondary
424,2026-01-03 17:00:00,phone_call,4,0.0,16.0,1,1,0.0,333.0,1,3,0.3333333333333333,33.0,1,7,0.14285714285714285,11.0,1,3,0.0,4.0,1,5,primary_care,medium_value,TERR_40,private_practice,3.6,False,In-Person-Heavy,0.131,2,Supporting
424,2026-01-03 17:00:00,webinar,4,0.0,16.0,1,1,0.0,333.0,1,3,0.3333333333333333,33.0,1,7,0.14285714285714285,11.0,1,3,0.0,4.0,1,5,primary_care,medium_value,TERR_40,private_practice,3.6,False,In-Person-Heavy,0.1218,3,Other
424,2026-01-03 17:00:00,digital_ad,4,0.0,16.0,1,1,0.0,333.0,1,3,0.3333333333333333,33.0,1,7,0.14285714285714285,11.0,1,3,0.0,4.0,1,5,primary_care,medium_value,TERR_40,private_practice,3.6,False,In-Person-Heavy,0.083,4,Other
425,2026-01-03 17:00:00,rep_visit,4,0.0,115.0,1,6,0.0,26.0,1,7,0.5714285714285714,12.0,1,3,0.0,59.0,1,5,0.6,3.0,1,5,endocrinology,low_value,TERR_22,private_practice,2.5,False,In-Person-Heavy,0.3068,0,Primary
425,2026-01-03 17:00:00,phone_call,4,0.0,115.0,1,6,0.0,26.0,1,7,0.5714285714285714,12.0,1,3,0.0,59.0,1,5,0.6,3.0,1,5,endocrinology,low_value,TERR_22,private_practice,2.5,False,In-Person-Heavy,0.159,1,Secondary
425,2026-01-03 17:00:00,webinar,4,0.0,115.0,1,6,0.0,26.0,1,7,0.5714285714285714,12.0,1,3,0.0,59.0,1,5,0.6,3.0,1,5,endocrinology,low_value,TERR_22,private_practice,2.5,False,In-Person-Heavy,0.1241,2,Supporting
425,2026-01-03 17:00:00,email,4,0.0,115.0,1,6,0.0,26.0,1,7,0.5714285714285714,12.0,1,3,0.0,59.0,1,5,0.6,3.0,1,5,endocrinology,low_value,TERR_22,private_practice,2.5,False,In-Person-Heavy,0.1029,3,Other
425,2026-01-03 17:00:00,digital_ad,4,0.0,115.0,1,6,0.0,26.0,1,7,0.5714285714285714,12.0,1,3,0.0,59.0,1,5,0.6,3.0,1,5,endocrinology,low_value,TERR_22,private_practice,2.5,False,In-Person-Heavy,0.0748,4,Other
426,2026-01-03 17:00:00,rep_visit,8,0.0,5.0,1,4,0.5,12.0,1,7,0.8571428571428571,184.0,1,2,0.5,72.0,1,8,0.25,16.0,1,5,dermatology,high_value,TERR_29,clinic,2.1,False,In-Person-Heavy,0.2621,0,Primary
426,2026-01-03 17:00:00,webinar,8,0.0,5.0,1,4,0.5,12.0,1,7,0.8571428571428571,184.0,1,2,0.5,72.0,1,8,0.25,16.0,1,5,dermatology,high_value,TERR_29,clinic,2.1,False,In-Person-Heavy,0.1568,1,Secondary
426,2026-01-03 17:00:00,phone_call,8,0.0,5.0,1,4,0.5,12.0,1,7,0.8571428571428571,184.0,1,2,0.5,72.0,1,8,0.25,16.0,1,5,dermatology,high_value,TERR_29,clinic,2.1,False,In-Person-Heavy,0.1471,2,Supporting
426,2026-01-03 17:00:00,email,8,0.0,5.0,1,4,0.5,12.0,1,7,0.8571428571428571,184.0,1,2,0.5,72.0,1,8,0.25,16.0,1,5,dermatology,high_value,TERR_29,clinic,2.1,False,In-Person-Heavy,0.11,3,Other
426,2026-01-03 17:00:00,digital_ad,8,0.0,5.0,1,4,0.5,12.0,1,7,0.8571428571428571,184.0,1,2,0.5,72.0,1,8,0.25,16.0,1,5,dermatology,high_value,TERR_29,clinic,2.1,False,In-Person-Heavy,0.1047,4,Other
427,2026-01-03 17:00:00,rep_visit,12,0.5833333333333334,15.0,1,3,0.0,177.0,1,4,0.5,74.0,1,4,0.0,2.0,1,6,0.16666666666666666,40.0,1,5,endocrinology,high_value,TERR_02,private_practice,6.1,False,Mixed,0.3877,0,Primary
427,2026-01-03 17:00:00,webinar,12,0.5833333333333334,15.0,1,3,0.0,177.0,1,4,0.5,74.0,1,4,0.0,2.0,1,6,0.16666666666666666,40.0,1,5,endocrinology,high_value,TERR_02,private_practice,6.1,False,Mixed,0.2025,1,Secondary
427,2026-01-03 17:00:00,email,12,0.5833333333333334,15.0,1,3,0.0,177.0,1,4,0.5,74.0,1,4,0.0,2.0,1,6,0.16666666666666666,40.0,1,5,endocrinology,high_value,TERR_02,private_practice,6.1,False,Mixed,0.2011,2,Supporting
427,2026-01-03 17:00:00,phone_call,12,0.5833333333333334,15.0,1,3,0.0,177.0,1,4,0.5,74.0,1,4,0.0,2.0,1,6,0.16666666666666666,40.0,1,5,endocrinology,high_value,TERR_02,private_practice,6.1,False,Mixed,0.1866,3,Other
427,2026-01-03 17:00:00,digital_ad,12,0.5833333333333334,15.0,1,3,0.0,177.0,1,4,0.5,74.0,1,4,0.0,2.0,1,6,0.16666666666666666,40.0,1,5,endocrinology,high_value,TERR_02,private_practice,6.1,False,Mixed,0.1001,4,Other
428,2026-01-03 17:00:00,rep_visit,17,0.23529411764705882,5.0,1,0,0.0,,0,3,0.0,81.0,1,8,0.125,115.0,1,5,0.0,25.0,1,4,oncology,high_value,TERR_08,hospital,1.1,False,Digital-Heavy,0.1269,0,Primary
428,2026-01-03 17:00:00,email,17,0.23529411764705882,5.0,1,0,0.0,,0,3,0.0,81.0,1,8,0.125,115.0,1,5,0.0,25.0,1,4,oncology,high_value,TERR_08,hospital,1.1,False,Digital-Heavy,0.1074,1,Secondary
428,2026-01-03 17:00:00,phone_call,17,0.23529411764705882,5.0,1,0,0.0,,0,3,0.0,81.0,1,8,0.125,115.0,1,5,0.0,25.0,1,4,oncology,high_value,TERR_08,hospital,1.1,False,Digital-Heavy,0.103,2,Supporting
428,2026-01-03 17:00:00,webinar,17,0.23529411764705882,5.0,1,0,0.0,,0,3,0.0,81.0,1,8,0.125,115.0,1,5,0.0,25.0,1,4,oncology,high_value,TERR_08,hospital,1.1,False,Digital-Heavy,0.1016,3,Other
428,2026-01-03 17:00:00,digital_ad,17,0.23529411764705882,5.0,1,0,0.0,,0,3,0.0,81.0,1,8,0.125,115.0,1,5,0.0,25.0,1,4,oncology,high_value,TERR_08,hospital,1.1,False,Digital-Heavy,0.08,4,Other
429,2026-01-03 17:00:00,rep_visit,8,0.5,8.0,1,4,0.25,54.0,1,7,0.7142857142857143,22.0,1,1,0.0,74.0,1,5,0.2,87.0,1,5,primary_care,high_value,TERR_19,private_practice,6.1,False,In-Person-Heavy,0.4471,0,Primary
429,2026-01-03 17:00:00,webinar,8,0.5,8.0,1,4,0.25,54.0,1,7,0.7142857142857143,22.0,1,1,0.0,74.0,1,5,0.2,87.0,1,5,primary_care,high_value,TERR_19,private_practice,6.1,False,In-Person-Heavy,0.2512,1,Secondary
429,2026-01-03 17:00:00,phone_call,8,0.5,8.0,1,4,0.25,54.0,1,7,0.7142857142857143,22.0,1,1,0.0,74.0,1,5,0.2,87.0,1,5,primary_care,high_value,TERR_19,private_practice,6.1,False,In-Person-Heavy,0.2227,2,Supporting
429,2026-01-03 17:00:00,email,8,0.5,8.0,1,4,0.25,54.0,1,7,0.7142857142857143,22.0,1,1,0.0,74.0,1,5,0.2,87.0,1,5,primary_care,high_value,TERR_19,private_practice,6.1,False,In-Person-Heavy,0.163,3,Other
429,2026-01-03 17:00:00,digital_ad,8,0.5,8.0,1,4,0.25,54.0,1,7,0.7142857142857143,22.0,1,1,0.0,74.0,1,5,0.2,87.0,1,5,primary_care,high_value,TERR_19,private_practice,6.1,False,In-Person-Heavy,0.0861,4,Other
430,2026-01-03 17:00:00,rep_visit,3,0.3333333333333333,52.0,1,0,0.0,,0,6,0.6666666666666666,60.0,1,1,0.0,15.0,1,9,0.5555555555555556,114.0,1,4,primary_care,low_value,TERR_35,private_practice,3.1,False,Mixed,0.7419,0,Primary
430,2026-01-03 17:00:00,phone_call,3,0.3333333333333333,52.0,1,0,0.0,,0,6,0.6666666666666666,60.0,1,1,0.0,15.0,1,9,0.5555555555555556,114.0,1,4,primary_care,low_value,TERR_35,private_practice,3.1,False,Mixed,0.3949,1,Secondary
430,2026-01-03 17:00:00,webinar,3,0.3333333333333333,52.0,1,0,0.0,,0,6,0.6666666666666666,60.0,1,1,0.0,15.0,1,9,0.5555555555555556,114.0,1,4,primary_care,low_value,TERR_35,private_practice,3.1,False,Mixed,0.3941,2,Supporting
430,2026-01-03 17:00:00,email,3,0.3333333333333333,52.0,1,0,0.0,,0,6,0.6666666666666666,60.0,1,1,0.0,15.0,1,9,0.5555555555555556,114.0,1,4,primary_care,low_value,TERR_35,private_practice,3.1,False,Mixed,0.2772,3,Other
430,2026-01-03 17:00:00,digital_ad,3,0.3333333333333333,52.0,1,0,0.0,,0,6,0.6666666666666666,60.0,1,1,0.0,15.0,1,9,0.5555555555555556,114.0,1,4,primary_care,low_value,TERR_35,private_practice,3.1,False,Mixed,0.1263,4,Other
431,2026-01-03 17:00:00,rep_visit,1,0.0,288.0,1,0,0.0,,0,6,0.8333333333333334,4.0,1,0,0.0,,0,4,0.5,51.0,1,3,cardiology,low_value,TERR_49,private_practice,4.2,False,In-Person-Heavy,0.5452,0,Primary
431,2026-01-03 17:00:00,phone_call,1,0.0,288.0,1,0,0.0,,0,6,0.8333333333333334,4.0,1,0,0.0,,0,4,0.5,51.0,1,3,cardiology,low_value,TERR_49,private_practice,4.2,False,In-Person-Heavy,0.2464,1,Secondary
431,2026-01-03 17:00:00,webinar,1,0.0,288.0,1,0,0.0,,0,6,0.8333333333333334,4.0,1,0,0.0,,0,4,0.5,51.0,1,3,cardiology,low_value,TERR_49,private_practice,4.2,False,In-Person-Heavy,0.2181,2,Supporting
431,2026-01-03 17:00:00,email,1,0.0,288.0,1,0,0.0,,0,6,0.8333333333333334,4.0,1,0,0.0,,0,4,0.5,51.0,1,3,cardiology,low_value,TERR_49,private_practice,4.2,False,In-Person-Heavy,0.1569,3,Other
431,2026-01-03 17:00:00,digital_ad,1,0.0,288.0,1,0,0.0,,0,6,0.8333333333333334,4.0,1,0,0.0,,0,4,0.5,51.0,1,3,cardiology,low_value,TERR_49,private_practice,4.2,False,In-Person-Heavy,0.1065,4,Other
432,2026-01-03 17:00:00,rep_visit,4,0.0,4.0,1,1,0.0,191.0,1,1,1.0,68.0,1,11,0.09090909090909091,51.0,1,1,0.0,117.0,1,5,primary_care,medium_value,TERR_33,private_practice,9.2,False,Digital-Heavy,0.2476,0,Primary
432,2026-01-03 17:00:00,webinar,4,0.0,4.0,1,1,0.0,191.0,1,1,1.0,68.0,1,11,0.09090909090909091,51.0,1,1,0.0,117.0,1,5,primary_care,medium_value,TERR_33,private_practice,9.2,False,Digital-Heavy,0.1679,1,Secondary
432,2026-01-03 17:00:00,phone_call,4,0.0,4.0,1,1,0.0,191.0,1,1,1.0,68.0,1,11,0.09090909090909091,51.0,1,1,0.0,117.0,1,5,primary_care,medium_value,TERR_33,private_practice,9.2,False,Digital-Heavy,0.1635,2,Supporting
432,2026-01-03 17:00:00,email,4,0.0,4.0,1,1,0.0,191.0,1,1,1.0,68.0,1,11,0.09090909090909091,51.0,1,1,0.0,117.0,1,5,primary_care,medium_value,TERR_33,private_practice,9.2,False,Digital-Heavy,0.1495,3,Other
432,2026-01-03 17:00:00,digital_ad,4,0.0,4.0,1,1,0.0,191.0,1,1,1.0,68.0,1,11,0.09090909090909091,51.0,1,1,0.0,117.0,1,5,primary_care,medium_value,TERR_33,private_practice,9.2,False,Digital-Heavy,0.1029,4,Other
433,2026-01-03 17:00:00,rep_visit,3,0.0,65.0,1,6,0.3333333333333333,17.0,1,5,0.8,44.0,1,1,0.0,156.0,1,5,0.4,165.0,1,5,dermatology,low_value,TERR_41,private_practice,2.0,False,In-Person-Heavy,0.6765,0,Primary
433,2026-01-03 17:00:00,webinar,3,0.0,65.0,1,6,0.3333333333333333,17.0,1,5,0.8,44.0,1,1,0.0,156.0,1,5,0.4,165.0,1,5,dermatology,low_value,TERR_41,private_practice,2.0,False,In-Person-Heavy,0.3176,1,Secondary
433,2026-01-03 17:00:00,phone_call,3,0.0,65.0,1,6,0.3333333333333333,17.0,1,5,0.8,44.0,1,1,0.0,156.0,1,5,0.4,165.0,1,5,dermatology,low_value,TERR_41,private_practice,2.0,False,In-Person-Heavy,0.3047,2,Supporting
433,2026-01-03 17:00:00,email,3,0.0,65.0,1,6,0.3333333333333333,17.0,1,5,0.8,44.0,1,1,0.0,156.0,1,5,0.4,165.0,1,5,dermatology,low_value,TERR_41,private_practice,2.0,False,In-Person-Heavy,0.1718,3,Other
433,2026-01-03 17:00:00,digital_ad,3,0.0,65.0,1,6,0.3333333333333333,17.0,1,5,0.8,44.0,1,1,0.0,156.0,1,5,0.4,165.0,1,5,dermatology,low_value,TERR_41,private_practice,2.0,False,In-Person-Heavy,0.1052,4,Other
434,2026-01-03 17:00:00,rep_visit,0,0.0,,0,4,0.0,71.0,1,3,0.3333333333333333,85.0,1,0,0.0,,0,6,0.3333333333333333,157.0,1,3,dermatology,low_value,TERR_21,private_practice,1.1,False,Digital-Heavy,0.6602,0,Primary
434,2026-01-03 17:00:00,phone_call,0,0.0,,0,4,0.0,71.0,1,3,0.3333333333333333,85.0,1,0,0.0,,0,6,0.3333333333333333,157.0,1,3,dermatology,low_value,TERR_21,private_practice,1.1,False,Digital-Heavy,0.3309,1,Secondary
434,2026-01-03 17:00:00,webinar,0,0.0,,0,4,0.0,71.0,1,3,0.3333333333333333,85.0,1,0,0.0,,0,6,0.3333333333333333,157.0,1,3,dermatology,low_value,TERR_21,private_practice,1.1,False,Digital-Heavy,0.2363,2,Supporting
434,2026-01-03 17:00:00,email,0,0.0,,0,4,0.0,71.0,1,3,0.3333333333333333,85.0,1,0,0.0,,0,6,0.3333333333333333,157.0,1,3,dermatology,low_value,TERR_21,private_practice,1.1,False,Digital-Heavy,0.2052,3,Other
434,2026-01-03 17:00:00,digital_ad,0,0.0,,0,4,0.0,71.0,1,3,0.3333333333333333,85.0,1,0,0.0,,0,6,0.3333333333333333,157.0,1,3,dermatology,low_value,TERR_21,private_practice,1.1,False,Digital-Heavy,0.1534,4,Other
435,2026-01-03 17:00:00,rep_visit,3,0.0,37.0,1,4,0.0,110.0,1,14,0.7142857142857143,9.0,1,1,0.0,166.0,1,11,0.7272727272727273,1.0,1,5,primary_care,high_value,TERR_46,private_practice,2.7,False,In-Person-Heavy,0.3703,0,Primary
435,2026-01-03 17:00:00,phone_call,3,0.0,37.0,1,4,0.0,110.0,1,14,0.7142857142857143,9.0,1,1,0.0,166.0,1,11,0.7272727272727273,1.0,1,5,primary_care,high_value,TERR_46,private_practice,2.7,False,In-Person-Heavy,0.2135,1,Secondary
435,2026-01-03 17:00:00,webinar,3,0.0,37.0,1,4,0.0,110.0,1,14,0.7142857142857143,9.0,1,1,0.0,166.0,1,11,0.7272727272727273,1.0,1,5,primary_care,high_value,TERR_46,private_practice,2.7,False,In-Person-Heavy,0.1453,2,Supporting
435,2026-01-03 17:00:00,email,3,0.0,37.0,1,4,0.0,110.0,1,14,0.7142857142857143,9.0,1,1,0.0,166.0,1,11,0.7272727272727273,1.0,1,5,primary_care,high_value,TERR_46,private_practice,2.7,False,In-Person-Heavy,0.1132,3,Other
435,2026-01-03 17:00:00,digital_ad,3,0.0,37.0,1,4,0.0,110.0,1,14,0.7142857142857143,9.0,1,1,0.0,166.0,1,11,0.7272727272727273,1.0,1,5,primary_care,high_value,TERR_46,private_practice,2.7,False,In-Person-Heavy,0.0884,4,Other
436,2026-01-03 17:00:00,rep_visit,9,0.4444444444444444,9.0,1,2,0.0,208.0,1,0,0.0,,0,6,0.16666666666666666,38.0,1,4,0.0,53.0,1,4,primary_care,medium_value,TERR_08,private_practice,0.7,False,Mixed,0.2863,0,Primary
436,2026-01-03 17:00:00,webinar,9,0.4444444444444444,9.0,1,2,0.0,208.0,1,0,0.0,,0,6,0.16666666666666666,38.0,1,4,0.0,53.0,1,4,primary_care,medium_value,TERR_08,private_practice,0.7,False,Mixed,0.1779,1,Secondary
436,2026-01-03 17:00:00,email,9,0.4444444444444444,9.0,1,2,0.0,208.0,1,0,0.0,,0,6,0.16666666666666666,38.0,1,4,0.0,53.0,1,4,primary_care,medium_value,TERR_08,private_practice,0.7,False,Mixed,0.1561,2,Supporting
436,2026-01-03 17:00:00,phone_call,9,0.4444444444444444,9.0,1,2,0.0,208.0,1,0,0.0,,0,6,0.16666666666666666,38.0,1,4,0.0,53.0,1,4,primary_care,medium_value,TERR_08,private_practice,0.7,False,Mixed,0.1427,3,Other
436,2026-01-03 17:00:00,digital_ad,9,0.4444444444444444,9.0,1,2,0.0,208.0,1,0,0.0,,0,6,0.16666666666666666,38.0,1,4,0.0,53.0,1,4,primary_care,medium_value,TERR_08,private_practice,0.7,False,Mixed,0.0935,4,Other
437,2026-01-03 17:00:00,rep_visit,1,0.0,78.0,1,4,0.25,122.0,1,15,0.6666666666666666,4.0,1,3,0.0,33.0,1,5,0.4,127.0,1,5,dermatology,medium_value,TERR_39,clinic,4.2,False,Digital-Heavy,0.4376,0,Primary
437,2026-01-03 17:00:00,phone_call,1,0.0,78.0,1,4,0.25,122.0,1,15,0.6666666666666666,4.0,1,3,0.0,33.0,1,5,0.4,127.0,1,5,dermatology,medium_value,TERR_39,clinic,4.2,False,Digital-Heavy,0.2037,1,Secondary
437,2026-01-03 17:00:00,webinar,1,0.0,78.0,1,4,0.25,122.0,1,15,0.6666666666666666,4.0,1,3,0.0,33.0,1,5,0.4,127.0,1,5,dermatology,medium_value,TERR_39,clinic,4.2,False,Digital-Heavy,0.1887,2,Supporting
437,2026-01-03 17:00:00,email,1,0.0,78.0,1,4,0.25,122.0,1,15,0.6666666666666666,4.0,1,3,0.0,33.0,1,5,0.4,127.0,1,5,dermatology,medium_value,TERR_39,clinic,4.2,False,Digital-Heavy,0.1397,3,Other
437,2026-01-03 17:00:00,digital_ad,1,0.0,78.0,1,4,0.25,122.0,1,15,0.6666666666666666,4.0,1,3,0.0,33.0,1,5,0.4,127.0,1,5,dermatology,medium_value,TERR_39,clinic,4.2,False,Digital-Heavy,0.1037,4,Other
438,2026-01-03 17:00:00,rep_visit,1,1.0,241.0,1,4,0.0,96.0,1,2,0.5,246.0,1,5,0.2,30.0,1,4,0.0,66.0,1,5,oncology,low_value,TERR_46,cancer_center,0.8,False,Mixed,0.3466,0,Primary
438,2026-01-03 17:00:00,email,1,1.0,241.0,1,4,0.0,96.0,1,2,0.5,246.0,1,5,0.2,30.0,1,4,0.0,66.0,1,5,oncology,low_value,TERR_46,cancer_center,0.8,False,Mixed,0.1885,1,Secondary
438,2026-01-03 17:00:00,webinar,1,1.0,241.0,1,4,0.0,96.0,1,2,0.5,246.0,1,5,0.2,30.0,1,4,0.0,66.0,1,5,oncology,low_value,TERR_46,cancer_center,0.8,False,Mixed,0.1783,2,Supporting
438,2026-01-03 17:00:00,phone_call,1,1.0,241.0,1,4,0.0,96.0,1,2,0.5,246.0,1,5,0.2,30.0,1,4,0.0,66.0,1,5,oncology,low_value,TERR_46,cancer_center,0.8,False,Mixed,0.1618,3,Other
438,2026-01-03 17:00:00,digital_ad,1,1.0,241.0,1,4,0.0,96.0,1,2,0.5,246.0,1,5,0.2,30.0,1,4,0.0,66.0,1,5,oncology,low_value,TERR_46,cancer_center,0.8,False,Mixed,0.108,4,Other
439,2026-01-03 17:00:00,rep_visit,5,0.0,11.0,1,6,0.0,3.0,1,2,1.0,289.0,1,4,0.0,74.0,1,4,0.25,61.0,1,5,dermatology,medium_value,TERR_04,hospital,3.7,False,Digital-Heavy,0.2648,0,Primary
439,2026-01-03 17:00:00,webinar,5,0.0,11.0,1,6,0.0,3.0,1,2,1.0,289.0,1,4,0.0,74.0,1,4,0.25,61.0,1,5,dermatology,medium_value,TERR_04,hospital,3.7,False,Digital-Heavy,0.1375,1,Secondary
439,2026-01-03 17:00:00,email,5,0.0,11.0,1,6,0.0,3.0,1,2,1.0,289.0,1,4,0.0,74.0,1,4,0.25,61.0,1,5,dermatology,medium_value,TERR_04,hospital,3.7,False,Digital-Heavy,0.1257,2,Supporting
439,2026-01-03 17:00:00,phone_call,5,0.0,11.0,1,6,0.0,3.0,1,2,1.0,289.0,1,4,0.0,74.0,1,4,0.25,61.0,1,5,dermatology,medium_value,TERR_04,hospital,3.7,False,Digital-Heavy,0.1249,3,Other
439,2026-01-03 17:00:00,digital_ad,5,0.0,11.0,1,6,0.0,3.0,1,2,1.0,289.0,1,4,0.0,74.0,1,4,0.25,61.0,1,5,dermatology,medium_value,TERR_04,hospital,3.7,False,Digital-Heavy,0.0971,4,Other
440,2026-01-03 17:00:00,rep_visit,0,0.0,,0,3,0.0,68.0,1,3,1.0,159.0,1,1,0.0,243.0,1,6,0.16666666666666666,124.0,1,4,primary_care,low_value,TERR_19,private_practice,3.7,False,Mixed,0.6864,0,Primary
440,2026-01-03 17:00:00,phone_call,0,0.0,,0,3,0.0,68.0,1,3,1.0,159.0,1,1,0.0,243.0,1,6,0.16666666666666666,124.0,1,4,primary_care,low_value,TERR_19,private_practice,3.7,False,Mixed,0.2936,1,Secondary
440,2026-01-03 17:00:00,email,0,0.0,,0,3,0.0,68.0,1,3,1.0,159.0,1,1,0.0,243.0,1,6,0.16666666666666666,124.0,1,4,primary_care,low_value,TERR_19,private_practice,3.7,False,Mixed,0.2277,2,Supporting
440,2026-01-03 17:00:00,webinar,0,0.0,,0,3,0.0,68.0,1,3,1.0,159.0,1,1,0.0,243.0,1,6,0.16666666666666666,124.0,1,4,primary_care,low_value,TERR_19,private_practice,3.7,False,Mixed,0.2266,3,Other
440,2026-01-03 17:00:00,digital_ad,0,0.0,,0,3,0.0,68.0,1,3,1.0,159.0,1,1,0.0,243.0,1,6,0.16666666666666666,124.0,1,4,primary_care,low_value,TERR_19,private_practice,3.7,False,Mixed,0.1593,4,Other
441,2026-01-03 17:00:00,rep_visit,2,0.5,38.0,1,1,0.0,18.0,1,11,0.5454545454545454,59.0,1,0,0.0,,0,4,0.5,12.0,1,4,endocrinology,high_value,TERR_41,clinic,0.5,False,In-Person-Heavy,0.709,0,Primary
441,2026-01-03 17:00:00,phone_call,2,0.5,38.0,1,1,0.0,18.0,1,11,0.5454545454545454,59.0,1,0,0.0,,0,4,0.5,12.0,1,4,endocrinology,high_value,TERR_41,clinic,0.5,False,In-Person-Heavy,0.4437,1,Secondary
441,2026-01-03 17:00:00,webinar,2,0.5,38.0,1,1,0.0,18.0,1,11,0.5454545454545454,59.0,1,0,0.0,,0,4,0.5,12.0,1,4,endocrinology,high_value,TERR_41,clinic,0.5,False,In-Person-Heavy,0.3611,2,Supporting
441,2026-01-03 17:00:00,email,2,0.5,38.0,1,1,0.0,18.0,1,11,0.5454545454545454,59.0,1,0,0.0,,0,4,0.5,12.0,1,4,endocrinology,high_value,TERR_41,clinic,0.5,False,In-Person-Heavy,0.2599,3,Other
441,2026-01-03 17:00:00,digital_ad,2,0.5,38.0,1,1,0.0,18.0,1,11,0.5454545454545454,59.0,1,0,0.0,,0,4,0.5,12.0,1,4,endocrinology,high_value,TERR_41,clinic,0.5,False,In-Person-Heavy,0.1402,4,Other
442,2026-01-03 17:00:00,rep_visit,3,0.3333333333333333,54.0,1,1,0.0,47.0,1,1,0.0,78.0,1,8,0.375,18.0,1,5,0.6,109.0,1,5,oncology,medium_value,TERR_02,cancer_center,1.5,False,Digital-Heavy,0.3022,0,Primary
442,2026-01-03 17:00:00,phone_call,3,0.3333333333333333,54.0,1,1,0.0,47.0,1,1,0.0,78.0,1,8,0.375,18.0,1,5,0.6,109.0,1,5,oncology,medium_value,TERR_02,cancer_center,1.5,False,Digital-Heavy,0.2912,1,Secondary
442,2026-01-03 17:00:00,webinar,3,0.3333333333333333,54.0,1,1,0.0,47.0,1,1,0.0,78.0,1,8,0.375,18.0,1,5,0.6,109.0,1,5,oncology,medium_value,TERR_02,cancer_center,1.5,False,Digital-Heavy,0.253,2,Supporting
442,2026-01-03 17:00:00,email,3,0.3333333333333333,54.0,1,1,0.0,47.0,1,1,0.0,78.0,1,8,0.375,18.0,1,5,0.6,109.0,1,5,oncology,medium_value,TERR_02,cancer_center,1.5,False,Digital-Heavy,0.2398,3,Other
442,2026-01-03 17:00:00,digital_ad,3,0.3333333333333333,54.0,1,1,0.0,47.0,1,1,0.0,78.0,1,8,0.375,18.0,1,5,0.6,109.0,1,5,oncology,medium_value,TERR_02,cancer_center,1.5,False,Digital-Heavy,0.1351,4,Other
443,2026-01-03 17:00:00,rep_visit,4,0.0,207.0,1,1,0.0,269.0,1,4,0.75,58.0,1,3,0.0,148.0,1,4,0.0,115.0,1,5,dermatology,low_value,TERR_28,private_practice,3.1,False,Digital-Heavy,0.6092,0,Primary
443,2026-01-03 17:00:00,webinar,4,0.0,207.0,1,1,0.0,269.0,1,4,0.75,58.0,1,3,0.0,148.0,1,4,0.0,115.0,1,5,dermatology,low_value,TERR_28,private_practice,3.1,False,Digital-Heavy,0.296,1,Secondary
443,2026-01-03 17:00:00,phone_call,4,0.0,207.0,1,1,0.0,269.0,1,4,0.75,58.0,1,3,0.0,148.0,1,4,0.0,115.0,1,5,dermatology,low_value,TERR_28,private_practice,3.1,False,Digital-Heavy,0.2766,2,Supporting
443,2026-01-03 17:00:00,email,4,0.0,207.0,1,1,0.0,269.0,1,4,0.75,58.0,1,3,0.0,148.0,1,4,0.0,115.0,1,5,dermatology,low_value,TERR_28,private_practice,3.1,False,Digital-Heavy,0.2222,3,Other
443,2026-01-03 17:00:00,digital_ad,4,0.0,207.0,1,1,0.0,269.0,1,4,0.75,58.0,1,3,0.0,148.0,1,4,0.0,115.0,1,5,dermatology,low_value,TERR_28,private_practice,3.1,False,Digital-Heavy,0.1235,4,Other
444,2026-01-03 17:00:00,rep_visit,9,0.3333333333333333,108.0,1,5,0.6,165.0,1,4,0.5,31.0,1,6,0.0,47.0,1,5,0.2,24.0,1,5,endocrinology,medium_value,TERR_29,clinic,1.8,False,Mixed,0.4467,0,Primary
444,2026-01-03 17:00:00,webinar,9,0.3333333333333333,108.0,1,5,0.6,165.0,1,4,0.5,31.0,1,6,0.0,47.0,1,5,0.2,24.0,1,5,endocrinology,medium_value,TERR_29,clinic,1.8,False,Mixed,0.271,1,Secondary
444,2026-01-03 17:00:00,phone_call,9,0.3333333333333333,108.0,1,5,0.6,165.0,1,4,0.5,31.0,1,6,0.0,47.0,1,5,0.2,24.0,1,5,endocrinology,medium_value,TERR_29,clinic,1.8,False,Mixed,0.2589,2,Supporting
444,2026-01-03 17:00:00,email,9,0.3333333333333333,108.0,1,5,0.6,165.0,1,4,0.5,31.0,1,6,0.0,47.0,1,5,0.2,24.0,1,5,endocrinology,medium_value,TERR_29,clinic,1.8,False,Mixed,0.1481,3,Other
444,2026-01-03 17:00:00,digital_ad,9,0.3333333333333333,108.0,1,5,0.6,165.0,1,4,0.5,31.0,1,6,0.0,47.0,1,5,0.2,24.0,1,5,endocrinology,medium_value,TERR_29,clinic,1.8,False,Mixed,0.0878,4,Other
445,2026-01-03 17:00:00,rep_visit,10,0.0,87.0,1,3,0.3333333333333333,94.0,1,2,0.0,25.0,1,9,0.1111111111111111,9.0,1,2,0.5,3.0,1,5,cardiology,low_value,TERR_35,hospital,4.4,False,Digital-Heavy,0.2089,0,Primary
445,2026-01-03 17:00:00,phone_call,10,0.0,87.0,1,3,0.3333333333333333,94.0,1,2,0.0,25.0,1,9,0.1111111111111111,9.0,1,2,0.5,3.0,1,5,cardiology,low_value,TERR_35,hospital,4.4,False,Digital-Heavy,0.1453,1,Secondary
445,2026-01-03 17:00:00,webinar,10,0.0,87.0,1,3,0.3333333333333333,94.0,1,2,0.0,25.0,1,9,0.1111111111111111,9.0,1,2,0.5,3.0,1,5,cardiology,low_value,TERR_35,hospital,4.4,False,Digital-Heavy,0.1441,2,Supporting
445,2026-01-03 17:00:00,email,10,0.0,87.0,1,3,0.3333333333333333,94.0,1,2,0.0,25.0,1,9,0.1111111111111111,9.0,1,2,0.5,3.0,1,5,cardiology,low_value,TERR_35,hospital,4.4,False,Digital-Heavy,0.118,3,Other
445,2026-01-03 17:00:00,digital_ad,10,0.0,87.0,1,3,0.3333333333333333,94.0,1,2,0.0,25.0,1,9,0.1111111111111111,9.0,1,2,0.5,3.0,1,5,cardiology,low_value,TERR_35,hospital,4.4,False,Digital-Heavy,0.0928,4,Other
446,2026-01-03 17:00:00,rep_visit,10,0.0,57.0,1,5,0.0,39.0,1,1,0.0,288.0,1,9,0.0,43.0,1,1,1.0,304.0,1,5,primary_care,high_value,TERR_37,private_practice,2.5,False,Digital-Heavy,0.2515,0,Primary
446,2026-01-03 17:00:00,phone_call,10,0.0,57.0,1,5,0.0,39.0,1,1,0.0,288.0,1,9,0.0,43.0,1,1,1.0,304.0,1,5,primary_care,high_value,TERR_37,private_practice,2.5,False,Digital-Heavy,0.196,1,Secondary
446,2026-01-03 17:00:00,webinar,10,0.0,57.0,1,5,0.0,39.0,1,1,0.0,288.0,1,9,0.0,43.0,1,1,1.0,304.0,1,5,primary_care,high_value,TERR_37,private_practice,2.5,False,Digital-Heavy,0.1525,2,Supporting
446,2026-01-03 17:00:00,email,10,0.0,57.0,1,5,0.0,39.0,1,1,0.0,288.0,1,9,0.0,43.0,1,1,1.0,304.0,1,5,primary_care,high_value,TERR_37,private_practice,2.5,False,Digital-Heavy,0.1446,3,Other
446,2026-01-03 17:00:00,digital_ad,10,0.0,57.0,1,5,0.0,39.0,1,1,0.0,288.0,1,9,0.0,43.0,1,1,1.0,304.0,1,5,primary_care,high_value,TERR_37,private_practice,2.5,False,Digital-Heavy,0.1001,4,Other
447,2026-01-03 17:00:00,rep_visit,8,0.25,107.0,1,7,0.14285714285714285,44.0,1,2,0.0,134.0,1,9,0.0,10.0,1,4,0.5,51.0,1,5,primary_care,high_value,TERR_36,private_practice,4.4,False,Digital-Heavy,0.2978,0,Primary
447,2026-01-03 17:00:00,phone_call,8,0.25,107.0,1,7,0.14285714285714285,44.0,1,2,0.0,134.0,1,9,0.0,10.0,1,4,0.5,51.0,1,5,primary_care,high_value,TERR_36,private_practice,4.4,False,Digital-Heavy,0.2259,1,Secondary
447,2026-01-03 17:00:00,webinar,8,0.25,107.0,1,7,0.14285714285714285,44.0,1,2,0.0,134.0,1,9,0.0,10.0,1,4,0.5,51.0,1,5,primary_care,high_value,TERR_36,private_practice,4.4,False,Digital-Heavy,0.2252,2,Supporting
447,2026-01-03 17:00:00,email,8,0.25,107.0,1,7,0.14285714285714285,44.0,1,2,0.0,134.0,1,9,0.0,10.0,1,4,0.5,51.0,1,5,primary_care,high_value,TERR_36,private_practice,4.4,False,Digital-Heavy,0.2072,3,Other
447,2026-01-03 17:00:00,digital_ad,8,0.25,107.0,1,7,0.14285714285714285,44.0,1,2,0.0,134.0,1,9,0.0,10.0,1,4,0.5,51.0,1,5,primary_care,high_value,TERR_36,private_practice,4.4,False,Digital-Heavy,0.0932,4,Other
448,2026-01-03 17:00:00,rep_visit,4,0.5,149.0,1,4,0.0,38.0,1,1,0.0,88.0,1,5,0.4,59.0,1,2,0.0,136.0,1,5,dermatology,low_value,TERR_30,private_practice,2.3,False,In-Person-Heavy,0.2843,0,Primary
448,2026-01-03 17:00:00,email,4,0.5,149.0,1,4,0.0,38.0,1,1,0.0,88.0,1,5,0.4,59.0,1,2,0.0,136.0,1,5,dermatology,low_value,TERR_30,private_practice,2.3,False,In-Person-Heavy,0.2717,1,Secondary
448,2026-01-03 17:00:00,webinar,4,0.5,149.0,1,4,0.0,38.0,1,1,0.0,88.0,1,5,0.4,59.0,1,2,0.0,136.0,1,5,dermatology,low_value,TERR_30,private_practice,2.3,False,In-Person-Heavy,0.2331,2,Supporting
448,2026-01-03 17:00:00,phone_call,4,0.5,149.0,1,4,0.0,38.0,1,1,0.0,88.0,1,5,0.4,59.0,1,2,0.0,136.0,1,5,dermatology,low_value,TERR_30,private_practice,2.3,False,In-Person-Heavy,0.2092,3,Other
448,2026-01-03 17:00:00,digital_ad,4,0.5,149.0,1,4,0.0,38.0,1,1,0.0,88.0,1,5,0.4,59.0,1,2,0.0,136.0,1,5,dermatology,low_value,TERR_30,private_practice,2.3,False,In-Person-Heavy,0.1165,4,Other
449,2026-01-03 17:00:00,rep_visit,5,0.2,23.0,1,3,0.6666666666666666,108.0,1,2,0.0,94.0,1,3,0.0,18.0,1,4,0.75,162.0,1,5,oncology,low_value,TERR_23,hospital,5.0,False,In-Person-Heavy,0.3543,0,Primary
449,2026-01-03 17:00:00,phone_call,5,0.2,23.0,1,3,0.6666666666666666,108.0,1,2,0.0,94.0,1,3,0.0,18.0,1,4,0.75,162.0,1,5,oncology,low_value,TERR_23,hospital,5.0,False,In-Person-Heavy,0.3187,1,Secondary
449,2026-01-03 17:00:00,webinar,5,0.2,23.0,1,3,0.6666666666666666,108.0,1,2,0.0,94.0,1,3,0.0,18.0,1,4,0.75,162.0,1,5,oncology,low_value,TERR_23,hospital,5.0,False,In-Person-Heavy,0.3015,2,Supporting
449,2026-01-03 17:00:00,email,5,0.2,23.0,1,3,0.6666666666666666,108.0,1,2,0.0,94.0,1,3,0.0,18.0,1,4,0.75,162.0,1,5,oncology,low_value,TERR_23,hospital,5.0,False,In-Person-Heavy,0.2051,3,Other
449,2026-01-03 17:00:00,digital_ad,5,0.2,23.0,1,3,0.6666666666666666,108.0,1,2,0.0,94.0,1,3,0.0,18.0,1,4,0.75,162.0,1,5,oncology,low_value,TERR_23,hospital,5.0,False,In-Person-Heavy,0.1034,4,Other
450,2026-01-03 17:00:00,rep_visit,2,0.0,122.0,1,6,0.3333333333333333,71.0,1,7,0.5714285714285714,67.0,1,1,0.0,9.0,1,11,0.2727272727272727,1.0,1,5,cardiology,medium_value,TERR_36,hospital,3.5,False,Digital-Heavy,0.3339,0,Primary
450,2026-01-03 17:00:00,phone_call,2,0.0,122.0,1,6,0.3333333333333333,71.0,1,7,0.5714285714285714,67.0,1,1,0.0,9.0,1,11,0.2727272727272727,1.0,1,5,cardiology,medium_value,TERR_36,hospital,3.5,False,Digital-Heavy,0.1795,1,Secondary
450,2026-01-03 17:00:00,webinar,2,0.0,122.0,1,6,0.3333333333333333,71.0,1,7,0.5714285714285714,67.0,1,1,0.0,9.0,1,11,0.2727272727272727,1.0,1,5,cardiology,medium_value,TERR_36,hospital,3.5,False,Digital-Heavy,0.1752,2,Supporting
450,2026-01-03 17:00:00,email,2,0.0,122.0,1,6,0.3333333333333333,71.0,1,7,0.5714285714285714,67.0,1,1,0.0,9.0,1,11,0.2727272727272727,1.0,1,5,cardiology,medium_value,TERR_36,hospital,3.5,False,Digital-Heavy,0.1421,3,Other
450,2026-01-03 17:00:00,digital_ad,2,0.0,122.0,1,6,0.3333333333333333,71.0,1,7,0.5714285714285714,67.0,1,1,0.0,9.0,1,11,0.2727272727272727,1.0,1,5,cardiology,medium_value,TERR_36,hospital,3.5,False,Digital-Heavy,0.1037,4,Other
451,2026-01-03 17:00:00,rep_visit,11,0.18181818181818182,10.0,1,7,0.0,4.0,1,1,0.0,317.0,1,3,0.3333333333333333,16.0,1,1,1.0,33.0,1,5,oncology,low_value,TERR_29,hospital,1.4,False,Digital-Heavy,0.1797,0,Primary
451,2026-01-03 17:00:00,phone_call,11,0.18181818181818182,10.0,1,7,0.0,4.0,1,1,0.0,317.0,1,3,0.3333333333333333,16.0,1,1,1.0,33.0,1,5,oncology,low_value,TERR_29,hospital,1.4,False,Digital-Heavy,0.1692,1,Secondary
451,2026-01-03 17:00:00,email,11,0.18181818181818182,10.0,1,7,0.0,4.0,1,1,0.0,317.0,1,3,0.3333333333333333,16.0,1,1,1.0,33.0,1,5,oncology,low_value,TERR_29,hospital,1.4,False,Digital-Heavy,0.1468,2,Supporting
451,2026-01-03 17:00:00,webinar,11,0.18181818181818182,10.0,1,7,0.0,4.0,1,1,0.0,317.0,1,3,0.3333333333333333,16.0,1,1,1.0,33.0,1,5,oncology,low_value,TERR_29,hospital,1.4,False,Digital-Heavy,0.1415,3,Other
451,2026-01-03 17:00:00,digital_ad,11,0.18181818181818182,10.0,1,7,0.0,4.0,1,1,0.0,317.0,1,3,0.3333333333333333,16.0,1,1,1.0,33.0,1,5,oncology,low_value,TERR_29,hospital,1.4,False,Digital-Heavy,0.1176,4,Other
452,2026-01-03 17:00:00,rep_visit,8,0.125,156.0,1,4,0.25,120.0,1,3,0.3333333333333333,65.0,1,4,0.0,73.0,1,8,0.5,54.0,1,5,endocrinology,high_value,TERR_47,private_practice,3.6,False,Digital-Heavy,0.4682,0,Primary
452,2026-01-03 17:00:00,phone_call,8,0.125,156.0,1,4,0.25,120.0,1,3,0.3333333333333333,65.0,1,4,0.0,73.0,1,8,0.5,54.0,1,5,endocrinology,high_value,TERR_47,private_practice,3.6,False,Digital-Heavy,0.3312,1,Secondary
452,2026-01-03 17:00:00,webinar,8,0.125,156.0,1,4,0.25,120.0,1,3,0.3333333333333333,65.0,1,4,0.0,73.0,1,8,0.5,54.0,1,5,endocrinology,high_value,TERR_47,private_practice,3.6,False,Digital-Heavy,0.2945,2,Supporting
452,2026-01-03 17:00:00,email,8,0.125,156.0,1,4,0.25,120.0,1,3,0.3333333333333333,65.0,1,4,0.0,73.0,1,8,0.5,54.0,1,5,endocrinology,high_value,TERR_47,private_practice,3.6,False,Digital-Heavy,0.1875,3,Other
452,2026-01-03 17:00:00,digital_ad,8,0.125,156.0,1,4,0.25,120.0,1,3,0.3333333333333333,65.0,1,4,0.0,73.0,1,8,0.5,54.0,1,5,endocrinology,high_value,TERR_47,private_practice,3.6,False,Digital-Heavy,0.0971,4,Other
453,2026-01-03 17:00:00,rep_visit,7,0.0,46.0,1,3,0.3333333333333333,122.0,1,1,0.0,186.0,1,8,0.375,19.0,1,7,0.2857142857142857,51.0,1,5,cardiology,high_value,TERR_34,private_practice,4.2,False,Digital-Heavy,0.326,0,Primary
453,2026-01-03 17:00:00,webinar,7,0.0,46.0,1,3,0.3333333333333333,122.0,1,1,0.0,186.0,1,8,0.375,19.0,1,7,0.2857142857142857,51.0,1,5,cardiology,high_value,TERR_34,private_practice,4.2,False,Digital-Heavy,0.2542,1,Secondary
453,2026-01-03 17:00:00,phone_call,7,0.0,46.0,1,3,0.3333333333333333,122.0,1,1,0.0,186.0,1,8,0.375,19.0,1,7,0.2857142857142857,51.0,1,5,cardiology,high_value,TERR_34,private_practice,4.2,False,Digital-Heavy,0.252,2,Supporting
453,2026-01-03 17:00:00,email,7,0.0,46.0,1,3,0.3333333333333333,122.0,1,1,0.0,186.0,1,8,0.375,19.0,1,7,0.2857142857142857,51.0,1,5,cardiology,high_value,TERR_34,private_practice,4.2,False,Digital-Heavy,0.1999,3,Other
453,2026-01-03 17:00:00,digital_ad,7,0.0,46.0,1,3,0.3333333333333333,122.0,1,1,0.0,186.0,1,8,0.375,19.0,1,7,0.2857142857142857,51.0,1,5,cardiology,high_value,TERR_34,private_practice,4.2,False,Digital-Heavy,0.1268,4,Other
454,2026-01-03 17:00:00,email,10,0.4,9.0,1,3,0.0,1.0,1,1,0.0,305.0,1,7,0.14285714285714285,67.0,1,3,0.0,16.0,1,5,endocrinology,medium_value,TERR_31,clinic,5.2,False,In-Person-Heavy,0.1836,0,Primary
454,2026-01-03 17:00:00,rep_visit,10,0.4,9.0,1,3,0.0,1.0,1,1,0.0,305.0,1,7,0.14285714285714285,67.0,1,3,0.0,16.0,1,5,endocrinology,medium_value,TERR_31,clinic,5.2,False,In-Person-Heavy,0.1709,1,Secondary
454,2026-01-03 17:00:00,webinar,10,0.4,9.0,1,3,0.0,1.0,1,1,0.0,305.0,1,7,0.14285714285714285,67.0,1,3,0.0,16.0,1,5,endocrinology,medium_value,TERR_31,clinic,5.2,False,In-Person-Heavy,0.1607,2,Supporting
454,2026-01-03 17:00:00,phone_call,10,0.4,9.0,1,3,0.0,1.0,1,1,0.0,305.0,1,7,0.14285714285714285,67.0,1,3,0.0,16.0,1,5,endocrinology,medium_value,TERR_31,clinic,5.2,False,In-Person-Heavy,0.1459,3,Other
454,2026-01-03 17:00:00,digital_ad,10,0.4,9.0,1,3,0.0,1.0,1,1,0.0,305.0,1,7,0.14285714285714285,67.0,1,3,0.0,16.0,1,5,endocrinology,medium_value,TERR_31,clinic,5.2,False,In-Person-Heavy,0.0993,4,Other
455,2026-01-03 17:00:00,rep_visit,2,0.0,199.0,1,2,0.0,8.0,1,10,0.4,44.0,1,1,0.0,331.0,1,3,0.0,52.0,1,5,primary_care,low_value,TERR_11,private_practice,2.8,False,Mixed,0.4456,0,Primary
455,2026-01-03 17:00:00,webinar,2,0.0,199.0,1,2,0.0,8.0,1,10,0.4,44.0,1,1,0.0,331.0,1,3,0.0,52.0,1,5,primary_care,low_value,TERR_11,private_practice,2.8,False,Mixed,0.2433,1,Secondary
455,2026-01-03 17:00:00,phone_call,2,0.0,199.0,1,2,0.0,8.0,1,10,0.4,44.0,1,1,0.0,331.0,1,3,0.0,52.0,1,5,primary_care,low_value,TERR_11,private_practice,2.8,False,Mixed,0.2291,2,Supporting
455,2026-01-03 17:00:00,email,2,0.0,199.0,1,2,0.0,8.0,1,10,0.4,44.0,1,1,0.0,331.0,1,3,0.0,52.0,1,5,primary_care,low_value,TERR_11,private_practice,2.8,False,Mixed,0.1675,3,Other
455,2026-01-03 17:00:00,digital_ad,2,0.0,199.0,1,2,0.0,8.0,1,10,0.4,44.0,1,1,0.0,331.0,1,3,0.0,52.0,1,5,primary_care,low_value,TERR_11,private_practice,2.8,False,Mixed,0.1115,4,Other
456,2026-01-03 17:00:00,webinar,6,0.3333333333333333,145.0,1,4,0.5,214.0,1,2,0.0,47.0,1,9,0.1111111111111111,18.0,1,3,0.0,191.0,1,5,endocrinology,high_value,TERR_43,private_practice,2.1,False,Digital-Heavy,0.3259,0,Primary
456,2026-01-03 17:00:00,phone_call,6,0.3333333333333333,145.0,1,4,0.5,214.0,1,2,0.0,47.0,1,9,0.1111111111111111,18.0,1,3,0.0,191.0,1,5,endocrinology,high_value,TERR_43,private_practice,2.1,False,Digital-Heavy,0.3191,1,Secondary
456,2026-01-03 17:00:00,email,6,0.3333333333333333,145.0,1,4,0.5,214.0,1,2,0.0,47.0,1,9,0.1111111111111111,18.0,1,3,0.0,191.0,1,5,endocrinology,high_value,TERR_43,private_practice,2.1,False,Digital-Heavy,0.3117,2,Supporting
456,2026-01-03 17:00:00,rep_visit,6,0.3333333333333333,145.0,1,4,0.5,214.0,1,2,0.0,47.0,1,9,0.1111111111111111,18.0,1,3,0.0,191.0,1,5,endocrinology,high_value,TERR_43,private_practice,2.1,False,Digital-Heavy,0.3111,3,Other
456,2026-01-03 17:00:00,digital_ad,6,0.3333333333333333,145.0,1,4,0.5,214.0,1,2,0.0,47.0,1,9,0.1111111111111111,18.0,1,3,0.0,191.0,1,5,endocrinology,high_value,TERR_43,private_practice,2.1,False,Digital-Heavy,0.1465,4,Other
457,2026-01-03 17:00:00,rep_visit,7,0.0,11.0,1,4,0.5,33.0,1,14,0.7142857142857143,4.0,1,2,0.5,295.0,1,6,0.16666666666666666,92.0,1,5,oncology,high_value,TERR_42,hospital,2.7,False,Digital-Heavy,0.3751,0,Primary
457,2026-01-03 17:00:00,webinar,7,0.0,11.0,1,4,0.5,33.0,1,14,0.7142857142857143,4.0,1,2,0.5,295.0,1,6,0.16666666666666666,92.0,1,5,oncology,high_value,TERR_42,hospital,2.7,False,Digital-Heavy,0.2217,1,Secondary
457,2026-01-03 17:00:00,phone_call,7,0.0,11.0,1,4,0.5,33.0,1,14,0.7142857142857143,4.0,1,2,0.5,295.0,1,6,0.16666666666666666,92.0,1,5,oncology,high_value,TERR_42,hospital,2.7,False,Digital-Heavy,0.2098,2,Supporting
457,2026-01-03 17:00:00,email,7,0.0,11.0,1,4,0.5,33.0,1,14,0.7142857142857143,4.0,1,2,0.5,295.0,1,6,0.16666666666666666,92.0,1,5,oncology,high_value,TERR_42,hospital,2.7,False,Digital-Heavy,0.1478,3,Other
457,2026-01-03 17:00:00,digital_ad,7,0.0,11.0,1,4,0.5,33.0,1,14,0.7142857142857143,4.0,1,2,0.5,295.0,1,6,0.16666666666666666,92.0,1,5,oncology,high_value,TERR_42,hospital,2.7,False,Digital-Heavy,0.11,4,Other
458,2026-01-03 17:00:00,rep_visit,0,0.0,,0,3,0.3333333333333333,45.0,1,5,0.6,101.0,1,4,0.25,72.0,1,5,0.2,256.0,1,4,oncology,low_value,TERR_37,hospital,0.5,False,Digital-Heavy,0.6707,0,Primary
458,2026-01-03 17:00:00,phone_call,0,0.0,,0,3,0.3333333333333333,45.0,1,5,0.6,101.0,1,4,0.25,72.0,1,5,0.2,256.0,1,4,oncology,low_value,TERR_37,hospital,0.5,False,Digital-Heavy,0.4162,1,Secondary
458,2026-01-03 17:00:00,webinar,0,0.0,,0,3,0.3333333333333333,45.0,1,5,0.6,101.0,1,4,0.25,72.0,1,5,0.2,256.0,1,4,oncology,low_value,TERR_37,hospital,0.5,False,Digital-Heavy,0.4122,2,Supporting
458,2026-01-03 17:00:00,email,0,0.0,,0,3,0.3333333333333333,45.0,1,5,0.6,101.0,1,4,0.25,72.0,1,5,0.2,256.0,1,4,oncology,low_value,TERR_37,hospital,0.5,False,Digital-Heavy,0.2704,3,Other
458,2026-01-03 17:00:00,digital_ad,0,0.0,,0,3,0.3333333333333333,45.0,1,5,0.6,101.0,1,4,0.25,72.0,1,5,0.2,256.0,1,4,oncology,low_value,TERR_37,hospital,0.5,False,Digital-Heavy,0.1745,4,Other
459,2026-01-03 17:00:00,rep_visit,6,0.0,25.0,1,3,0.0,87.0,1,9,0.8888888888888888,45.0,1,3,0.0,239.0,1,8,0.375,36.0,1,5,endocrinology,high_value,TERR_17,hospital,3.1,False,Mixed,0.6266,0,Primary
459,2026-01-03 17:00:00,phone_call,6,0.0,25.0,1,3,0.0,87.0,1,9,0.8888888888888888,45.0,1,3,0.0,239.0,1,8,0.375,36.0,1,5,endocrinology,high_value,TERR_17,hospital,3.1,False,Mixed,0.3131,1,Secondary
459,2026-01-03 17:00:00,webinar,6,0.0,25.0,1,3,0.0,87.0,1,9,0.8888888888888888,45.0,1,3,0.0,239.0,1,8,0.375,36.0,1,5,endocrinology,high_value,TERR_17,hospital,3.1,False,Mixed,0.2737,2,Supporting
459,2026-01-03 17:00:00,email,6,0.0,25.0,1,3,0.0,87.0,1,9,0.8888888888888888,45.0,1,3,0.0,239.0,1,8,0.375,36.0,1,5,endocrinology,high_value,TERR_17,hospital,3.1,False,Mixed,0.1817,3,Other
459,2026-01-03 17:00:00,digital_ad,6,0.0,25.0,1,3,0.0,87.0,1,9,0.8888888888888888,45.0,1,3,0.0,239.0,1,8,0.375,36.0,1,5,endocrinology,high_value,TERR_17,hospital,3.1,False,Mixed,0.0988,4,Other
460,2026-01-03 17:00:00,rep_visit,1,0.0,198.0,1,3,0.3333333333333333,23.0,1,2,0.5,121.0,1,0,0.0,,0,6,0.5,115.0,1,4,endocrinology,medium_value,TERR_13,hospital,1.6,False,Mixed,0.6714,0,Primary
460,2026-01-03 17:00:00,webinar,1,0.0,198.0,1,3,0.3333333333333333,23.0,1,2,0.5,121.0,1,0,0.0,,0,6,0.5,115.0,1,4,endocrinology,medium_value,TERR_13,hospital,1.6,False,Mixed,0.3366,1,Secondary
460,2026-01-03 17:00:00,phone_call,1,0.0,198.0,1,3,0.3333333333333333,23.0,1,2,0.5,121.0,1,0,0.0,,0,6,0.5,115.0,1,4,endocrinology,medium_value,TERR_13,hospital,1.6,False,Mixed,0.333,2,Supporting
460,2026-01-03 17:00:00,email,1,0.0,198.0,1,3,0.3333333333333333,23.0,1,2,0.5,121.0,1,0,0.0,,0,6,0.5,115.0,1,4,endocrinology,medium_value,TERR_13,hospital,1.6,False,Mixed,0.1919,3,Other
460,2026-01-03 17:00:00,digital_ad,1,0.0,198.0,1,3,0.3333333333333333,23.0,1,2,0.5,121.0,1,0,0.0,,0,6,0.5,115.0,1,4,endocrinology,medium_value,TERR_13,hospital,1.6,False,Mixed,0.1514,4,Other
461,2026-01-03 17:00:00,rep_visit,2,1.0,23.0,1,8,0.0,58.0,1,11,0.7272727272727273,51.0,1,3,0.0,114.0,1,7,0.14285714285714285,29.0,1,5,dermatology,medium_value,TERR_32,clinic,0.5,False,Mixed,0.6241,0,Primary
461,2026-01-03 17:00:00,webinar,2,1.0,23.0,1,8,0.0,58.0,1,11,0.7272727272727273,51.0,1,3,0.0,114.0,1,7,0.14285714285714285,29.0,1,5,dermatology,medium_value,TERR_32,clinic,0.5,False,Mixed,0.2668,1,Secondary
461,2026-01-03 17:00:00,phone_call,2,1.0,23.0,1,8,0.0,58.0,1,11,0.7272727272727273,51.0,1,3,0.0,114.0,1,7,0.14285714285714285,29.0,1,5,dermatology,medium_value,TERR_32,clinic,0.5,False,Mixed,0.2648,2,Supporting
461,2026-01-03 17:00:00,email,2,1.0,23.0,1,8,0.0,58.0,1,11,0.7272727272727273,51.0,1,3,0.0,114.0,1,7,0.14285714285714285,29.0,1,5,dermatology,medium_value,TERR_32,clinic,0.5,False,Mixed,0.2009,3,Other
461,2026-01-03 17:00:00,digital_ad,2,1.0,23.0,1,8,0.0,58.0,1,11,0.7272727272727273,51.0,1,3,0.0,114.0,1,7,0.14285714285714285,29.0,1,5,dermatology,medium_value,TERR_32,clinic,0.5,False,Mixed,0.1003,4,Other
462,2026-01-03 17:00:00,rep_visit,4,0.25,155.0,1,2,0.5,58.0,1,5,0.0,95.0,1,3,0.0,191.0,1,7,0.2857142857142857,33.0,1,5,cardiology,low_value,TERR_44,private_practice,2.0,False,Digital-Heavy,0.372,0,Primary
462,2026-01-03 17:00:00,phone_call,4,0.25,155.0,1,2,0.5,58.0,1,5,0.0,95.0,1,3,0.0,191.0,1,7,0.2857142857142857,33.0,1,5,cardiology,low_value,TERR_44,private_practice,2.0,False,Digital-Heavy,0.3289,1,Secondary
462,2026-01-03 17:00:00,webinar,4,0.25,155.0,1,2,0.5,58.0,1,5,0.0,95.0,1,3,0.0,191.0,1,7,0.2857142857142857,33.0,1,5,cardiology,low_value,TERR_44,private_practice,2.0,False,Digital-Heavy,0.307,2,Supporting
462,2026-01-03 17:00:00,email,4,0.25,155.0,1,2,0.5,58.0,1,5,0.0,95.0,1,3,0.0,191.0,1,7,0.2857142857142857,33.0,1,5,cardiology,low_value,TERR_44,private_practice,2.0,False,Digital-Heavy,0.1934,3,Other
462,2026-01-03 17:00:00,digital_ad,4,0.25,155.0,1,2,0.5,58.0,1,5,0.0,95.0,1,3,0.0,191.0,1,7,0.2857142857142857,33.0,1,5,cardiology,low_value,TERR_44,private_practice,2.0,False,Digital-Heavy,0.1053,4,Other
463,2026-01-03 17:00:00,rep_visit,3,0.3333333333333333,5.0,1,1,0.0,331.0,1,1,1.0,295.0,1,2,0.0,149.0,1,3,0.0,32.0,1,5,endocrinology,low_value,TERR_35,hospital,3.2,False,Digital-Heavy,0.2525,0,Primary
463,2026-01-03 17:00:00,webinar,3,0.3333333333333333,5.0,1,1,0.0,331.0,1,1,1.0,295.0,1,2,0.0,149.0,1,3,0.0,32.0,1,5,endocrinology,low_value,TERR_35,hospital,3.2,False,Digital-Heavy,0.1426,1,Secondary
463,2026-01-03 17:00:00,phone_call,3,0.3333333333333333,5.0,1,1,0.0,331.0,1,1,1.0,295.0,1,2,0.0,149.0,1,3,0.0,32.0,1,5,endocrinology,low_value,TERR_35,hospital,3.2,False,Digital-Heavy,0.1416,2,Supporting
463,2026-01-03 17:00:00,email,3,0.3333333333333333,5.0,1,1,0.0,331.0,1,1,1.0,295.0,1,2,0.0,149.0,1,3,0.0,32.0,1,5,endocrinology,low_value,TERR_35,hospital,3.2,False,Digital-Heavy,0.1274,3,Other
463,2026-01-03 17:00:00,digital_ad,3,0.3333333333333333,5.0,1,1,0.0,331.0,1,1,1.0,295.0,1,2,0.0,149.0,1,3,0.0,32.0,1,5,endocrinology,low_value,TERR_35,hospital,3.2,False,Digital-Heavy,0.095,4,Other
464,2026-01-03 17:00:00,rep_visit,6,0.3333333333333333,45.0,1,5,0.6,11.0,1,6,0.6666666666666666,26.0,1,5,0.2,82.0,1,3,0.0,68.0,1,5,oncology,high_value,TERR_17,hospital,1.0,False,Digital-Heavy,0.3386,0,Primary
464,2026-01-03 17:00:00,webinar,6,0.3333333333333333,45.0,1,5,0.6,11.0,1,6,0.6666666666666666,26.0,1,5,0.2,82.0,1,3,0.0,68.0,1,5,oncology,high_value,TERR_17,hospital,1.0,False,Digital-Heavy,0.221,1,Secondary
464,2026-01-03 17:00:00,phone_call,6,0.3333333333333333,45.0,1,5,0.6,11.0,1,6,0.6666666666666666,26.0,1,5,0.2,82.0,1,3,0.0,68.0,1,5,oncology,high_value,TERR_17,hospital,1.0,False,Digital-Heavy,0.1632,2,Supporting
464,2026-01-03 17:00:00,email,6,0.3333333333333333,45.0,1,5,0.6,11.0,1,6,0.6666666666666666,26.0,1,5,0.2,82.0,1,3,0.0,68.0,1,5,oncology,high_value,TERR_17,hospital,1.0,False,Digital-Heavy,0.122,3,Other
464,2026-01-03 17:00:00,digital_ad,6,0.3333333333333333,45.0,1,5,0.6,11.0,1,6,0.6666666666666666,26.0,1,5,0.2,82.0,1,3,0.0,68.0,1,5,oncology,high_value,TERR_17,hospital,1.0,False,Digital-Heavy,0.0928,4,Other
465,2026-01-03 17:00:00,rep_visit,3,0.3333333333333333,16.0,1,3,0.6666666666666666,120.0,1,0,0.0,,0,4,0.0,43.0,1,4,0.0,25.0,1,4,endocrinology,medium_value,TERR_39,private_practice,2.5,False,Digital-Heavy,0.4516,0,Primary
465,2026-01-03 17:00:00,webinar,3,0.3333333333333333,16.0,1,3,0.6666666666666666,120.0,1,0,0.0,,0,4,0.0,43.0,1,4,0.0,25.0,1,4,endocrinology,medium_value,TERR_39,private_practice,2.5,False,Digital-Heavy,0.2636,1,Secondary
465,2026-01-03 17:00:00,phone_call,3,0.3333333333333333,16.0,1,3,0.6666666666666666,120.0,1,0,0.0,,0,4,0.0,43.0,1,4,0.0,25.0,1,4,endocrinology,medium_value,TERR_39,private_practice,2.5,False,Digital-Heavy,0.2098,2,Supporting
465,2026-01-03 17:00:00,email,3,0.3333333333333333,16.0,1,3,0.6666666666666666,120.0,1,0,0.0,,0,4,0.0,43.0,1,4,0.0,25.0,1,4,endocrinology,medium_value,TERR_39,private_practice,2.5,False,Digital-Heavy,0.2025,3,Other
465,2026-01-03 17:00:00,digital_ad,3,0.3333333333333333,16.0,1,3,0.6666666666666666,120.0,1,0,0.0,,0,4,0.0,43.0,1,4,0.0,25.0,1,4,endocrinology,medium_value,TERR_39,private_practice,2.5,False,Digital-Heavy,0.0895,4,Other
466,2026-01-03 17:00:00,rep_visit,3,0.3333333333333333,198.0,1,2,0.5,40.0,1,4,0.25,71.0,1,3,0.0,162.0,1,6,0.3333333333333333,3.0,1,5,endocrinology,medium_value,TERR_19,hospital,2.4,False,In-Person-Heavy,0.2119,0,Primary
466,2026-01-03 17:00:00,webinar,3,0.3333333333333333,198.0,1,2,0.5,40.0,1,4,0.25,71.0,1,3,0.0,162.0,1,6,0.3333333333333333,3.0,1,5,endocrinology,medium_value,TERR_19,hospital,2.4,False,In-Person-Heavy,0.135,1,Secondary
466,2026-01-03 17:00:00,phone_call,3,0.3333333333333333,198.0,1,2,0.5,40.0,1,4,0.25,71.0,1,3,0.0,162.0,1,6,0.3333333333333333,3.0,1,5,endocrinology,medium_value,TERR_19,hospital,2.4,False,In-Person-Heavy,0.1341,2,Supporting
466,2026-01-03 17:00:00,email,3,0.3333333333333333,198.0,1,2,0.5,40.0,1,4,0.25,71.0,1,3,0.0,162.0,1,6,0.3333333333333333,3.0,1,5,endocrinology,medium_value,TERR_19,hospital,2.4,False,In-Person-Heavy,0.0992,3,Other
466,2026-01-03 17:00:00,digital_ad,3,0.3333333333333333,198.0,1,2,0.5,40.0,1,4,0.25,71.0,1,3,0.0,162.0,1,6,0.3333333333333333,3.0,1,5,endocrinology,medium_value,TERR_19,hospital,2.4,False,In-Person-Heavy,0.0798,4,Other
467,2026-01-03 17:00:00,rep_visit,4,0.0,51.0,1,3,1.0,115.0,1,17,0.7058823529411765,4.0,1,1,0.0,145.0,1,10,0.4,10.0,1,5,dermatology,high_value,TERR_11,clinic,2.0,False,Mixed,0.449,0,Primary
467,2026-01-03 17:00:00,phone_call,4,0.0,51.0,1,3,1.0,115.0,1,17,0.7058823529411765,4.0,1,1,0.0,145.0,1,10,0.4,10.0,1,5,dermatology,high_value,TERR_11,clinic,2.0,False,Mixed,0.2032,1,Secondary
467,2026-01-03 17:00:00,webinar,4,0.0,51.0,1,3,1.0,115.0,1,17,0.7058823529411765,4.0,1,1,0.0,145.0,1,10,0.4,10.0,1,5,dermatology,high_value,TERR_11,clinic,2.0,False,Mixed,0.1941,2,Supporting
467,2026-01-03 17:00:00,email,4,0.0,51.0,1,3,1.0,115.0,1,17,0.7058823529411765,4.0,1,1,0.0,145.0,1,10,0.4,10.0,1,5,dermatology,high_value,TERR_11,clinic,2.0,False,Mixed,0.1309,3,Other
467,2026-01-03 17:00:00,digital_ad,4,0.0,51.0,1,3,1.0,115.0,1,17,0.7058823529411765,4.0,1,1,0.0,145.0,1,10,0.4,10.0,1,5,dermatology,high_value,TERR_11,clinic,2.0,False,Mixed,0.1033,4,Other
468,2026-01-03 17:00:00,rep_visit,13,0.46153846153846156,39.0,1,6,0.6666666666666666,78.0,1,1,0.0,186.0,1,5,0.2,18.0,1,3,0.3333333333333333,127.0,1,5,endocrinology,medium_value,TERR_41,private_practice,2.7,False,Mixed,0.3505,0,Primary
468,2026-01-03 17:00:00,email,13,0.46153846153846156,39.0,1,6,0.6666666666666666,78.0,1,1,0.0,186.0,1,5,0.2,18.0,1,3,0.3333333333333333,127.0,1,5,endocrinology,medium_value,TERR_41,private_practice,2.7,False,Mixed,0.3342,1,Secondary
468,2026-01-03 17:00:00,webinar,13,0.46153846153846156,39.0,1,6,0.6666666666666666,78.0,1,1,0.0,186.0,1,5,0.2,18.0,1,3,0.3333333333333333,127.0,1,5,endocrinology,medium_value,TERR_41,private_practice,2.7,False,Mixed,0.3322,2,Supporting
468,2026-01-03 17:00:00,phone_call,13,0.46153846153846156,39.0,1,6,0.6666666666666666,78.0,1,1,0.0,186.0,1,5,0.2,18.0,1,3,0.3333333333333333,127.0,1,5,endocrinology,medium_value,TERR_41,private_practice,2.7,False,Mixed,0.3232,3,Other
468,2026-01-03 17:00:00,digital_ad,13,0.46153846153846156,39.0,1,6,0.6666666666666666,78.0,1,1,0.0,186.0,1,5,0.2,18.0,1,3,0.3333333333333333,127.0,1,5,endocrinology,medium_value,TERR_41,private_practice,2.7,False,Mixed,0.1372,4,Other
469,2026-01-03 17:00:00,rep_visit,6,0.16666666666666666,29.0,1,5,0.2,2.0,1,11,0.8181818181818182,39.0,1,3,0.0,18.0,1,9,0.1111111111111111,87.0,1,5,oncology,medium_value,TERR_44,private_practice,5.3,False,Mixed,0.3561,0,Primary
469,2026-01-03 17:00:00,webinar,6,0.16666666666666666,29.0,1,5,0.2,2.0,1,11,0.8181818181818182,39.0,1,3,0.0,18.0,1,9,0.1111111111111111,87.0,1,5,oncology,medium_value,TERR_44,private_practice,5.3,False,Mixed,0.2149,1,Secondary
469,2026-01-03 17:00:00,phone_call,6,0.16666666666666666,29.0,1,5,0.2,2.0,1,11,0.8181818181818182,39.0,1,3,0.0,18.0,1,9,0.1111111111111111,87.0,1,5,oncology,medium_value,TERR_44,private_practice,5.3,False,Mixed,0.2002,2,Supporting
469,2026-01-03 17:00:00,email,6,0.16666666666666666,29.0,1,5,0.2,2.0,1,11,0.8181818181818182,39.0,1,3,0.0,18.0,1,9,0.1111111111111111,87.0,1,5,oncology,medium_value,TERR_44,private_practice,5.3,False,Mixed,0.1746,3,Other
469,2026-01-03 17:00:00,digital_ad,6,0.16666666666666666,29.0,1,5,0.2,2.0,1,11,0.8181818181818182,39.0,1,3,0.0,18.0,1,9,0.1111111111111111,87.0,1,5,oncology,medium_value,TERR_44,private_practice,5.3,False,Mixed,0.0986,4,Other
470,2026-01-03 17:00:00,rep_visit,5,0.0,51.0,1,2,0.5,148.0,1,1,1.0,86.0,1,6,0.16666666666666666,18.0,1,2,0.0,11.0,1,5,oncology,low_value,TERR_24,hospital,2.8,False,Digital-Heavy,0.439,0,Primary
470,2026-01-03 17:00:00,webinar,5,0.0,51.0,1,2,0.5,148.0,1,1,1.0,86.0,1,6,0.16666666666666666,18.0,1,2,0.0,11.0,1,5,oncology,low_value,TERR_24,hospital,2.8,False,Digital-Heavy,0.2498,1,Secondary
470,2026-01-03 17:00:00,phone_call,5,0.0,51.0,1,2,0.5,148.0,1,1,1.0,86.0,1,6,0.16666666666666666,18.0,1,2,0.0,11.0,1,5,oncology,low_value,TERR_24,hospital,2.8,False,Digital-Heavy,0.225,2,Supporting
470,2026-01-03 17:00:00,email,5,0.0,51.0,1,2,0.5,148.0,1,1,1.0,86.0,1,6,0.16666666666666666,18.0,1,2,0.0,11.0,1,5,oncology,low_value,TERR_24,hospital,2.8,False,Digital-Heavy,0.1477,3,Other
470,2026-01-03 17:00:00,digital_ad,5,0.0,51.0,1,2,0.5,148.0,1,1,1.0,86.0,1,6,0.16666666666666666,18.0,1,2,0.0,11.0,1,5,oncology,low_value,TERR_24,hospital,2.8,False,Digital-Heavy,0.0935,4,Other
471,2026-01-03 17:00:00,rep_visit,1,0.0,89.0,1,0,0.0,,0,5,0.6,9.0,1,0,0.0,,0,6,0.6666666666666666,158.0,1,3,cardiology,low_value,TERR_14,hospital,4.4,False,In-Person-Heavy,0.7027,0,Primary
471,2026-01-03 17:00:00,phone_call,1,0.0,89.0,1,0,0.0,,0,5,0.6,9.0,1,0,0.0,,0,6,0.6666666666666666,158.0,1,3,cardiology,low_value,TERR_14,hospital,4.4,False,In-Person-Heavy,0.4913,1,Secondary
471,2026-01-03 17:00:00,webinar,1,0.0,89.0,1,0,0.0,,0,5,0.6,9.0,1,0,0.0,,0,6,0.6666666666666666,158.0,1,3,cardiology,low_value,TERR_14,hospital,4.4,False,In-Person-Heavy,0.4092,2,Supporting
471,2026-01-03 17:00:00,email,1,0.0,89.0,1,0,0.0,,0,5,0.6,9.0,1,0,0.0,,0,6,0.6666666666666666,158.0,1,3,cardiology,low_value,TERR_14,hospital,4.4,False,In-Person-Heavy,0.2152,3,Other
471,2026-01-03 17:00:00,digital_ad,1,0.0,89.0,1,0,0.0,,0,5,0.6,9.0,1,0,0.0,,0,6,0.6666666666666666,158.0,1,3,cardiology,low_value,TERR_14,hospital,4.4,False,In-Person-Heavy,0.1429,4,Other
472,2026-01-03 17:00:00,rep_visit,0,0.0,,0,2,1.0,128.0,1,0,0.0,,0,5,0.0,26.0,1,0,0.0,,0,2,oncology,low_value,TERR_47,hospital,3.1,True,Digital-Heavy,0.5596,0,Primary
472,2026-01-03 17:00:00,webinar,0,0.0,,0,2,1.0,128.0,1,0,0.0,,0,5,0.0,26.0,1,0,0.0,,0,2,oncology,low_value,TERR_47,hospital,3.1,True,Digital-Heavy,0.4768,1,Secondary
472,2026-01-03 17:00:00,phone_call,0,0.0,,0,2,1.0,128.0,1,0,0.0,,0,5,0.0,26.0,1,0,0.0,,0,2,oncology,low_value,TERR_47,hospital,3.1,True,Digital-Heavy,0.3511,2,Supporting
472,2026-01-03 17:00:00,email,0,0.0,,0,2,1.0,128.0,1,0,0.0,,0,5,0.0,26.0,1,0,0.0,,0,2,oncology,low_value,TERR_47,hospital,3.1,True,Digital-Heavy,0.2378,3,Other
472,2026-01-03 17:00:00,digital_ad,0,0.0,,0,2,1.0,128.0,1,0,0.0,,0,5,0.0,26.0,1,0,0.0,,0,2,oncology,low_value,TERR_47,hospital,3.1,True,Digital-Heavy,0.1276,4,Other
473,2026-01-03 17:00:00,rep_visit,0,0.0,,0,1,0.0,96.0,1,4,0.5,2.0,1,1,0.0,260.0,1,0,0.0,,0,3,dermatology,low_value,TERR_08,private_practice,0.5,True,Digital-Heavy,0.2668,0,Primary
473,2026-01-03 17:00:00,phone_call,0,0.0,,0,1,0.0,96.0,1,4,0.5,2.0,1,1,0.0,260.0,1,0,0.0,,0,3,dermatology,low_value,TERR_08,private_practice,0.5,True,Digital-Heavy,0.1636,1,Secondary
473,2026-01-03 17:00:00,email,0,0.0,,0,1,0.0,96.0,1,4,0.5,2.0,1,1,0.0,260.0,1,0,0.0,,0,3,dermatology,low_value,TERR_08,private_practice,0.5,True,Digital-Heavy,0.1557,2,Supporting
473,2026-01-03 17:00:00,webinar,0,0.0,,0,1,0.0,96.0,1,4,0.5,2.0,1,1,0.0,260.0,1,0,0.0,,0,3,dermatology,low_value,TERR_08,private_practice,0.5,True,Digital-Heavy,0.1424,3,Other
473,2026-01-03 17:00:00,digital_ad,0,0.0,,0,1,0.0,96.0,1,4,0.5,2.0,1,1,0.0,260.0,1,0,0.0,,0,3,dermatology,low_value,TERR_08,private_practice,0.5,True,Digital-Heavy,0.0988,4,Other
474,2026-01-03 17:00:00,rep_visit,11,0.0,31.0,1,2,0.5,12.0,1,1,0.0,113.0,1,14,0.21428571428571427,47.0,1,4,0.5,22.0,1,5,cardiology,high_value,TERR_46,private_practice,4.2,False,Mixed,0.2618,0,Primary
474,2026-01-03 17:00:00,phone_call,11,0.0,31.0,1,2,0.5,12.0,1,1,0.0,113.0,1,14,0.21428571428571427,47.0,1,4,0.5,22.0,1,5,cardiology,high_value,TERR_46,private_practice,4.2,False,Mixed,0.2051,1,Secondary
474,2026-01-03 17:00:00,webinar,11,0.0,31.0,1,2,0.5,12.0,1,1,0.0,113.0,1,14,0.21428571428571427,47.0,1,4,0.5,22.0,1,5,cardiology,high_value,TERR_46,private_practice,4.2,False,Mixed,0.2042,2,Supporting
474,2026-01-03 17:00:00,email,11,0.0,31.0,1,2,0.5,12.0,1,1,0.0,113.0,1,14,0.21428571428571427,47.0,1,4,0.5,22.0,1,5,cardiology,high_value,TERR_46,private_practice,4.2,False,Mixed,0.1425,3,Other
474,2026-01-03 17:00:00,digital_ad,11,0.0,31.0,1,2,0.5,12.0,1,1,0.0,113.0,1,14,0.21428571428571427,47.0,1,4,0.5,22.0,1,5,cardiology,high_value,TERR_46,private_practice,4.2,False,Mixed,0.0973,4,Other
475,2026-01-03 17:00:00,rep_visit,4,0.25,15.0,1,1,1.0,94.0,1,10,0.5,33.0,1,0,0.0,,0,10,0.6,38.0,1,4,oncology,high_value,TERR_42,hospital,4.2,False,Digital-Heavy,0.7363,0,Primary
475,2026-01-03 17:00:00,phone_call,4,0.25,15.0,1,1,1.0,94.0,1,10,0.5,33.0,1,0,0.0,,0,10,0.6,38.0,1,4,oncology,high_value,TERR_42,hospital,4.2,False,Digital-Heavy,0.514,1,Secondary
475,2026-01-03 17:00:00,webinar,4,0.25,15.0,1,1,1.0,94.0,1,10,0.5,33.0,1,0,0.0,,0,10,0.6,38.0,1,4,oncology,high_value,TERR_42,hospital,4.2,False,Digital-Heavy,0.4457,2,Supporting
475,2026-01-03 17:00:00,email,4,0.25,15.0,1,1,1.0,94.0,1,10,0.5,33.0,1,0,0.0,,0,10,0.6,38.0,1,4,oncology,high_value,TERR_42,hospital,4.2,False,Digital-Heavy,0.2763,3,Other
475,2026-01-03 17:00:00,digital_ad,4,0.25,15.0,1,1,1.0,94.0,1,10,0.5,33.0,1,0,0.0,,0,10,0.6,38.0,1,4,oncology,high_value,TERR_42,hospital,4.2,False,Digital-Heavy,0.1507,4,Other
476,2026-01-03 17:00:00,rep_visit,10,0.5,26.0,1,3,0.0,120.0,1,2,0.5,256.0,1,8,0.0,85.0,1,6,0.0,95.0,1,5,endocrinology,high_value,TERR_30,hospital,4.5,False,In-Person-Heavy,0.28,0,Primary
476,2026-01-03 17:00:00,email,10,0.5,26.0,1,3,0.0,120.0,1,2,0.5,256.0,1,8,0.0,85.0,1,6,0.0,95.0,1,5,endocrinology,high_value,TERR_30,hospital,4.5,False,In-Person-Heavy,0.266,1,Secondary
476,2026-01-03 17:00:00,webinar,10,0.5,26.0,1,3,0.0,120.0,1,2,0.5,256.0,1,8,0.0,85.0,1,6,0.0,95.0,1,5,endocrinology,high_value,TERR_30,hospital,4.5,False,In-Person-Heavy,0.2079,2,Supporting
476,2026-01-03 17:00:00,phone_call,10,0.5,26.0,1,3,0.0,120.0,1,2,0.5,256.0,1,8,0.0,85.0,1,6,0.0,95.0,1,5,endocrinology,high_value,TERR_30,hospital,4.5,False,In-Person-Heavy,0.1963,3,Other
476,2026-01-03 17:00:00,digital_ad,10,0.5,26.0,1,3,0.0,120.0,1,2,0.5,256.0,1,8,0.0,85.0,1,6,0.0,95.0,1,5,endocrinology,high_value,TERR_30,hospital,4.5,False,In-Person-Heavy,0.1112,4,Other
477,2026-01-03 17:00:00,rep_visit,2,0.5,235.0,1,3,0.3333333333333333,52.0,1,11,0.6363636363636364,18.0,1,0,0.0,,0,11,0.8181818181818182,2.0,1,4,cardiology,high_value,TERR_07,clinic,2.0,False,Digital-Heavy,0.4605,0,Primary
477,2026-01-03 17:00:00,phone_call,2,0.5,235.0,1,3,0.3333333333333333,52.0,1,11,0.6363636363636364,18.0,1,0,0.0,,0,11,0.8181818181818182,2.0,1,4,cardiology,high_value,TERR_07,clinic,2.0,False,Digital-Heavy,0.3231,1,Secondary
477,2026-01-03 17:00:00,webinar,2,0.5,235.0,1,3,0.3333333333333333,52.0,1,11,0.6363636363636364,18.0,1,0,0.0,,0,11,0.8181818181818182,2.0,1,4,cardiology,high_value,TERR_07,clinic,2.0,False,Digital-Heavy,0.2557,2,Supporting
477,2026-01-03 17:00:00,email,2,0.5,235.0,1,3,0.3333333333333333,52.0,1,11,0.6363636363636364,18.0,1,0,0.0,,0,11,0.8181818181818182,2.0,1,4,cardiology,high_value,TERR_07,clinic,2.0,False,Digital-Heavy,0.1721,3,Other
477,2026-01-03 17:00:00,digital_ad,2,0.5,235.0,1,3,0.3333333333333333,52.0,1,11,0.6363636363636364,18.0,1,0,0.0,,0,11,0.8181818181818182,2.0,1,4,cardiology,high_value,TERR_07,clinic,2.0,False,Digital-Heavy,0.1365,4,Other
478,2026-01-03 17:00:00,rep_visit,7,0.2857142857142857,44.0,1,6,0.3333333333333333,85.0,1,6,0.5,11.0,1,6,0.16666666666666666,106.0,1,9,0.2222222222222222,16.0,1,5,primary_care,high_value,TERR_15,private_practice,4.1,False,In-Person-Heavy,0.3849,0,Primary
478,2026-01-03 17:00:00,webinar,7,0.2857142857142857,44.0,1,6,0.3333333333333333,85.0,1,6,0.5,11.0,1,6,0.16666666666666666,106.0,1,9,0.2222222222222222,16.0,1,5,primary_care,high_value,TERR_15,private_practice,4.1,False,In-Person-Heavy,0.2159,1,Secondary
478,2026-01-03 17:00:00,phone_call,7,0.2857142857142857,44.0,1,6,0.3333333333333333,85.0,1,6,0.5,11.0,1,6,0.16666666666666666,106.0,1,9,0.2222222222222222,16.0,1,5,primary_care,high_value,TERR_15,private_practice,4.1,False,In-Person-Heavy,0.2076,2,Supporting
478,2026-01-03 17:00:00,email,7,0.2857142857142857,44.0,1,6,0.3333333333333333,85.0,1,6,0.5,11.0,1,6,0.16666666666666666,106.0,1,9,0.2222222222222222,16.0,1,5,primary_care,high_value,TERR_15,private_practice,4.1,False,In-Person-Heavy,0.1583,3,Other
478,2026-01-03 17:00:00,digital_ad,7,0.2857142857142857,44.0,1,6,0.3333333333333333,85.0,1,6,0.5,11.0,1,6,0.16666666666666666,106.0,1,9,0.2222222222222222,16.0,1,5,primary_care,high_value,TERR_15,private_practice,4.1,False,In-Person-Heavy,0.0832,4,Other
479,2026-01-03 17:00:00,rep_visit,8,0.125,12.0,1,4,0.0,135.0,1,1,1.0,333.0,1,14,0.07142857142857142,26.0,1,3,0.3333333333333333,101.0,1,5,dermatology,medium_value,TERR_36,clinic,2.2,False,Mixed,0.3116,0,Primary
479,2026-01-03 17:00:00,webinar,8,0.125,12.0,1,4,0.0,135.0,1,1,1.0,333.0,1,14,0.07142857142857142,26.0,1,3,0.3333333333333333,101.0,1,5,dermatology,medium_value,TERR_36,clinic,2.2,False,Mixed,0.2455,1,Secondary
479,2026-01-03 17:00:00,phone_call,8,0.125,12.0,1,4,0.0,135.0,1,1,1.0,333.0,1,14,0.07142857142857142,26.0,1,3,0.3333333333333333,101.0,1,5,dermatology,medium_value,TERR_36,clinic,2.2,False,Mixed,0.2099,2,Supporting
479,2026-01-03 17:00:00,email,8,0.125,12.0,1,4,0.0,135.0,1,1,1.0,333.0,1,14,0.07142857142857142,26.0,1,3,0.3333333333333333,101.0,1,5,dermatology,medium_value,TERR_36,clinic,2.2,False,Mixed,0.2075,3,Other
479,2026-01-03 17:00:00,digital_ad,8,0.125,12.0,1,4,0.0,135.0,1,1,1.0,333.0,1,14,0.07142857142857142,26.0,1,3,0.3333333333333333,101.0,1,5,dermatology,medium_value,TERR_36,clinic,2.2,False,Mixed,0.1473,4,Other
480,2026-01-03 17:00:00,rep_visit,9,0.2222222222222222,31.0,1,2,0.0,255.0,1,5,0.6,52.0,1,4,0.0,16.0,1,7,0.2857142857142857,4.0,1,5,oncology,high_value,TERR_34,hospital,3.9,False,Digital-Heavy,0.2349,0,Primary
480,2026-01-03 17:00:00,phone_call,9,0.2222222222222222,31.0,1,2,0.0,255.0,1,5,0.6,52.0,1,4,0.0,16.0,1,7,0.2857142857142857,4.0,1,5,oncology,high_value,TERR_34,hospital,3.9,False,Digital-Heavy,0.1432,1,Secondary
480,2026-01-03 17:00:00,webinar,9,0.2222222222222222,31.0,1,2,0.0,255.0,1,5,0.6,52.0,1,4,0.0,16.0,1,7,0.2857142857142857,4.0,1,5,oncology,high_value,TERR_34,hospital,3.9,False,Digital-Heavy,0.1382,2,Supporting
480,2026-01-03 17:00:00,email,9,0.2222222222222222,31.0,1,2,0.0,255.0,1,5,0.6,52.0,1,4,0.0,16.0,1,7,0.2857142857142857,4.0,1,5,oncology,high_value,TERR_34,hospital,3.9,False,Digital-Heavy,0.1098,3,Other
480,2026-01-03 17:00:00,digital_ad,9,0.2222222222222222,31.0,1,2,0.0,255.0,1,5,0.6,52.0,1,4,0.0,16.0,1,7,0.2857142857142857,4.0,1,5,oncology,high_value,TERR_34,hospital,3.9,False,Digital-Heavy,0.0704,4,Other
481,2026-01-03 17:00:00,rep_visit,7,0.2857142857142857,88.0,1,8,0.25,18.0,1,2,1.0,54.0,1,2,0.0,61.0,1,8,0.125,2.0,1,5,endocrinology,high_value,TERR_13,private_practice,2.9,False,Mixed,0.2895,0,Primary
481,2026-01-03 17:00:00,webinar,7,0.2857142857142857,88.0,1,8,0.25,18.0,1,2,1.0,54.0,1,2,0.0,61.0,1,8,0.125,2.0,1,5,endocrinology,high_value,TERR_13,private_practice,2.9,False,Mixed,0.1387,1,Secondary
481,2026-01-03 17:00:00,email,7,0.2857142857142857,88.0,1,8,0.25,18.0,1,2,1.0,54.0,1,2,0.0,61.0,1,8,0.125,2.0,1,5,endocrinology,high_value,TERR_13,private_practice,2.9,False,Mixed,0.1362,2,Supporting
481,2026-01-03 17:00:00,phone_call,7,0.2857142857142857,88.0,1,8,0.25,18.0,1,2,1.0,54.0,1,2,0.0,61.0,1,8,0.125,2.0,1,5,endocrinology,high_value,TERR_13,private_practice,2.9,False,Mixed,0.1326,3,Other
481,2026-01-03 17:00:00,digital_ad,7,0.2857142857142857,88.0,1,8,0.25,18.0,1,2,1.0,54.0,1,2,0.0,61.0,1,8,0.125,2.0,1,5,endocrinology,high_value,TERR_13,private_practice,2.9,False,Mixed,0.0848,4,Other
482,2026-01-03 17:00:00,rep_visit,4,0.0,95.0,1,1,0.0,289.0,1,4,1.0,2.0,1,3,0.0,75.0,1,2,0.0,236.0,1,5,oncology,low_value,TERR_38,hospital,3.9,False,Digital-Heavy,0.4002,0,Primary
482,2026-01-03 17:00:00,webinar,4,0.0,95.0,1,1,0.0,289.0,1,4,1.0,2.0,1,3,0.0,75.0,1,2,0.0,236.0,1,5,oncology,low_value,TERR_38,hospital,3.9,False,Digital-Heavy,0.2035,1,Secondary
482,2026-01-03 17:00:00,phone_call,4,0.0,95.0,1,1,0.0,289.0,1,4,1.0,2.0,1,3,0.0,75.0,1,2,0.0,236.0,1,5,oncology,low_value,TERR_38,hospital,3.9,False,Digital-Heavy,0.1984,2,Supporting
482,2026-01-03 17:00:00,email,4,0.0,95.0,1,1,0.0,289.0,1,4,1.0,2.0,1,3,0.0,75.0,1,2,0.0,236.0,1,5,oncology,low_value,TERR_38,hospital,3.9,False,Digital-Heavy,0.1503,3,Other
482,2026-01-03 17:00:00,digital_ad,4,0.0,95.0,1,1,0.0,289.0,1,4,1.0,2.0,1,3,0.0,75.0,1,2,0.0,236.0,1,5,oncology,low_value,TERR_38,hospital,3.9,False,Digital-Heavy,0.1247,4,Other
483,2026-01-03 17:00:00,rep_visit,4,0.0,38.0,1,6,0.16666666666666666,1.0,1,4,0.25,46.0,1,4,0.0,75.0,1,5,0.2,88.0,1,5,oncology,low_value,TERR_02,hospital,3.8,False,In-Person-Heavy,0.3126,0,Primary
483,2026-01-03 17:00:00,webinar,4,0.0,38.0,1,6,0.16666666666666666,1.0,1,4,0.25,46.0,1,4,0.0,75.0,1,5,0.2,88.0,1,5,oncology,low_value,TERR_02,hospital,3.8,False,In-Person-Heavy,0.1882,1,Secondary
483,2026-01-03 17:00:00,phone_call,4,0.0,38.0,1,6,0.16666666666666666,1.0,1,4,0.25,46.0,1,4,0.0,75.0,1,5,0.2,88.0,1,5,oncology,low_value,TERR_02,hospital,3.8,False,In-Person-Heavy,0.1637,2,Supporting
483,2026-01-03 17:00:00,email,4,0.0,38.0,1,6,0.16666666666666666,1.0,1,4,0.25,46.0,1,4,0.0,75.0,1,5,0.2,88.0,1,5,oncology,low_value,TERR_02,hospital,3.8,False,In-Person-Heavy,0.1378,3,Other
483,2026-01-03 17:00:00,digital_ad,4,0.0,38.0,1,6,0.16666666666666666,1.0,1,4,0.25,46.0,1,4,0.0,75.0,1,5,0.2,88.0,1,5,oncology,low_value,TERR_02,hospital,3.8,False,In-Person-Heavy,0.0827,4,Other
484,2026-01-03 17:00:00,rep_visit,10,0.1,33.0,1,6,0.6666666666666666,115.0,1,4,0.25,152.0,1,8,0.0,3.0,1,7,0.2857142857142857,10.0,1,5,oncology,medium_value,TERR_34,hospital,4.2,False,Mixed,0.2348,0,Primary
484,2026-01-03 17:00:00,phone_call,10,0.1,33.0,1,6,0.6666666666666666,115.0,1,4,0.25,152.0,1,8,0.0,3.0,1,7,0.2857142857142857,10.0,1,5,oncology,medium_value,TERR_34,hospital,4.2,False,Mixed,0.1307,1,Secondary
484,2026-01-03 17:00:00,webinar,10,0.1,33.0,1,6,0.6666666666666666,115.0,1,4,0.25,152.0,1,8,0.0,3.0,1,7,0.2857142857142857,10.0,1,5,oncology,medium_value,TERR_34,hospital,4.2,False,Mixed,0.1299,2,Supporting
484,2026-01-03 17:00:00,email,10,0.1,33.0,1,6,0.6666666666666666,115.0,1,4,0.25,152.0,1,8,0.0,3.0,1,7,0.2857142857142857,10.0,1,5,oncology,medium_value,TERR_34,hospital,4.2,False,Mixed,0.1014,3,Other
484,2026-01-03 17:00:00,digital_ad,10,0.1,33.0,1,6,0.6666666666666666,115.0,1,4,0.25,152.0,1,8,0.0,3.0,1,7,0.2857142857142857,10.0,1,5,oncology,medium_value,TERR_34,hospital,4.2,False,Mixed,0.0794,4,Other
485,2026-01-03 17:00:00,rep_visit,2,0.5,87.0,1,2,1.0,165.0,1,1,1.0,187.0,1,2,0.0,53.0,1,4,0.25,26.0,1,5,cardiology,low_value,TERR_29,clinic,1.9,False,In-Person-Heavy,0.5509,0,Primary
485,2026-01-03 17:00:00,webinar,2,0.5,87.0,1,2,1.0,165.0,1,1,1.0,187.0,1,2,0.0,53.0,1,4,0.25,26.0,1,5,cardiology,low_value,TERR_29,clinic,1.9,False,In-Person-Heavy,0.355,1,Secondary
485,2026-01-03 17:00:00,phone_call,2,0.5,87.0,1,2,1.0,165.0,1,1,1.0,187.0,1,2,0.0,53.0,1,4,0.25,26.0,1,5,cardiology,low_value,TERR_29,clinic,1.9,False,In-Person-Heavy,0.2859,2,Supporting
485,2026-01-03 17:00:00,email,2,0.5,87.0,1,2,1.0,165.0,1,1,1.0,187.0,1,2,0.0,53.0,1,4,0.25,26.0,1,5,cardiology,low_value,TERR_29,clinic,1.9,False,In-Person-Heavy,0.1831,3,Other
485,2026-01-03 17:00:00,digital_ad,2,0.5,87.0,1,2,1.0,165.0,1,1,1.0,187.0,1,2,0.0,53.0,1,4,0.25,26.0,1,5,cardiology,low_value,TERR_29,clinic,1.9,False,In-Person-Heavy,0.1051,4,Other
486,2026-01-03 17:00:00,rep_visit,4,0.0,32.0,1,2,0.0,186.0,1,1,0.0,199.0,1,6,0.0,12.0,1,1,0.0,274.0,1,5,dermatology,low_value,TERR_30,hospital,2.5,False,Mixed,0.2993,0,Primary
486,2026-01-03 17:00:00,phone_call,4,0.0,32.0,1,2,0.0,186.0,1,1,0.0,199.0,1,6,0.0,12.0,1,1,0.0,274.0,1,5,dermatology,low_value,TERR_30,hospital,2.5,False,Mixed,0.212,1,Secondary
486,2026-01-03 17:00:00,email,4,0.0,32.0,1,2,0.0,186.0,1,1,0.0,199.0,1,6,0.0,12.0,1,1,0.0,274.0,1,5,dermatology,low_value,TERR_30,hospital,2.5,False,Mixed,0.208,2,Supporting
486,2026-01-03 17:00:00,webinar,4,0.0,32.0,1,2,0.0,186.0,1,1,0.0,199.0,1,6,0.0,12.0,1,1,0.0,274.0,1,5,dermatology,low_value,TERR_30,hospital,2.5,False,Mixed,0.2045,3,Other
486,2026-01-03 17:00:00,digital_ad,4,0.0,32.0,1,2,0.0,186.0,1,1,0.0,199.0,1,6,0.0,12.0,1,1,0.0,274.0,1,5,dermatology,low_value,TERR_30,hospital,2.5,False,Mixed,0.1431,4,Other
487,2026-01-03 17:00:00,rep_visit,1,0.0,22.0,1,5,0.2,38.0,1,4,0.0,95.0,1,1,0.0,19.0,1,6,0.0,60.0,1,5,dermatology,low_value,TERR_23,private_practice,1.7,False,Digital-Heavy,0.4156,0,Primary
487,2026-01-03 17:00:00,webinar,1,0.0,22.0,1,5,0.2,38.0,1,4,0.0,95.0,1,1,0.0,19.0,1,6,0.0,60.0,1,5,dermatology,low_value,TERR_23,private_practice,1.7,False,Digital-Heavy,0.2376,1,Secondary
487,2026-01-03 17:00:00,phone_call,1,0.0,22.0,1,5,0.2,38.0,1,4,0.0,95.0,1,1,0.0,19.0,1,6,0.0,60.0,1,5,dermatology,low_value,TERR_23,private_practice,1.7,False,Digital-Heavy,0.2049,2,Supporting
487,2026-01-03 17:00:00,email,1,0.0,22.0,1,5,0.2,38.0,1,4,0.0,95.0,1,1,0.0,19.0,1,6,0.0,60.0,1,5,dermatology,low_value,TERR_23,private_practice,1.7,False,Digital-Heavy,0.1664,3,Other
487,2026-01-03 17:00:00,digital_ad,1,0.0,22.0,1,5,0.2,38.0,1,4,0.0,95.0,1,1,0.0,19.0,1,6,0.0,60.0,1,5,dermatology,low_value,TERR_23,private_practice,1.7,False,Digital-Heavy,0.089,4,Other
488,2026-01-03 17:00:00,rep_visit,0,0.0,,0,1,0.0,138.0,1,6,0.6666666666666666,58.0,1,0,0.0,,0,0,0.0,,0,2,oncology,medium_value,TERR_20,cancer_center,3.7,True,In-Person-Heavy,0.7474,0,Primary
488,2026-01-03 17:00:00,phone_call,0,0.0,,0,1,0.0,138.0,1,6,0.6666666666666666,58.0,1,0,0.0,,0,0,0.0,,0,2,oncology,medium_value,TERR_20,cancer_center,3.7,True,In-Person-Heavy,0.4477,1,Secondary
488,2026-01-03 17:00:00,webinar,0,0.0,,0,1,0.0,138.0,1,6,0.6666666666666666,58.0,1,0,0.0,,0,0,0.0,,0,2,oncology,medium_value,TERR_20,cancer_center,3.7,True,In-Person-Heavy,0.3478,2,Supporting
488,2026-01-03 17:00:00,email,0,0.0,,0,1,0.0,138.0,1,6,0.6666666666666666,58.0,1,0,0.0,,0,0,0.0,,0,2,oncology,medium_value,TERR_20,cancer_center,3.7,True,In-Person-Heavy,0.2927,3,Other
488,2026-01-03 17:00:00,digital_ad,0,0.0,,0,1,0.0,138.0,1,6,0.6666666666666666,58.0,1,0,0.0,,0,0,0.0,,0,2,oncology,medium_value,TERR_20,cancer_center,3.7,True,In-Person-Heavy,0.1485,4,Other
489,2026-01-03 17:00:00,rep_visit,12,0.25,46.0,1,3,0.0,8.0,1,2,0.5,17.0,1,9,0.0,30.0,1,4,0.0,80.0,1,5,oncology,high_value,TERR_22,hospital,1.6,False,In-Person-Heavy,0.2676,0,Primary
489,2026-01-03 17:00:00,webinar,12,0.25,46.0,1,3,0.0,8.0,1,2,0.5,17.0,1,9,0.0,30.0,1,4,0.0,80.0,1,5,oncology,high_value,TERR_22,hospital,1.6,False,In-Person-Heavy,0.1618,1,Secondary
489,2026-01-03 17:00:00,email,12,0.25,46.0,1,3,0.0,8.0,1,2,0.5,17.0,1,9,0.0,30.0,1,4,0.0,80.0,1,5,oncology,high_value,TERR_22,hospital,1.6,False,In-Person-Heavy,0.1368,2,Supporting
489,2026-01-03 17:00:00,phone_call,12,0.25,46.0,1,3,0.0,8.0,1,2,0.5,17.0,1,9,0.0,30.0,1,4,0.0,80.0,1,5,oncology,high_value,TERR_22,hospital,1.6,False,In-Person-Heavy,0.1271,3,Other
489,2026-01-03 17:00:00,digital_ad,12,0.25,46.0,1,3,0.0,8.0,1,2,0.5,17.0,1,9,0.0,30.0,1,4,0.0,80.0,1,5,oncology,high_value,TERR_22,hospital,1.6,False,In-Person-Heavy,0.0758,4,Other
490,2026-01-03 17:00:00,rep_visit,11,0.18181818181818182,36.0,1,6,0.3333333333333333,89.0,1,2,0.5,107.0,1,11,0.18181818181818182,2.0,1,3,0.0,134.0,1,5,endocrinology,high_value,TERR_18,private_practice,1.6,False,Mixed,0.2714,0,Primary
490,2026-01-03 17:00:00,webinar,11,0.18181818181818182,36.0,1,6,0.3333333333333333,89.0,1,2,0.5,107.0,1,11,0.18181818181818182,2.0,1,3,0.0,134.0,1,5,endocrinology,high_value,TERR_18,private_practice,1.6,False,Mixed,0.1877,1,Secondary
490,2026-01-03 17:00:00,email,11,0.18181818181818182,36.0,1,6,0.3333333333333333,89.0,1,2,0.5,107.0,1,11,0.18181818181818182,2.0,1,3,0.0,134.0,1,5,endocrinology,high_value,TERR_18,private_practice,1.6,False,Mixed,0.1705,2,Supporting
490,2026-01-03 17:00:00,phone_call,11,0.18181818181818182,36.0,1,6,0.3333333333333333,89.0,1,2,0.5,107.0,1,11,0.18181818181818182,2.0,1,3,0.0,134.0,1,5,endocrinology,high_value,TERR_18,private_practice,1.6,False,Mixed,0.1515,3,Other
490,2026-01-03 17:00:00,digital_ad,11,0.18181818181818182,36.0,1,6,0.3333333333333333,89.0,1,2,0.5,107.0,1,11,0.18181818181818182,2.0,1,3,0.0,134.0,1,5,endocrinology,high_value,TERR_18,private_practice,1.6,False,Mixed,0.1117,4,Other
491,2026-01-03 17:00:00,rep_visit,5,0.0,71.0,1,1,0.0,145.0,1,2,0.0,64.0,1,4,0.0,96.0,1,6,0.6666666666666666,117.0,1,5,oncology,low_value,TERR_32,hospital,1.9,False,Digital-Heavy,0.3941,0,Primary
491,2026-01-03 17:00:00,phone_call,5,0.0,71.0,1,1,0.0,145.0,1,2,0.0,64.0,1,4,0.0,96.0,1,6,0.6666666666666666,117.0,1,5,oncology,low_value,TERR_32,hospital,1.9,False,Digital-Heavy,0.3329,1,Secondary
491,2026-01-03 17:00:00,webinar,5,0.0,71.0,1,1,0.0,145.0,1,2,0.0,64.0,1,4,0.0,96.0,1,6,0.6666666666666666,117.0,1,5,oncology,low_value,TERR_32,hospital,1.9,False,Digital-Heavy,0.2536,2,Supporting
491,2026-01-03 17:00:00,email,5,0.0,71.0,1,1,0.0,145.0,1,2,0.0,64.0,1,4,0.0,96.0,1,6,0.6666666666666666,117.0,1,5,oncology,low_value,TERR_32,hospital,1.9,False,Digital-Heavy,0.1616,3,Other
491,2026-01-03 17:00:00,digital_ad,5,0.0,71.0,1,1,0.0,145.0,1,2,0.0,64.0,1,4,0.0,96.0,1,6,0.6666666666666666,117.0,1,5,oncology,low_value,TERR_32,hospital,1.9,False,Digital-Heavy,0.0995,4,Other
492,2026-01-03 17:00:00,rep_visit,3,0.0,2.0,1,4,0.75,52.0,1,8,1.0,43.0,1,6,0.16666666666666666,33.0,1,5,0.4,102.0,1,5,primary_care,high_value,TERR_41,private_practice,1.2,False,Mixed,0.343,0,Primary
492,2026-01-03 17:00:00,webinar,3,0.0,2.0,1,4,0.75,52.0,1,8,1.0,43.0,1,6,0.16666666666666666,33.0,1,5,0.4,102.0,1,5,primary_care,high_value,TERR_41,private_practice,1.2,False,Mixed,0.1859,1,Secondary
492,2026-01-03 17:00:00,phone_call,3,0.0,2.0,1,4,0.75,52.0,1,8,1.0,43.0,1,6,0.16666666666666666,33.0,1,5,0.4,102.0,1,5,primary_care,high_value,TERR_41,private_practice,1.2,False,Mixed,0.1697,2,Supporting
492,2026-01-03 17:00:00,email,3,0.0,2.0,1,4,0.75,52.0,1,8,1.0,43.0,1,6,0.16666666666666666,33.0,1,5,0.4,102.0,1,5,primary_care,high_value,TERR_41,private_practice,1.2,False,Mixed,0.1234,3,Other
492,2026-01-03 17:00:00,digital_ad,3,0.0,2.0,1,4,0.75,52.0,1,8,1.0,43.0,1,6,0.16666666666666666,33.0,1,5,0.4,102.0,1,5,primary_care,high_value,TERR_41,private_practice,1.2,False,Mixed,0.1004,4,Other
493,2026-01-03 17:00:00,rep_visit,3,0.3333333333333333,101.0,1,5,0.6,59.0,1,8,0.375,15.0,1,1,0.0,221.0,1,7,0.14285714285714285,4.0,1,5,dermatology,high_value,TERR_34,hospital,4.9,False,In-Person-Heavy,0.3427,0,Primary
493,2026-01-03 17:00:00,phone_call,3,0.3333333333333333,101.0,1,5,0.6,59.0,1,8,0.375,15.0,1,1,0.0,221.0,1,7,0.14285714285714285,4.0,1,5,dermatology,high_value,TERR_34,hospital,4.9,False,In-Person-Heavy,0.1573,1,Secondary
493,2026-01-03 17:00:00,webinar,3,0.3333333333333333,101.0,1,5,0.6,59.0,1,8,0.375,15.0,1,1,0.0,221.0,1,7,0.14285714285714285,4.0,1,5,dermatology,high_value,TERR_34,hospital,4.9,False,In-Person-Heavy,0.1501,2,Supporting
493,2026-01-03 17:00:00,email,3,0.3333333333333333,101.0,1,5,0.6,59.0,1,8,0.375,15.0,1,1,0.0,221.0,1,7,0.14285714285714285,4.0,1,5,dermatology,high_value,TERR_34,hospital,4.9,False,In-Person-Heavy,0.1011,3,Other
493,2026-01-03 17:00:00,digital_ad,3,0.3333333333333333,101.0,1,5,0.6,59.0,1,8,0.375,15.0,1,1,0.0,221.0,1,7,0.14285714285714285,4.0,1,5,dermatology,high_value,TERR_34,hospital,4.9,False,In-Person-Heavy,0.0821,4,Other
494,2026-01-03 17:00:00,rep_visit,2,0.0,71.0,1,0,0.0,,0,6,0.5,106.0,1,0,0.0,,0,5,0.4,61.0,1,3,endocrinology,low_value,TERR_13,clinic,0.5,False,Digital-Heavy,0.696,0,Primary
494,2026-01-03 17:00:00,phone_call,2,0.0,71.0,1,0,0.0,,0,6,0.5,106.0,1,0,0.0,,0,5,0.4,61.0,1,3,endocrinology,low_value,TERR_13,clinic,0.5,False,Digital-Heavy,0.3584,1,Secondary
494,2026-01-03 17:00:00,webinar,2,0.0,71.0,1,0,0.0,,0,6,0.5,106.0,1,0,0.0,,0,5,0.4,61.0,1,3,endocrinology,low_value,TERR_13,clinic,0.5,False,Digital-Heavy,0.3278,2,Supporting
494,2026-01-03 17:00:00,email,2,0.0,71.0,1,0,0.0,,0,6,0.5,106.0,1,0,0.0,,0,5,0.4,61.0,1,3,endocrinology,low_value,TERR_13,clinic,0.5,False,Digital-Heavy,0.1996,3,Other
494,2026-01-03 17:00:00,digital_ad,2,0.0,71.0,1,0,0.0,,0,6,0.5,106.0,1,0,0.0,,0,5,0.4,61.0,1,3,endocrinology,low_value,TERR_13,clinic,0.5,False,Digital-Heavy,0.1547,4,Other
495,2026-01-03 17:00:00,rep_visit,11,0.2727272727272727,17.0,1,4,0.25,5.0,1,7,0.2857142857142857,9.0,1,2,0.0,208.0,1,8,0.25,142.0,1,5,primary_care,high_value,TERR_23,private_practice,0.6,False,In-Person-Heavy,0.2422,0,Primary
495,2026-01-03 17:00:00,webinar,11,0.2727272727272727,17.0,1,4,0.25,5.0,1,7,0.2857142857142857,9.0,1,2,0.0,208.0,1,8,0.25,142.0,1,5,primary_care,high_value,TERR_23,private_practice,0.6,False,In-Person-Heavy,0.1926,1,Secondary
495,2026-01-03 17:00:00,phone_call,11,0.2727272727272727,17.0,1,4,0.25,5.0,1,7,0.2857142857142857,9.0,1,2,0.0,208.0,1,8,0.25,142.0,1,5,primary_care,high_value,TERR_23,private_practice,0.6,False,In-Person-Heavy,0.1761,2,Supporting
495,2026-01-03 17:00:00,email,11,0.2727272727272727,17.0,1,4,0.25,5.0,1,7,0.2857142857142857,9.0,1,2,0.0,208.0,1,8,0.25,142.0,1,5,primary_care,high_value,TERR_23,private_practice,0.6,False,In-Person-Heavy,0.1371,3,Other
495,2026-01-03 17:00:00,digital_ad,11,0.2727272727272727,17.0,1,4,0.25,5.0,1,7,0.2857142857142857,9.0,1,2,0.0,208.0,1,8,0.25,142.0,1,5,primary_care,high_value,TERR_23,private_practice,0.6,False,In-Person-Heavy,0.1102,4,Other
496,2026-01-03 17:00:00,rep_visit,9,0.1111111111111111,1.0,1,1,0.0,207.0,1,6,0.6666666666666666,26.0,1,2,0.0,159.0,1,6,0.0,129.0,1,5,dermatology,medium_value,TERR_10,private_practice,3.3,False,Digital-Heavy,0.2773,0,Primary
496,2026-01-03 17:00:00,webinar,9,0.1111111111111111,1.0,1,1,0.0,207.0,1,6,0.6666666666666666,26.0,1,2,0.0,159.0,1,6,0.0,129.0,1,5,dermatology,medium_value,TERR_10,private_practice,3.3,False,Digital-Heavy,0.1884,1,Secondary
496,2026-01-03 17:00:00,phone_call,9,0.1111111111111111,1.0,1,1,0.0,207.0,1,6,0.6666666666666666,26.0,1,2,0.0,159.0,1,6,0.0,129.0,1,5,dermatology,medium_value,TERR_10,private_practice,3.3,False,Digital-Heavy,0.1791,2,Supporting
496,2026-01-03 17:00:00,email,9,0.1111111111111111,1.0,1,1,0.0,207.0,1,6,0.6666666666666666,26.0,1,2,0.0,159.0,1,6,0.0,129.0,1,5,dermatology,medium_value,TERR_10,private_practice,3.3,False,Digital-Heavy,0.1484,3,Other
496,2026-01-03 17:00:00,digital_ad,9,0.1111111111111111,1.0,1,1,0.0,207.0,1,6,0.6666666666666666,26.0,1,2,0.0,159.0,1,6,0.0,129.0,1,5,dermatology,medium_value,TERR_10,private_practice,3.3,False,Digital-Heavy,0.1053,4,Other
497,2026-01-03 17:00:00,rep_visit,3,0.3333333333333333,15.0,1,3,0.0,52.0,1,2,0.0,179.0,1,2,0.0,260.0,1,4,0.5,115.0,1,5,dermatology,low_value,TERR_30,clinic,2.9,False,In-Person-Heavy,0.3447,0,Primary
497,2026-01-03 17:00:00,webinar,3,0.3333333333333333,15.0,1,3,0.0,52.0,1,2,0.0,179.0,1,2,0.0,260.0,1,4,0.5,115.0,1,5,dermatology,low_value,TERR_30,clinic,2.9,False,In-Person-Heavy,0.2637,1,Secondary
497,2026-01-03 17:00:00,phone_call,3,0.3333333333333333,15.0,1,3,0.0,52.0,1,2,0.0,179.0,1,2,0.0,260.0,1,4,0.5,115.0,1,5,dermatology,low_value,TERR_30,clinic,2.9,False,In-Person-Heavy,0.2467,2,Supporting
497,2026-01-03 17:00:00,email,3,0.3333333333333333,15.0,1,3,0.0,52.0,1,2,0.0,179.0,1,2,0.0,260.0,1,4,0.5,115.0,1,5,dermatology,low_value,TERR_30,clinic,2.9,False,In-Person-Heavy,0.1984,3,Other
497,2026-01-03 17:00:00,digital_ad,3,0.3333333333333333,15.0,1,3,0.0,52.0,1,2,0.0,179.0,1,2,0.0,260.0,1,4,0.5,115.0,1,5,dermatology,low_value,TERR_30,clinic,2.9,False,In-Person-Heavy,0.1051,4,Other
498,2026-01-03 17:00:00,rep_visit,2,0.0,17.0,1,4,0.0,10.0,1,4,1.0,32.0,1,3,0.0,165.0,1,11,0.18181818181818182,60.0,1,5,dermatology,low_value,TERR_37,private_practice,3.1,False,Mixed,0.5118,0,Primary
498,2026-01-03 17:00:00,phone_call,2,0.0,17.0,1,4,0.0,10.0,1,4,1.0,32.0,1,3,0.0,165.0,1,11,0.18181818181818182,60.0,1,5,dermatology,low_value,TERR_37,private_practice,3.1,False,Mixed,0.1876,1,Secondary
498,2026-01-03 17:00:00,webinar,2,0.0,17.0,1,4,0.0,10.0,1,4,1.0,32.0,1,3,0.0,165.0,1,11,0.18181818181818182,60.0,1,5,dermatology,low_value,TERR_37,private_practice,3.1,False,Mixed,0.1861,2,Supporting
498,2026-01-03 17:00:00,email,2,0.0,17.0,1,4,0.0,10.0,1,4,1.0,32.0,1,3,0.0,165.0,1,11,0.18181818181818182,60.0,1,5,dermatology,low_value,TERR_37,private_practice,3.1,False,Mixed,0.1467,3,Other
498,2026-01-03 17:00:00,digital_ad,2,0.0,17.0,1,4,0.0,10.0,1,4,1.0,32.0,1,3,0.0,165.0,1,11,0.18181818181818182,60.0,1,5,dermatology,low_value,TERR_37,private_practice,3.1,False,Mixed,0.0847,4,Other
499,2026-01-03 17:00:00,rep_visit,4,0.5,50.0,1,3,0.3333333333333333,32.0,1,3,0.3333333333333333,187.0,1,6,0.0,5.0,1,1,0.0,155.0,1,5,primary_care,medium_value,TERR_47,private_practice,0.5,False,In-Person-Heavy,0.2279,0,Primary
499,2026-01-03 17:00:00,email,4,0.5,50.0,1,3,0.3333333333333333,32.0,1,3,0.3333333333333333,187.0,1,6,0.0,5.0,1,1,0.0,155.0,1,5,primary_care,medium_value,TERR_47,private_practice,0.5,False,In-Person-Heavy,0.1312,1,Secondary
499,2026-01-03 17:00:00,webinar,4,0.5,50.0,1,3,0.3333333333333333,32.0,1,3,0.3333333333333333,187.0,1,6,0.0,5.0,1,1,0.0,155.0,1,5,primary_care,medium_value,TERR_47,private_practice,0.5,False,In-Person-Heavy,0.128,2,Supporting
499,2026-01-03 17:00:00,phone_call,4,0.5,50.0,1,3,0.3333333333333333,32.0,1,3,0.3333333333333333,187.0,1,6,0.0,5.0,1,1,0.0,155.0,1,5,primary_care,medium_value,TERR_47,private_practice,0.5,False,In-Person-Heavy,0.1185,3,Other
499,2026-01-03 17:00:00,digital_ad,4,0.5,50.0,1,3,0.3333333333333333,32.0,1,3,0.3333333333333333,187.0,1,6,0.0,5.0,1,1,0.0,155.0,1,5,primary_care,medium_value,TERR_47,private_practice,0.5,False,In-Person-Heavy,0.0842,4,Other
500,2026-01-03 17:00:00,rep_visit,10,0.2,82.0,1,1,0.0,215.0,1,1,1.0,122.0,1,2,0.5,89.0,1,3,0.6666666666666666,106.0,1,5,oncology,medium_value,TERR_41,cancer_center,1.2,False,In-Person-Heavy,0.4272,0,Primary
500,2026-01-03 17:00:00,webinar,10,0.2,82.0,1,1,0.0,215.0,1,1,1.0,122.0,1,2,0.5,89.0,1,3,0.6666666666666666,106.0,1,5,oncology,medium_value,TERR_41,cancer_center,1.2,False,In-Person-Heavy,0.3418,1,Secondary
500,2026-01-03 17:00:00,phone_call,10,0.2,82.0,1,1,0.0,215.0,1,1,1.0,122.0,1,2,0.5,89.0,1,3,0.6666666666666666,106.0,1,5,oncology,medium_value,TERR_41,cancer_center,1.2,False,In-Person-Heavy,0.3247,2,Supporting
500,2026-01-03 17:00:00,email,10,0.2,82.0,1,1,0.0,215.0,1,1,1.0,122.0,1,2,0.5,89.0,1,3,0.6666666666666666,106.0,1,5,oncology,medium_value,TERR_41,cancer_center,1.2,False,In-Person-Heavy,0.2303,3,Other
500,2026-01-03 17:00:00,digital_ad,10,0.2,82.0,1,1,0.0,215.0,1,1,1.0,122.0,1,2,0.5,89.0,1,3,0.6666666666666666,106.0,1,5,oncology,medium_value,TERR_41,cancer_center,1.2,False,In-Person-Heavy,0.1178,4,Other
