hcp_id,first_name,last_name,specialty,segment,territory,city,state,practice_type,account_tenure,opt_out_flag,channel_preference,interaction_count_digital_ad,interaction_count_email,interaction_count_phone_call,interaction_count_rep_visit,interaction_count_webinar,success_rate_digital_ad,success_rate_email,success_rate_phone_call,success_rate_rep_visit,success_rate_webinar,recency_days_digital_ad,recency_days_email,recency_days_phone_call,recency_days_rep_visit,recency_days_webinar,frequency_score_rep_visit,recency_score_rep_visit,success_score_rep_visit,frequency_score_phone_call,recency_score_phone_call,success_score_phone_call,frequency_score_webinar,recency_score_webinar,success_score_webinar,frequency_score_email,recency_score_email,success_score_email,frequency_score_digital_ad,recency_score_digital_ad,success_score_digital_ad,entropy_channel_score_rep_visit,entropy_channel_score_phone_call,entropy_channel_score_webinar,entropy_channel_score_email,entropy_channel_score_digital_ad,entropy_weighted_score,entropy_weighted_rank,recommended_channel,engagement_eligible,ml_primary_channel,ml_primary_probability
1,Danielle,Johnson,endocrinology,medium_value,TERR_19,Nashville,TN,hospital,0.5,False,Digital-Heavy,1.0,10.0,4.0,3.0,5.0,0.0,0.2,0.0,0.0,0.4,53.0,92.0,78.0,18.0,7.0,0.17647058823529413,0.625,0.0,0.25,0.2777777777777778,0.0,0.5,0.8108108108108107,0.4,0.5882352941176471,0.24590163934426232,0.2,0.0625,0.3614457831325301,0.0,0.16558118819194773,0.10928783657914762,0.5055084652053615,0.29023958613116585,0.08752800962664069,22.24,373,webinar,True,rep_visit,0.2924
2,Joshua,Walker,cardiology,low_value,TERR_40,Detroit,MI,private_practice,3.3,False,In-Person-Heavy,2.0,3.0,3.0,1.0,2.0,0.0,0.0,0.3333333333333333,0.0,0.0,163.0,116.0,95.0,198.0,221.0,0.058823529411764705,0.13157894736842105,0.0,0.1875,0.24000000000000005,0.3333333333333333,0.2,0.1195219123505976,0.0,0.17647058823529413,0.2054794520547945,0.0,0.125,0.15544041450777202,0.0,0.039368190867701804,0.28374771070600513,0.06625509223018161,0.07908269677665968,0.058056580681600134,9.93,491,phone_call,True,rep_visit,0.2751
3,Jill,Rhodes,cardiology,medium_value,TERR_21,Tucson,AZ,private_practice,0.8,False,Mixed,15.0,7.0,3.0,2.0,3.0,0.0,0.0,0.0,0.5,0.0,8.0,123.0,22.0,44.0,79.0,0.11764705882352941,0.4054054054054054,0.5,0.1875,0.5769230769230769,0.0,0.3,0.27522935779816515,0.0,0.4117647058823529,0.19607843137254904,0.0,0.9375,0.7894736842105263,0.0,0.4009445674596042,0.1579632437798702,0.11916528455722471,0.12609914021436427,0.35783118914592865,24.23,329,rep_visit,True,rep_visit,0.3912
4,Patricia,Miller,endocrinology,high_value,TERR_25,Arlington,TX,clinic,5.6,False,Digital-Heavy,3.0,6.0,7.0,2.0,8.0,0.0,0.5,0.2857142857142857,0.5,0.375,15.0,58.0,1.0,72.0,25.0,0.11764705882352941,0.29411764705882354,0.5,0.4375,0.9677419354838709,0.2857142857142857,0.8,0.5454545454545454,0.375,0.35294117647058826,0.3409090909090909,0.5,0.1875,0.6666666666666666,0.0,0.37799879458359775,0.45791779046089276,0.4985696074979902,0.4366012340703071,0.17646695036834206,37.41,67,webinar,True,rep_visit,0.2301
5,Robert,Johnson,cardiology,low_value,TERR_47,Oakland,CA,hospital,2.7,False,Mixed,1.0,2.0,8.0,12.0,3.0,0.0,0.5,0.25,0.6666666666666666,1.0,317.0,148.0,31.0,0.0,128.0,0.7058823529411765,1.0,0.6666666666666666,0.5,0.49180327868852464,0.25,0.3,0.189873417721519,1.0,0.11764705882352941,0.16853932584269662,0.5,0.0625,0.08645533141210375,0.0,0.7435538505398995,0.35187046473435424,0.6873242465235908,0.3521065340188585,0.03082933457024687,40.66,32,rep_visit,True,rep_visit,0.4454
6,Jeffery,Wagner,endocrinology,low_value,TERR_07,Boston,MA,clinic,1.7,False,Digital-Heavy,0.0,1.0,5.0,5.0,3.0,0.0,0.0,0.2,0.4,0.0,,81.0,50.0,37.0,193.0,0.29411764705882354,0.44776119402985076,0.4,0.3125,0.37499999999999994,0.2,0.3,0.13452914798206278,0.0,0.058823529411764705,0.27027027027027023,0.0,0.0,0.0,0.0,0.3878179483881157,0.2594887344170507,0.09015513010706186,0.06796414465866474,0.0,14.95,462,rep_visit,True,rep_visit,0.7176
7,Anthony,Gonzalez,primary_care,high_value,TERR_20,Memphis,TN,private_practice,0.7,False,Mixed,2.0,2.0,9.0,16.0,4.0,0.0,0.0,0.2222222222222222,0.75,0.5,163.0,94.0,29.0,38.0,112.0,0.9411764705882353,0.4411764705882353,0.75,0.5625,0.5084745762711864,0.2222222222222222,0.4,0.2112676056338028,0.5,0.11764705882352941,0.24193548387096778,0.0,0.125,0.15544041450777202,0.0,0.7261012430669772,0.35204038128282233,0.41966217043703274,0.0743606567963398,0.058056580681600134,30.67,190,rep_visit,True,rep_visit,0.5777
8,Debra,Gardner,endocrinology,high_value,TERR_47,Sacramento,CA,private_practice,2.4,False,Mixed,6.0,11.0,5.0,1.0,4.0,0.16666666666666666,0.2727272727272727,0.0,1.0,0.0,92.0,18.0,43.0,273.0,126.0,0.058823529411764705,0.09900990099009901,1.0,0.3125,0.410958904109589,0.0,0.4,0.1923076923076923,0.0,0.6470588235294118,0.625,0.2727272727272727,0.375,0.24590163934426232,0.16666666666666666,0.6184109741242723,0.14975128988453384,0.12287393430188186,0.4232429412553722,0.22634904541794895,30.85,187,rep_visit,True,rep_visit,0.3333
9,Jeffrey,Lawrence,primary_care,high_value,TERR_42,Houston,TX,private_practice,3.1,False,Digital-Heavy,9.0,7.0,6.0,4.0,3.0,0.0,0.7142857142857143,0.16666666666666666,0.75,0.0,15.0,57.0,1.0,158.0,144.0,0.23529411764705882,0.1595744680851064,0.75,0.375,0.9677419354838709,0.16666666666666666,0.3,0.1724137931034483,0.0,0.4117647058823529,0.3448275862068966,0.7142857142857143,0.5625,0.6666666666666666,0.0,0.5211750160258408,0.3751810799026963,0.09796634380530343,0.5751674344090641,0.2544886389334441,36.15,88,email,True,rep_visit,0.2269
10,Lisa,Smith,dermatology,low_value,TERR_34,San Jose,CA,hospital,0.5,False,In-Person-Heavy,1.0,5.0,3.0,2.0,1.0,0.0,0.0,0.0,1.0,0.0,64.0,3.0,115.0,14.0,58.0,0.11764705882352941,0.6818181818181818,1.0,0.1875,0.2068965517241379,0.0,0.1,0.3409090909090909,0.0,0.29411764705882354,0.9090909090909091,0.0,0.0625,0.3191489361702128,0.0,0.7508155056855522,0.08166963582641719,0.09109583786577642,0.24863362588997337,0.07880706980192054,24.43,327,rep_visit,True,rep_visit,0.2566
11,Linda,Wolfe,endocrinology,low_value,TERR_16,Minneapolis,MN,clinic,1.1,True,Digital-Heavy,1.0,0.0,0.0,4.0,4.0,0.0,0.0,0.0,0.75,0.0,262.0,,,190.0,22.0,0.23529411764705882,0.13636363636363638,0.75,0.0,0.0,0.0,0.4,0.5769230769230769,0.0,0.0,0.0,0.0,0.0625,0.10273972602739727,0.0,0.5163893102046722,0.0,0.20217553396676133,0.0,0.03418691878092088,14.49,466,Do Not Contact,False,rep_visit,0.5092
12,Matthew,Moore,oncology,medium_value,TERR_25,Minneapolis,MN,cancer_center,2.3,False,Mixed,4.0,4.0,2.0,0.0,0.0,0.0,0.0,0.5,0.0,0.0,129.0,15.0,38.0,,,0.0,0.0,0.0,0.125,0.4411764705882353,0.5,0.0,0.0,0.0,0.23529411764705882,0.6666666666666666,0.0,0.25,0.18867924528301888,0.0,0.0,0.4098498314861517,0.0,0.18641089106781583,0.09091713057711578,13.11,476,phone_call,True,rep_visit,0.4913
13,Susan,Rogers,primary_care,high_value,TERR_01,Oakland,CA,private_practice,4.4,False,In-Person-Heavy,11.0,9.0,4.0,2.0,6.0,0.2727272727272727,0.3333333333333333,0.0,0.5,0.16666666666666666,29.0,14.0,142.0,35.0,23.0,0.11764705882352941,0.46153846153846145,0.5,0.25,0.1744186046511628,0.0,0.6,0.5660377358490566,0.16666666666666666,0.5294117647058824,0.6818181818181818,0.3333333333333333,0.6875,0.5084745762711864,0.2727272727272727,0.41251831443772174,0.08797681237980015,0.33916905042159123,0.44598104293895685,0.40763134841551835,34.81,109,email,True,rep_visit,0.3549
14,Christopher,Davis,cardiology,low_value,TERR_35,Tucson,AZ,private_practice,1.0,False,In-Person-Heavy,0.0,3.0,5.0,6.0,2.0,0.0,0.0,0.0,0.3333333333333333,0.0,,15.0,52.0,11.0,234.0,0.35294117647058826,0.7317073170731707,0.3333333333333333,0.3125,0.36585365853658536,0.0,0.2,0.11363636363636363,0.0,0.17647058823529413,0.6666666666666666,0.0,0.0,0.0,0.0,0.41955130360464543,0.14045130275377116,0.06504158531752637,0.17417219482230967,0.0,15.13,460,rep_visit,True,rep_visit,0.6159
15,Melanie,Munoz,cardiology,low_value,TERR_48,Nashville,TN,private_practice,0.5,False,Digital-Heavy,0.0,2.0,4.0,11.0,1.0,0.0,0.0,0.0,0.09090909090909091,0.0,,60.0,157.0,44.0,163.0,0.6470588235294118,0.4054054054054054,0.09090909090909091,0.25,0.16042780748663102,0.0,0.1,0.15544041450777202,0.0,0.11764705882352941,0.3333333333333333,0.0,0.0,0.0,0.0,0.27146455902009764,0.08509213163089116,0.052855134777260004,0.09320544553390792,0.0,9.5,493,rep_visit,True,rep_visit,0.4996
16,Lindsay,Blair,dermatology,high_value,TERR_27,Sacramento,CA,clinic,4.4,False,Digital-Heavy,0.0,2.0,9.0,13.0,3.0,0.0,0.0,0.6666666666666666,0.6153846153846154,0.0,,130.0,57.0,2.0,74.0,0.7647058823529411,0.9375,0.6153846153846154,0.5625,0.3448275862068966,0.6666666666666666,0.3,0.28846153846153844,0.0,0.11764705882352941,0.1875,0.0,0.0,0.0,0.0,0.7128671648040831,0.5786358552192353,0.1218935506007412,0.06313692232764113,0.0,27.23,261,rep_visit,True,rep_visit,0.3731
17,Amanda,Dudley,primary_care,medium_value,TERR_14,Colorado Springs,CO,private_practice,1.6,False,Digital-Heavy,1.0,3.0,5.0,2.0,1.0,0.0,0.3333333333333333,0.0,1.0,1.0,165.0,106.0,14.0,112.0,263.0,0.11764705882352941,0.2112676056338028,1.0,0.3125,0.6818181818181818,0.0,0.1,0.10238907849829351,1.0,0.17647058823529413,0.22058823529411764,0.3333333333333333,0.0625,0.15384615384615385,0.0,0.6537954308074571,0.20559818230108345,0.6276747943692003,0.27745055677688646,0.04472425462680212,34.19,126,rep_visit,True,rep_visit,0.622
18,Nicholas,Arnold,cardiology,medium_value,TERR_42,Fort Worth,TX,hospital,3.9,False,Digital-Heavy,2.0,5.0,8.0,9.0,3.0,0.0,0.2,0.5,0.8888888888888888,0.6666666666666666,51.0,59.0,31.0,17.0,36.0,0.5294117647058824,0.6382978723404256,0.8888888888888888,0.5,0.49180327868852464,0.5,0.3,0.45454545454545453,0.6666666666666666,0.29411764705882354,0.33707865168539325,0.2,0.125,0.37037037037037035,0.0,0.7624289582452144,0.49830996590878124,0.5466427596484414,0.24784536052505685,0.1023717329026957,40.77,31,rep_visit,True,rep_visit,0.6437
19,Maria,Montgomery,cardiology,low_value,TERR_30,Mesa,AZ,private_practice,2.9,False,In-Person-Heavy,5.0,1.0,5.0,3.0,3.0,0.2,1.0,0.0,0.6666666666666666,0.0,31.0,121.0,18.0,88.0,108.0,0.17647058823529413,0.2542372881355932,0.6666666666666666,0.3125,0.625,0.0,0.3,0.2173913043478261,0.0,0.058823529411764705,0.19867549668874174,1.0,0.3125,0.49180327868852464,0.2,0.47964112667505215,0.1938831732596808,0.10723999414092653,0.6389604411674566,0.28357172021691784,34.37,121,email,True,rep_visit,0.4257
20,Michelle,Ray,dermatology,medium_value,TERR_13,Albuquerque,NM,clinic,0.5,True,Mixed,1.0,0.0,0.0,8.0,1.0,0.0,0.0,0.0,0.875,0.0,17.0,,,39.0,52.0,0.47058823529411764,0.4347826086956522,0.875,0.0,0.0,0.0,0.1,0.36585365853658536,0.0,0.0,0.0,0.0,0.0625,0.6382978723404256,0.0,0.7000931106522339,0.0,0.09623901256688003,0.0,0.14461052484299072,18.91,424,Do Not Contact,False,rep_visit,0.7627
21,Janet,Williams,cardiology,medium_value,TERR_06,Memphis,TN,hospital,0.5,False,In-Person-Heavy,4.0,6.0,7.0,5.0,4.0,0.0,0.16666666666666666,0.42857142857142855,0.6,0.5,1.0,9.0,46.0,95.0,15.0,0.29411764705882354,0.24000000000000005,0.6,0.4375,0.39473684210526316,0.42857142857142855,0.4,0.6666666666666666,0.5,0.35294117647058826,0.7692307692307692,0.16666666666666666,0.25,0.9677419354838709,0.0,0.46213248223704056,0.4234529320629854,0.5135582429040872,0.32966171091908075,0.25154751626471095,38.5,51,webinar,True,rep_visit,0.2569
22,Jeremy,Roberts,endocrinology,medium_value,TERR_11,Memphis,TN,private_practice,4.1,False,In-Person-Heavy,0.0,2.0,6.0,9.0,3.0,0.0,0.0,0.5,0.7777777777777778,0.3333333333333333,,9.0,84.0,50.0,196.0,0.5294117647058824,0.37499999999999994,0.7777777777777778,0.375,0.2631578947368421,0.5,0.3,0.13274336283185842,0.3333333333333333,0.11764705882352941,0.7692307692307692,0.0,0.0,0.0,0.0,0.6430568850921418,0.4251596801583472,0.28503959773005183,0.1830805918207713,0.0,28.56,237,rep_visit,True,rep_visit,0.7342
23,Christopher,Hall,primary_care,medium_value,TERR_13,Raleigh,NC,private_practice,3.7,False,Mixed,2.0,5.0,3.0,10.0,2.0,0.0,0.6,0.0,0.8,0.5,1.0,10.0,155.0,36.0,28.0,0.5882352941176471,0.45454545454545453,0.8,0.1875,0.16216216216216214,0.0,0.2,0.5172413793103449,0.5,0.29411764705882354,0.75,0.6,0.125,0.9677419354838709,0.0,0.6847134385444495,0.07244611333044612,0.44113754844324055,0.5672864033926708,0.2255402867430103,39.39,41,rep_visit,True,rep_visit,0.358
24,Craig,Ramirez,cardiology,low_value,TERR_09,Mesa,AZ,private_practice,0.6,False,Mixed,2.0,5.0,4.0,2.0,0.0,0.0,0.0,0.25,0.5,0.0,226.0,56.0,37.0,127.0,,0.11764705882352941,0.19108280254777069,0.5,0.25,0.44776119402985076,0.25,0.0,0.0,0.0,0.29411764705882354,0.3488372093023256,0.0,0.125,0.1171875,0.0,0.35675464180713135,0.29077522549932977,0.0,0.13311818790032864,0.05016943566959363,15.82,451,rep_visit,True,rep_visit,0.5698
25,Cynthia,Diaz,primary_care,medium_value,TERR_32,Detroit,MI,private_practice,2.6,False,Mixed,1.0,3.0,9.0,6.0,1.0,0.0,0.6666666666666666,0.0,1.0,1.0,263.0,134.0,2.0,80.0,315.0,0.35294117647058826,0.27272727272727276,1.0,0.5625,0.9375,0.0,0.1,0.08695652173913043,1.0,0.17647058823529413,0.18292682926829268,0.6666666666666666,0.0625,0.10238907849829351,0.0,0.715422225569478,0.3103301820307967,0.6244928456306065,0.464938039676417,0.034114620814982066,40.56,33,rep_visit,True,rep_visit,0.4231
26,Mitchell,Clark,primary_care,medium_value,TERR_12,Colorado Springs,CO,private_practice,5.3,False,In-Person-Heavy,11.0,11.0,0.0,2.0,3.0,0.0,0.09090909090909091,0.0,0.5,0.3333333333333333,101.0,8.0,,4.0,60.0,0.11764705882352941,0.8823529411764706,0.5,0.0,0.0,0.0,0.3,0.3333333333333333,0.3333333333333333,0.6470588235294118,0.7894736842105263,0.09090909090909091,0.6875,0.22900763358778622,0.0,0.4992835940710605,0.0,0.32639807212754646,0.3506533541335335,0.1902575087347017,27.31,259,rep_visit,True,rep_visit,0.2881
27,Joseph,Zuniga,oncology,medium_value,TERR_23,Mesa,AZ,cancer_center,4.4,False,Digital-Heavy,1.0,2.0,8.0,3.0,2.0,0.0,0.0,0.25,0.3333333333333333,0.0,273.0,88.0,9.0,2.0,98.0,0.17647058823529413,0.9375,0.3333333333333333,0.5,0.7692307692307692,0.25,0.2,0.234375,0.0,0.11764705882352941,0.2542372881355932,0.0,0.0625,0.09900990099009901,0.0,0.42526640615223166,0.40907161859098856,0.089935979530507,0.07689709396440729,0.03341788794190841,19.29,420,rep_visit,True,rep_visit,0.2372
28,Deborah,Lynch,primary_care,low_value,TERR_44,Portland,OR,clinic,3.3,False,Digital-Heavy,6.0,3.0,3.0,4.0,0.0,0.16666666666666666,0.0,0.0,1.0,0.0,38.0,65.0,7.0,51.0,,0.23529411764705882,0.37037037037037035,1.0,0.1875,0.8108108108108107,0.0,0.0,0.0,0.0,0.17647058823529413,0.31578947368421056,0.0,0.375,0.4411764705882353,0.16666666666666666,0.7110772930607279,0.20618718952202664,0.0,0.10182687582978805,0.2666116222969837,26.06,287,rep_visit,True,rep_visit,0.5952
29,George,Daniel,endocrinology,low_value,TERR_05,Fresno,CA,private_practice,3.9,True,Mixed,2.0,0.0,0.0,6.0,2.0,0.0,0.0,0.0,0.16666666666666666,0.0,18.0,,,64.0,122.0,0.35294117647058826,0.3191489361702128,0.16666666666666666,0.0,0.0,0.0,0.2,0.19736842105263158,0.0,0.0,0.0,0.0,0.125,0.625,0.0,0.23686196663039205,0.0,0.08230580916801447,0.0,0.15487232897712983,10.0,490,Do Not Contact,False,rep_visit,0.5101
30,Frank,Gray,cardiology,medium_value,TERR_09,Philadelphia,PA,clinic,0.7,False,Digital-Heavy,2.0,0.0,6.0,11.0,7.0,0.0,0.0,0.3333333333333333,0.6363636363636364,0.8571428571428571,4.0,,60.0,22.0,44.0,0.6470588235294118,0.5769230769230769,0.6363636363636364,0.375,0.3333333333333333,0.3333333333333333,0.7,0.4054054054054054,0.8571428571428571,0.0,0.0,0.0,0.125,0.8823529411764706,0.0,0.6263331520964288,0.34200240984056685,0.7313069476821541,0.0,0.20793442875289475,36.61,76,webinar,True,rep_visit,0.5461
31,Veronica,Bowman,dermatology,medium_value,TERR_19,Washington,DC,hospital,3.9,False,Digital-Heavy,3.0,3.0,5.0,2.0,2.0,0.0,0.0,0.0,0.5,1.0,1.0,31.0,199.0,51.0,16.0,0.11764705882352941,0.37037037037037035,0.5,0.3125,0.13100436681222707,0.0,0.2,0.6521739130434783,1.0,0.17647058823529413,0.49180327868852464,0.0,0.1875,0.9677419354838709,0.0,0.3937208982208614,0.09202909901761672,0.7618375017989638,0.13811813420964317,0.23854390150386062,31.84,166,webinar,True,rep_visit,0.3456
32,Angela,Cohen,endocrinology,medium_value,TERR_39,Seattle,WA,hospital,1.4,False,In-Person-Heavy,2.0,2.0,8.0,13.0,1.0,0.0,0.0,0.25,0.8461538461538461,1.0,168.0,120.0,22.0,32.0,15.0,0.7647058823529411,0.48387096774193555,0.8461538461538461,0.5,0.5769230769230769,0.25,0.1,0.6666666666666666,1.0,0.11764705882352941,0.2,0.0,0.125,0.15151515151515152,0.0,0.7545109683926037,0.3694208187585488,0.7440198944008596,0.06571422431674973,0.057247253632107725,37.24,70,rep_visit,True,rep_visit,0.5962
33,Megan,Parsons,primary_care,medium_value,TERR_42,Sacramento,CA,clinic,1.4,False,In-Person-Heavy,1.0,3.0,5.0,10.0,3.0,0.0,0.0,1.0,0.7,0.0,206.0,85.0,57.0,14.0,122.0,0.5882352941176471,0.6818181818181818,0.7,0.3125,0.3448275862068966,1.0,0.3,0.19736842105263158,0.0,0.17647058823529413,0.2608695652173913,0.0,0.0625,0.1271186440677966,0.0,0.6729976742402893,0.7218740644084033,0.10311159278537502,0.0905032606831325,0.039213465497547784,30.15,205,phone_call,True,rep_visit,0.7433
34,Jeremy,Johnson,endocrinology,medium_value,TERR_49,Los Angeles,CA,private_practice,0.5,False,In-Person-Heavy,6.0,11.0,3.0,1.0,6.0,0.0,0.09090909090909091,0.0,0.0,0.3333333333333333,14.0,31.0,0.0,74.0,8.0,0.058823529411764705,0.28846153846153844,0.0,0.1875,1.0,0.0,0.6,0.7894736842105263,0.3333333333333333,0.6470588235294118,0.49180327868852464,0.09090909090909091,0.375,0.6818181818181818,0.0,0.07171489599416579,0.24519500341123762,0.4828643376699061,0.2892784318734844,0.21860179706193378,25.7,299,webinar,True,rep_visit,0.1475
35,Leslie,Adams,primary_care,high_value,TERR_09,Raleigh,NC,private_practice,1.4,False,Digital-Heavy,10.0,10.0,7.0,0.0,4.0,0.2,0.0,0.0,0.0,0.5,0.0,60.0,114.0,,129.0,0.0,0.0,0.0,0.4375,0.20833333333333334,0.0,0.4,0.18867924528301888,0.5,0.5882352941176471,0.3333333333333333,0.0,0.625,1.0,0.2,0.0,0.13398033647776203,0.4150048083520106,0.1911150154979575,0.4533719076767315,25.2,312,digital_ad,True,rep_visit,0.2337
36,Jason,Hahn,cardiology,low_value,TERR_20,Detroit,MI,hospital,1.8,False,Digital-Heavy,5.0,4.0,2.0,1.0,1.0,0.2,0.5,0.0,0.0,0.0,147.0,1.0,94.0,204.0,52.0,0.058823529411764705,0.12820512820512822,0.0,0.125,0.24193548387096778,0.0,0.1,0.36585365853658536,0.0,0.23529411764705882,0.9677419354838709,0.5,0.3125,0.1694915254237288,0.2,0.03867256280046602,0.07589049382702807,0.09623901256688003,0.5413668445521884,0.2171161423927232,20.01,413,email,True,rep_visit,0.1298
37,Nancy,Edwards,primary_care,medium_value,TERR_29,Seattle,WA,clinic,5.1,False,In-Person-Heavy,2.0,10.0,8.0,3.0,2.0,0.5,0.0,0.125,1.0,0.0,213.0,29.0,87.0,10.0,206.0,0.17647058823529413,0.75,1.0,0.5,0.25641025641025644,0.125,0.2,0.1271186440677966,0.0,0.5882352941176471,0.5084745762711864,0.0,0.125,0.1234567901234568,0.5,0.7771122127807415,0.23011640178393583,0.06782141797141851,0.22722636540185176,0.34434106633088635,33.44,139,rep_visit,True,rep_visit,0.4232
38,Diana,Foster,oncology,low_value,TERR_41,Kansas City,MO,hospital,1.7,False,Mixed,0.0,3.0,4.0,7.0,1.0,0.0,0.0,0.25,1.0,1.0,,218.0,43.0,184.0,147.0,0.4117647058823529,0.14018691588785046,1.0,0.25,0.410958904109589,0.25,0.1,0.1694915254237288,1.0,0.17647058823529413,0.12096774193548389,0.0,0.0,0.0,0.0,0.7003331997894316,0.2831871762981105,0.6415102559639985,0.061657720889182296,0.0,31.29,177,rep_visit,True,rep_visit,0.7184
39,Robin,Ellis,primary_care,medium_value,TERR_08,San Antonio,TX,private_practice,2.1,False,Mixed,3.0,2.0,5.0,3.0,4.0,1.0,0.5,0.2,1.0,0.25,218.0,42.0,95.0,126.0,14.0,0.17647058823529413,0.1923076923076923,1.0,0.3125,0.24000000000000005,0.2,0.4,0.6818181818181818,0.25,0.11764705882352941,0.4166666666666667,0.5,0.1875,0.12096774193548389,1.0,0.6621248932666662,0.23165387293467804,0.3702427441407009,0.4032664611434858,0.6497104811329226,48.0,4,rep_visit,True,rep_visit,0.5148
40,Joseph,Wright,cardiology,medium_value,TERR_12,El Paso,TX,hospital,1.1,False,Mixed,3.0,8.0,8.0,5.0,4.0,0.0,0.25,0.5,0.2,0.0,4.0,23.0,50.0,37.0,126.0,0.29411764705882354,0.44776119402985076,0.2,0.5,0.37499999999999994,0.5,0.4,0.1923076923076923,0.0,0.47058823529411764,0.5660377358490566,0.25,0.1875,0.8823529411764706,0.0,0.2706663474485741,0.4742269801089141,0.12287393430188186,0.3610570857396199,0.22093804351374507,28.43,238,phone_call,True,rep_visit,0.3351
41,Anna,Baker,dermatology,low_value,TERR_33,Memphis,TN,private_practice,0.5,False,Mixed,0.0,3.0,4.0,7.0,2.0,0.0,0.0,0.0,0.42857142857142855,0.5,,10.0,36.0,120.0,141.0,0.4117647058823529,0.2,0.42857142857142855,0.25,0.45454545454545453,0.0,0.2,0.17543859649122806,0.5,0.17647058823529413,0.75,0.0,0.0,0.0,0.0,0.377946850414727,0.14573453137462253,0.37066322907983584,0.19135420808303355,0.0,20.33,408,rep_visit,True,rep_visit,0.5634
42,Brenda,Hurst,primary_care,high_value,TERR_19,Houston,TX,private_practice,0.5,False,In-Person-Heavy,0.0,8.0,3.0,6.0,8.0,0.0,0.125,0.0,0.5,0.25,,63.0,35.0,43.0,100.0,0.35294117647058826,0.410958904109589,0.5,0.1875,0.46153846153846145,0.0,0.8,0.23076923076923073,0.25,0.47058823529411764,0.3225806451612903,0.125,0.0,0.0,0.0,0.4510443959021734,0.13417276388040633,0.36046672991223894,0.23764033962503295,0.0,22.26,370,rep_visit,True,rep_visit,0.6828
43,Reginald,Robinson,cardiology,medium_value,TERR_46,Philadelphia,PA,hospital,4.5,False,Digital-Heavy,2.0,2.0,4.0,8.0,6.0,0.0,0.0,1.0,0.5,0.16666666666666666,189.0,289.0,129.0,23.0,7.0,0.47058823529411764,0.5660377358490566,0.5,0.25,0.18867924528301888,1.0,0.6,0.8108108108108107,0.16666666666666666,0.11764705882352941,0.09404388714733543,0.0,0.125,0.136986301369863,0.0,0.5074965869140469,0.6766751352748237,0.3896373810599235,0.04386775228367885,0.05425163488179472,30.86,186,phone_call,True,rep_visit,0.4708
44,Whitney,Hicks,cardiology,low_value,TERR_29,Arlington,TX,hospital,1.4,True,In-Person-Heavy,2.0,0.0,0.0,0.0,3.0,0.0,0.0,0.0,0.0,0.0,249.0,,,,18.0,0.0,0.0,0.0,0.0,0.0,0.0,0.3,0.625,0.0,0.0,0.0,0.0,0.125,0.1075268817204301,0.0,0.0,0.0,0.19128245030751073,0.0,0.04817756921295729,4.71,500,Do Not Contact,False,rep_visit,0.4923
45,Christopher,Williams,dermatology,low_value,TERR_32,Nashville,TN,clinic,1.0,False,In-Person-Heavy,2.0,1.0,5.0,4.0,2.0,0.0,0.0,1.0,0.75,0.0,94.0,151.0,36.0,65.0,154.0,0.23529411764705882,0.31578947368421056,0.75,0.3125,0.45454545454545453,1.0,0.2,0.16304347826086957,0.0,0.058823529411764705,0.16574585635359115,0.0,0.125,0.24193548387096778,0.0,0.5533840755985753,0.7444961508331808,0.07522854970135476,0.04641286626683547,0.07589049382702807,27.8,251,phone_call,True,rep_visit,0.6507
46,Daniel,Burton,primary_care,low_value,TERR_25,Omaha,NE,private_practice,3.5,False,In-Person-Heavy,1.0,6.0,2.0,3.0,2.0,0.0,0.3333333333333333,0.0,0.6666666666666666,0.0,154.0,46.0,67.0,175.0,57.0,0.17647058823529413,0.14634146341463417,0.6666666666666666,0.125,0.30927835051546393,0.0,0.2,0.3448275862068966,0.0,0.35294117647058826,0.39473684210526316,0.3333333333333333,0.0625,0.16304347826086957,0.0,0.45739471678146504,0.08977552615943879,0.11270955314116474,0.3500733295721933,0.04662059722748402,20.5,406,rep_visit,True,rep_visit,0.505
47,Laura,Henderson,oncology,low_value,TERR_23,Los Angeles,CA,private_practice,5.8,False,In-Person-Heavy,2.0,4.0,4.0,3.0,3.0,0.0,0.5,0.0,0.0,0.0,8.0,112.0,23.0,17.0,109.0,0.17647058823529413,0.6382978723404256,0.0,0.25,0.5660377358490566,0.0,0.3,0.21582733812949642,0.0,0.23529411764705882,0.2112676056338028,0.5,0.125,0.7894736842105263,0.0,0.16832299881865898,0.1687224736445447,0.10691752908129454,0.3853938209496154,0.18878419725487433,20.52,405,email,True,rep_visit,0.363
48,Bryan,James,cardiology,high_value,TERR_40,Tucson,AZ,private_practice,1.2,False,In-Person-Heavy,2.0,4.0,7.0,4.0,6.0,0.0,0.0,0.14285714285714285,1.0,0.3333333333333333,3.0,23.0,71.0,9.0,107.0,0.23529411764705882,0.7692307692307692,1.0,0.4375,0.297029702970297,0.14285714285714285,0.6,0.21897810218978103,0.3333333333333333,0.23529411764705882,0.5660377358490566,0.0,0.125,0.9090909090909091,0.0,0.7933159890094916,0.23594783782594198,0.36523718580432807,0.16566279958316815,0.21344737418414306,34.72,111,rep_visit,True,rep_visit,0.3614
49,Wendy,Rice,primary_care,medium_value,TERR_35,Cleveland,OH,clinic,4.2,False,Digital-Heavy,2.0,5.0,4.0,6.0,7.0,1.0,0.0,0.0,0.6666666666666666,0.42857142857142855,84.0,22.0,38.0,10.0,119.0,0.35294117647058826,0.75,0.6666666666666666,0.25,0.4411764705882353,0.0,0.7,0.20134228187919462,0.42857142857142855,0.29411764705882354,0.5769230769230769,0.0,0.125,0.2631578947368421,1.0,0.6185756332846908,0.14297805865899837,0.4381932192782827,0.1801458807248502,0.6660242234637999,42.88,20,digital_ad,True,rep_visit,0.5145
50,Tasha,Valencia,primary_care,medium_value,TERR_07,Kansas City,MO,clinic,3.3,True,In-Person-Heavy,2.0,0.0,0.0,5.0,2.0,0.0,0.0,0.0,1.0,0.5,94.0,,,42.0,142.0,0.29411764705882354,0.4166666666666667,1.0,0.0,0.0,0.0,0.2,0.1744186046511628,0.5,0.0,0.0,0.0,0.125,0.24193548387096778,0.0,0.7328615522288584,0.0,0.3704529229199739,0.0,0.07589049382702807,22.78,359,Do Not Contact,False,rep_visit,0.728
51,Alexander,Le,dermatology,high_value,TERR_23,Charlotte,NC,private_practice,3.4,False,Digital-Heavy,7.0,12.0,4.0,3.0,5.0,0.2857142857142857,0.25,0.5,0.3333333333333333,0.0,50.0,35.0,30.0,220.0,16.0,0.17647058823529413,0.12000000000000002,0.3333333333333333,0.25,0.5,0.5,0.5,0.6521739130434783,0.0,0.7058823529411765,0.46153846153846145,0.25,0.4375,0.37499999999999994,0.2857142857142857,0.2567108560645303,0.44798554095659865,0.23849684795333742,0.3884657757183567,0.33570379291284064,33.27,141,phone_call,True,rep_visit,0.3651
52,Erin,Herrera,endocrinology,medium_value,TERR_22,Oklahoma City,OK,clinic,2.6,False,Mixed,9.0,5.0,3.0,2.0,4.0,0.2222222222222222,0.4,0.0,0.0,0.0,49.0,22.0,44.0,214.0,39.0,0.11764705882352941,0.12295081967213116,0.0,0.1875,0.4054054054054054,0.0,0.4,0.4347826086956522,0.0,0.29411764705882354,0.5769230769230769,0.4,0.5625,0.379746835443038,0.2222222222222222,0.04982790385929353,0.12259901690228882,0.17286842104713196,0.4144490826039334,0.32549876028363506,22.69,361,email,True,rep_visit,0.3128
53,Joseph,Davidson,oncology,low_value,TERR_42,Philadelphia,PA,cancer_center,2.2,False,Digital-Heavy,3.0,5.0,5.0,2.0,3.0,0.6666666666666666,0.2,0.0,0.0,0.0,23.0,10.0,18.0,72.0,126.0,0.11764705882352941,0.29411764705882354,0.0,0.3125,0.625,0.0,0.3,0.1923076923076923,0.0,0.29411764705882354,0.75,0.2,0.1875,0.5660377358490566,0.6666666666666666,0.08511979223474375,0.1938831732596808,0.10206815068452132,0.33298320151358757,0.5462241953488329,27.34,258,digital_ad,True,rep_visit,0.2472
54,Daniel,Graham,cardiology,medium_value,TERR_44,Oakland,CA,private_practice,2.9,False,Digital-Heavy,10.0,9.0,2.0,1.0,2.0,0.1,0.2222222222222222,0.0,0.0,0.0,28.0,84.0,56.0,142.0,213.0,0.058823529411764705,0.1744186046511628,0.0,0.125,0.3488372093023256,0.0,0.2,0.1234567901234568,0.0,0.5294117647058824,0.2631578947368421,0.2222222222222222,0.625,0.5172413793103449,0.1,0.04820104958190502,0.09793193619449832,0.06706640169505275,0.29457570094232655,0.29525892693793965,17.18,438,digital_ad,True,rep_visit,0.2606
55,Shawn,Mckay,dermatology,medium_value,TERR_35,Virginia Beach,VA,private_practice,0.9,False,In-Person-Heavy,2.0,5.0,3.0,8.0,5.0,0.0,0.6,0.0,0.25,0.2,64.0,17.0,148.0,77.0,115.0,0.47058823529411764,0.2803738317757009,0.25,0.1875,0.16853932584269662,0.0,0.5,0.2068965517241379,0.2,0.29411764705882354,0.6382978723404256,0.6,0.125,0.3191489361702128,0.0,0.3021577138848373,0.07376098346154313,0.2638393105702105,0.5442551941282961,0.09181068456277086,24.97,317,email,True,rep_visit,0.3377
56,Nancy,Baker,endocrinology,high_value,TERR_42,Baltimore,MD,private_practice,0.5,False,In-Person-Heavy,14.0,13.0,2.0,2.0,4.0,0.0,0.23076923076923078,0.0,0.0,0.5,8.0,14.0,57.0,142.0,157.0,0.11764705882352941,0.1744186046511628,0.0,0.125,0.3448275862068966,0.0,0.4,0.16042780748663102,0.5,0.7647058823529411,0.6818181818181818,0.23076923076923078,0.875,0.7894736842105263,0.0,0.06043974582741122,0.09710521542814433,0.40917980940578597,0.4348580838494218,0.3448275743850783,27.65,254,email,True,rep_visit,0.2477
57,Vincent,White,cardiology,low_value,TERR_37,Portland,OR,hospital,1.6,True,In-Person-Heavy,1.0,0.0,0.0,5.0,3.0,0.0,0.0,0.0,0.8,0.0,171.0,,,123.0,71.0,0.29411764705882354,0.19607843137254904,0.8,0.0,0.0,0.0,0.3,0.297029702970297,0.0,0.0,0.0,0.0,0.0625,0.14925373134328357,0.0,0.5702281514815183,0.0,0.12366017039525584,0.0,0.04377736985468415,14.34,468,Do Not Contact,False,rep_visit,0.6412
58,Rita,Harrell,dermatology,high_value,TERR_12,New York,NY,private_practice,2.6,False,Digital-Heavy,1.0,5.0,7.0,15.0,2.0,0.0,0.4,0.2857142857142857,0.8666666666666667,0.0,85.0,14.0,3.0,23.0,99.0,0.8823529411764706,0.5660377358490566,0.8666666666666667,0.4375,0.9090909090909091,0.2857142857142857,0.2,0.23255813953488372,0.0,0.29411764705882354,0.6818181818181818,0.4,0.0625,0.2608695652173913,0.0,0.8079453956884166,0.4458248779020255,0.08956137168325284,0.436076791603446,0.06679078670746423,35.22,100,rep_visit,True,rep_visit,0.3717
59,Kenneth,Fowler,oncology,low_value,TERR_25,Virginia Beach,VA,private_practice,2.3,True,In-Person-Heavy,1.0,0.0,0.0,10.0,3.0,0.0,0.0,0.0,0.8,0.0,175.0,,,22.0,99.0,0.5882352941176471,0.5769230769230769,0.8,0.0,0.0,0.0,0.3,0.23255813953488372,0.0,0.0,0.0,0.0,0.0625,0.14634146341463417,0.0,0.7099457657105476,0.0,0.11036715530061336,0.0,0.043176906340658135,16.77,440,Do Not Contact,False,rep_visit,0.6788
60,Chelsea,Hernandez,dermatology,medium_value,TERR_39,Phoenix,AZ,private_practice,1.0,False,Digital-Heavy,6.0,9.0,7.0,4.0,5.0,0.0,0.1111111111111111,0.14285714285714285,0.75,0.2,25.0,168.0,60.0,52.0,4.0,0.23529411764705882,0.36585365853658536,0.75,0.4375,0.3333333333333333,0.14285714285714285,0.5,0.8823529411764706,0.2,0.5294117647058824,0.15151515151515152,0.1111111111111111,0.375,0.5454545454545454,0.0,0.5637065174548253,0.24343307132566327,0.4031077182575383,0.2064725130641526,0.19048577536256742,31.34,174,rep_visit,True,rep_visit,0.327
61,Kathryn,Ryan,dermatology,medium_value,TERR_29,Columbus,OH,private_practice,4.7,False,Mixed,3.0,4.0,3.0,3.0,7.0,0.0,0.5,0.6666666666666666,0.0,0.42857142857142855,78.0,129.0,151.0,60.0,16.0,0.17647058823529413,0.3333333333333333,0.0,0.1875,0.16574585635359115,0.6666666666666666,0.7,0.6521739130434783,0.42857142857142855,0.23529411764705882,0.18867924528301888,0.5,0.1875,0.2777777777777778,0.0,0.10544414177941412,0.4636903507690189,0.5311475600585047,0.38073645886459323,0.0962842218182973,29.71,214,webinar,True,rep_visit,0.4161
62,Kimberly,Moreno,endocrinology,medium_value,TERR_46,Phoenix,AZ,private_practice,3.1,True,Mixed,5.0,0.0,0.0,7.0,3.0,0.0,0.0,0.0,0.2857142857142857,0.0,39.0,,,67.0,46.0,0.4117647058823529,0.30927835051546393,0.2857142857142857,0.0,0.0,0.0,0.3,0.39473684210526316,0.0,0.0,0.0,0.0,0.3125,0.4347826086956522,0.0,0.31679860026991236,0.0,0.14380583471866842,0.0,0.1546633603819415,12.65,477,Do Not Contact,False,rep_visit,0.5859
63,Aaron,Nguyen,endocrinology,low_value,TERR_30,Mesa,AZ,private_practice,0.8,False,In-Person-Heavy,2.0,3.0,3.0,3.0,4.0,0.0,1.0,0.6666666666666666,0.6666666666666666,0.0,65.0,21.0,240.0,122.0,39.0,0.17647058823529413,0.19736842105263158,0.6666666666666666,0.1875,0.1111111111111111,0.6666666666666666,0.4,0.4347826086956522,0.0,0.17647058823529413,0.5882352941176471,1.0,0.125,0.31578947368421056,0.0,0.46791566713495064,0.45242553176198813,0.17286842104713196,0.7437588929216893,0.09111801661497013,36.99,71,email,True,rep_visit,0.4449
64,Andrew,Hickman,oncology,medium_value,TERR_34,Milwaukee,WI,cancer_center,4.4,False,Digital-Heavy,6.0,2.0,9.0,4.0,3.0,0.0,0.5,0.4444444444444444,1.0,0.0,51.0,23.0,37.0,45.0,7.0,0.23529411764705882,0.4,1.0,0.5625,0.44776119402985076,0.4444444444444444,0.3,0.8108108108108107,0.0,0.11764705882352941,0.5660377358490566,0.5,0.375,0.37037037037037035,0.0,0.7171864533312075,0.46969068910591355,0.22959369609155722,0.43406440944100977,0.15438619194609704,38.63,49,rep_visit,True,rep_visit,0.4225
65,Natasha,Decker,oncology,medium_value,TERR_04,San Francisco,CA,cancer_center,3.4,False,Mixed,1.0,2.0,8.0,11.0,4.0,1.0,0.0,0.75,0.45454545454545453,1.0,129.0,11.0,50.0,73.0,148.0,0.6470588235294118,0.29126213592233013,0.45454545454545453,0.5,0.37499999999999994,0.75,0.4,0.16853932584269662,1.0,0.11764705882352941,0.7317073170731707,0.0,0.0625,0.18867924528301888,1.0,0.46093293578069716,0.6206664812833411,0.7037312783461422,0.17534385039005138,0.6376642909922727,52.16,2,webinar,True,rep_visit,0.6399
66,Kyle,Brown,oncology,high_value,TERR_27,Washington,DC,hospital,4.2,False,Digital-Heavy,3.0,8.0,8.0,5.0,1.0,0.0,0.0,0.5,0.2,0.0,93.0,99.0,52.0,18.0,78.0,0.29411764705882354,0.625,0.2,0.5,0.36585365853658536,0.5,0.1,0.2777777777777778,0.0,0.47058823529411764,0.23255813953488372,0.0,0.1875,0.24390243902439027,0.0,0.30721018162250174,0.47234114938517613,0.07807916115310681,0.14585937441258134,0.08929966358223067,20.69,404,phone_call,True,rep_visit,0.4852
67,Natalie,Arroyo,endocrinology,low_value,TERR_37,Jacksonville,FL,private_practice,6.0,False,In-Person-Heavy,1.0,0.0,8.0,3.0,2.0,0.0,0.0,0.25,0.6666666666666666,0.5,149.0,,4.0,43.0,21.0,0.17647058823529413,0.410958904109589,0.6666666666666666,0.5,0.8823529411764706,0.25,0.2,0.5882352941176471,0.5,0.0,0.0,0.0,0.0625,0.16759776536312848,0.0,0.5119546412819393,0.4323956184924237,0.4557753690710378,0.0,0.047559619084093896,26.87,268,rep_visit,True,rep_visit,0.4372
68,Christopher,Tucker,cardiology,high_value,TERR_43,Oakland,CA,clinic,0.5,False,Digital-Heavy,11.0,7.0,7.0,4.0,5.0,0.2727272727272727,0.42857142857142855,0.42857142857142855,0.25,0.4,9.0,78.0,23.0,4.0,35.0,0.23529411764705882,0.8823529411764706,0.25,0.4375,0.5660377358490566,0.42857142857142855,0.5,0.46153846153846145,0.4,0.4117647058823529,0.2777777777777778,0.42857142857142855,0.6875,0.7692307692307692,0.2727272727272727,0.37732148538764587,0.45877246279754197,0.4334940395637412,0.39398339612473593,0.4613951447984875,42.64,24,digital_ad,True,rep_visit,0.239
69,Chad,Hodges,dermatology,medium_value,TERR_08,Louisville,KY,private_practice,3.5,False,Mixed,0.0,4.0,4.0,5.0,3.0,0.0,0.25,0.5,0.4,0.3333333333333333,,7.0,66.0,53.0,150.0,0.29411764705882354,0.3614457831325301,0.4,0.25,0.3125,0.5,0.3,0.16666666666666666,0.3333333333333333,0.23529411764705882,0.8108108108108107,0.25,0.0,0.0,0.0,0.3700210779724046,0.4093260111199699,0.2920340456060987,0.3625706313959274,0.0,26.69,271,phone_call,True,rep_visit,0.5565
70,Katie,Anderson,oncology,low_value,TERR_41,San Antonio,TX,cancer_center,3.1,False,Digital-Heavy,7.0,5.0,1.0,1.0,2.0,0.14285714285714285,0.6,0.0,0.0,0.0,71.0,2.0,164.0,150.0,140.0,0.058823529411764705,0.16666666666666666,0.0,0.0625,0.15463917525773196,0.0,0.2,0.1764705882352941,0.0,0.29411764705882354,0.9375,0.6,0.4375,0.297029702970297,0.14285714285714285,0.04660272276695396,0.044887763079719395,0.07799700708095988,0.6059459332292995,0.23594783782594198,21.05,390,email,True,email,0.1575
71,Thomas,Pierce,endocrinology,low_value,TERR_36,San Jose,CA,clinic,3.5,False,In-Person-Heavy,6.0,14.0,5.0,0.0,2.0,0.16666666666666666,0.42857142857142855,0.0,0.0,0.0,35.0,10.0,109.0,,21.0,0.0,0.0,0.0,0.3125,0.21582733812949642,0.0,0.2,0.5882352941176471,0.0,0.8235294117647058,0.75,0.42857142857142855,0.375,0.46153846153846145,0.16666666666666666,0.0,0.1095182520334646,0.16289636672218377,0.5770190116540479,0.270809942279242,23.14,351,email,True,rep_visit,0.2532
72,Joseph,Brennan,dermatology,high_value,TERR_49,Sacramento,CA,clinic,1.1,False,Mixed,2.0,6.0,8.0,7.0,6.0,0.0,0.0,0.25,0.5714285714285714,0.0,67.0,21.0,9.0,29.0,87.0,0.4117647058823529,0.5084745762711864,0.5714285714285714,0.5,0.7692307692307692,0.25,0.6,0.25641025641025644,0.0,0.35294117647058826,0.5882352941176471,0.0,0.125,0.30927835051546393,0.0,0.5252291364925948,0.40907161859098856,0.17770243481408285,0.1947169769604999,0.08977552615943879,26.57,277,rep_visit,True,rep_visit,0.5394
73,Rodney,Lewis,endocrinology,low_value,TERR_37,Jacksonville,FL,private_practice,1.6,False,In-Person-Heavy,0.0,4.0,6.0,13.0,2.0,0.0,0.5,0.8333333333333334,0.3076923076923077,0.5,,18.0,1.0,30.0,39.0,0.7647058823529411,0.5,0.3076923076923077,0.375,0.9677419354838709,0.8333333333333334,0.2,0.4347826086956522,0.5,0.23529411764705882,0.625,0.5,0.0,0.0,0.0,0.44242836297060323,0.765686416367835,0.42413585616126487,0.4706988867863079,0.0,38.81,47,phone_call,True,rep_visit,0.3242
74,Amber,Blair,primary_care,low_value,TERR_35,Raleigh,NC,clinic,1.0,False,Digital-Heavy,2.0,2.0,5.0,0.0,1.0,0.0,0.5,0.2,0.0,1.0,74.0,206.0,15.0,,122.0,0.0,0.0,0.0,0.3125,0.6666666666666666,0.2,0.1,0.19736842105263158,1.0,0.11764705882352941,0.1271186440677966,0.5,0.125,0.28846153846153844,0.0,0.0,0.3196257808295843,0.6472580302483619,0.34356624557656384,0.08548342927036026,26.29,281,webinar,True,rep_visit,0.4466
75,James,Collins,primary_care,medium_value,TERR_19,Arlington,TX,private_practice,0.5,False,Mixed,4.0,5.0,2.0,0.0,3.0,0.0,0.2,0.0,0.0,0.0,226.0,23.0,114.0,,186.0,0.0,0.0,0.0,0.125,0.20833333333333334,0.0,0.3,0.1388888888888889,0.0,0.29411764705882354,0.5660377358490566,0.2,0.25,0.1171875,0.0,0.0,0.06896226267351038,0.09105403961995474,0.29505309676821595,0.07617666519129429,10.61,487,email,True,rep_visit,0.3925
76,Wanda,Santos,endocrinology,high_value,TERR_12,Dallas,TX,private_practice,0.5,False,In-Person-Heavy,10.0,14.0,7.0,2.0,1.0,0.0,0.21428571428571427,0.2857142857142857,0.0,0.0,16.0,24.0,8.0,151.0,66.0,0.11764705882352941,0.16574585635359115,0.0,0.4375,0.7894736842105263,0.2857142857142857,0.1,0.3125,0.0,0.8235294117647058,0.5555555555555556,0.21428571428571427,0.625,0.6521739130434783,0.0,0.058651562512341666,0.42116170097275685,0.0852383333450751,0.41140807494380244,0.26450407747503807,24.84,320,phone_call,True,rep_visit,0.2228
77,Samuel,Holmes,endocrinology,low_value,TERR_05,Sacramento,CA,hospital,2.7,False,In-Person-Heavy,2.0,5.0,2.0,1.0,2.0,0.0,0.2,0.0,0.0,0.0,52.0,158.0,78.0,221.0,94.0,0.058823529411764705,0.1195219123505976,0.0,0.125,0.2777777777777778,0.0,0.2,0.24193548387096778,0.0,0.29411764705882354,0.1595744680851064,0.2,0.125,0.36585365853658536,0.0,0.036882221240966746,0.08328060705744696,0.09149483154004848,0.2112468096876077,0.10144045847122016,10.57,488,email,True,rep_visit,0.3265
78,David,Walker,endocrinology,low_value,TERR_36,Nashville,TN,private_practice,4.4,False,Digital-Heavy,2.0,2.0,4.0,8.0,1.0,0.0,0.5,0.25,0.375,0.0,16.0,53.0,112.0,21.0,290.0,0.47058823529411764,0.5882352941176471,0.375,0.25,0.2112676056338028,0.25,0.1,0.09375,0.0,0.11764705882352941,0.3614457831325301,0.5,0.125,0.6521739130434783,0.0,0.4388536212131528,0.24201399383656494,0.0401355485356749,0.39188078970565676,0.16047515938823542,25.19,313,rep_visit,True,rep_visit,0.5593
79,Matthew,Chapman,primary_care,medium_value,TERR_47,Jacksonville,FL,private_practice,2.7,False,In-Person-Heavy,4.0,7.0,5.0,2.0,3.0,0.0,0.0,0.2,1.0,0.6666666666666666,142.0,7.0,17.0,190.0,36.0,0.11764705882352941,0.13636363636363638,1.0,0.3125,0.6382978723404256,0.2,0.3,0.45454545454545453,0.6666666666666666,0.4117647058823529,0.8108108108108107,0.0,0.25,0.1744186046511628,0.0,0.6383514188880868,0.3137765848259336,0.5466427596484414,0.252847218958019,0.08797681237980015,34.91,107,rep_visit,True,rep_visit,0.3825
80,Jerry,Robinson,primary_care,high_value,TERR_38,San Antonio,TX,clinic,3.4,False,In-Person-Heavy,2.0,1.0,12.0,6.0,7.0,0.5,0.0,0.75,1.0,0.0,242.0,29.0,44.0,4.0,21.0,0.35294117647058826,0.8823529411764706,1.0,0.75,0.4054054054054054,0.75,0.7,0.5882352941176471,0.0,0.058823529411764705,0.5084745762711864,0.0,0.125,0.11029411764705882,0.5,0.8411173814019393,0.6789500532732229,0.2669252848089864,0.11707809919229599,0.3416271317744539,43.85,13,rep_visit,True,rep_visit,0.5194
81,Chad,Welch,dermatology,high_value,TERR_08,New Orleans,LA,private_practice,0.5,False,Digital-Heavy,12.0,11.0,3.0,0.0,4.0,0.0,0.2727272727272727,0.3333333333333333,0.0,0.0,53.0,16.0,32.0,,86.0,0.0,0.0,0.0,0.1875,0.48387096774193555,0.3333333333333333,0.4,0.25862068965517243,0.0,0.6470588235294118,0.6521739130434783,0.2727272727272727,0.75,0.3614457831325301,0.0,0.0,0.33403004112577517,0.13654662389927488,0.42884577166647786,0.23056777199599435,22.61,364,email,True,rep_visit,0.276
82,Jeremy,Whitehead,dermatology,low_value,TERR_07,Oklahoma City,OK,private_practice,1.3,True,Digital-Heavy,2.0,0.0,0.0,2.0,4.0,0.0,0.0,0.0,1.0,0.5,295.0,,,52.0,120.0,0.11764705882352941,0.36585365853658536,1.0,0.0,0.0,0.0,0.4,0.2,0.5,0.0,0.0,0.0,0.125,0.0923076923076923,0.0,0.68566862613824,0.0,0.41733896864403347,0.0,0.045039613441271734,21.94,380,Do Not Contact,False,rep_visit,0.5336
83,Michele,Jones,dermatology,high_value,TERR_26,Denver,CO,clinic,0.5,False,Mixed,4.0,3.0,6.0,5.0,8.0,0.0,0.0,0.0,0.2,0.75,106.0,247.0,37.0,80.0,4.0,0.29411764705882354,0.27272727272727276,0.2,0.375,0.44776119402985076,0.0,0.8,0.8823529411764706,0.75,0.17647058823529413,0.10830324909747294,0.0,0.25,0.22058823529411764,0.0,0.23457712556580532,0.17034295384660347,0.7876919716933594,0.05904650308258574,0.09749625885119985,25.46,304,webinar,True,rep_visit,0.3167
84,John,Caldwell,cardiology,high_value,TERR_20,Memphis,TN,private_practice,5.2,False,Digital-Heavy,1.0,4.0,8.0,8.0,1.0,0.0,0.5,0.375,0.875,0.0,133.0,11.0,25.0,1.0,30.0,0.47058823529411764,0.9677419354838709,0.875,0.5,0.5454545454545454,0.375,0.1,0.5,0.0,0.23529411764705882,0.7317073170731707,0.5,0.0625,0.18404907975460122,0.0,0.8099808812958537,0.4361522566459086,0.12389786318170384,0.49270024522991773,0.05095161950846137,36.43,80,rep_visit,True,rep_visit,0.3798
85,Jason,Anderson,dermatology,low_value,TERR_49,Oklahoma City,OK,hospital,0.5,False,Digital-Heavy,2.0,5.0,1.0,0.0,7.0,0.0,0.0,0.0,0.0,0.7142857142857143,186.0,17.0,158.0,,44.0,0.0,0.0,0.0,0.0625,0.1595744680851064,0.0,0.7,0.4054054054054054,0.7142857142857143,0.29411764705882354,0.6382978723404256,0.0,0.125,0.1388888888888889,0.0,0.0,0.04590534228138543,0.6476272327253387,0.1928003913096714,0.05464391828957381,17.78,431,webinar,True,rep_visit,0.3886
86,Selena,Duncan,primary_care,high_value,TERR_44,Minneapolis,MN,private_practice,1.8,False,In-Person-Heavy,1.0,12.0,8.0,3.0,3.0,0.0,0.0,0.25,0.0,0.3333333333333333,185.0,7.0,56.0,46.0,66.0,0.17647058823529413,0.39473684210526316,0.0,0.5,0.3488372093023256,0.25,0.3,0.3125,0.3333333333333333,0.7058823529411765,0.8108108108108107,0.0,0.0625,0.13953488372093023,0.0,0.11810457260310542,0.3223931259340273,0.3221025688123655,0.31404070018554997,0.04177349742996939,20.99,395,phone_call,True,rep_visit,0.3014
87,Thomas,Mueller,dermatology,medium_value,TERR_37,Kansas City,MO,private_practice,1.4,False,Mixed,5.0,7.0,0.0,0.0,7.0,0.2,0.2857142857142857,0.0,0.0,0.5714285714285714,35.0,43.0,,,63.0,0.0,0.0,0.0,0.0,0.0,0.0,0.7,0.3225806451612903,0.5714285714285714,0.4117647058823529,0.410958904109589,0.2857142857142857,0.3125,0.46153846153846145,0.2,0.0,0.0,0.5468703642225553,0.3377635197124564,0.2773315943416486,23.68,339,webinar,True,rep_visit,0.4164
88,Lindsey,Lee,cardiology,low_value,TERR_47,Raleigh,NC,hospital,4.5,False,Digital-Heavy,2.0,5.0,9.0,7.0,0.0,0.0,0.0,0.3333333333333333,0.42857142857142855,0.0,212.0,105.0,38.0,21.0,,0.4117647058823529,0.5882352941176471,0.42857142857142855,0.5625,0.4411764705882353,0.3333333333333333,0.0,0.0,0.0,0.29411764705882354,0.2222222222222222,0.0,0.125,0.12396694214876033,0.0,0.45799481807645237,0.4032488006958193,0.0,0.107012183256128,0.051567249248397354,19.24,421,rep_visit,True,rep_visit,0.6427
89,Collin,Jordan,primary_care,low_value,TERR_16,Nashville,TN,clinic,4.6,True,In-Person-Heavy,6.0,0.0,0.0,0.0,4.0,0.16666666666666666,0.0,0.0,0.0,0.0,8.0,,,,119.0,0.0,0.0,0.0,0.0,0.0,0.0,0.4,0.20134228187919462,0.0,0.0,0.0,0.0,0.375,0.7894736842105263,0.16666666666666666,0.0,0.0,0.12473672355575487,0.0,0.3384249904145603,10.89,486,Do Not Contact,False,rep_visit,0.3946
90,Rodney,Owens,primary_care,low_value,TERR_16,San Diego,CA,hospital,2.7,True,Digital-Heavy,2.0,0.0,0.0,4.0,6.0,0.0,0.0,0.0,0.0,0.0,66.0,,,84.0,21.0,0.23529411764705882,0.2631578947368421,0.0,0.0,0.0,0.0,0.6,0.5882352941176471,0.0,0.0,0.0,0.0,0.125,0.3125,0.0,0.103213774226416,0.0,0.2461195011916259,0.0,0.09043977924941524,8.77,497,Do Not Contact,False,rep_visit,0.3636
91,Jessica,Nunez,endocrinology,high_value,TERR_08,Cleveland,OH,private_practice,3.5,False,Digital-Heavy,1.0,2.0,9.0,8.0,7.0,0.0,0.0,0.8888888888888888,0.5,0.42857142857142855,50.0,225.0,81.0,28.0,25.0,0.47058823529411764,0.5172413793103449,0.5,0.5625,0.27027027027027023,0.8888888888888888,0.7,0.5454545454545454,0.42857142857142855,0.11764705882352941,0.11764705882352941,0.0,0.0625,0.37499999999999994,0.0,0.49743555117256905,0.6934317632143298,0.5091437169894354,0.04873435238850493,0.09032267443410781,34.15,128,phone_call,True,rep_visit,0.6942
92,Tracey,Garcia,endocrinology,low_value,TERR_27,Indianapolis,IN,private_practice,0.5,False,Digital-Heavy,1.0,7.0,2.0,3.0,3.0,0.0,0.2857142857142857,0.5,0.0,0.3333333333333333,198.0,29.0,161.0,74.0,44.0,0.17647058823529413,0.28846153846153844,0.0,0.125,0.15706806282722513,0.5,0.3,0.4054054054054054,0.3333333333333333,0.4117647058823529,0.5084745762711864,0.2857142857142857,0.0625,0.13157894736842105,0.0,0.09619228848517819,0.35127117833055777,0.34125819170438876,0.357869706578964,0.04013310938304594,22.24,373,email,True,rep_visit,0.2989
93,Richard,Morgan,primary_care,medium_value,TERR_46,Sacramento,CA,private_practice,0.5,False,Mixed,6.0,11.0,2.0,0.0,5.0,0.0,0.2727272727272727,0.0,0.0,0.4,35.0,59.0,249.0,,23.0,0.0,0.0,0.0,0.125,0.1075268817204301,0.0,0.5,0.5660377358490566,0.4,0.6470588235294118,0.33707865168539325,0.2727272727272727,0.375,0.46153846153846145,0.0,0.0,0.04817756921295729,0.45504013456702924,0.3638781201579273,0.17318360816295736,20.7,403,webinar,True,rep_visit,0.2949
94,Michelle,Wright,dermatology,medium_value,TERR_05,Wichita,KS,hospital,3.5,False,Digital-Heavy,2.0,6.0,5.0,3.0,0.0,0.0,0.0,0.2,0.3333333333333333,0.0,224.0,32.0,42.0,91.0,,0.17647058823529413,0.24793388429752067,0.3333333333333333,0.3125,0.4166666666666667,0.2,0.0,0.0,0.0,0.35294117647058826,0.48387096774193555,0.0,0.125,0.11811023622047244,0.0,0.2830887964224813,0.26807974104741267,0.0,0.173198706083692,0.05035968926130932,14.8,464,rep_visit,True,rep_visit,0.5154
95,James,West,primary_care,low_value,TERR_01,Seattle,WA,private_practice,1.1,False,Digital-Heavy,3.0,8.0,3.0,0.0,4.0,0.0,0.625,0.0,0.0,0.5,3.0,25.0,137.0,,57.0,0.0,0.0,0.0,0.1875,0.17964071856287425,0.0,0.4,0.3448275862068966,0.5,0.47058823529411764,0.5454545454545454,0.625,0.1875,0.9090909090909091,0.0,0.0,0.07604991478471027,0.4472001227247398,0.5764724096975825,0.22645098894499338,26.59,275,email,True,rep_visit,0.2162
96,Robert,Ramirez,primary_care,low_value,TERR_25,El Paso,TX,private_practice,1.0,False,In-Person-Heavy,3.0,5.0,5.0,4.0,4.0,0.0,0.0,0.2,0.75,0.25,45.0,100.0,113.0,30.0,60.0,0.23529411764705882,0.5,0.75,0.3125,0.2097902097902098,0.2,0.4,0.3333333333333333,0.25,0.29411764705882354,0.23076923076923073,0.0,0.1875,0.4,0.0,0.5913653680696491,0.2254250927428184,0.29839068868676466,0.10877444102645865,0.12148450793402565,25.97,289,rep_visit,True,rep_visit,0.5844
97,John,Leblanc,cardiology,medium_value,TERR_01,Boston,MA,clinic,0.5,False,Mixed,5.0,6.0,5.0,4.0,7.0,0.2,0.5,0.4,0.5,0.42857142857142855,7.0,0.0,248.0,24.0,37.0,0.23529411764705882,0.5555555555555556,0.5,0.3125,0.1079136690647482,0.4,0.7,0.44776119402985076,0.42857142857142855,0.35294117647058826,1.0,0.5,0.3125,0.8108108108108107,0.2,0.45638054240237136,0.32157136479794135,0.4890008954734714,0.5724953389505778,0.34934601998326886,43.45,16,email,True,rep_visit,0.2123
98,Scott,Callahan,endocrinology,medium_value,TERR_38,Chicago,IL,hospital,0.5,False,Digital-Heavy,1.0,3.0,9.0,7.0,3.0,1.0,0.0,0.2222222222222222,0.7142857142857143,0.3333333333333333,213.0,219.0,1.0,129.0,74.0,0.4117647058823529,0.18867924528301888,0.7142857142857143,0.5625,0.9677419354838709,0.2222222222222222,0.3,0.28846153846153844,0.3333333333333333,0.17647058823529413,0.12048192771084336,0.0,0.0625,0.1234567901234568,1.0,0.5429721200363349,0.44673403555734215,0.3171462188333105,0.061557553691782035,0.62421645391889,41.09,27,digital_ad,True,rep_visit,0.3308
99,Andrea,Williams,dermatology,medium_value,TERR_21,Columbus,OH,clinic,0.7,False,In-Person-Heavy,0.0,1.0,6.0,1.0,2.0,0.0,0.0,0.16666666666666666,1.0,0.5,,100.0,1.0,288.0,155.0,0.058823529411764705,0.09433962264150944,1.0,0.375,0.9677419354838709,0.16666666666666666,0.2,0.16216216216216214,0.5,0.058823529411764705,0.23076923076923073,0.0,0.0,0.0,0.0,0.6174480367100714,0.3751810799026963,0.36792583863147016,0.05981965604443387,0.0,26.28,282,rep_visit,True,rep_visit,0.3282
100,Yvette,Huff,primary_care,low_value,TERR_13,Houston,TX,private_practice,2.3,True,Digital-Heavy,0.0,0.0,0.0,5.0,2.0,0.0,0.0,0.0,1.0,0.5,,,,30.0,190.0,0.29411764705882354,0.5,1.0,0.0,0.0,0.0,0.2,0.13636363636363638,0.5,0.0,0.0,0.0,0.0,0.0,0.0,0.7500435654895823,0.0,0.36260659128294137,0.0,0.0,21.04,392,Do Not Contact,False,rep_visit,0.8583
101,Tanya,House,primary_care,low_value,TERR_26,Fresno,CA,clinic,1.6,True,In-Person-Heavy,1.0,0.0,0.0,12.0,1.0,0.0,0.0,0.0,0.5,1.0,79.0,,,10.0,183.0,0.7058823529411765,0.75,0.5,0.0,0.0,0.0,0.1,0.14084507042253522,1.0,0.0,0.0,0.0,0.0625,0.27522935779816515,0.0,0.5943814766414434,0.0,0.6356038107275596,0.0,0.06975154846599345,24.79,321,Do Not Contact,False,rep_visit,0.6181
102,Melinda,Martin,cardiology,low_value,TERR_44,Phoenix,AZ,hospital,1.0,True,In-Person-Heavy,3.0,0.0,0.0,4.0,0.0,0.0,0.0,0.0,0.5,0.0,170.0,,,123.0,,0.23529411764705882,0.19607843137254904,0.5,0.0,0.0,0.0,0.0,0.0,0.0,0.0,0.0,0.0,0.1875,0.15,0.0,0.3822620538266997,0.0,0.0,0.0,0.06993846815185399,9.14,495,Do Not Contact,False,rep_visit,0.5317
103,Todd,Lewis,cardiology,medium_value,TERR_39,Atlanta,GA,private_practice,7.5,False,In-Person-Heavy,4.0,10.0,5.0,3.0,3.0,0.0,0.2,0.6,0.6666666666666666,1.0,66.0,2.0,43.0,121.0,11.0,0.17647058823529413,0.19867549668874174,0.6666666666666666,0.3125,0.410958904109589,0.6,0.3,0.7317073170731707,1.0,0.5882352941176471,0.9375,0.2,0.25,0.3125,0.0,0.4681851654258996,0.5012060927031586,0.7990418134488285,0.4328362125777473,0.11644700877111591,43.76,14,webinar,True,rep_visit,0.2315
104,Richard,Brown,endocrinology,low_value,TERR_18,Baltimore,MD,hospital,4.1,False,Digital-Heavy,3.0,7.0,1.0,2.0,2.0,0.3333333333333333,0.14285714285714285,0.0,0.5,0.0,2.0,22.0,349.0,149.0,294.0,0.11764705882352941,0.16759776536312848,0.5,0.0625,0.079155672823219,0.0,0.2,0.09259259259259259,0.0,0.4117647058823529,0.5769230769230769,0.14285714285714285,0.1875,0.9375,0.3333333333333333,0.35191239916310996,0.029324260602171172,0.060702693079969824,0.28830298817267797,0.427561161698264,24.96,318,digital_ad,True,rep_visit,0.2614
105,Nicholas,Galloway,cardiology,low_value,TERR_15,Baltimore,MD,private_practice,0.5,False,Digital-Heavy,2.0,8.0,2.0,0.0,5.0,0.0,0.5,0.0,0.0,0.0,149.0,36.0,177.0,,32.0,0.0,0.0,0.0,0.125,0.14492753623188406,0.0,0.5,0.48387096774193555,0.0,0.47058823529411764,0.45454545454545453,0.5,0.125,0.16759776536312848,0.0,0.0,0.055888991714263946,0.20379544669745747,0.48450864464412474,0.060563233844944234,15.77,452,email,True,rep_visit,0.3108
106,Joseph,Bowers,oncology,high_value,TERR_04,San Jose,CA,private_practice,2.8,False,Digital-Heavy,0.0,3.0,11.0,13.0,5.0,0.0,0.0,0.18181818181818182,0.5384615384615384,0.0,,43.0,22.0,1.0,9.0,0.7647058823529411,0.9677419354838709,0.5384615384615384,0.6875,0.5769230769230769,0.18181818181818182,0.5,0.7692307692307692,0.0,0.17647058823529413,0.410958904109589,0.0,0.0,0.0,0.0,0.674044264788579,0.3684936172662561,0.26263211741656156,0.12144930481680076,0.0,26.55,278,rep_visit,True,rep_visit,0.3511
107,Spencer,Henderson,primary_care,high_value,TERR_02,Fort Worth,TX,private_practice,3.4,False,Digital-Heavy,4.0,10.0,7.0,8.0,5.0,0.0,0.1,0.5714285714285714,0.5,0.0,0.0,18.0,35.0,63.0,9.0,0.47058823529411764,0.3225806451612903,0.5,0.4375,0.46153846153846145,0.5714285714285714,0.5,0.7692307692307692,0.0,0.5882352941176471,0.625,0.1,0.25,1.0,0.0,0.4572995913866734,0.5209060827510693,0.26263211741656156,0.30982786238026194,0.25819861817208795,35.31,98,phone_call,True,rep_visit,0.3527
108,Susan,Cowan,cardiology,high_value,TERR_47,Nashville,TN,hospital,2.8,False,Digital-Heavy,11.0,9.0,6.0,1.0,6.0,0.0,0.1111111111111111,0.0,0.0,0.0,98.0,39.0,0.0,227.0,21.0,0.058823529411764705,0.11673151750972763,0.0,0.375,1.0,0.0,0.6,0.5882352941176471,0.0,0.5294117647058824,0.4347826086956522,0.1111111111111111,0.6875,0.234375,0.0,0.036306886027064944,0.28420584769378865,0.2461195011916259,0.2648777755314354,0.19136417466513958,20.21,410,phone_call,True,rep_visit,0.1423
109,Angela,Higgins,cardiology,medium_value,TERR_03,Albuquerque,NM,private_practice,2.0,False,Mixed,0.0,5.0,6.0,10.0,2.0,0.0,0.4,0.5,0.5,0.5,,53.0,148.0,21.0,143.0,0.5882352941176471,0.5882352941176471,0.5,0.375,0.16853932584269662,0.5,0.2,0.17341040462427745,0.5,0.29411764705882354,0.3614457831325301,0.4,0.0,0.0,0.0,0.5365507642913787,0.4056508300929481,0.370245048045197,0.3700210779724046,0.0,31.41,172,rep_visit,True,rep_visit,0.7133
110,Eric,Phillips,cardiology,low_value,TERR_19,Boston,MA,hospital,0.5,False,Mixed,0.0,4.0,2.0,8.0,1.0,0.0,0.0,0.0,0.625,0.0,,175.0,339.0,17.0,321.0,0.47058823529411764,0.6382978723404256,0.625,0.125,0.08130081300813008,0.0,0.1,0.08547008547008547,0.0,0.23529411764705882,0.14634146341463417,0.0,0.0,0.0,0.0,0.5956152329822575,0.04277016928826055,0.038428361320667084,0.07912807656183259,0.0,14.46,467,rep_visit,True,rep_visit,0.7477
111,Tanya,Riley,dermatology,medium_value,TERR_05,Raleigh,NC,private_practice,2.9,True,Mixed,2.0,0.0,0.0,6.0,2.0,0.5,0.0,0.0,0.5,0.5,28.0,,,87.0,116.0,0.35294117647058826,0.25641025641025644,0.5,0.0,0.0,0.0,0.2,0.2054794520547945,0.5,0.0,0.0,0.0,0.125,0.5172413793103449,0.5,0.41917891293181087,0.0,0.3768571776237161,0.0,0.42553321073022016,25.77,295,Do Not Contact,False,rep_visit,0.602
112,Amy,Adkins,endocrinology,high_value,TERR_14,Portland,OR,private_practice,2.1,False,Mixed,0.0,6.0,10.0,10.0,2.0,0.0,0.16666666666666666,0.4,0.9,0.0,,102.0,25.0,45.0,193.0,0.5882352941176471,0.4,0.9,0.625,0.5454545454545454,0.4,0.2,0.13452914798206278,0.0,0.35294117647058826,0.22727272727272727,0.16666666666666666,0.0,0.0,0.0,0.7320428303344739,0.47680343628505195,0.06934934648970133,0.21791854775493244,0.0,27.93,248,rep_visit,True,rep_visit,0.6845
113,Brian,Silva,dermatology,high_value,TERR_30,Miami,FL,private_practice,8.4,False,In-Person-Heavy,12.0,10.0,4.0,0.0,7.0,0.08333333333333333,0.3,0.75,0.0,0.42857142857142855,4.0,86.0,29.0,,73.0,0.0,0.0,0.0,0.25,0.5084745762711864,0.75,0.7,0.29126213592233013,0.42857142857142855,0.5882352941176471,0.25862068965517243,0.3,0.75,0.8823529411764706,0.08333333333333333,0.0,0.5961723655134722,0.4567332687731408,0.35143785329420707,0.38678374341954036,35.45,97,phone_call,True,rep_visit,0.2333
114,Wesley,Farrell,dermatology,high_value,TERR_08,Arlington,TX,private_practice,1.0,False,Mixed,11.0,8.0,3.0,0.0,6.0,0.18181818181818182,0.25,0.0,0.0,0.0,30.0,2.0,66.0,,81.0,0.0,0.0,0.0,0.1875,0.3125,0.0,0.6,0.27027027027027023,0.0,0.47058823529411764,0.9375,0.25,0.6875,0.5,0.18181818181818182,0.0,0.10344339401026557,0.18056015011732174,0.4376467203216203,0.35263329733328025,22.69,361,email,True,rep_visit,0.1664
115,Eric,Yu,cardiology,medium_value,TERR_26,Memphis,TN,private_practice,2.4,False,Digital-Heavy,2.0,4.0,9.0,5.0,4.0,0.0,0.0,0.4444444444444444,0.2,0.0,23.0,31.0,37.0,44.0,10.0,0.29411764705882354,0.4054054054054054,0.2,0.5625,0.44776119402985076,0.4444444444444444,0.4,0.75,0.0,0.23529411764705882,0.49180327868852464,0.0,0.125,0.5660377358490566,0.0,0.2619332547868104,0.46969068910591355,0.2378612538159571,0.15035683045514936,0.14271524412284403,24.13,332,phone_call,True,rep_visit,0.3792
116,Christopher,Lopez,oncology,high_value,TERR_07,Chicago,IL,cancer_center,0.5,False,In-Person-Heavy,12.0,5.0,3.0,2.0,6.0,0.08333333333333333,0.2,0.0,0.5,0.16666666666666666,31.0,59.0,43.0,154.0,36.0,0.11764705882352941,0.16304347826086957,0.5,0.1875,0.410958904109589,0.0,0.6,0.45454545454545453,0.16666666666666666,0.29411764705882354,0.33707865168539325,0.2,0.75,0.49180327868852464,0.08333333333333333,0.3509733773065001,0.12374406036283317,0.31618110815166905,0.24784536052505685,0.3062585896614709,27.35,257,rep_visit,True,rep_visit,0.347
117,Brooke,Leonard,cardiology,medium_value,TERR_15,Oklahoma City,OK,hospital,7.5,False,In-Person-Heavy,8.0,6.0,3.0,3.0,5.0,0.0,0.6666666666666666,0.3333333333333333,0.3333333333333333,0.0,71.0,18.0,37.0,4.0,9.0,0.17647058823529413,0.8823529411764706,0.3333333333333333,0.1875,0.44776119402985076,0.3333333333333333,0.5,0.7692307692307692,0.0,0.35294117647058826,0.625,0.6666666666666666,0.5,0.297029702970297,0.0,0.41389595620028197,0.32658477779662176,0.26263211741656156,0.592802613393605,0.1652717376299769,34.31,124,email,True,rep_visit,0.2256
118,Joe,Wilson,dermatology,low_value,TERR_17,Colorado Springs,CO,private_practice,0.5,False,In-Person-Heavy,1.0,1.0,6.0,10.0,4.0,1.0,0.0,0.5,0.4,0.25,22.0,350.0,8.0,17.0,52.0,0.5882352941176471,0.6382978723404256,0.4,0.375,0.7894736842105263,0.5,0.4,0.36585365853658536,0.25,0.058823529411764705,0.07894736842105264,0.0,0.0625,0.5769230769230769,1.0,0.48829707441628556,0.5336776586471297,0.3050958645933886,0.028516393018823562,0.7177140189558775,43.06,19,digital_ad,True,rep_visit,0.4691
119,Pamela,Sanchez,oncology,medium_value,TERR_10,Chicago,IL,cancer_center,2.3,False,Mixed,10.0,6.0,6.0,0.0,2.0,0.2,0.6666666666666666,0.0,0.0,0.5,3.0,38.0,7.0,,113.0,0.0,0.0,0.0,0.375,0.8108108108108107,0.0,0.2,0.2097902097902098,0.5,0.35294117647058826,0.4411764705882353,0.6666666666666666,0.625,0.9090909090909091,0.2,0.0,0.24519803380457764,0.3777459875826002,0.5549011135537729,0.43462789321048734,33.14,146,email,True,rep_visit,0.189
120,Brooke,Harvey,primary_care,high_value,TERR_47,El Paso,TX,private_practice,0.5,False,Digital-Heavy,4.0,10.0,9.0,6.0,2.0,0.0,0.2,0.2222222222222222,0.8333333333333334,0.0,39.0,24.0,45.0,11.0,274.0,0.35294117647058826,0.7317073170731707,0.8333333333333334,0.5625,0.4,0.2222222222222222,0.2,0.09868421052631579,0.0,0.5882352941176471,0.5555555555555556,0.2,0.25,0.4347826086956522,0.0,0.7124303059534995,0.3296746419875072,0.06195868820136777,0.35408531846609614,0.14165974562109118,31.15,178,rep_visit,True,rep_visit,0.4836
121,Robert,Silva,oncology,high_value,TERR_37,Philadelphia,PA,cancer_center,0.5,False,Digital-Heavy,7.0,6.0,8.0,2.0,3.0,0.14285714285714285,0.3333333333333333,0.25,0.0,0.3333333333333333,32.0,22.0,7.0,87.0,129.0,0.11764705882352941,0.25641025641025644,0.0,0.5,0.8108108108108107,0.25,0.3,0.18867924528301888,0.3333333333333333,0.35294117647058826,0.5769230769230769,0.3333333333333333,0.4375,0.48387096774193555,0.14285714285714285,0.07734512560093204,0.4176447645007053,0.2965726906183654,0.38763724520292564,0.27447154689342257,28.77,233,phone_call,True,rep_visit,0.1729
122,Alexandra,Donovan,endocrinology,medium_value,TERR_45,Philadelphia,PA,clinic,4.4,False,Mixed,7.0,4.0,4.0,1.0,4.0,0.0,0.25,0.0,0.0,0.0,22.0,9.0,94.0,36.0,239.0,0.058823529411764705,0.45454545454545453,0.0,0.25,0.24193548387096778,0.0,0.4,0.11152416356877323,0.0,0.23529411764705882,0.7692307692307692,0.25,0.4375,0.5769230769230769,0.0,0.10595876857672738,0.10189772334872874,0.10621765035739975,0.3539974854862107,0.20997770282327152,18.07,429,email,True,rep_visit,0.3052
123,James,Moran,dermatology,high_value,TERR_48,Houston,TX,hospital,3.3,False,Digital-Heavy,2.0,6.0,8.0,6.0,3.0,0.0,0.0,0.5,0.8333333333333334,0.6666666666666666,267.0,134.0,9.0,50.0,224.0,0.35294117647058826,0.37499999999999994,0.8333333333333334,0.5,0.7692307692307692,0.5,0.3,0.11811023622047244,0.6666666666666666,0.35294117647058826,0.18292682926829268,0.0,0.125,0.10101010101010101,0.0,0.638882907727718,0.5555111197654156,0.4772751470568289,0.11114879194779692,0.04683391226197204,34.02,130,rep_visit,True,rep_visit,0.5528
124,John,Foster,cardiology,medium_value,TERR_24,Dallas,TX,private_practice,0.5,False,In-Person-Heavy,2.0,0.0,7.0,0.0,2.0,0.0,0.0,0.5714285714285714,0.0,0.0,290.0,,29.0,,81.0,0.0,0.0,0.0,0.4375,0.5084745762711864,0.5714285714285714,0.2,0.27027027027027023,0.0,0.0,0.0,0.0,0.125,0.09375,0.0,0.0,0.5305835661000038,0.09733701564787961,0.0,0.04533699444001504,12.14,481,phone_call,True,rep_visit,0.5533
125,Emily,Evans,cardiology,high_value,TERR_04,Charlotte,NC,hospital,3.4,False,Mixed,1.0,3.0,11.0,13.0,5.0,0.0,0.0,0.18181818181818182,0.6923076923076923,0.0,268.0,56.0,23.0,11.0,53.0,0.7647058823529411,0.7317073170731707,0.6923076923076923,0.6875,0.5660377358490566,0.18181818181818182,0.5,0.3614457831325301,0.0,0.17647058823529413,0.3488372093023256,0.0,0.0625,0.10067114093959731,0.0,0.7154942815736481,0.3662492323700803,0.17855331295259302,0.10864079540931625,0.0337604093040067,26.38,280,rep_visit,True,rep_visit,0.6439
126,Leslie,Walton,primary_care,high_value,TERR_02,Charlotte,NC,private_practice,1.1,False,In-Person-Heavy,2.0,9.0,7.0,3.0,5.0,0.0,0.1111111111111111,0.2857142857142857,0.0,0.6,78.0,72.0,0.0,122.0,148.0,0.17647058823529413,0.19736842105263158,0.0,0.4375,1.0,0.2857142857142857,0.5,0.16853932584269662,0.6,0.5294117647058824,0.29411764705882354,0.1111111111111111,0.125,0.2777777777777778,0.0,0.07741033066981201,0.4645688923682698,0.49023386008441955,0.23587488869747691,0.08328060705744696,25.26,310,webinar,True,rep_visit,0.1709
127,Charles,Ellis,cardiology,low_value,TERR_04,Denver,CO,hospital,1.8,False,In-Person-Heavy,6.0,6.0,2.0,0.0,1.0,0.0,0.6666666666666666,0.5,0.0,0.0,56.0,99.0,23.0,,256.0,0.0,0.0,0.0,0.125,0.5660377358490566,0.5,0.1,0.1048951048951049,0.0,0.35294117647058826,0.23255813953488372,0.6666666666666666,0.375,0.3488372093023256,0.0,0.0,0.43559424647169803,0.04243349261687311,0.5118873183867076,0.14994639523789965,22.25,372,email,True,rep_visit,0.2774
128,Yolanda,Ferrell,endocrinology,low_value,TERR_47,New York,NY,clinic,3.7,False,Digital-Heavy,3.0,13.0,3.0,1.0,8.0,0.0,0.07692307692307693,0.3333333333333333,0.0,0.75,74.0,16.0,21.0,92.0,140.0,0.058823529411764705,0.24590163934426232,0.0,0.1875,0.5882352941176471,0.3333333333333333,0.8,0.1764705882352941,0.75,0.7647058823529411,0.6521739130434783,0.07692307692307693,0.1875,0.28846153846153844,0.0,0.06293971898206849,0.355548312002583,0.6421502123084041,0.33862928911178514,0.0984870440312106,28.26,242,webinar,True,rep_visit,0.3306
129,Charles,Lewis,oncology,high_value,TERR_13,Miami,FL,cancer_center,6.0,False,Digital-Heavy,0.0,3.0,9.0,13.0,2.0,0.0,0.6666666666666666,0.3333333333333333,0.5384615384615384,0.0,,126.0,8.0,59.0,24.0,0.7647058823529411,0.33707865168539325,0.5384615384615384,0.5625,0.7894736842105263,0.3333333333333333,0.2,0.5555555555555556,0.0,0.17647058823529413,0.1923076923076923,0.6666666666666666,0.0,0.0,0.0,0.5440114859252537,0.4750621688133959,0.15615832230621363,0.466872225034097,0.0,30.77,188,rep_visit,True,rep_visit,0.6243
130,Joseph,Mahoney,cardiology,medium_value,TERR_10,Phoenix,AZ,private_practice,2.8,False,Mixed,5.0,7.0,5.0,3.0,6.0,0.0,0.2857142857142857,0.4,0.3333333333333333,0.5,1.0,56.0,22.0,191.0,11.0,0.17647058823529413,0.13574660633484165,0.3333333333333333,0.3125,0.5769230769230769,0.4,0.6,0.7317073170731707,0.5,0.4117647058823529,0.3488372093023256,0.2857142857142857,0.3125,0.9677419354838709,0.0,0.25995755685081007,0.41827367518065406,0.5685801619520562,0.32495501030497187,0.26455113102556127,35.76,93,webinar,True,rep_visit,0.296
131,Nicole,Suarez,oncology,low_value,TERR_37,Dallas,TX,private_practice,1.9,True,In-Person-Heavy,6.0,0.0,0.0,4.0,1.0,0.16666666666666666,0.0,0.0,0.25,1.0,84.0,,,74.0,144.0,0.23529411764705882,0.28846153846153844,0.25,0.0,0.0,0.0,0.1,0.1724137931034483,1.0,0.0,0.0,0.0,0.375,0.2631578947368421,0.16666666666666666,0.25487048590511135,0.0,0.6421127812682903,0.0,0.22990701192577787,22.45,365,Do Not Contact,False,rep_visit,0.4626
132,Mike,Moore,primary_care,high_value,TERR_38,Sacramento,CA,private_practice,3.9,False,In-Person-Heavy,3.0,1.0,6.0,15.0,1.0,0.0,0.0,0.5,0.7333333333333333,1.0,16.0,177.0,42.0,53.0,349.0,0.8823529411764706,0.3614457831325301,0.7333333333333333,0.375,0.4166666666666667,0.5,0.1,0.079155672823219,1.0,0.058823529411764705,0.14492753623188406,0.0,0.1875,0.6521739130434783,0.0,0.6876607086600358,0.4568107572175754,0.6228844341563894,0.042120458438069476,0.17347877414908575,37.76,63,rep_visit,True,rep_visit,0.7387
133,Martha,Warner,primary_care,low_value,TERR_11,Dallas,TX,clinic,1.7,True,Digital-Heavy,1.0,0.0,0.0,2.0,5.0,0.0,0.0,0.0,1.0,0.0,270.0,,,238.0,65.0,0.11764705882352941,0.11194029850746269,1.0,0.0,0.0,0.0,0.5,0.31578947368421056,0.0,0.0,0.0,0.0,0.0625,0.1,0.0,0.6333157135090958,0.0,0.16913970518007213,0.0,0.033622030673718994,16.12,447,Do Not Contact,False,rep_visit,0.531
134,Cheryl,Archer,oncology,medium_value,TERR_40,El Paso,TX,hospital,4.2,False,Digital-Heavy,5.0,5.0,9.0,5.0,3.0,0.0,0.2,0.6666666666666666,0.6,0.6666666666666666,0.0,10.0,74.0,37.0,43.0,0.29411764705882354,0.44776119402985076,0.6,0.5625,0.28846153846153844,0.6666666666666666,0.3,0.410958904109589,0.6666666666666666,0.29411764705882354,0.75,0.2,0.3125,1.0,0.0,0.5049695493276573,0.5670140690614512,0.5376559033975024,0.33298320151358757,0.27120223293293827,42.83,22,phone_call,True,rep_visit,0.3203
135,Destiny,Smith,endocrinology,high_value,TERR_30,Sacramento,CA,hospital,3.3,False,Mixed,4.0,4.0,4.0,2.0,6.0,0.0,0.0,0.25,0.0,0.0,28.0,8.0,127.0,14.0,1.0,0.11764705882352941,0.6818181818181818,0.0,0.25,0.19108280254777069,0.25,0.6,0.9677419354838709,0.0,0.23529411764705882,0.7894736842105263,0.0,0.25,0.5172413793103449,0.0,0.16505750098784416,0.23785220718509328,0.3243677589254728,0.21173175271519845,0.15866143790306683,21.43,385,webinar,True,rep_visit,0.251
136,Lisa,Evans,dermatology,high_value,TERR_14,Portland,OR,private_practice,3.7,False,Digital-Heavy,6.0,5.0,10.0,4.0,1.0,0.16666666666666666,0.0,0.6,0.5,1.0,120.0,112.0,30.0,24.0,316.0,0.23529411764705882,0.5555555555555556,0.5,0.625,0.5,0.6,0.1,0.08670520231213873,1.0,0.29411764705882354,0.2112676056338028,0.0,0.375,0.2,0.16666666666666666,0.45638054240237136,0.5845830299914714,0.6244410275458795,0.10475351484626759,0.21688485450712397,37.9,60,webinar,True,rep_visit,0.632
137,Elizabeth,Mcmillan,endocrinology,low_value,TERR_40,Columbus,OH,private_practice,2.0,False,In-Person-Heavy,1.0,3.0,4.0,2.0,1.0,0.0,0.3333333333333333,0.0,0.0,0.0,143.0,98.0,10.0,80.0,315.0,0.11764705882352941,0.27272727272727276,0.0,0.25,0.75,0.0,0.1,0.08695652173913043,0.0,0.17647058823529413,0.234375,0.3333333333333333,0.0625,0.17341040462427745,0.0,0.08070943588974511,0.2066525783899163,0.0387348409328985,0.28029316926487385,0.048758093222472286,12.61,478,email,True,rep_visit,0.32
138,Dennis,Wilson,cardiology,medium_value,TERR_15,Tucson,AZ,hospital,5.7,False,Digital-Heavy,6.0,8.0,5.0,2.0,4.0,0.16666666666666666,0.25,0.4,0.0,0.25,2.0,93.0,79.0,176.0,52.0,0.11764705882352941,0.14563106796116507,0.0,0.3125,0.27522935779816515,0.4,0.4,0.36585365853658536,0.25,0.47058823529411764,0.24390243902439027,0.25,0.375,0.9375,0.16666666666666666,0.054504211781597825,0.35606920938847797,0.3050958645933886,0.29463789043815625,0.36894567186453037,27.99,247,digital_ad,True,rep_visit,0.2051
139,Daniel,Tran,primary_care,high_value,TERR_40,Colorado Springs,CO,private_practice,1.7,False,In-Person-Heavy,5.0,7.0,6.0,4.0,3.0,0.0,0.0,0.5,0.75,0.0,79.0,60.0,35.0,171.0,67.0,0.23529411764705882,0.14925373134328357,0.75,0.375,0.46153846153846145,0.5,0.3,0.30927835051546393,0.0,0.4117647058823529,0.3333333333333333,0.0,0.3125,0.27522935779816515,0.0,0.5190470435991396,0.46606261051181136,0.12618564748981972,0.1543989267614389,0.12176600750939477,26.53,279,rep_visit,True,rep_visit,0.5202
140,Joseph,Jacobs,cardiology,low_value,TERR_08,Omaha,NE,private_practice,2.9,True,Mixed,5.0,0.0,0.0,1.0,4.0,0.0,0.0,0.0,0.0,1.0,43.0,,,51.0,79.0,0.058823529411764705,0.37037037037037035,0.0,0.0,0.0,0.0,0.4,0.27522935779816515,1.0,0.0,0.0,0.0,0.3125,0.410958904109589,0.0,0.08860319962650123,0.0,0.7257290728722932,0.0,0.14975128988453384,18.73,426,Do Not Contact,False,rep_visit,0.4816
141,Jennifer,Harris,endocrinology,medium_value,TERR_36,Louisville,KY,clinic,4.2,False,In-Person-Heavy,5.0,6.0,1.0,0.0,1.0,0.0,0.16666666666666666,0.0,0.0,0.0,203.0,28.0,200.0,,99.0,0.0,0.0,0.0,0.0625,0.13043478260869565,0.0,0.1,0.23255813953488372,0.0,0.35294117647058826,0.5172413793103449,0.16666666666666666,0.3125,0.12875536480686695,0.0,0.0,0.039897200734157284,0.0687555880658923,0.27770549044898735,0.09156539043026281,9.75,492,email,True,rep_visit,0.3237
142,Cynthia,Baker,primary_care,high_value,TERR_33,Houston,TX,private_practice,2.9,False,Digital-Heavy,1.0,5.0,7.0,14.0,6.0,0.0,0.4,0.2857142857142857,0.6428571428571429,0.0,36.0,126.0,16.0,21.0,122.0,0.8235294117647058,0.5882352941176471,0.6428571428571429,0.4375,0.6521739130434783,0.2857142857142857,0.6,0.19736842105263158,0.0,0.29411764705882354,0.1923076923076923,0.4,0.0625,0.45454545454545453,0.0,0.669185264230219,0.3928526631061179,0.1655289436374566,0.33514748293905394,0.10672368709207153,32.04,160,rep_visit,True,rep_visit,0.6291
143,Tracy,Whitehead,oncology,low_value,TERR_31,Wichita,KS,cancer_center,2.0,False,In-Person-Heavy,4.0,4.0,4.0,0.0,4.0,0.25,0.5,0.5,0.0,0.25,199.0,164.0,43.0,,74.0,0.0,0.0,0.0,0.25,0.410958904109589,0.5,0.4,0.28846153846153844,0.25,0.23529411764705882,0.15463917525773196,0.5,0.25,0.13100436681222707,0.25,0.0,0.4296266774725375,0.2891388353925287,0.3737179356497478,0.2254649854311934,25.84,293,phone_call,True,rep_visit,0.3745
144,Meghan,Davis,endocrinology,medium_value,TERR_15,Louisville,KY,private_practice,2.0,False,Mixed,2.0,10.0,3.0,3.0,3.0,0.0,0.1,0.0,1.0,0.3333333333333333,224.0,2.0,39.0,16.0,67.0,0.17647058823529413,0.6521739130434783,1.0,0.1875,0.4347826086956522,0.0,0.3,0.30927835051546393,0.3333333333333333,0.5882352941176471,0.9375,0.1,0.125,0.11811023622047244,0.0,0.7569420233007613,0.12865613086024086,0.32143831572238907,0.37426041210797645,0.05035968926130932,31.31,175,rep_visit,True,rep_visit,0.2417
145,Rodney,Hill,dermatology,medium_value,TERR_26,Miami,FL,private_practice,4.8,False,In-Person-Heavy,3.0,0.0,8.0,14.0,3.0,0.3333333333333333,0.0,0.5,0.5714285714285714,1.0,21.0,,16.0,1.0,56.0,0.8235294117647058,0.9677419354838709,0.5714285714285714,0.5,0.6521739130434783,0.5,0.3,0.3488372093023256,1.0,0.0,0.0,0.0,0.1875,0.5882352941176471,0.3333333333333333,0.7055936644856581,0.5313758503021914,0.7201000622225873,0.0,0.355548312002583,44.98,9,webinar,True,rep_visit,0.4744
146,Adam,Wise,cardiology,high_value,TERR_10,Virginia Beach,VA,private_practice,8.5,False,Mixed,2.0,2.0,9.0,7.0,5.0,0.0,1.0,0.3333333333333333,0.7142857142857143,0.4,44.0,113.0,16.0,58.0,21.0,0.4117647058823529,0.3409090909090909,0.7142857142857143,0.5625,0.6521739130434783,0.3333333333333333,0.5,0.5882352941176471,0.4,0.11764705882352941,0.2097902097902098,1.0,0.125,0.4054054054054054,0.0,0.5743595027510364,0.44675313094675706,0.4596169194533486,0.6534908151877457,0.10959540214143848,42.85,21,email,True,rep_visit,0.6722
147,Dana,Green,oncology,medium_value,TERR_25,Tucson,AZ,private_practice,4.9,False,In-Person-Heavy,4.0,2.0,4.0,0.0,2.0,0.5,0.0,0.25,0.0,0.0,45.0,232.0,3.0,,35.0,0.0,0.0,0.0,0.25,0.9090909090909091,0.25,0.2,0.46153846153846145,0.0,0.11764705882352941,0.11450381679389311,0.0,0.25,0.4,0.5,0.0,0.3858941048802707,0.1367734868325764,0.04808626567368643,0.42736712504373,21.03,393,digital_ad,True,rep_visit,0.2234
148,Joyce,Arnold,endocrinology,medium_value,TERR_48,Houston,TX,clinic,9.8,False,Mixed,0.0,4.0,2.0,3.0,1.0,0.0,0.5,0.0,1.0,0.0,,23.0,101.0,3.0,270.0,0.17647058823529413,0.9090909090909091,1.0,0.125,0.22900763358778622,0.0,0.1,0.1,0.0,0.23529411764705882,0.5660377358490566,0.5,0.0,0.0,0.0,0.809914238096669,0.07322497588704874,0.041424199530229196,0.45854180193202215,0.0,26.65,273,rep_visit,True,rep_visit,0.4278
149,Ronald,Smith,dermatology,medium_value,TERR_09,Louisville,KY,hospital,1.4,False,In-Person-Heavy,2.0,2.0,9.0,9.0,5.0,0.0,0.0,0.2222222222222222,0.7777777777777778,0.6,185.0,158.0,57.0,66.0,3.0,0.5294117647058824,0.3125,0.7777777777777778,0.5625,0.3448275862068966,0.2222222222222222,0.5,0.9090909090909091,0.6,0.11764705882352941,0.1595744680851064,0.0,0.125,0.13953488372093023,0.0,0.6301703751465989,0.3182989642424762,0.6429238655678698,0.05737912001154749,0.054777112190819724,31.89,165,webinar,True,rep_visit,0.3852
150,Charles,Ware,primary_care,medium_value,TERR_46,Mesa,AZ,hospital,1.1,False,Digital-Heavy,0.0,2.0,7.0,10.0,4.0,0.0,0.0,0.42857142857142855,0.7,0.25,,50.0,31.0,10.0,77.0,0.5882352941176471,0.75,0.7,0.4375,0.49180327868852464,0.42857142857142855,0.4,0.2803738317757009,0.25,0.11764705882352941,0.37499999999999994,0.0,0.0,0.0,0.0,0.6870556850899725,0.4434664936695232,0.28747127839022985,0.10179645216426986,0.0,28.17,245,rep_visit,True,rep_visit,0.7413
151,Rebecca,Gardner,dermatology,medium_value,TERR_40,Charlotte,NC,private_practice,3.6,False,Digital-Heavy,10.0,7.0,2.0,0.0,2.0,0.0,0.0,0.5,0.0,0.0,10.0,86.0,197.0,,121.0,0.0,0.0,0.0,0.125,0.13215859030837004,0.5,0.2,0.19867549668874174,0.0,0.4117647058823529,0.25862068965517243,0.0,0.625,0.75,0.0,0.0,0.3461352396849185,0.08257530745896344,0.1389943631483761,0.2846742669550183,17.51,434,phone_call,True,rep_visit,0.2924
152,Mary,Aguilar,dermatology,high_value,TERR_10,Portland,OR,private_practice,2.0,False,Digital-Heavy,2.0,4.0,11.0,8.0,7.0,0.0,0.0,0.36363636363636365,0.75,0.42857142857142855,11.0,92.0,37.0,22.0,67.0,0.47058823529411764,0.5769230769230769,0.75,0.6875,0.44776119402985076,0.36363636363636365,0.7,0.30927835051546393,0.42857142857142855,0.23529411764705882,0.24590163934426232,0.0,0.125,0.7317073170731707,0.0,0.6561804729846498,0.4483639384500217,0.4604479268297081,0.09965580771858706,0.17687368742073967,35.27,99,rep_visit,True,rep_visit,0.6633
153,Earl,Anderson,primary_care,high_value,TERR_27,Indianapolis,IN,private_practice,0.5,False,Mixed,2.0,0.0,13.0,10.0,1.0,0.0,0.0,0.07692307692307693,0.8,0.0,74.0,,17.0,2.0,220.0,0.5882352941176471,0.9375,0.8,0.8125,0.6382978723404256,0.07692307692307693,0.1,0.12000000000000002,0.0,0.0,0.0,0.0,0.125,0.28846153846153844,0.0,0.7842910153963721,0.3457122100268646,0.04554788271280293,0.0,0.08548342927036026,24.1,333,rep_visit,True,rep_visit,0.4859
154,Kyle,Nolan,cardiology,high_value,TERR_24,Oklahoma City,OK,private_practice,0.5,False,Mixed,2.0,7.0,5.0,6.0,6.0,0.5,0.2857142857142857,0.2,0.6666666666666666,0.3333333333333333,172.0,25.0,60.0,37.0,2.0,0.35294117647058826,0.44776119402985076,0.6666666666666666,0.3125,0.3333333333333333,0.2,0.6,0.9375,0.3333333333333333,0.4117647058823529,0.5454545454545454,0.2857142857142857,0.125,0.1485148514851485,0.5,0.5562587792196774,0.2508977277866888,0.5133850191198762,0.3654943904296396,0.34950764164214176,40.52,35,rep_visit,True,rep_visit,0.2724
155,Laura,Valencia,endocrinology,low_value,TERR_22,Portland,OR,private_practice,2.1,False,In-Person-Heavy,1.0,4.0,5.0,1.0,3.0,0.0,0.5,0.0,0.0,0.0,87.0,18.0,81.0,318.0,115.0,0.058823529411764705,0.08620689655172414,0.0,0.3125,0.27027027027027023,0.0,0.3,0.2068965517241379,0.0,0.23529411764705882,0.625,0.5,0.0625,0.25641025641025644,0.0,0.030013192722117114,0.12074352221741019,0.10507614239594779,0.4706988867863079,0.06587134787077,15.54,457,email,True,rep_visit,0.3221
156,Rachel,Clark,endocrinology,low_value,TERR_17,Washington,DC,private_practice,0.5,False,Digital-Heavy,3.0,2.0,10.0,8.0,3.0,0.0,0.0,0.4,0.125,0.0,235.0,197.0,15.0,7.0,21.0,0.47058823529411764,0.8108108108108107,0.125,0.625,0.6666666666666666,0.4,0.3,0.5882352941176471,0.0,0.11764705882352941,0.13215859030837004,0.0,0.1875,0.11320754716981134,0.0,0.33830566579073873,0.5017954555733776,0.18370215033954432,0.05172640030537626,0.06235244720277967,21.18,388,phone_call,True,phone_call,0.2226
157,John,Garcia,primary_care,low_value,TERR_13,Baltimore,MD,private_practice,6.7,False,Digital-Heavy,5.0,9.0,4.0,3.0,1.0,0.2,0.1111111111111111,0.25,0.6666666666666666,1.0,100.0,67.0,15.0,192.0,220.0,0.17647058823529413,0.13513513513513511,0.6666666666666666,0.25,0.6666666666666666,0.25,0.1,0.12000000000000002,1.0,0.5294117647058824,0.30927835051546393,0.1111111111111111,0.3125,0.23076923076923073,0.2,0.4550841494082365,0.3359100663036194,0.631305887410511,0.2390007855914837,0.22975063454272093,36.65,74,webinar,True,rep_visit,0.4595
158,Kimberly,Henson,cardiology,medium_value,TERR_32,Baltimore,MD,private_practice,1.2,False,Mixed,8.0,9.0,1.0,1.0,5.0,0.125,0.1111111111111111,0.0,1.0,0.2,8.0,23.0,165.0,227.0,2.0,0.058823529411764705,0.11673151750972763,1.0,0.0625,0.15384615384615385,0.0,0.5,0.9375,0.2,0.5294117647058824,0.5660377358490566,0.1111111111111111,0.5,0.7894736842105263,0.125,0.622064890724773,0.04472425462680212,0.414478168209488,0.29194050355488893,0.34002563640718986,34.71,112,rep_visit,True,rep_visit,0.2028
159,Richard,Oliver,dermatology,low_value,TERR_01,Columbus,OH,clinic,3.3,False,In-Person-Heavy,0.0,4.0,3.0,4.0,2.0,0.0,0.0,0.0,0.75,0.5,,77.0,38.0,22.0,18.0,0.23529411764705882,0.5769230769230769,0.75,0.1875,0.4411764705882353,0.0,0.2,0.625,0.5,0.23529411764705882,0.2803738317757009,0.0,0.0,0.0,0.0,0.607225688002625,0.12997444389814805,0.46335566903900416,0.10676342772838551,0.0,24.48,326,rep_visit,True,rep_visit,0.6921
160,Eric,Spears,cardiology,high_value,TERR_28,Arlington,TX,private_practice,4.5,False,Digital-Heavy,9.0,14.0,3.0,1.0,3.0,0.4444444444444444,0.14285714285714285,0.6666666666666666,0.0,0.3333333333333333,36.0,84.0,77.0,268.0,127.0,0.058823529411764705,0.10067114093959731,0.0,0.1875,0.2803738317757009,0.6666666666666666,0.3,0.19108280254777069,0.3333333333333333,0.8235294117647058,0.2631578947368421,0.14285714285714285,0.5625,0.45454545454545453,0.4444444444444444,0.03299549078866257,0.4873248234940503,0.2970682660519159,0.3092804516382933,0.4710894961556333,32.6,153,phone_call,True,phone_call,0.3315
161,Michelle,Cherry,oncology,low_value,TERR_39,Chicago,IL,hospital,1.0,False,In-Person-Heavy,2.0,4.0,4.0,4.0,2.0,0.0,0.5,0.25,0.75,0.0,72.0,46.0,4.0,14.0,192.0,0.23529411764705882,0.6818181818181818,0.75,0.25,0.8823529411764706,0.25,0.2,0.13513513513513511,0.0,0.23529411764705882,0.39473684210526316,0.5,0.125,0.29411764705882354,0.0,0.6288533970021375,0.3803811594490224,0.06947429144130034,0.4232222711974656,0.08664962926543203,30.52,196,rep_visit,True,rep_visit,0.2551
162,Lisa,Keith,oncology,medium_value,TERR_33,Nashville,TN,hospital,1.7,False,Digital-Heavy,3.0,9.0,7.0,6.0,5.0,0.0,0.0,0.2857142857142857,0.6666666666666666,0.0,86.0,22.0,64.0,35.0,94.0,0.35294117647058826,0.46153846153846145,0.6666666666666666,0.4375,0.3191489361702128,0.2857142857142857,0.5,0.24193548387096778,0.0,0.5294117647058824,0.5769230769230769,0.0,0.1875,0.25862068965517243,0.0,0.5590994335360312,0.3241881882806534,0.15391218239213006,0.22910066570687496,0.09233433371238375,26.06,287,rep_visit,True,rep_visit,0.5275
163,Angel,Doyle,endocrinology,high_value,TERR_03,Detroit,MI,hospital,2.2,False,Digital-Heavy,7.0,9.0,2.0,3.0,4.0,0.2857142857142857,0.2222222222222222,1.0,1.0,0.5,2.0,8.0,116.0,21.0,42.0,0.17647058823529413,0.5882352941176471,1.0,0.125,0.2054794520547945,1.0,0.4,0.4166666666666667,0.5,0.5294117647058824,0.7894736842105263,0.2222222222222222,0.4375,0.9375,0.2857142857142857,0.7437588929216893,0.6541318422595497,0.46201220312191554,0.40309367943110896,0.45168238242272685,53.54,1,rep_visit,True,rep_visit,0.3041
164,Martin,Galvan,cardiology,low_value,TERR_47,Mesa,AZ,hospital,0.5,True,In-Person-Heavy,0.0,0.0,0.0,3.0,2.0,0.0,0.0,0.0,0.6666666666666666,0.0,,,,24.0,99.0,0.17647058823529413,0.5555555555555556,0.6666666666666666,0.0,0.0,0.0,0.2,0.23255813953488372,0.0,0.0,0.0,0.0,0.0,0.0,0.0,0.5417681802731498,0.0,0.08956137168325284,0.0,0.0,12.06,482,Do Not Contact,False,rep_visit,0.7952
165,Leah,Shields,cardiology,medium_value,TERR_24,Columbus,OH,clinic,4.1,False,Digital-Heavy,1.0,2.0,6.0,7.0,5.0,0.0,0.0,0.16666666666666666,0.42857142857142855,0.4,344.0,177.0,15.0,60.0,113.0,0.4117647058823529,0.3333333333333333,0.42857142857142855,0.375,0.6666666666666666,0.16666666666666666,0.5,0.2097902097902098,0.4,0.11764705882352941,0.14492753623188406,0.0,0.0625,0.08021390374331551,0.0,0.40543807163188517,0.31310412876717775,0.381587537964911,0.054359154683575675,0.02954245105459525,22.01,378,rep_visit,True,rep_visit,0.5586
166,Lisa,Adams,cardiology,high_value,TERR_21,Columbus,OH,clinic,1.7,False,Mixed,8.0,15.0,3.0,1.0,3.0,0.0,0.4,0.0,0.0,0.0,43.0,2.0,158.0,92.0,11.0,0.058823529411764705,0.24590163934426232,0.0,0.1875,0.1595744680851064,0.0,0.3,0.7317073170731707,0.0,0.8823529411764706,0.9375,0.4,0.5,0.410958904109589,0.0,0.06293971898206849,0.0719125718030861,0.21328380875112057,0.6111812947448199,0.18876213416708482,23.2,348,email,True,email,0.1536
167,Kristin,Rodriguez,oncology,high_value,TERR_18,Los Angeles,CA,hospital,5.2,False,Digital-Heavy,2.0,7.0,6.0,7.0,5.0,0.0,0.14285714285714285,0.5,0.8571428571428571,0.8,128.0,92.0,9.0,74.0,21.0,0.4117647058823529,0.28846153846153844,0.8571428571428571,0.375,0.7692307692307692,0.5,0.5,0.5882352941176471,0.8,0.4117647058823529,0.24590163934426232,0.14285714285714285,0.125,0.189873417721519,0.0,0.6472253632080954,0.5295038902437149,0.6939201213324319,0.2200516114119211,0.06515612049550193,40.28,36,webinar,True,rep_visit,0.4856
168,Monica,Garrison,primary_care,medium_value,TERR_42,Los Angeles,CA,clinic,0.9,False,Digital-Heavy,0.0,2.0,6.0,10.0,2.0,0.0,0.0,0.16666666666666666,0.5,0.5,,163.0,50.0,15.0,2.0,0.5882352941176471,0.6666666666666666,0.5,0.375,0.37499999999999994,0.16666666666666666,0.2,0.9375,0.5,0.11764705882352941,0.15544041450777202,0.0,0.0,0.0,0.0,0.552722070889707,0.25296708235464416,0.5277882187667188,0.05652674365091186,0.0,25.76,297,rep_visit,True,rep_visit,0.3996
169,Jeffrey,Velasquez,cardiology,low_value,TERR_30,Dallas,TX,hospital,0.9,False,Digital-Heavy,0.0,1.0,5.0,6.0,2.0,0.0,0.0,0.0,0.16666666666666666,0.0,,120.0,192.0,38.0,112.0,0.35294117647058826,0.4411764705882353,0.16666666666666666,0.3125,0.13513513513513511,0.0,0.2,0.2112676056338028,0.0,0.058823529411764705,0.2,0.0,0.0,0.0,0.0,0.26202211120491886,0.09288079801083093,0.08517160085345768,0.05347552807124352,0.0,9.26,494,rep_visit,True,rep_visit,0.5514
170,Steven,Torres,oncology,low_value,TERR_22,Oakland,CA,private_practice,5.4,False,Mixed,0.0,4.0,5.0,3.0,4.0,0.0,0.25,0.2,1.0,0.0,,3.0,16.0,23.0,141.0,0.17647058823529413,0.5660377358490566,1.0,0.3125,0.6521739130434783,0.2,0.4,0.17543859649122806,0.0,0.23529411764705882,0.9090909090909091,0.25,0.0,0.0,0.0,0.7391821080353699,0.31663760461032797,0.11939579396570293,0.3828344308188941,0.0,29.44,221,rep_visit,True,rep_visit,0.3088
171,Laura,Perez,primary_care,high_value,TERR_17,Cleveland,OH,clinic,3.0,False,In-Person-Heavy,2.0,6.0,7.0,2.0,2.0,0.0,0.16666666666666666,0.2857142857142857,0.0,0.5,37.0,22.0,148.0,18.0,339.0,0.11764705882352941,0.625,0.0,0.4375,0.16853932584269662,0.2857142857142857,0.2,0.08130081300813008,0.5,0.35294117647058826,0.5769230769230769,0.16666666666666666,0.125,0.44776119402985076,0.0,0.15334249194644153,0.2931348724185753,0.35125350935013494,0.290010911086641,0.11832849480320214,23.17,349,webinar,True,rep_visit,0.4114
172,Andrew,Lee,cardiology,high_value,TERR_02,Minneapolis,MN,hospital,1.3,False,In-Person-Heavy,1.0,2.0,7.0,10.0,6.0,1.0,0.0,0.0,0.6,0.6666666666666666,281.0,17.0,38.0,0.0,137.0,0.5882352941176471,1.0,0.6,0.4375,0.4411764705882353,0.0,0.6,0.17964071856287425,0.6666666666666666,0.11764705882352941,0.6382978723404256,0.0,0.0625,0.09646302250803858,1.0,0.6800259244023734,0.18198890294154935,0.5523791086714611,0.15608430257315278,0.6186507666413898,45.14,8,rep_visit,True,rep_visit,0.475
173,Mark,Lin,primary_care,medium_value,TERR_23,Mesa,AZ,private_practice,1.9,False,Digital-Heavy,1.0,5.0,6.0,7.0,7.0,0.0,0.0,0.16666666666666666,0.2857142857142857,0.0,323.0,1.0,121.0,17.0,59.0,0.4117647058823529,0.6382978723404256,0.2857142857142857,0.375,0.19867549668874174,0.16666666666666666,0.7,0.33707865168539325,0.0,0.29411764705882354,0.9677419354838709,0.0,0.0625,0.08498583569405098,0.0,0.3846372137143146,0.21661176290562903,0.21514076367950796,0.2607265384488406,0.030526347831276952,21.0,394,rep_visit,True,rep_visit,0.2551
174,Tammy,Ramirez,cardiology,medium_value,TERR_42,Kansas City,MO,clinic,3.0,False,Digital-Heavy,3.0,1.0,8.0,12.0,4.0,0.3333333333333333,1.0,0.5,0.16666666666666666,0.5,100.0,294.0,29.0,4.0,92.0,0.7058823529411765,0.8823529411764706,0.16666666666666666,0.5,0.5084745762711864,0.5,0.4,0.24590163934426232,0.5,0.058823529411764705,0.09259259259259259,1.0,0.1875,0.23076923076923073,0.3333333333333333,0.4264178882935531,0.5017473233824464,0.4268031595548584,0.617087826788463,0.28184447231404797,44.03,12,email,True,rep_visit,0.4142
175,Darlene,Ross,primary_care,medium_value,TERR_23,Omaha,NE,private_practice,4.3,False,In-Person-Heavy,2.0,5.0,9.0,4.0,6.0,0.0,0.2,0.4444444444444444,0.75,0.3333333333333333,171.0,4.0,11.0,130.0,87.0,0.23529411764705882,0.1875,0.75,0.5625,0.7317073170731707,0.4444444444444444,0.6,0.25641025641025644,0.3333333333333333,0.29411764705882354,0.8823529411764706,0.2,0.125,0.14925373134328357,0.0,0.5269328183419345,0.528235881723451,0.37295510304665214,0.36027228139826667,0.05678098461553449,34.65,115,phone_call,True,rep_visit,0.2799
176,Tina,Herrera,dermatology,high_value,TERR_27,Virginia Beach,VA,private_practice,3.5,False,Mixed,4.0,4.0,6.0,10.0,2.0,0.0,0.5,0.5,1.0,0.0,106.0,18.0,31.0,8.0,140.0,0.5882352941176471,0.7894736842105263,1.0,0.375,0.49180327868852464,0.5,0.2,0.1764705882352941,0.0,0.23529411764705882,0.625,0.5,0.25,0.22058823529411764,0.0,0.8709219348859436,0.4723027363870806,0.07799700708095988,0.4706988867863079,0.09749625885119985,38.14,54,rep_visit,True,rep_visit,0.5593
177,Sheila,Wilson,oncology,low_value,TERR_46,Los Angeles,CA,cancer_center,0.5,True,Mixed,2.0,0.0,0.0,3.0,1.0,0.0,0.0,0.0,0.3333333333333333,0.0,28.0,,,25.0,1.0,0.17647058823529413,0.5454545454545454,0.3333333333333333,0.0,0.0,0.0,0.1,0.9677419354838709,0.0,0.0,0.0,0.0,0.125,0.5172413793103449,0.0,0.34443284376655336,0.0,0.22033884083867017,0.0,0.13265420838136616,14.02,469,Do Not Contact,False,rep_visit,0.3016
178,Tara,White,endocrinology,high_value,TERR_36,Portland,OR,hospital,1.9,False,Digital-Heavy,5.0,5.0,7.0,2.0,3.0,0.0,0.0,0.0,1.0,0.3333333333333333,106.0,10.0,18.0,254.0,4.0,0.11764705882352941,0.1056338028169014,1.0,0.4375,0.625,0.0,0.3,0.8823529411764706,0.3333333333333333,0.29411764705882354,0.75,0.0,0.3125,0.22058823529411764,0.0,0.6320154139980887,0.21989040278138147,0.439597218315845,0.21583160057404596,0.11049987361205019,31.05,183,rep_visit,True,rep_visit,0.2812
179,Sydney,Baker,dermatology,low_value,TERR_39,Virginia Beach,VA,private_practice,4.8,False,In-Person-Heavy,5.0,8.0,3.0,4.0,3.0,0.2,0.25,0.0,0.0,0.6666666666666666,11.0,85.0,144.0,21.0,18.0,0.23529411764705882,0.5882352941176471,0.0,0.1875,0.1724137931034483,0.0,0.3,0.625,0.6666666666666666,0.47058823529411764,0.2608695652173913,0.25,0.3125,0.7317073170731707,0.2,0.1702395844694875,0.07455983723577284,0.5817877867726494,0.29813624308509046,0.33303613264283227,29.52,219,webinar,True,rep_visit,0.3263
180,Daniel,Hamilton,cardiology,high_value,TERR_24,El Paso,TX,clinic,1.5,False,Mixed,2.0,3.0,11.0,14.0,3.0,0.0,0.0,0.45454545454545453,0.7857142857142857,0.0,71.0,154.0,3.0,29.0,58.0,0.8235294117647058,0.5084745762711864,0.7857142857142857,0.6875,0.9090909090909091,0.45454545454545453,0.3,0.3409090909090909,0.0,0.17647058823529413,0.16304347826086957,0.0,0.125,0.297029702970297,0.0,0.7364195826463614,0.5967335455307542,0.1327074051004975,0.07033307120315227,0.08725004906487491,30.56,193,rep_visit,True,rep_visit,0.3841
181,Jessica,Edwards,dermatology,high_value,TERR_43,Indianapolis,IN,private_practice,1.0,False,Digital-Heavy,4.0,13.0,8.0,4.0,3.0,0.0,0.07692307692307693,0.375,1.0,0.3333333333333333,234.0,74.0,1.0,94.0,141.0,0.23529411764705882,0.24193548387096778,1.0,0.5,0.9677419354838709,0.375,0.3,0.17543859649122806,0.3333333333333333,0.7647058823529411,0.28846153846153844,0.07692307692307693,0.25,0.11363636363636363,0.0,0.6845960539850602,0.5232212270697528,0.29384267858091173,0.26363755899390995,0.07544447712620662,34.73,110,rep_visit,True,rep_visit,0.2904
182,Catherine,Dixon,cardiology,low_value,TERR_26,Los Angeles,CA,hospital,3.0,True,Mixed,1.0,0.0,0.0,6.0,3.0,0.0,0.0,0.0,0.5,0.6666666666666666,136.0,,,79.0,0.0,0.35294117647058826,0.27522935779816515,0.5,0.0,0.0,0.0,0.3,1.0,0.6666666666666666,0.0,0.0,0.0,0.0625,0.18072289156626506,0.0,0.4230591135270343,0.0,0.6591068464459069,0.0,0.050265812193745506,21.42,386,Do Not Contact,False,rep_visit,0.3484
183,Paul,Ray,dermatology,low_value,TERR_40,Omaha,NE,private_practice,5.3,False,Digital-Heavy,3.0,6.0,2.0,1.0,1.0,0.0,0.16666666666666666,0.0,0.0,0.0,8.0,21.0,183.0,87.0,71.0,0.058823529411764705,0.25641025641025644,0.0,0.125,0.14084507042253522,0.0,0.1,0.297029702970297,0.0,0.35294117647058826,0.5882352941176471,0.16666666666666666,0.1875,0.7894736842105263,0.0,0.06510642935542585,0.05504725193419174,0.08204860316053478,0.2923433110767846,0.20178781201572465,14.6,465,email,True,rep_visit,0.2304
184,Jonathan,Fletcher,primary_care,high_value,TERR_37,Oakland,CA,private_practice,0.6,False,Mixed,13.0,9.0,7.0,3.0,1.0,0.07692307692307693,0.2222222222222222,0.0,0.3333333333333333,0.0,10.0,85.0,39.0,95.0,66.0,0.17647058823529413,0.24000000000000005,0.3333333333333333,0.4375,0.4347826086956522,0.0,0.1,0.3125,0.0,0.5294117647058824,0.2608695652173913,0.2222222222222222,0.8125,0.75,0.07692307692307693,0.2814529551599727,0.18067058990364215,0.0852383333450751,0.2941038836445492,0.3687434192912391,25.29,307,digital_ad,True,rep_visit,0.3319
185,Aaron,Frost,endocrinology,medium_value,TERR_49,Indianapolis,IN,hospital,3.9,True,Mixed,0.0,0.0,0.0,7.0,3.0,0.0,0.0,0.0,1.0,0.0,,,,3.0,310.0,0.4117647058823529,0.9090909090909091,1.0,0.0,0.0,0.0,0.3,0.08823529411764705,0.0,0.0,0.0,0.0,0.0,0.0,0.0,0.8588690230786937,0.0,0.080610070775201,0.0,0.0,18.0,430,Do Not Contact,False,rep_visit,0.5775
186,Amanda,Ball,oncology,high_value,TERR_12,San Francisco,CA,cancer_center,1.8,False,Mixed,5.0,8.0,3.0,5.0,7.0,0.2,0.0,0.0,0.4,0.5714285714285714,14.0,0.0,157.0,25.0,32.0,0.29411764705882354,0.5454545454545454,0.4,0.1875,0.16042780748663102,0.0,0.7,0.48387096774193555,0.5714285714285714,0.47058823529411764,1.0,0.0,0.3125,0.6818181818181818,0.2,0.4079607699040796,0.07208851687004084,0.5801258737594402,0.3040937290927362,0.32274978324062503,33.88,134,webinar,True,rep_visit,0.2128
187,Judy,Lambert,cardiology,medium_value,TERR_06,San Diego,CA,hospital,2.2,False,In-Person-Heavy,10.0,17.0,3.0,2.0,3.0,0.0,0.058823529411764705,0.3333333333333333,0.0,0.3333333333333333,120.0,7.0,92.0,32.0,162.0,0.11764705882352941,0.48387096774193555,0.0,0.1875,0.24590163934426232,0.3333333333333333,0.3,0.15625,0.3333333333333333,1.0,0.8108108108108107,0.058823529411764705,0.625,0.2,0.0,0.12424392110166721,0.2849645352516826,0.28988629394850823,0.4096905346305932,0.17127297943424064,25.06,316,email,True,rep_visit,0.2746
188,Michael,Jones,primary_care,medium_value,TERR_26,Raleigh,NC,hospital,4.4,True,Digital-Heavy,4.0,0.0,0.0,4.0,3.0,0.0,0.0,0.0,0.25,0.6666666666666666,46.0,,,7.0,127.0,0.23529411764705882,0.8108108108108107,0.25,0.0,0.0,0.0,0.3,0.19108280254777069,0.6666666666666666,0.0,0.0,0.0,0.25,0.39473684210526316,0.0,0.3625706313959274,0.0,0.4923209342844852,0.0,0.13340294290998816,19.34,418,Do Not Contact,False,rep_visit,0.4414
189,Elizabeth,Rivera,dermatology,medium_value,TERR_07,Columbus,OH,clinic,2.0,False,Mixed,4.0,8.0,6.0,1.0,5.0,0.0,0.0,0.16666666666666666,0.0,0.0,52.0,70.0,57.0,79.0,32.0,0.058823529411764705,0.27522935779816515,0.0,0.375,0.3448275862068966,0.16666666666666666,0.5,0.48387096774193555,0.0,0.47058823529411764,0.3,0.0,0.25,0.36585365853658536,0.0,0.0689866299506493,0.24674600858783033,0.20379544669745747,0.15976481770265555,0.12744768799292083,15.72,455,phone_call,True,rep_visit,0.3838
190,Lee,Charles,dermatology,medium_value,TERR_08,Cleveland,OH,clinic,9.7,False,Digital-Heavy,0.0,3.0,4.0,8.0,1.0,0.0,0.0,0.25,0.75,1.0,,3.0,46.0,25.0,231.0,0.47058823529411764,0.5454545454545454,0.75,0.25,0.39473684210526316,0.25,0.1,0.1149425287356322,1.0,0.17647058823529413,0.9090909090909091,0.0,0.0,0.0,0.0,0.649692160284796,0.27984244408441517,0.6302631169505497,0.22415623339896096,0.0,33.26,143,rep_visit,True,rep_visit,0.3809
191,Jennifer,Evans,cardiology,high_value,TERR_18,Omaha,NE,clinic,2.8,False,Digital-Heavy,4.0,2.0,9.0,10.0,3.0,0.0,0.0,0.2222222222222222,0.8,0.0,14.0,296.0,70.0,1.0,35.0,0.5882352941176471,0.9677419354838709,0.8,0.5625,0.3,0.2222222222222222,0.3,0.46153846153846145,0.0,0.11764705882352941,0.09202453987730061,0.0,0.25,0.6818181818181818,0.0,0.790526423434538,0.30905622607463856,0.15757927044993694,0.04345139486481791,0.1925945675402331,29.21,224,rep_visit,True,rep_visit,0.4015
192,Kyle,Ortiz,primary_care,high_value,TERR_44,Minneapolis,MN,clinic,2.8,False,Mixed,11.0,13.0,4.0,1.0,3.0,0.18181818181818182,0.23076923076923078,0.0,1.0,0.3333333333333333,14.0,21.0,74.0,263.0,150.0,0.058823529411764705,0.10238907849829351,1.0,0.25,0.28846153846153844,0.0,0.3,0.16666666666666666,0.3333333333333333,0.7647058823529411,0.5882352941176471,0.23076923076923078,0.6875,0.6818181818181818,0.18181818181818182,0.619107706997346,0.11149065879206094,0.2920340456060987,0.4155627748400528,0.3901213262657687,37.29,69,rep_visit,True,rep_visit,0.3408
193,Richard,Phillips,oncology,medium_value,TERR_39,Charlotte,NC,private_practice,0.5,False,Mixed,12.0,15.0,4.0,1.0,2.0,0.0,0.4,0.25,1.0,0.5,11.0,3.0,100.0,73.0,56.0,0.058823529411764705,0.29126213592233013,1.0,0.25,0.23076923076923073,0.25,0.2,0.3488372093023256,0.5,0.8823529411764706,0.9090909090909091,0.4,0.75,0.7317073170731707,0.0,0.6580503395243851,0.246034920016756,0.4064152762563727,0.6053237902241185,0.30690983502924296,44.08,11,rep_visit,True,rep_visit,0.2171
194,David,Fisher,primary_care,medium_value,TERR_13,Seattle,WA,private_practice,0.9,False,Mixed,4.0,2.0,5.0,3.0,3.0,0.5,0.0,0.4,0.0,0.0,60.0,16.0,2.0,73.0,128.0,0.17647058823529413,0.29126213592233013,0.0,0.3125,0.9375,0.4,0.3,0.189873417721519,0.0,0.11764705882352941,0.6521739130434783,0.0,0.25,0.3333333333333333,0.5,0.09676972731768946,0.4926189248664786,0.10156624182588286,0.15894532235754713,0.4136215144351509,25.94,290,phone_call,True,rep_visit,0.1662
195,Shelby,Byrd,primary_care,medium_value,TERR_32,Albuquerque,NM,clinic,2.9,True,Digital-Heavy,2.0,0.0,0.0,4.0,2.0,0.0,0.0,0.0,0.0,1.0,52.0,,,28.0,332.0,0.23529411764705882,0.5172413793103449,0.0,0.0,0.0,0.0,0.2,0.08287292817679558,1.0,0.0,0.0,0.0,0.125,0.36585365853658536,0.0,0.15560176384169028,0.0,0.6444566569430936,0.0,0.10144045847122016,17.31,436,Do Not Contact,False,rep_visit,0.4931
196,Raven,Gilbert,cardiology,low_value,TERR_29,Arlington,TX,private_practice,6.6,False,Mixed,5.0,5.0,3.0,2.0,1.0,0.2,0.4,0.0,0.5,1.0,32.0,43.0,17.0,332.0,3.0,0.11764705882352941,0.08287292817679558,0.5,0.1875,0.6382978723404256,0.0,0.1,0.9090909090909091,1.0,0.29411764705882354,0.410958904109589,0.4,0.3125,0.48387096774193555,0.2,0.334443479850531,0.1706177543646914,0.7940039329775109,0.38022989918689637,0.2819362033544481,38.53,50,webinar,True,rep_visit,0.2944
197,Kevin,Kelley,dermatology,medium_value,TERR_10,Baltimore,MD,private_practice,0.5,False,Mixed,5.0,8.0,6.0,2.0,2.0,0.0,0.0,0.0,0.0,0.0,57.0,9.0,37.0,252.0,29.0,0.11764705882352941,0.10638297872340426,0.0,0.375,0.44776119402985076,0.0,0.2,0.5084745762711864,0.0,0.47058823529411764,0.7692307692307692,0.0,0.3125,0.3448275862068966,0.0,0.04641187750470246,0.17034295384660347,0.14645097018151088,0.2565127692938085,0.13611605971069535,15.04,461,email,True,rep_visit,0.2725
198,Aaron,Mitchell,primary_care,medium_value,TERR_01,Baltimore,MD,private_practice,3.7,False,Digital-Heavy,8.0,7.0,2.0,2.0,4.0,0.0,0.5714285714285714,0.5,0.5,0.5,85.0,59.0,239.0,0.0,44.0,0.11764705882352941,1.0,0.5,0.125,0.11152416356877323,0.5,0.4,0.4054054054054054,0.5,0.4117647058823529,0.33707865168539325,0.5714285714285714,0.5,0.2608695652173913,0.0,0.523540553968553,0.3418807477585123,0.45969030943803396,0.48989001190378934,0.15781609003341657,38.06,55,rep_visit,True,rep_visit,0.327
199,Russell,Carpenter,primary_care,high_value,TERR_37,Oklahoma City,OK,private_practice,1.3,False,Digital-Heavy,12.0,11.0,4.0,1.0,3.0,0.0,0.45454545454545453,0.0,0.0,0.0,25.0,9.0,154.0,228.0,73.0,0.058823529411764705,0.11627906976744186,0.0,0.25,0.16304347826086957,0.0,0.3,0.29126213592233013,0.0,0.6470588235294118,0.7692307692307692,0.45454545454545453,0.75,0.5454545454545454,0.0,0.03621359846977208,0.08563144151003502,0.12247098943325246,0.5594824965292853,0.26850746392766944,22.28,369,email,True,email,0.2299
200,Diana,Marshall,primary_care,medium_value,TERR_15,Arlington,TX,hospital,2.4,False,Digital-Heavy,9.0,10.0,3.0,3.0,3.0,0.0,0.3,0.0,0.3333333333333333,0.0,149.0,18.0,93.0,25.0,189.0,0.17647058823529413,0.5454545454545454,0.3333333333333333,0.1875,0.24390243902439027,0.0,0.3,0.136986301369863,0.0,0.5882352941176471,0.625,0.3,0.5625,0.16759776536312848,0.0,0.34443284376655336,0.08929966358223067,0.09066175621217565,0.4269794633198035,0.15158853717089657,22.11,375,email,True,rep_visit,0.2786
201,Scott,Lewis,primary_care,high_value,TERR_46,Detroit,MI,clinic,2.6,False,Digital-Heavy,2.0,4.0,11.0,6.0,4.0,1.0,0.0,0.2727272727272727,0.16666666666666666,1.0,158.0,64.0,43.0,16.0,25.0,0.35294117647058826,0.6521739130434783,0.16666666666666666,0.6875,0.410958904109589,0.2727272727272727,0.4,0.5454545454545454,1.0,0.23529411764705882,0.3191489361702128,0.0,0.125,0.1595744680851064,1.0,0.3055264414558566,0.38752516154901073,0.7814452259646155,0.11475824002309498,0.6446669617399438,45.52,7,webinar,True,rep_visit,0.47
202,Thomas,Santana,cardiology,low_value,TERR_07,Houston,TX,clinic,0.5,False,Mixed,0.0,1.0,6.0,7.0,1.0,0.0,0.0,0.16666666666666666,0.2857142857142857,0.0,,67.0,45.0,3.0,323.0,0.4117647058823529,0.9090909090909091,0.2857142857142857,0.375,0.4,0.16666666666666666,0.1,0.08498583569405098,0.0,0.058823529411764705,0.30927835051546393,0.0,0.0,0.0,0.0,0.44047044829461657,0.2581216863328613,0.038328516687787154,0.07600699288324432,0.0,15.16,459,rep_visit,True,rep_visit,0.3743
203,Laura,Jackson,cardiology,high_value,TERR_46,San Jose,CA,private_practice,1.7,False,In-Person-Heavy,0.0,4.0,10.0,12.0,5.0,0.0,0.0,0.7,0.5833333333333334,0.2,,16.0,22.0,0.0,7.0,0.7058823529411765,1.0,0.5833333333333334,0.625,0.5769230769230769,0.7,0.5,0.8108108108108107,0.2,0.23529411764705882,0.6521739130434783,0.0,0.0,0.0,0.0,0.6947406834817573,0.6590191503942181,0.38835686426581995,0.18342271484855954,0.0,35.5,96,rep_visit,True,rep_visit,0.4646
204,Christopher,Robertson,cardiology,high_value,TERR_49,Chicago,IL,private_practice,2.0,False,Mixed,10.0,13.0,2.0,1.0,6.0,0.3,0.38461538461538464,0.0,0.0,0.16666666666666666,44.0,1.0,113.0,150.0,15.0,0.058823529411764705,0.16666666666666666,0.0,0.125,0.2097902097902098,0.0,0.6,0.6666666666666666,0.16666666666666666,0.7647058823529411,0.9677419354838709,0.38461538461538464,0.625,0.4054054054054054,0.3,0.04660272276695396,0.06926264752072583,0.3599171419062389,0.5839276486812394,0.38935172163755355,30.08,206,email,True,email,0.1724
205,Cynthia,Rogers,dermatology,low_value,TERR_17,Detroit,MI,private_practice,2.3,False,Mixed,2.0,4.0,4.0,4.0,4.0,0.0,0.0,0.0,0.25,0.5,14.0,28.0,57.0,46.0,23.0,0.23529411764705882,0.39473684210526316,0.25,0.25,0.3448275862068966,0.0,0.4,0.5660377358490566,0.5,0.23529411764705882,0.5172413793103449,0.0,0.125,0.6818181818181818,0.0,0.2767827700230386,0.123112444949845,0.4928101514194395,0.15560176384169028,0.16658733801853245,23.75,337,webinar,True,rep_visit,0.489
206,Loretta,Potter,cardiology,low_value,TERR_47,Oklahoma City,OK,clinic,1.9,False,Digital-Heavy,0.0,0.0,6.0,6.0,1.0,0.0,0.0,0.16666666666666666,0.16666666666666666,0.0,,,178.0,71.0,266.0,0.35294117647058826,0.297029702970297,0.16666666666666666,0.375,0.14423076923076922,0.16666666666666666,0.1,0.10135135135135134,0.0,0.0,0.0,0.0,0.0,0.0,0.0,0.23230133113249607,0.20538612255571645,0.04170282677229499,0.0,0.0,8.8,496,rep_visit,True,rep_visit,0.5887
207,Emily,Walker,primary_care,medium_value,TERR_28,Louisville,KY,clinic,0.5,False,Mixed,1.0,2.0,5.0,17.0,3.0,1.0,0.0,0.4,0.6470588235294118,0.3333333333333333,183.0,65.0,1.0,39.0,15.0,1.0,0.4347826086956522,0.6470588235294118,0.3125,0.9677419354838709,0.4,0.3,0.6666666666666666,0.3333333333333333,0.11764705882352941,0.31578947368421056,0.0,0.0625,0.14084507042253522,1.0,0.6767230081439298,0.49885433290464454,0.395126125170442,0.08958817958428186,0.6278016418710494,46.64,6,rep_visit,True,rep_visit,0.3386
208,James,Johnson,primary_care,low_value,TERR_42,Dallas,TX,private_practice,0.5,False,In-Person-Heavy,4.0,7.0,7.0,2.0,5.0,0.0,0.14285714285714285,0.14285714285714285,1.0,0.2,35.0,52.0,7.0,123.0,1.0,0.11764705882352941,0.19607843137254904,1.0,0.4375,0.8108108108108107,0.14285714285714285,0.5,0.9677419354838709,0.2,0.4117647058823529,0.36585365853658536,0.14285714285714285,0.25,0.46153846153846145,0.0,0.6506636636845413,0.3418813635222434,0.42071357624765393,0.24478381762487827,0.14717637864125668,34.69,113,rep_visit,True,rep_visit,0.2553
209,John,Alvarez,primary_care,high_value,TERR_08,Phoenix,AZ,private_practice,1.0,False,Mixed,2.0,2.0,12.0,11.0,5.0,0.0,0.0,0.4166666666666667,0.2727272727272727,0.2,156.0,102.0,38.0,11.0,30.0,0.6470588235294118,0.7317073170731707,0.2727272727272727,0.75,0.4411764705882353,0.4166666666666667,0.5,0.5,0.2,0.11764705882352941,0.22727272727272727,0.0,0.125,0.16129032258064516,0.0,0.44524429969898205,0.4910728120365127,0.3242725985906876,0.07133742865662299,0.0592627390585856,25.92,291,phone_call,True,rep_visit,0.3728
210,Melissa,Jones,oncology,medium_value,TERR_48,Fort Worth,TX,cancer_center,0.5,False,Digital-Heavy,0.0,5.0,8.0,7.0,5.0,0.0,0.2,0.5,0.8571428571428571,0.2,,7.0,38.0,3.0,23.0,0.4117647058823529,0.9090909090909091,0.8571428571428571,0.5,0.4411764705882353,0.5,0.5,0.5660377358490566,0.2,0.29411764705882354,0.8108108108108107,0.2,0.0,0.0,0.0,0.7751893081218783,0.48787152005125367,0.33788853362748766,0.34552142740654823,0.0,36.35,81,rep_visit,True,rep_visit,0.393
211,Robert,Soto,endocrinology,low_value,TERR_29,Chicago,IL,private_practice,0.5,False,Mixed,2.0,6.0,2.0,2.0,3.0,0.0,0.0,0.5,1.0,0.6666666666666666,228.0,1.0,200.0,165.0,8.0,0.11764705882352941,0.15384615384615385,1.0,0.125,0.13043478260869565,0.5,0.3,0.7894736842105263,0.6666666666666666,0.35294117647058826,0.9677419354838709,0.0,0.125,0.11627906976744186,0.0,0.6419560370546722,0.3457798178438616,0.6156996550503939,0.2729652346943468,0.04998213174596655,36.22,85,rep_visit,True,rep_visit,0.2111
212,James,Horton,oncology,high_value,TERR_33,Philadelphia,PA,cancer_center,0.5,False,Digital-Heavy,6.0,10.0,11.0,5.0,2.0,0.0,0.2,0.0,0.2,0.0,7.0,35.0,70.0,25.0,115.0,0.29411764705882354,0.5454545454545454,0.2,0.6875,0.3,0.0,0.2,0.2068965517241379,0.0,0.5882352941176471,0.46153846153846145,0.2,0.375,0.8108108108108107,0.0,0.290809168964538,0.20489501010795963,0.08427035877858725,0.3347004829924589,0.24519803380457764,23.53,341,email,True,rep_visit,0.3021
213,Troy,Sanchez,cardiology,high_value,TERR_13,Miami,FL,clinic,2.4,False,Digital-Heavy,4.0,8.0,6.0,12.0,5.0,0.0,0.125,0.5,0.25,0.4,31.0,14.0,65.0,43.0,21.0,0.7058823529411765,0.410958904109589,0.25,0.375,0.31578947368421056,0.5,0.5,0.5882352941176471,0.4,0.47058823529411764,0.6818181818181818,0.125,0.25,0.49180327868852464,0.0,0.37803707220078353,0.43601147800722545,0.4596169194533486,0.31170942904809484,0.15341650451652591,33.27,141,webinar,True,rep_visit,0.3279
214,Diana,Smith,dermatology,medium_value,TERR_27,Atlanta,GA,clinic,2.4,True,Mixed,1.0,0.0,0.0,10.0,3.0,1.0,0.0,0.0,0.5,0.6666666666666666,234.0,,,43.0,93.0,0.5882352941176471,0.410958904109589,0.5,0.0,0.0,0.0,0.3,0.24390243902439027,0.6666666666666666,0.0,0.0,0.0,0.0625,0.11363636363636363,1.0,0.49999918088419815,0.0,0.5032115066169,0.0,0.6221916375413636,34.63,116,Do Not Contact,False,rep_visit,0.5929
215,Karen,Carrillo,endocrinology,medium_value,TERR_43,Baltimore,MD,private_practice,1.1,False,Digital-Heavy,9.0,3.0,4.0,1.0,2.0,0.2222222222222222,0.3333333333333333,0.0,1.0,0.0,43.0,65.0,85.0,21.0,73.0,0.058823529411764705,0.5882352941176471,1.0,0.25,0.2608695652173913,0.0,0.2,0.29126213592233013,0.0,0.17647058823529413,0.31578947368421056,0.3333333333333333,0.5625,0.410958904109589,0.2222222222222222,0.719281500430677,0.10580163099001523,0.10166520581589193,0.29707954406235737,0.3319341944163147,31.84,166,rep_visit,True,rep_visit,0.5027
216,Daniel,Coleman,oncology,medium_value,TERR_29,Jacksonville,FL,private_practice,1.3,False,In-Person-Heavy,1.0,3.0,7.0,11.0,6.0,0.0,0.0,0.14285714285714285,0.7272727272727273,0.3333333333333333,35.0,161.0,57.0,30.0,93.0,0.6470588235294118,0.5,0.7272727272727273,0.4375,0.3448275862068966,0.14285714285714285,0.6,0.24390243902439027,0.3333333333333333,0.17647058823529413,0.15706806282722513,0.0,0.0625,0.46153846153846145,0.0,0.6637235598632446,0.24580300418921142,0.37037618923641213,0.06910103519652172,0.10816553435870568,27.9,249,rep_visit,True,rep_visit,0.6819
217,Gregory,Rubio,oncology,medium_value,TERR_31,Fresno,CA,hospital,2.8,False,In-Person-Heavy,2.0,3.0,6.0,4.0,6.0,0.0,0.0,0.16666666666666666,0.5,0.6666666666666666,53.0,87.0,46.0,74.0,18.0,0.23529411764705882,0.28846153846153844,0.5,0.375,0.39473684210526316,0.16666666666666666,0.6,0.625,0.6666666666666666,0.17647058823529413,0.25641025641025644,0.0,0.125,0.3614457831325301,0.0,0.40130998707953836,0.2570365065479735,0.644205137624731,0.08958382184643825,0.10053162438749101,28.24,243,webinar,True,rep_visit,0.6307
218,April,Williams,endocrinology,medium_value,TERR_48,Philadelphia,PA,private_practice,1.3,False,Mixed,8.0,10.0,2.0,3.0,2.0,0.125,0.3,1.0,0.3333333333333333,0.0,24.0,53.0,226.0,15.0,10.0,0.17647058823529413,0.6666666666666666,0.3333333333333333,0.125,0.1171875,1.0,0.2,0.75,0.0,0.5882352941176471,0.3614457831325301,0.3,0.5,0.5555555555555556,0.125,0.369424863054879,0.6359274403673016,0.19624968658123604,0.3726387587301647,0.29179542374550876,36.5,77,phone_call,True,rep_visit,0.3304
219,John,Charles,cardiology,low_value,TERR_15,Baltimore,MD,hospital,2.7,False,Digital-Heavy,0.0,7.0,5.0,5.0,3.0,0.0,0.2857142857142857,0.0,0.6,0.3333333333333333,,30.0,23.0,65.0,8.0,0.29411764705882354,0.31578947368421056,0.6,0.3125,0.5660377358490566,0.0,0.3,0.7894736842105263,0.3333333333333333,0.4117647058823529,0.5,0.2857142857142857,0.0,0.0,0.0,0.47775907113942523,0.18172608840539503,0.42044698681782455,0.3561223831965175,0.0,27.03,263,rep_visit,True,rep_visit,0.5272
220,Stephen,Solis,dermatology,high_value,TERR_32,Kansas City,MO,private_practice,1.4,False,Digital-Heavy,10.0,11.0,4.0,1.0,6.0,0.0,0.36363636363636365,0.75,0.0,0.3333333333333333,15.0,23.0,66.0,284.0,1.0,0.058823529411764705,0.09554140127388534,0.0,0.25,0.3125,0.75,0.6,0.9677419354838709,0.3333333333333333,0.6470588235294118,0.5660377358490566,0.36363636363636365,0.625,0.6666666666666666,0.0,0.03193781972913867,0.555765512294397,0.5196204271580421,0.46433658410087814,0.2674922536942944,35.69,94,phone_call,True,rep_visit,0.1979
221,Elizabeth,Travis,oncology,high_value,TERR_01,El Paso,TX,private_practice,6.0,False,Digital-Heavy,11.0,10.0,4.0,2.0,4.0,0.09090909090909091,0.1,1.0,0.0,0.25,25.0,9.0,44.0,158.0,32.0,0.11764705882352941,0.1595744680851064,0.0,0.25,0.4054054054054054,1.0,0.4,0.48387096774193555,0.25,0.5882352941176471,0.7692307692307692,0.1,0.6875,0.5454545454545454,0.09090909090909091,0.05737912001154749,0.7213606363608471,0.32942916425452395,0.3395659622545917,0.3087545768666107,34.19,126,phone_call,True,phone_call,0.2482
222,Caitlin,Dodson,oncology,low_value,TERR_14,Wichita,KS,hospital,2.0,False,In-Person-Heavy,3.0,4.0,7.0,1.0,1.0,0.0,0.0,0.2857142857142857,0.0,0.0,71.0,3.0,15.0,338.0,270.0,0.058823529411764705,0.08152173913043478,0.0,0.4375,0.6666666666666666,0.2857142857142857,0.1,0.1,0.0,0.23529411764705882,0.9090909090909091,0.0,0.1875,0.297029702970297,0.0,0.02904718747882304,0.3958408393253742,0.041424199530229196,0.23639492964446718,0.10025366382572523,15.4,458,phone_call,True,rep_visit,0.1626
223,Patricia,Salazar,dermatology,high_value,TERR_29,Austin,TX,private_practice,0.5,False,Digital-Heavy,0.0,4.0,16.0,12.0,3.0,0.0,0.5,0.1875,0.4166666666666667,1.0,,141.0,42.0,14.0,7.0,0.7058823529411765,0.6818181818181818,0.4166666666666667,1.0,0.4166666666666667,0.1875,0.3,0.8108108108108107,1.0,0.23529411764705882,0.17543859649122806,0.5,0.0,0.0,0.0,0.5315102987336178,0.403797528358045,0.8153517007892652,0.3780064468271396,0.0,39.54,40,webinar,True,rep_visit,0.5821
224,Jennifer,Wagner,primary_care,high_value,TERR_11,Nashville,TN,private_practice,4.9,False,Digital-Heavy,2.0,5.0,5.0,6.0,2.0,0.0,0.2,0.8,1.0,0.0,219.0,17.0,21.0,46.0,108.0,0.35294117647058826,0.39473684210526316,1.0,0.3125,0.5882352941176471,0.8,0.2,0.2173913043478261,0.0,0.29411764705882354,0.6382978723404256,0.2,0.125,0.12048192771084336,0.0,0.740578666037332,0.6549092770498808,0.08643421052356598,0.309951992249213,0.05084869447696411,34.61,117,rep_visit,True,rep_visit,0.5979
225,Maria,Kelley,oncology,medium_value,TERR_29,Louisville,KY,hospital,2.9,False,Digital-Heavy,1.0,1.0,5.0,6.0,4.0,0.0,0.0,0.6,0.5,0.0,16.0,163.0,84.0,79.0,4.0,0.35294117647058826,0.27522935779816515,0.5,0.3125,0.2631578947368421,0.6,0.4,0.8823529411764706,0.0,0.058823529411764705,0.15544041450777202,0.0,0.0625,0.6521739130434783,0.0,0.4230591135270343,0.4707318658672677,0.26515033370063623,0.044288047405405664,0.14747154462738507,25.77,295,phone_call,True,rep_visit,0.3537
226,Phyllis,Manning,cardiology,medium_value,TERR_14,Washington,DC,private_practice,6.8,False,Digital-Heavy,0.0,6.0,12.0,13.0,4.0,0.0,0.0,0.75,0.6153846153846154,0.0,,120.0,15.0,0.0,43.0,0.7647058823529411,1.0,0.6153846153846154,0.75,0.6666666666666666,0.75,0.4,0.410958904109589,0.0,0.35294117647058826,0.2,0.0,0.0,0.0,0.0,0.7257536747496259,0.7328179867392761,0.1679563505497243,0.11466900929877451,0.0,32.01,161,phone_call,True,rep_visit,0.3942
227,Thomas,Green,cardiology,medium_value,TERR_21,Wichita,KS,private_practice,1.0,False,In-Person-Heavy,13.0,9.0,7.0,1.0,5.0,0.15384615384615385,0.4444444444444444,0.0,0.0,0.2,4.0,59.0,8.0,100.0,92.0,0.058823529411764705,0.23076923076923073,0.0,0.4375,0.7894736842105263,0.0,0.5,0.24590163934426232,0.2,0.5294117647058824,0.33707865168539325,0.4444444444444444,0.8125,0.8823529411764706,0.15384615384615385,0.05981965604443387,0.253802271059126,0.2718815417629066,0.43998543554429914,0.44109080722958804,30.42,199,digital_ad,True,rep_visit,0.1911
228,John,Walsh,dermatology,high_value,TERR_05,Chicago,IL,clinic,1.1,False,Mixed,4.0,4.0,4.0,5.0,3.0,0.0,0.25,0.5,0.0,0.6666666666666666,3.0,88.0,32.0,44.0,108.0,0.29411764705882354,0.4054054054054054,0.0,0.25,0.48387096774193555,0.5,0.3,0.2173913043478261,0.6666666666666666,0.23529411764705882,0.2542372881355932,0.25,0.25,0.9090909090909091,0.0,0.1447816538472688,0.4446599900029102,0.4977453306060652,0.24781398762984666,0.2394546037058437,30.56,193,webinar,True,rep_visit,0.3033
229,Katie,Boyd,cardiology,low_value,TERR_49,Oklahoma City,OK,private_practice,0.6,False,Digital-Heavy,10.0,8.0,4.0,1.0,3.0,0.0,0.0,0.5,1.0,0.6666666666666666,24.0,46.0,74.0,275.0,10.0,0.058823529411764705,0.09836065573770493,1.0,0.25,0.28846153846153844,0.5,0.3,0.75,0.6666666666666666,0.47058823529411764,0.39473684210526316,0.0,0.625,0.5555555555555556,0.0,0.6182771100378391,0.40436966114091494,0.6075608066637352,0.1792980538306364,0.24458290267999588,39.75,38,rep_visit,True,rep_visit,0.346
230,Courtney,Hill,endocrinology,medium_value,TERR_27,San Diego,CA,clinic,1.8,False,In-Person-Heavy,8.0,5.0,9.0,4.0,9.0,0.0,0.2,0.1111111111111111,0.5,0.2222222222222222,25.0,10.0,51.0,94.0,1.0,0.23529411764705882,0.24193548387096778,0.5,0.5625,0.37037037037037035,0.1111111111111111,0.9,0.9677419354838709,0.2222222222222222,0.29411764705882354,0.75,0.2,0.5,0.5454545454545454,0.0,0.3917170516362062,0.2584812589728378,0.516953555265934,0.33298320151358757,0.2164930048842681,33.52,138,webinar,True,rep_visit,0.2603
231,Chris,Mitchell,endocrinology,low_value,TERR_46,Cleveland,OH,private_practice,1.8,False,In-Person-Heavy,2.0,5.0,4.0,1.0,3.0,0.0,0.2,0.0,1.0,0.0,212.0,73.0,1.0,39.0,184.0,0.058823529411764705,0.4347826086956522,1.0,0.25,0.9677419354838709,0.0,0.3,0.14018691588785046,0.0,0.29411764705882354,0.29126213592233013,0.2,0.125,0.12396694214876033,0.0,0.6876419875209041,0.25154751626471095,0.09132167222526197,0.23839872074824348,0.051567249248397354,25.28,308,rep_visit,True,rep_visit,0.2657
232,Joseph,Flores,endocrinology,low_value,TERR_44,Detroit,MI,private_practice,1.8,False,In-Person-Heavy,4.0,6.0,5.0,3.0,4.0,0.25,0.0,0.0,1.0,0.25,66.0,77.0,8.0,4.0,44.0,0.17647058823529413,0.8823529411764706,1.0,0.3125,0.7894736842105263,0.0,0.4,0.4054054054054054,0.25,0.35294117647058826,0.2803738317757009,0.0,0.25,0.3125,0.25,0.8044012926654206,0.2277950415374253,0.31325080826360696,0.13124082021939792,0.2628865099455429,34.42,120,rep_visit,True,rep_visit,0.3078
233,Amber,Taylor,endocrinology,high_value,TERR_20,Kansas City,MO,hospital,7.8,False,Mixed,4.0,4.0,4.0,6.0,3.0,0.0,0.5,0.0,0.6666666666666666,0.3333333333333333,24.0,120.0,105.0,14.0,113.0,0.35294117647058826,0.6818181818181818,0.6666666666666666,0.25,0.2222222222222222,0.0,0.3,0.2097902097902098,0.3333333333333333,0.23529411764705882,0.2,0.5,0.25,0.5555555555555556,0.0,0.6045176224350076,0.09783316107199835,0.3009254370836761,0.3830706191566161,0.1665612141148939,30.6,192,rep_visit,True,rep_visit,0.5912
234,Jesse,Benson,primary_care,low_value,TERR_22,Los Angeles,CA,private_practice,5.1,False,In-Person-Heavy,2.0,5.0,5.0,2.0,0.0,0.0,0.4,0.4,1.0,0.0,192.0,52.0,136.0,37.0,,0.11764705882352941,0.44776119402985076,1.0,0.3125,0.18072289156626506,0.4,0.0,0.0,0.0,0.29411764705882354,0.36585365853658536,0.4,0.125,0.13513513513513511,0.0,0.702556662470222,0.33658347311623005,0.0,0.3709299120561337,0.053869953728279935,28.05,246,rep_visit,True,rep_visit,0.6235
235,Jasmine,Brown,cardiology,high_value,TERR_18,Tulsa,OK,clinic,8.4,False,In-Person-Heavy,3.0,3.0,9.0,13.0,6.0,0.0,0.0,0.5555555555555556,0.6923076923076923,0.3333333333333333,108.0,18.0,4.0,74.0,23.0,0.7647058823529411,0.28846153846153844,0.6923076923076923,0.5625,0.8823529411764706,0.5555555555555556,0.6,0.5660377358490566,0.3333333333333333,0.17647058823529413,0.625,0.0,0.1875,0.2173913043478261,0.0,0.6241040234232688,0.6243808457997959,0.43679538453787586,0.16558118819194773,0.08383348757139591,36.21,86,phone_call,True,rep_visit,0.3942
236,Rick,Daniels,cardiology,high_value,TERR_38,Raleigh,NC,hospital,0.9,False,Digital-Heavy,10.0,7.0,7.0,0.0,2.0,0.1,0.14285714285714285,0.14285714285714285,0.0,0.5,42.0,9.0,0.0,,148.0,0.0,0.0,0.0,0.4375,1.0,0.14285714285714285,0.2,0.16853932584269662,0.5,0.4117647058823529,0.7692307692307692,0.14285714285714285,0.625,0.4166666666666667,0.1,0.0,0.38088917741145434,0.36924070876256715,0.3279537880051177,0.27452201438189355,26.79,269,phone_call,True,rep_visit,0.1494
237,Robert,Clark,cardiology,low_value,TERR_22,Memphis,TN,private_practice,4.5,False,In-Person-Heavy,0.0,0.0,9.0,3.0,1.0,0.0,0.0,0.2222222222222222,1.0,0.0,,,130.0,8.0,308.0,0.17647058823529413,0.7894736842105263,1.0,0.5625,0.1875,0.2222222222222222,0.1,0.08875739644970414,0.0,0.0,0.0,0.0,0.0,0.0,0.0,0.7852510611674002,0.2858605081726613,0.03910615277079425,0.0,0.0,20.79,400,rep_visit,True,rep_visit,0.6709
238,Robert,Stein,endocrinology,high_value,TERR_50,Tucson,AZ,private_practice,0.5,False,In-Person-Heavy,0.0,5.0,8.0,7.0,6.0,0.0,0.0,0.25,0.2857142857142857,0.0,,7.0,81.0,43.0,2.0,0.4117647058823529,0.410958904109589,0.2857142857142857,0.5,0.27027027027027023,0.25,0.6,0.9375,0.0,0.29411764705882354,0.8108108108108107,0.0,0.0,0.0,0.0,0.3377635197124564,0.30619386767438816,0.3181323508873069,0.22836982646700663,0.0,22.11,375,rep_visit,True,rep_visit,0.3062
239,Brandy,Dominguez,oncology,low_value,TERR_38,Colorado Springs,CO,cancer_center,0.5,False,Digital-Heavy,1.0,6.0,4.0,5.0,1.0,0.0,0.16666666666666666,0.25,0.0,0.0,15.0,39.0,79.0,43.0,142.0,0.29411764705882354,0.410958904109589,0.0,0.25,0.27522935779816515,0.25,0.1,0.1744186046511628,0.0,0.35294117647058826,0.4347826086956522,0.16666666666666666,0.0625,0.6666666666666666,0.0,0.14592669730781316,0.25520189392297143,0.05676813695375936,0.26070379816701167,0.1504597208466414,17.24,437,email,True,rep_visit,0.3904
240,Melissa,Cannon,oncology,high_value,TERR_34,Omaha,NE,cancer_center,0.5,False,Digital-Heavy,1.0,3.0,6.0,9.0,1.0,0.0,0.0,0.5,0.5555555555555556,0.0,156.0,228.0,14.0,7.0,112.0,0.5294117647058824,0.8108108108108107,0.5555555555555556,0.375,0.6818181818181818,0.5,0.1,0.2112676056338028,0.0,0.17647058823529413,0.11627906976744186,0.0,0.0625,0.16129032258064516,0.0,0.6027457251699803,0.5114807994107877,0.06436581723609713,0.06069099096078448,0.046259124297735266,24.03,335,rep_visit,True,rep_visit,0.4056
241,Omar,Smith,endocrinology,low_value,TERR_08,San Diego,CA,private_practice,5.5,True,Mixed,5.0,0.0,0.0,0.0,3.0,0.0,0.0,0.0,0.0,0.6666666666666666,168.0,,,,37.0,0.0,0.0,0.0,0.0,0.0,0.0,0.3,0.44776119402985076,0.6666666666666666,0.0,0.0,0.0,0.3125,0.15151515151515152,0.0,0.0,0.0,0.5452439525987217,0.0,0.09625809791465872,12.38,480,Do Not Contact,False,rep_visit,0.4718
242,Michael,Molina,oncology,low_value,TERR_47,San Antonio,TX,cancer_center,1.5,False,In-Person-Heavy,2.0,5.0,3.0,2.0,3.0,0.0,0.0,0.3333333333333333,1.0,0.0,56.0,100.0,31.0,205.0,7.0,0.11764705882352941,0.12765957446808512,1.0,0.1875,0.49180327868852464,0.3333333333333333,0.3,0.8108108108108107,0.0,0.29411764705882354,0.23076923076923073,0.0,0.125,0.3488372093023256,0.0,0.6365567792051485,0.3356655579882449,0.22959369609155722,0.10877444102645865,0.09793193619449832,26.9,265,rep_visit,True,rep_visit,0.3586
243,Melissa,Ashley,cardiology,medium_value,TERR_03,Raleigh,NC,clinic,2.5,False,In-Person-Heavy,6.0,6.0,4.0,1.0,3.0,0.0,0.0,0.0,1.0,1.0,88.0,45.0,78.0,295.0,7.0,0.058823529411764705,0.0923076923076923,1.0,0.25,0.2777777777777778,0.0,0.3,0.8108108108108107,1.0,0.35294117647058826,0.4,0.0,0.375,0.2542372881355932,0.0,0.6170290848627853,0.10928783657914762,0.8153517007892652,0.15590584112451183,0.1304413900384969,35.01,104,webinar,True,rep_visit,0.2829
244,Robert,Adkins,endocrinology,high_value,TERR_12,Nashville,TN,clinic,7.1,False,Mixed,4.0,9.0,2.0,7.0,8.0,0.5,0.1111111111111111,0.5,0.8571428571428571,0.75,39.0,66.0,8.0,18.0,22.0,0.4117647058823529,0.625,0.8571428571428571,0.125,0.7894736842105263,0.5,0.8,0.5769230769230769,0.75,0.5294117647058824,0.3125,0.1111111111111111,0.25,0.4347826086956522,0.5,0.716614262914865,0.4816631996037283,0.7247171719594845,0.2396650386814601,0.4345387479699452,51.14,3,webinar,True,rep_visit,0.4386
245,Amy,Morrison,endocrinology,medium_value,TERR_32,Oakland,CA,private_practice,0.5,False,Mixed,4.0,4.0,6.0,9.0,3.0,0.0,0.0,0.3333333333333333,0.5555555555555556,0.3333333333333333,281.0,3.0,18.0,60.0,39.0,0.5294117647058824,0.3333333333333333,0.5555555555555556,0.375,0.625,0.3333333333333333,0.3,0.4347826086956522,0.3333333333333333,0.23529411764705882,0.9090909090909091,0.0,0.25,0.09646302250803858,0.0,0.5042974329734002,0.40213945625310044,0.34731530566234076,0.23639492964446718,0.07190360622623283,29.5,220,rep_visit,True,rep_visit,0.3227
246,Jeffrey,Robinson,oncology,low_value,TERR_37,Albuquerque,NM,hospital,2.0,False,In-Person-Heavy,7.0,3.0,3.0,2.0,3.0,0.14285714285714285,0.3333333333333333,0.3333333333333333,0.0,0.6666666666666666,17.0,85.0,4.0,63.0,36.0,0.11764705882352941,0.3225806451612903,0.0,0.1875,0.8823529411764706,0.3333333333333333,0.3,0.45454545454545453,0.6666666666666666,0.17647058823529413,0.2608695652173913,0.3333333333333333,0.4375,0.6382978723404256,0.14285714285714285,0.09098841156478227,0.4161907117463144,0.5466427596484414,0.28575592891570184,0.30631192836490817,32.37,157,webinar,True,rep_visit,0.1984
247,Ryan,Johnson,primary_care,medium_value,TERR_15,Tucson,AZ,private_practice,1.8,False,Mixed,6.0,3.0,8.0,6.0,0.0,0.0,0.0,0.0,0.8333333333333334,0.0,99.0,29.0,51.0,9.0,,0.35294117647058826,0.7692307692307692,0.8333333333333334,0.5,0.37037037037037035,0.0,0.0,0.0,0.0,0.17647058823529413,0.5084745762711864,0.0,0.375,0.23255813953488372,0.0,0.7201670473842194,0.1803934214677977,0.0,0.1415554916833084,0.12597149301363378,22.99,355,rep_visit,True,rep_visit,0.6162
248,Matthew,Shelton,endocrinology,low_value,TERR_24,Washington,DC,private_practice,0.8,False,Mixed,8.0,5.0,1.0,0.0,2.0,0.125,0.4,0.0,0.0,0.0,85.0,67.0,281.0,,30.0,0.0,0.0,0.0,0.0625,0.09646302250803858,0.0,0.2,0.5,0.0,0.29411764705882354,0.30927835051546393,0.4,0.5,0.2608695652173913,0.125,0.0,0.03289276194368184,0.1447036467990644,0.35926497974435234,0.23103584062063007,16.17,446,email,True,rep_visit,0.3573
249,Richard,Martin,dermatology,high_value,TERR_36,Fresno,CA,private_practice,3.1,False,In-Person-Heavy,8.0,14.0,3.0,3.0,6.0,0.25,0.42857142857142855,0.0,0.6666666666666666,0.16666666666666666,18.0,39.0,25.0,4.0,121.0,0.17647058823529413,0.8823529411764706,0.6666666666666666,0.1875,0.5454545454545454,0.0,0.6,0.19867549668874174,0.16666666666666666,0.8235294117647058,0.4347826086956522,0.42857142857142855,0.5,0.625,0.25,0.6091486244328513,0.15147493108001642,0.2634247760446902,0.5120261788852228,0.37933351871665877,38.9,45,rep_visit,True,rep_visit,0.326
250,Tanner,Anderson,endocrinology,medium_value,TERR_06,Colorado Springs,CO,hospital,2.0,False,In-Person-Heavy,6.0,8.0,2.0,1.0,2.0,0.3333333333333333,0.0,0.0,0.0,0.0,95.0,77.0,217.0,30.0,35.0,0.058823529411764705,0.5,0.0,0.125,0.12145748987854249,0.0,0.2,0.46153846153846145,0.0,0.47058823529411764,0.2803738317757009,0.0,0.375,0.24000000000000005,0.3333333333333333,0.1153307758098495,0.05104983994218891,0.1367734868325764,0.1557182127104103,0.3227585549885561,16.89,439,digital_ad,True,rep_visit,0.3357
251,Cindy,Johnson,oncology,medium_value,TERR_18,Virginia Beach,VA,private_practice,0.9,True,Digital-Heavy,0.0,0.0,0.0,7.0,4.0,0.0,0.0,0.0,0.5714285714285714,0.0,,,,3.0,136.0,0.4117647058823529,0.9090909090909091,0.5714285714285714,0.0,0.0,0.0,0.4,0.18072289156626506,0.0,0.0,0.0,0.0,0.0,0.0,0.0,0.6078298782082474,0.0,0.1204853319023373,0.0,0.0,13.89,471,Do Not Contact,False,rep_visit,0.4276
252,Phillip,Elliott,dermatology,high_value,TERR_08,Kansas City,MO,clinic,1.4,False,Mixed,3.0,13.0,5.0,6.0,6.0,0.0,0.15384615384615385,0.0,0.3333333333333333,0.3333333333333333,46.0,2.0,25.0,79.0,39.0,0.35294117647058826,0.27522935779816515,0.3333333333333333,0.3125,0.5454545454545454,0.0,0.6,0.4347826086956522,0.3333333333333333,0.7647058823529411,0.9375,0.15384615384615385,0.1875,0.39473684210526316,0.0,0.32543277941074955,0.17748216060171706,0.4097326565144223,0.44251731648206394,0.12039932814913783,28.59,236,email,True,rep_visit,0.1855
253,Anthony,Day,oncology,medium_value,TERR_45,Raleigh,NC,hospital,1.5,False,In-Person-Heavy,13.0,9.0,1.0,1.0,4.0,0.0,0.2222222222222222,0.0,1.0,0.5,4.0,102.0,16.0,329.0,23.0,0.058823529411764705,0.08356545961002786,1.0,0.0625,0.6521739130434783,0.0,0.4,0.5660377358490566,0.5,0.5294117647058824,0.22727272727272727,0.2222222222222222,0.8125,0.8823529411764706,0.0,0.61522657496511,0.14747154462738507,0.4928101514194395,0.2871767478635459,0.35097419112224837,37.97,58,rep_visit,True,rep_visit,0.1948
254,Derek,Murray,endocrinology,high_value,TERR_39,Oklahoma City,OK,private_practice,2.4,False,Digital-Heavy,4.0,5.0,8.0,6.0,3.0,0.0,0.6,0.125,0.6666666666666666,0.3333333333333333,71.0,21.0,16.0,42.0,37.0,0.35294117647058826,0.4166666666666667,0.6666666666666666,0.5,0.6521739130434783,0.125,0.3,0.44776119402985076,0.3333333333333333,0.29411764705882354,0.5882352941176471,0.6,0.25,0.297029702970297,0.0,0.5498475802417953,0.3117165985405509,0.3499912843661524,0.5339330835336185,0.11325727858657557,35.78,92,rep_visit,True,rep_visit,0.4745
255,Brent,Gray,endocrinology,low_value,TERR_02,Sacramento,CA,clinic,5.2,False,Mixed,2.0,2.0,4.0,3.0,2.0,0.0,0.0,0.75,0.3333333333333333,1.0,59.0,39.0,94.0,51.0,189.0,0.17647058823529413,0.37037037037037035,0.3333333333333333,0.25,0.24193548387096778,0.75,0.2,0.136986301369863,1.0,0.11764705882352941,0.4347826086956522,0.0,0.125,0.33707865168539325,0.0,0.30833326035008296,0.5412162268720098,0.6556139772925231,0.11412267906870224,0.09550750787968491,31.95,163,webinar,True,rep_visit,0.6223
256,Jason,Murphy,dermatology,medium_value,TERR_12,Kansas City,MO,private_practice,2.7,False,In-Person-Heavy,4.0,8.0,6.0,4.0,2.0,0.25,0.25,0.3333333333333333,1.0,0.0,28.0,107.0,44.0,52.0,168.0,0.23529411764705882,0.36585365853658536,1.0,0.375,0.4054054054054054,0.3333333333333333,0.2,0.15151515151515152,0.0,0.47058823529411764,0.21897810218978103,0.25,0.25,0.5172413793103449,0.25,0.7101460186292523,0.35686252941740915,0.07285159134512813,0.2894988870060722,0.3051009390774938,34.67,114,rep_visit,True,rep_visit,0.6061
257,Kathleen,Gray,dermatology,medium_value,TERR_16,San Jose,CA,private_practice,2.6,False,Digital-Heavy,9.0,11.0,2.0,3.0,3.0,0.1111111111111111,0.2727272727272727,0.5,0.0,0.3333333333333333,3.0,28.0,63.0,172.0,72.0,0.17647058823529413,0.1485148514851485,0.0,0.125,0.3225806451612903,0.5,0.3,0.29411764705882354,0.3333333333333333,0.6470588235294118,0.5172413793103449,0.2727272727272727,0.5625,0.9090909090909091,0.1111111111111111,0.0673374985081057,0.38539725094432453,0.3183124188283823,0.4010248206596086,0.3695569002542851,31.1,181,email,True,rep_visit,0.2132
258,Karen,Decker,dermatology,low_value,TERR_01,Phoenix,AZ,private_practice,2.0,False,In-Person-Heavy,3.0,4.0,4.0,1.0,1.0,0.0,0.5,0.25,0.0,0.0,1.0,17.0,120.0,113.0,342.0,0.058823529411764705,0.2097902097902098,0.0,0.25,0.2,0.25,0.1,0.08064516129032258,0.0,0.23529411764705882,0.6382978723404256,0.5,0.1875,0.9677419354838709,0.0,0.055494114244531365,0.23969079204356564,0.037433538385803,0.4734406974130192,0.23854390150386062,21.32,387,email,True,rep_visit,0.1802
259,Johnny,Miller,endocrinology,low_value,TERR_28,Miami,FL,clinic,0.6,False,In-Person-Heavy,4.0,3.0,4.0,6.0,0.0,0.0,0.0,0.0,0.5,0.0,7.0,63.0,16.0,22.0,,0.35294117647058826,0.5769230769230769,0.5,0.25,0.6521739130434783,0.0,0.0,0.0,0.0,0.17647058823529413,0.3225806451612903,0.0,0.25,0.8108108108108107,0.0,0.4852635793192104,0.18648238890993607,0.0,0.10322710781028846,0.21919080428287696,20.19,411,rep_visit,True,rep_visit,0.4422
260,Andrew,Ryan,dermatology,high_value,TERR_49,Arlington,TX,private_practice,0.8,False,Mixed,3.0,4.0,10.0,15.0,2.0,0.0,0.0,0.4,0.8,0.0,1.0,183.0,78.0,22.0,115.0,0.8823529411764706,0.5769230769230769,0.8,0.625,0.2777777777777778,0.4,0.2,0.2068965517241379,0.0,0.23529411764705882,0.14084507042253522,0.0,0.1875,0.9677419354838709,0.0,0.7711392469380786,0.4216127270233328,0.08427035877858725,0.07799480739451586,0.23854390150386062,31.31,175,rep_visit,True,rep_visit,0.5003
261,Zoe,Bell,endocrinology,low_value,TERR_20,Cleveland,OH,private_practice,2.5,False,Digital-Heavy,4.0,7.0,9.0,5.0,3.0,0.25,0.0,0.1111111111111111,0.6,0.0,21.0,29.0,4.0,79.0,112.0,0.29411764705882354,0.27522935779816515,0.6,0.5625,0.8823529411764706,0.1111111111111111,0.3,0.2112676056338028,0.0,0.4117647058823529,0.5084745762711864,0.0,0.25,0.5882352941176471,0.25,0.4693962177512989,0.36404395482303686,0.1059773844708182,0.19051027666533316,0.31973875970529103,29.18,225,rep_visit,True,rep_visit,0.2747
262,Debra,Harrington,oncology,low_value,TERR_26,Louisville,KY,hospital,6.3,True,Mixed,2.0,0.0,0.0,0.0,6.0,0.0,0.0,0.0,0.0,0.16666666666666666,56.0,,,,91.0,0.0,0.0,0.0,0.0,0.0,0.0,0.6,0.24793388429752067,0.16666666666666666,0.0,0.0,0.0,0.125,0.3488372093023256,0.0,0.0,0.0,0.27358107527384123,0.0,0.09793193619449832,7.48,499,Do Not Contact,False,rep_visit,0.5757
263,Denise,Webster,primary_care,low_value,TERR_49,Columbus,OH,private_practice,2.5,False,In-Person-Heavy,1.0,4.0,2.0,3.0,4.0,0.0,0.0,1.0,0.0,0.75,81.0,11.0,207.0,164.0,130.0,0.17647058823529413,0.15463917525773196,0.0,0.125,0.12658227848101264,1.0,0.4,0.1875,0.75,0.23529411764705882,0.7317073170731707,0.0,0.0625,0.27027027027027023,0.0,0.06860023705538765,0.6378644948686095,0.5612011678293519,0.1998212428810638,0.06872906317400887,28.31,241,phone_call,True,rep_visit,0.3433
264,Stefanie,Gonzalez,endocrinology,high_value,TERR_24,Miami,FL,private_practice,1.6,False,Digital-Heavy,4.0,5.0,7.0,9.0,2.0,0.25,0.0,0.0,0.1111111111111111,0.0,81.0,88.0,17.0,39.0,198.0,0.5294117647058824,0.4347826086956522,0.1111111111111111,0.4375,0.6382978723404256,0.0,0.2,0.13157894736842105,0.0,0.29411764705882354,0.2542372881355932,0.0,0.25,0.27027027027027023,0.25,0.2648777755314354,0.22263221340809272,0.06874106185691667,0.11361318270092588,0.25417940863098687,18.93,423,rep_visit,True,rep_visit,0.4209
265,Andrew,Hernandez,oncology,medium_value,TERR_43,Cleveland,OH,hospital,0.5,False,Mixed,6.0,8.0,2.0,0.0,2.0,0.16666666666666666,0.125,0.5,0.0,0.0,49.0,16.0,88.0,,0.0,0.0,0.0,0.0,0.125,0.2542372881355932,0.5,0.2,1.0,0.0,0.47058823529411764,0.6521739130434783,0.125,0.375,0.379746835443038,0.16666666666666666,0.0,0.37130593334394957,0.2477957263634077,0.30559725041779784,0.2539458046289892,23.45,343,phone_call,True,rep_visit,0.189
266,David,Caldwell,endocrinology,low_value,TERR_45,San Francisco,CA,clinic,5.5,False,In-Person-Heavy,3.0,5.0,1.0,1.0,3.0,0.0,0.0,0.0,1.0,0.3333333333333333,73.0,49.0,169.0,329.0,287.0,0.058823529411764705,0.08356545961002786,1.0,0.0625,0.1507537688442211,0.0,0.3,0.09463722397476342,0.3333333333333333,0.29411764705882354,0.379746835443038,0.0,0.1875,0.29126213592233013,0.0,0.61522657496511,0.044086653825476455,0.2771827155321607,0.1394912631751335,0.09906448286372187,22.92,357,rep_visit,True,rep_visit,0.3744
267,Anne,Robinson,oncology,high_value,TERR_05,Wichita,KS,hospital,1.9,False,Digital-Heavy,6.0,4.0,12.0,5.0,5.0,0.0,0.25,0.4166666666666667,0.4,0.0,23.0,171.0,8.0,31.0,45.0,0.29411764705882354,0.49180327868852464,0.4,0.75,0.7894736842105263,0.4166666666666667,0.5,0.4,0.0,0.23529411764705882,0.14925373134328357,0.25,0.375,0.5660377358490566,0.0,0.3968987285797388,0.5628861801540893,0.18650258173827733,0.22616804125028558,0.19472970316624538,30.23,203,phone_call,True,rep_visit,0.4045
268,Holly,Wang,oncology,medium_value,TERR_43,San Jose,CA,cancer_center,2.7,False,In-Person-Heavy,3.0,3.0,5.0,1.0,3.0,0.0,0.0,0.2,0.0,0.0,71.0,259.0,8.0,2.0,85.0,0.058823529411764705,0.9375,0.0,0.3125,0.7894736842105263,0.2,0.3,0.2608695652173913,0.0,0.17647058823529413,0.10380622837370243,0.0,0.1875,0.297029702970297,0.0,0.2055363454286499,0.34494664247696694,0.1162045227986955,0.05811928864607084,0.10025366382572523,15.76,453,phone_call,True,rep_visit,0.1896
269,Gary,Lawson,oncology,medium_value,TERR_27,San Diego,CA,hospital,1.5,False,Mixed,6.0,6.0,6.0,3.0,5.0,0.3333333333333333,0.16666666666666666,0.16666666666666666,0.6666666666666666,0.6,77.0,21.0,51.0,14.0,94.0,0.17647058823529413,0.6818181818181818,0.6666666666666666,0.375,0.37037037037037035,0.16666666666666666,0.5,0.24193548387096778,0.6,0.35294117647058826,0.5882352941176471,0.16666666666666666,0.375,0.2803738317757009,0.3333333333333333,0.567801533698489,0.25201252606238167,0.5053669852107548,0.2923433110767846,0.33108299954403203,38.7,48,rep_visit,True,rep_visit,0.4527
270,Julie,Wilson,primary_care,low_value,TERR_19,Milwaukee,WI,clinic,3.6,False,Digital-Heavy,1.0,3.0,11.0,7.0,3.0,0.0,0.6666666666666666,0.45454545454545453,0.5714285714285714,0.0,321.0,86.0,7.0,22.0,137.0,0.4117647058823529,0.5769230769230769,0.5714285714285714,0.6875,0.8108108108108107,0.45454545454545453,0.3,0.17964071856287425,0.0,0.17647058823529413,0.25862068965517243,0.6666666666666666,0.0625,0.08547008547008547,0.0,0.5393421330431243,0.5764697461077875,0.09945642135424088,0.48054491463148996,0.030626192464156883,32.45,155,phone_call,True,rep_visit,0.5261
271,Lori,Oconnell,dermatology,medium_value,TERR_06,Dallas,TX,clinic,1.3,False,Digital-Heavy,4.0,5.0,3.0,0.0,2.0,0.25,0.4,0.0,0.0,0.5,37.0,50.0,46.0,,14.0,0.0,0.0,0.0,0.1875,0.39473684210526316,0.0,0.2,0.6818181818181818,0.5,0.29411764705882354,0.37499999999999994,0.4,0.25,0.44776119402985076,0.25,0.0,0.12039932814913783,0.4750706780804068,0.3728157427798717,0.29077522549932977,25.49,303,webinar,True,rep_visit,0.3419
272,Daniel,Johnson,primary_care,low_value,TERR_09,Fort Worth,TX,private_practice,0.8,False,Digital-Heavy,7.0,7.0,3.0,2.0,2.0,0.0,0.7142857142857143,0.0,0.5,0.5,11.0,3.0,193.0,35.0,78.0,0.11764705882352941,0.46153846153846145,0.5,0.1875,0.13452914798206278,0.0,0.2,0.2777777777777778,0.5,0.4117647058823529,0.9090909090909091,0.7142857142857143,0.4375,0.7317073170731707,0.0,0.41251831443772174,0.06674862353753126,0.39176394711932133,0.6915095931650629,0.24189176122499131,36.02,90,email,True,rep_visit,0.1877
273,Larry,Byrd,primary_care,medium_value,TERR_13,Raleigh,NC,private_practice,4.2,False,Digital-Heavy,9.0,11.0,6.0,2.0,3.0,0.2222222222222222,0.2727272727272727,0.0,0.0,0.3333333333333333,51.0,60.0,73.0,114.0,23.0,0.11764705882352941,0.20833333333333334,0.0,0.375,0.29126213592233013,0.0,0.3,0.5660377358490566,0.3333333333333333,0.6470588235294118,0.3333333333333333,0.2727272727272727,0.5625,0.37037037037037035,0.2222222222222222,0.0674324256428221,0.13807532714627285,0.3743780336857943,0.3631058948428386,0.3235654817170276,25.91,292,webinar,True,rep_visit,0.2957
274,Susan,Sanders,cardiology,low_value,TERR_07,Oklahoma City,OK,clinic,2.6,False,Mixed,5.0,3.0,4.0,1.0,2.0,0.0,0.0,0.25,0.0,0.0,59.0,263.0,11.0,294.0,28.0,0.058823529411764705,0.09259259259259259,0.0,0.25,0.7317073170731707,0.25,0.2,0.5172413793103449,0.0,0.17647058823529413,0.10238907849829351,0.0,0.3125,0.33707865168539325,0.0,0.03132982209075495,0.3493204181168673,0.14825854609438655,0.057827094790650325,0.1345183521622359,13.94,470,phone_call,True,rep_visit,0.2833
275,Jennifer,Jones,dermatology,medium_value,TERR_29,Oklahoma City,OK,private_practice,5.2,False,In-Person-Heavy,7.0,9.0,9.0,3.0,3.0,0.0,0.0,0.0,0.6666666666666666,0.0,35.0,21.0,4.0,11.0,95.0,0.17647058823529413,0.7317073170731707,0.6666666666666666,0.5625,0.8823529411764706,0.0,0.3,0.24000000000000005,0.0,0.5294117647058824,0.5882352941176471,0.0,0.4375,0.46153846153846145,0.0,0.5780878831006963,0.2989597320788471,0.1119015490429664,0.2314330656970185,0.18618722292380768,27.66,253,rep_visit,True,rep_visit,0.2434
276,Hannah,Burton,primary_care,high_value,TERR_44,Atlanta,GA,private_practice,1.5,False,Digital-Heavy,3.0,7.0,5.0,8.0,2.0,0.0,0.2857142857142857,0.4,0.5,1.0,143.0,10.0,17.0,1.0,119.0,0.47058823529411764,0.9677419354838709,0.5,0.3125,0.6382978723404256,0.4,0.2,0.20134228187919462,1.0,0.4117647058823529,0.75,0.2857142857142857,0.1875,0.17341040462427745,0.0,0.5903216295342132,0.4309281857654753,0.6688831610187418,0.4076684229786892,0.07476532274417295,40.96,28,webinar,True,rep_visit,0.3075
277,Curtis,Barton,oncology,high_value,TERR_09,Chicago,IL,cancer_center,7.0,False,Digital-Heavy,4.0,4.0,6.0,2.0,6.0,0.0,0.25,0.5,0.0,0.3333333333333333,150.0,16.0,32.0,119.0,21.0,0.11764705882352941,0.20134228187919462,0.0,0.375,0.48387096774193555,0.5,0.6,0.5882352941176471,0.3333333333333333,0.23529411764705882,0.6521739130434783,0.25,0.25,0.16666666666666666,0.0,0.06599098157732514,0.4706672195246108,0.4413721694241952,0.3298622160229865,0.08637848556484909,26.18,285,phone_call,True,rep_visit,0.2995
278,Melissa,Burke,dermatology,high_value,TERR_06,Memphis,TN,hospital,3.8,False,Digital-Heavy,5.0,6.0,10.0,3.0,5.0,0.0,0.0,0.4,0.6666666666666666,0.6,11.0,35.0,2.0,49.0,59.0,0.17647058823529413,0.379746835443038,0.6666666666666666,0.625,0.9375,0.4,0.5,0.33707865168539325,0.6,0.35294117647058826,0.46153846153846145,0.0,0.3125,0.7317073170731707,0.0,0.5055192071492598,0.5576369986707302,0.5249839992634117,0.1685940970708925,0.21588453170329064,37.79,62,phone_call,True,rep_visit,0.259
279,David,Riggs,dermatology,high_value,TERR_15,Oakland,CA,hospital,4.7,False,Mixed,9.0,12.0,1.0,2.0,2.0,0.3333333333333333,0.08333333333333333,1.0,0.5,1.0,38.0,23.0,52.0,122.0,234.0,0.11764705882352941,0.19736842105263158,0.5,0.0625,0.36585365853658536,1.0,0.2,0.11363636363636363,1.0,0.7058823529411765,0.5660377358490566,0.08333333333333333,0.5625,0.4411764705882353,0.3333333333333333,0.3580506367731598,0.6741948484080779,0.6507995900152344,0.31238553660536006,0.4032488006958193,46.88,5,phone_call,True,rep_visit,0.3945
280,Kimberly,Reed,endocrinology,medium_value,TERR_06,Tulsa,OK,clinic,0.5,False,Digital-Heavy,6.0,8.0,2.0,4.0,4.0,0.0,0.125,0.5,0.25,0.0,1.0,116.0,94.0,67.0,74.0,0.23529411764705882,0.30927835051546393,0.25,0.125,0.24193548387096778,0.5,0.4,0.28846153846153844,0.0,0.47058823529411764,0.2054794520547945,0.125,0.375,0.9677419354838709,0.0,0.2591625827941899,0.36876949617588206,0.14269933421810171,0.21349592859140415,0.2775547457864116,25.27,309,phone_call,True,rep_visit,0.2682
281,Ross,Wood,oncology,medium_value,TERR_16,Wichita,KS,cancer_center,2.4,False,Mixed,5.0,8.0,7.0,1.0,2.0,0.0,0.375,0.14285714285714285,0.0,1.0,109.0,59.0,10.0,150.0,43.0,0.058823529411764705,0.16666666666666666,0.0,0.4375,0.75,0.14285714285714285,0.2,0.410958904109589,1.0,0.47058823529411764,0.33707865168539325,0.375,0.3125,0.21582733812949642,0.0,0.04660272276695396,0.3293431376292827,0.7121027880127112,0.38706910008367434,0.1095182520334646,30.0,208,webinar,True,rep_visit,0.2597
282,William,Peterson,dermatology,medium_value,TERR_11,Charlotte,NC,hospital,4.7,False,In-Person-Heavy,2.0,6.0,3.0,10.0,2.0,0.5,0.16666666666666666,0.0,0.0,0.5,263.0,39.0,60.0,18.0,109.0,0.5882352941176471,0.625,0.0,0.1875,0.3333333333333333,0.0,0.2,0.21582733812949642,0.5,0.35294117647058826,0.4347826086956522,0.16666666666666666,0.125,0.10238907849829351,0.5,0.2512520619104911,0.10773889732544653,0.37899074781278796,0.26070379816701167,0.3399972379246864,27.4,256,webinar,True,rep_visit,0.3612
283,Melissa,Short,endocrinology,high_value,TERR_48,Tulsa,OK,hospital,2.7,False,Digital-Heavy,6.0,5.0,7.0,6.0,7.0,0.0,0.2,0.0,1.0,0.2857142857142857,9.0,58.0,142.0,2.0,51.0,0.35294117647058826,0.9375,1.0,0.4375,0.1744186046511628,0.0,0.7,0.37037037037037035,0.2857142857142857,0.29411764705882354,0.3409090909090909,0.2,0.375,0.7692307692307692,0.0,0.852487831353889,0.12698765666235115,0.3893644186161496,0.24863513641548848,0.2366248878948609,36.63,75,rep_visit,True,rep_visit,0.3526
284,Daniel,Yu,cardiology,low_value,TERR_08,San Francisco,CA,clinic,1.4,False,Mixed,4.0,2.0,3.0,1.0,4.0,0.0,0.0,0.3333333333333333,1.0,0.5,70.0,191.0,150.0,114.0,95.0,0.058823529411764705,0.20833333333333334,1.0,0.1875,0.16666666666666666,0.3333333333333333,0.4,0.24000000000000005,0.5,0.11764705882352941,0.13574660633484165,0.0,0.25,0.3,0.0,0.6409517340950239,0.2686275390365681,0.4255863350091809,0.05246619237273456,0.11386970678200731,28.68,235,rep_visit,True,rep_visit,0.537
285,Cynthia,Poole,oncology,high_value,TERR_25,Baltimore,MD,cancer_center,0.7,False,In-Person-Heavy,4.0,6.0,6.0,7.0,7.0,0.0,0.3333333333333333,0.0,0.42857142857142855,0.14285714285714285,3.0,30.0,36.0,66.0,10.0,0.4117647058823529,0.3125,0.42857142857142855,0.375,0.45454545454545453,0.0,0.7,0.75,0.14285714285714285,0.35294117647058826,0.5,0.3333333333333333,0.25,0.9090909090909091,0.0,0.4011425683167042,0.1717417608963232,0.3839583196248541,0.37177692526994977,0.2394546037058437,31.12,180,rep_visit,True,rep_visit,0.2664
286,Jasmine,Graham,cardiology,low_value,TERR_39,Fort Worth,TX,private_practice,0.5,False,Mixed,0.0,1.0,5.0,8.0,1.0,0.0,0.0,0.6,1.0,0.0,,161.0,10.0,31.0,239.0,0.47058823529411764,0.49180327868852464,1.0,0.3125,0.75,0.6,0.1,0.11152416356877323,0.0,0.058823529411764705,0.15706806282722513,0.0,0.0,0.0,0.0,0.7850696201348821,0.5711109959693914,0.04380029950531815,0.04462364270550934,0.0,26.71,270,rep_visit,True,rep_visit,0.6938
287,Jessica,Sheppard,primary_care,low_value,TERR_07,New York,NY,private_practice,2.8,False,Mixed,2.0,2.0,4.0,3.0,1.0,0.0,0.0,0.25,0.6666666666666666,0.0,106.0,2.0,281.0,95.0,53.0,0.17647058823529413,0.24000000000000005,0.6666666666666666,0.25,0.09646302250803858,0.25,0.1,0.3614457831325301,0.0,0.11764705882352941,0.9375,0.0,0.125,0.22058823529411764,0.0,0.476705623392542,0.21834310740065982,0.09533017848315088,0.2177750416741561,0.07148902932949919,20.82,399,rep_visit,True,rep_visit,0.3135
288,Joseph,Morton,endocrinology,medium_value,TERR_13,El Paso,TX,private_practice,3.6,False,Digital-Heavy,5.0,4.0,5.0,3.0,3.0,0.6,0.25,0.2,0.0,0.3333333333333333,22.0,10.0,203.0,50.0,102.0,0.17647058823529413,0.37499999999999994,0.0,0.3125,0.12875536480686695,0.2,0.3,0.22727272727272727,0.3333333333333333,0.23529411764705882,0.75,0.25,0.3125,0.5769230769230769,0.6,0.11403514840977606,0.2087169913698044,0.3045300552502615,0.35003240550296677,0.5354252761201956,31.9,164,digital_ad,True,rep_visit,0.3567
289,Amanda,Webb,dermatology,medium_value,TERR_42,San Diego,CA,hospital,3.5,False,Digital-Heavy,3.0,0.0,8.0,16.0,8.0,0.3333333333333333,0.0,0.5,0.875,0.25,190.0,,2.0,22.0,108.0,0.9411764705882353,0.5769230769230769,0.875,0.5,0.9375,0.5,0.8,0.2173913043478261,0.25,0.0,0.0,0.0,0.1875,0.13636363636363638,0.3333333333333333,0.8273097935359128,0.5902055696188003,0.3577084134021562,0.0,0.2623795342144867,39.37,42,rep_visit,True,rep_visit,0.4821
290,Ryan,Simon,primary_care,low_value,TERR_50,Detroit,MI,private_practice,0.5,False,Mixed,4.0,6.0,8.0,5.0,3.0,0.0,0.16666666666666666,0.25,0.0,0.0,58.0,18.0,30.0,42.0,102.0,0.29411764705882354,0.4166666666666667,0.0,0.5,0.5,0.25,0.3,0.22727272727272727,0.0,0.35294117647058826,0.625,0.16666666666666666,0.25,0.3409090909090909,0.0,0.1471035475311504,0.35356049882557294,0.10927738701769218,0.29992361104475096,0.12230451329181721,19.99,414,phone_call,True,rep_visit,0.3125
291,Joseph,Christian,cardiology,low_value,TERR_10,Tucson,AZ,clinic,3.7,False,Digital-Heavy,1.0,0.0,5.0,6.0,0.0,0.0,0.0,0.4,0.6666666666666666,0.0,330.0,,4.0,25.0,,0.35294117647058826,0.5454545454545454,0.6666666666666666,0.3125,0.8823529411764706,0.4,0.0,0.0,0.0,0.0,0.0,0.0,0.0625,0.08333333333333333,0.0,0.5764016007356413,0.48124847491452893,0.0,0.0,0.030185628021574214,20.22,409,rep_visit,True,rep_visit,0.4965
292,Mariah,Miller,oncology,low_value,TERR_44,Fresno,CA,hospital,3.8,False,Digital-Heavy,0.0,2.0,3.0,5.0,2.0,0.0,0.0,1.0,1.0,1.0,,114.0,49.0,85.0,44.0,0.29411764705882354,0.2608695652173913,1.0,0.1875,0.379746835443038,1.0,0.2,0.4054054054054054,1.0,0.11764705882352941,0.20833333333333334,0.0,0.0,0.0,0.0,0.7007386578718529,0.7030666309278615,0.7109577445521669,0.0674324256428221,0.0,39.97,37,webinar,True,rep_visit,0.8121
293,Nicole,Sanchez,primary_care,medium_value,TERR_28,San Antonio,TX,private_practice,4.6,False,Digital-Heavy,6.0,7.0,2.0,1.0,3.0,0.3333333333333333,0.0,0.5,0.0,0.6666666666666666,0.0,43.0,57.0,136.0,8.0,0.058823529411764705,0.18072289156626506,0.0,0.125,0.3448275862068966,0.5,0.3,0.7894736842105263,0.6666666666666666,0.4117647058823529,0.410958904109589,0.0,0.375,1.0,0.3333333333333333,0.04950089367840137,0.3899842177769983,0.6156996550503939,0.17040408979882554,0.4794585159263579,34.51,119,webinar,True,rep_visit,0.1925
294,Steven,Bishop,cardiology,low_value,TERR_25,Los Angeles,CA,private_practice,2.6,False,Digital-Heavy,3.0,3.0,2.0,3.0,1.0,0.3333333333333333,0.0,0.0,0.3333333333333333,1.0,73.0,197.0,101.0,60.0,343.0,0.17647058823529413,0.3333333333333333,0.3333333333333333,0.125,0.22900763358778622,0.0,0.1,0.08042895442359249,1.0,0.17647058823529413,0.13215859030837004,0.0,0.1875,0.29126213592233013,0.3333333333333333,0.30069681001198345,0.07322497588704874,0.6231469646524964,0.06396509655088246,0.2943171510962912,27.16,262,webinar,True,rep_visit,0.4364
295,Nicholas,Johnson,cardiology,high_value,TERR_41,Arlington,TX,hospital,0.5,False,Mixed,2.0,3.0,9.0,9.0,5.0,0.0,0.0,0.4444444444444444,0.6666666666666666,0.4,93.0,79.0,39.0,24.0,10.0,0.5294117647058824,0.5555555555555556,0.6666666666666666,0.5625,0.4347826086956522,0.4444444444444444,0.5,0.75,0.4,0.17647058823529413,0.27522935779816515,0.0,0.125,0.24390243902439027,0.0,0.615200357746187,0.4670147104021019,0.4929702393124008,0.0934640224416617,0.07629604882138033,32.71,150,rep_visit,True,rep_visit,0.6224
296,Melissa,White,cardiology,low_value,TERR_19,Houston,TX,clinic,0.6,False,Digital-Heavy,2.0,2.0,6.0,0.0,2.0,0.0,0.5,0.16666666666666666,0.0,0.0,115.0,109.0,11.0,,221.0,0.0,0.0,0.0,0.375,0.7317073170731707,0.16666666666666666,0.2,0.1195219123505976,0.0,0.11764705882352941,0.21582733812949642,0.5,0.125,0.2068965517241379,0.0,0.0,0.32651448058042565,0.06625509223018161,0.3618565730690793,0.06866602106556685,15.76,453,email,True,rep_visit,0.3498
297,Jason,Salinas,oncology,low_value,TERR_37,Tucson,AZ,hospital,0.6,False,In-Person-Heavy,4.0,5.0,2.0,1.0,2.0,0.25,0.2,0.5,0.0,0.0,59.0,32.0,205.0,273.0,267.0,0.058823529411764705,0.09900990099009901,0.0,0.125,0.12765957446808512,0.5,0.2,0.10101010101010101,0.0,0.29411764705882354,0.48387096774193555,0.2,0.25,0.33707865168539325,0.25,0.032652969426564274,0.34520761388698273,0.062438249974992435,0.2781116107777274,0.2679542385758126,20.07,412,phone_call,True,email,0.242
298,Matthew,Beard,endocrinology,medium_value,TERR_06,Raleigh,NC,private_practice,4.1,False,In-Person-Heavy,1.0,2.0,7.0,11.0,3.0,0.0,0.0,0.2857142857142857,0.45454545454545453,0.3333333333333333,51.0,297.0,24.0,16.0,87.0,0.6470588235294118,0.6521739130434783,0.45454545454545453,0.4375,0.5555555555555556,0.2857142857142857,0.3,0.25641025641025644,0.3333333333333333,0.11764705882352941,0.09174311926605504,0.0,0.0625,0.37037037037037035,0.0,0.5353472270660611,0.37293148831107575,0.3105377521945706,0.043393370392726754,0.08936811814184538,25.57,301,rep_visit,True,rep_visit,0.6154
299,Jacqueline,Hill,endocrinology,medium_value,TERR_32,Boston,MA,private_practice,0.8,False,In-Person-Heavy,2.0,2.0,9.0,7.0,3.0,0.0,0.0,0.5555555555555556,0.14285714285714285,0.0,2.0,14.0,22.0,58.0,53.0,0.4117647058823529,0.3409090909090909,0.14285714285714285,0.5625,0.5769230769230769,0.5555555555555556,0.3,0.3614457831325301,0.0,0.11764705882352941,0.6818181818181818,0.0,0.125,0.9375,0.0,0.23964064292377468,0.561406046065921,0.13694174571787193,0.16505750098784416,0.21930487870484439,25.7,299,phone_call,True,rep_visit,0.2396
300,Alejandro,Vaughan,oncology,high_value,TERR_03,El Paso,TX,cancer_center,3.1,False,Digital-Heavy,2.0,0.0,9.0,13.0,5.0,0.0,0.0,0.3333333333333333,0.6923076923076923,0.2,101.0,,81.0,11.0,1.0,0.7647058823529411,0.7317073170731707,0.6923076923076923,0.5625,0.27027027027027023,0.3333333333333333,0.5,0.9677419354838709,0.2,0.0,0.0,0.0,0.125,0.22900763358778622,0.0,0.7154942815736481,0.3680106494933808,0.42071357624765393,0.0,0.07322497588704874,29.69,216,rep_visit,True,rep_visit,0.5246
301,Christopher,Cortez,oncology,medium_value,TERR_30,San Diego,CA,private_practice,5.3,False,Mixed,2.0,1.0,8.0,8.0,2.0,0.0,0.0,0.5,0.625,0.0,198.0,169.0,7.0,21.0,56.0,0.47058823529411764,0.5882352941176471,0.625,0.5,0.8108108108108107,0.5,0.2,0.3488372093023256,0.0,0.058823529411764705,0.1507537688442211,0.0,0.125,0.13157894736842105,0.0,0.5852931223875798,0.5640842656751323,0.11353627390751872,0.043321735310132316,0.05313672414389627,25.34,306,rep_visit,True,rep_visit,0.4893
302,Tracy,Chang,endocrinology,low_value,TERR_29,Milwaukee,WI,private_practice,1.5,False,Digital-Heavy,6.0,3.0,5.0,0.0,1.0,0.16666666666666666,0.0,0.4,0.0,0.0,84.0,59.0,2.0,,175.0,0.0,0.0,0.0,0.3125,0.9375,0.4,0.1,0.14634146341463417,0.0,0.17647058823529413,0.33707865168539325,0.0,0.375,0.2631578947368421,0.16666666666666666,0.0,0.4926189248664786,0.050979075197168336,0.10621636709450284,0.22990701192577787,17.43,435,phone_call,True,rep_visit,0.1965
303,Hannah,Brewer,primary_care,low_value,TERR_12,Indianapolis,IN,private_practice,4.7,False,Mixed,4.0,7.0,5.0,8.0,1.0,0.25,0.14285714285714285,0.6,0.5,0.0,18.0,50.0,3.0,25.0,11.0,0.47058823529411764,0.5454545454545454,0.5,0.3125,0.9090909090909091,0.6,0.1,0.7317073170731707,0.0,0.4117647058823529,0.37499999999999994,0.14285714285714285,0.25,0.625,0.25,0.503252659110369,0.6039130212853189,0.17167224151639954,0.24666964834861627,0.3273190596732575,36.5,77,phone_call,True,rep_visit,0.3356
304,Travis,Mcguire,endocrinology,medium_value,TERR_30,Minneapolis,MN,hospital,2.3,False,Mixed,3.0,9.0,8.0,5.0,2.0,0.0,0.1111111111111111,0.0,0.4,0.0,39.0,10.0,31.0,134.0,262.0,0.29411764705882354,0.18292682926829268,0.4,0.5,0.49180327868852464,0.0,0.2,0.10273972602739727,0.0,0.5294117647058824,0.75,0.1111111111111111,0.1875,0.4347826086956522,0.0,0.33321329758137397,0.20543096355992724,0.0627948712547916,0.3298706083002605,0.12865613086024086,20.9,397,rep_visit,True,rep_visit,0.3924
305,Christopher,Walker,endocrinology,high_value,TERR_01,Baltimore,MD,hospital,6.2,False,In-Person-Heavy,4.0,11.0,2.0,0.0,2.0,0.25,0.0,0.0,0.0,1.0,11.0,30.0,143.0,,196.0,0.0,0.0,0.0,0.125,0.17341040462427745,0.0,0.2,0.13274336283185842,1.0,0.6470588235294118,0.5,0.0,0.25,0.7317073170731707,0.25,0.0,0.06176170798332262,0.6547391505778299,0.2377177382649115,0.3493204181168673,26.58,276,webinar,True,rep_visit,0.3084
306,Heather,Torres,dermatology,low_value,TERR_08,Colorado Springs,CO,private_practice,3.9,True,In-Person-Heavy,2.0,0.0,0.0,1.0,3.0,0.0,0.0,0.0,0.0,0.3333333333333333,205.0,,,106.0,129.0,0.058823529411764705,0.22058823529411764,0.0,0.0,0.0,0.0,0.3,0.18867924528301888,0.3333333333333333,0.0,0.0,0.0,0.125,0.12765957446808512,0.0,0.05772049605330472,0.0,0.2965726906183654,0.0,0.05232861153812875,7.84,498,Do Not Contact,False,rep_visit,0.3438
307,Bonnie,Kennedy,primary_care,low_value,TERR_45,Los Angeles,CA,clinic,2.4,False,In-Person-Heavy,3.0,4.0,2.0,2.0,2.0,0.0,0.0,0.0,0.0,1.0,191.0,122.0,150.0,39.0,165.0,0.11764705882352941,0.4347826086956522,0.0,0.125,0.16666666666666666,0.0,0.2,0.15384615384615385,1.0,0.23529411764705882,0.19736842105263158,0.0,0.1875,0.13574660633484165,0.0,0.11412267906870224,0.06037125604314843,0.6590902117983808,0.0896490269153182,0.06699964416427318,18.72,427,webinar,True,rep_visit,0.3891
308,Alyssa,Coleman,primary_care,high_value,TERR_09,New York,NY,private_practice,0.9,False,Digital-Heavy,4.0,2.0,7.0,7.0,6.0,0.0,0.0,0.0,0.2857142857142857,0.16666666666666666,183.0,149.0,37.0,1.0,57.0,0.4117647058823529,0.9677419354838709,0.2857142857142857,0.4375,0.44776119402985076,0.0,0.6,0.3448275862068966,0.16666666666666666,0.11764705882352941,0.16759776536312848,0.0,0.25,0.14084507042253522,0.0,0.4525633608534838,0.1833465686074538,0.2935590217268915,0.059033396814255956,0.0810544814558924,20.47,407,rep_visit,True,rep_visit,0.2747
309,Julie,Rivera,cardiology,high_value,TERR_15,El Paso,TX,clinic,3.5,False,Mixed,12.0,12.0,3.0,5.0,1.0,0.16666666666666666,0.3333333333333333,0.6666666666666666,0.0,1.0,35.0,3.0,123.0,24.0,252.0,0.29411764705882354,0.5555555555555556,0.0,0.1875,0.19607843137254904,0.6666666666666666,0.1,0.10638297872340426,1.0,0.7058823529411765,0.9090909090909091,0.3333333333333333,0.75,0.46153846153846145,0.16666666666666666,0.17574023629902355,0.46994444724351053,0.6284982733287586,0.5295571678410861,0.348831630844344,42.31,25,webinar,True,webinar,0.1598
310,Jacqueline,Nelson,endocrinology,low_value,TERR_47,Arlington,TX,hospital,2.0,False,Mixed,1.0,4.0,12.0,5.0,5.0,0.0,0.25,0.3333333333333333,0.6,0.4,198.0,65.0,0.0,23.0,184.0,0.29411764705882354,0.5660377358490566,0.6,0.75,1.0,0.3333333333333333,0.5,0.14018691588785046,0.4,0.23529411764705882,0.31578947368421056,0.25,0.0625,0.13157894736842105,0.0,0.5293562986472992,0.55748020449146,0.36723644133906624,0.2605050732497212,0.04013310938304594,32.71,150,phone_call,True,rep_visit,0.3406
311,John,Martinez,oncology,medium_value,TERR_14,Philadelphia,PA,cancer_center,3.4,False,Digital-Heavy,1.0,7.0,7.0,1.0,3.0,0.0,0.2857142857142857,0.2857142857142857,1.0,0.0,177.0,49.0,8.0,193.0,17.0,0.058823529411764705,0.13452914798206278,1.0,0.4375,0.7894736842105263,0.2857142857142857,0.3,0.6382978723404256,0.0,0.4117647058823529,0.379746835443038,0.2857142857142857,0.0625,0.14492753623188406,0.0,0.6257344801981944,0.42116170097275685,0.19402426093422198,0.3313280855797767,0.042885376953413615,30.51,197,rep_visit,True,rep_visit,0.3653
312,James,Wilson,cardiology,high_value,TERR_09,Charlotte,NC,hospital,5.8,False,In-Person-Heavy,2.0,4.0,4.0,8.0,6.0,0.0,0.0,0.5,0.625,0.16666666666666666,263.0,14.0,91.0,3.0,53.0,0.47058823529411764,0.9090909090909091,0.625,0.25,0.24793388429752067,0.5,0.6,0.3614457831325301,0.16666666666666666,0.23529411764705882,0.6818181818181818,0.0,0.125,0.10238907849829351,0.0,0.6514484675625595,0.39601350084564874,0.29698543068623817,0.18953489347885655,0.047118235575832404,29.76,213,rep_visit,True,rep_visit,0.4101
313,Amanda,Gill,dermatology,high_value,TERR_02,Oklahoma City,OK,private_practice,5.9,False,Mixed,1.0,2.0,16.0,10.0,6.0,0.0,0.0,0.1875,0.8,0.5,24.0,147.0,11.0,3.0,72.0,0.5882352941176471,0.9090909090909091,0.8,1.0,0.7317073170731707,0.1875,0.6,0.29411764705882354,0.5,0.11764705882352941,0.1694915254237288,0.0,0.0625,0.5555555555555556,0.0,0.7784335108756708,0.4687539199534646,0.4783561037967486,0.059423860139942324,0.1275503698323429,36.25,84,rep_visit,True,rep_visit,0.4267
314,Jacob,Robinson,dermatology,medium_value,TERR_14,New York,NY,hospital,1.3,False,Mixed,7.0,11.0,4.0,2.0,4.0,0.0,0.45454545454545453,0.0,0.5,0.25,1.0,23.0,36.0,200.0,8.0,0.11764705882352941,0.13043478260869565,0.5,0.25,0.45454545454545453,0.0,0.4,0.7894736842105263,0.25,0.6470588235294118,0.5660377358490566,0.45454545454545453,0.4375,0.9677419354838709,0.0,0.3442499808131733,0.14573453137462253,0.39243960337704276,0.5175873118006696,0.2905583605472619,33.9,133,email,True,rep_visit,0.2083
315,Todd,Hardy,dermatology,high_value,TERR_34,San Diego,CA,private_practice,1.6,False,In-Person-Heavy,10.0,12.0,5.0,1.0,5.0,0.1,0.08333333333333333,0.2,0.0,0.4,4.0,10.0,77.0,115.0,161.0,0.058823529411764705,0.2068965517241379,0.0,0.3125,0.2803738317757009,0.2,0.5,0.15706806282722513,0.4,0.7058823529411765,0.75,0.08333333333333333,0.625,0.8823529411764706,0.1,0.05489748778937238,0.23997831749015397,0.370717066425889,0.3503156413507317,0.37053914730946824,28.32,240,webinar,True,rep_visit,0.1973
316,Tiffany,Warren,dermatology,high_value,TERR_04,Minneapolis,MN,private_practice,6.5,False,In-Person-Heavy,3.0,7.0,6.0,4.0,5.0,0.0,0.8571428571428571,0.16666666666666666,0.5,0.4,14.0,3.0,129.0,8.0,38.0,0.23529411764705882,0.7894736842105263,0.5,0.375,0.18867924528301888,0.16666666666666666,0.5,0.4411764705882353,0.4,0.4117647058823529,0.9090909090909091,0.8571428571428571,0.1875,0.6818181818181818,0.0,0.5046107550640524,0.21455069421510112,0.4292957195814829,0.7751893081218783,0.17959095277938278,41.11,26,email,True,rep_visit,0.2391
317,Justin,Garcia,endocrinology,medium_value,TERR_20,Seattle,WA,clinic,5.8,False,Digital-Heavy,1.0,6.0,8.0,8.0,3.0,0.0,0.3333333333333333,0.5,0.125,0.0,52.0,1.0,29.0,126.0,122.0,0.47058823529411764,0.1923076923076923,0.125,0.5,0.5084745762711864,0.5,0.3,0.19736842105263158,0.0,0.35294117647058826,0.9677419354838709,0.3333333333333333,0.0625,0.36585365853658536,0.0,0.2107801203837028,0.5017473233824464,0.10311159278537502,0.4682179029269161,0.08843684371036983,26.13,286,phone_call,True,phone_call,0.2206
318,James,Perez,dermatology,low_value,TERR_29,Miami,FL,private_practice,3.0,False,Mixed,0.0,2.0,6.0,8.0,2.0,0.0,0.0,0.16666666666666666,0.875,0.5,,50.0,64.0,10.0,171.0,0.47058823529411764,0.75,0.875,0.375,0.3191489361702128,0.16666666666666666,0.2,0.14925373134328357,0.5,0.11764705882352941,0.37499999999999994,0.0,0.0,0.0,0.0,0.765085943421059,0.24145147772245684,0.3652643246774089,0.10179645216426986,0.0,27.58,255,rep_visit,True,rep_visit,0.7421
319,Harry,Smith,oncology,low_value,TERR_11,Cleveland,OH,cancer_center,3.1,True,Digital-Heavy,1.0,0.0,0.0,7.0,2.0,0.0,0.0,0.0,0.42857142857142855,1.0,179.0,,,42.0,93.0,0.4117647058823529,0.4166666666666667,0.42857142857142855,0.0,0.0,0.0,0.2,0.24390243902439027,1.0,0.0,0.0,0.0,0.0625,0.14354066985645933,0.0,0.42262008489260905,0.0,0.6776583912321087,0.0,0.042599427075972814,21.56,383,Do Not Contact,False,rep_visit,0.5871
320,Amanda,Hill,dermatology,medium_value,TERR_23,Denver,CO,clinic,2.7,False,In-Person-Heavy,0.0,1.0,8.0,7.0,2.0,0.0,0.0,0.5,0.8571428571428571,0.0,,240.0,155.0,10.0,91.0,0.4117647058823529,0.75,0.8571428571428571,0.5,0.16216216216216214,0.5,0.2,0.24793388429752067,0.0,0.058823529411764705,0.1111111111111111,0.0,0.0,0.0,0.0,0.7423872828059508,0.43034318948355177,0.09273160668811445,0.03514804725980471,0.0,24.14,331,rep_visit,True,rep_visit,0.7144
321,Terri,Tran,primary_care,medium_value,TERR_16,San Francisco,CA,private_practice,3.3,False,Digital-Heavy,2.0,7.0,2.0,3.0,5.0,0.0,0.0,0.5,0.6666666666666666,1.0,219.0,10.0,23.0,57.0,28.0,0.17647058823529413,0.3448275862068966,0.6666666666666666,0.125,0.5660377358490566,0.5,0.5,0.5172413793103449,1.0,0.4117647058823529,0.75,0.0,0.125,0.12048192771084336,0.0,0.4983194111081009,0.43559424647169803,0.7964339016441762,0.24030899306505832,0.05084869447696411,37.69,64,webinar,True,rep_visit,0.4525
322,Heidi,Martinez,endocrinology,high_value,TERR_40,Indianapolis,IN,clinic,2.3,False,Digital-Heavy,13.0,11.0,2.0,3.0,4.0,0.0,0.36363636363636365,0.0,0.0,0.0,2.0,86.0,183.0,102.0,9.0,0.17647058823529413,0.22727272727272727,0.0,0.125,0.14084507042253522,0.0,0.4,0.7692307692307692,0.0,0.6470588235294118,0.25862068965517243,0.36363636363636365,0.8125,0.9375,0.0,0.08357612490212918,0.05504725193419174,0.24182633379920104,0.4009520589295675,0.36234464107419806,24.1,333,email,True,rep_visit,0.1709
323,Miranda,Henry,dermatology,high_value,TERR_39,Cleveland,OH,clinic,3.5,False,In-Person-Heavy,7.0,10.0,8.0,7.0,3.0,0.0,0.4,0.25,0.5714285714285714,0.6666666666666666,52.0,39.0,57.0,15.0,120.0,0.4117647058823529,0.6666666666666666,0.5714285714285714,0.5,0.3448275862068966,0.25,0.3,0.2,0.6666666666666666,0.5882352941176471,0.4347826086956522,0.4,0.4375,0.36585365853658536,0.0,0.5578458396315962,0.3215664051676733,0.4941595191429576,0.446335450911835,0.1664585322754718,38.36,53,rep_visit,True,rep_visit,0.4583
324,Monique,Andrews,dermatology,high_value,TERR_35,San Antonio,TX,hospital,6.2,False,Mixed,1.0,2.0,5.0,13.0,5.0,0.0,0.0,0.4,0.7692307692307693,0.4,290.0,8.0,64.0,143.0,88.0,0.7647058823529411,0.17341040462427745,0.7692307692307693,0.3125,0.3191489361702128,0.4,0.5,0.2542372881355932,0.4,0.11764705882352941,0.7894736842105263,0.0,0.0625,0.09375,0.0,0.645440610189901,0.3651247307244051,0.3907518214392808,0.18725436022418604,0.032333379679164706,30.39,200,rep_visit,True,rep_visit,0.5865
325,Taylor,Alexander,cardiology,low_value,TERR_02,Las Vegas,NV,private_practice,1.9,False,Digital-Heavy,2.0,2.0,3.0,1.0,2.0,0.0,0.0,0.6666666666666666,0.0,0.5,1.0,147.0,189.0,351.0,35.0,0.058823529411764705,0.07874015748031496,0.0,0.1875,0.136986301369863,0.6666666666666666,0.2,0.46153846153846145,0.5,0.11764705882352941,0.1694915254237288,0.0,0.125,0.9677419354838709,0.0,0.0284736694052453,0.45776058610778364,0.4296524891814304,0.059423860139942324,0.2255402867430103,23.24,347,phone_call,True,rep_visit,0.1957
326,Jack,Williams,dermatology,high_value,TERR_10,Nashville,TN,private_practice,3.9,False,In-Person-Heavy,10.0,9.0,5.0,0.0,2.0,0.1,0.0,0.0,0.0,0.5,1.0,123.0,64.0,,74.0,0.0,0.0,0.0,0.3125,0.3191489361702128,0.0,0.2,0.28846153846153844,0.5,0.5294117647058824,0.19607843137254904,0.0,0.625,0.9677419354838709,0.1,0.0,0.13082152884532186,0.3939667693322346,0.15057653270537666,0.38814500529958373,22.3,368,webinar,True,rep_visit,0.2401
327,Shelley,Woods,oncology,high_value,TERR_45,Boston,MA,hospital,4.2,False,Digital-Heavy,7.0,6.0,11.0,5.0,6.0,0.14285714285714285,0.0,0.18181818181818182,0.8,0.0,2.0,93.0,8.0,23.0,141.0,0.29411764705882354,0.5660377358490566,0.8,0.6875,0.7894736842105263,0.18181818181818182,0.6,0.17543859649122806,0.0,0.35294117647058826,0.24390243902439027,0.0,0.4375,0.9375,0.14285714285714285,0.6465078995868407,0.4123181855021106,0.161007361200424,0.12372099677271685,0.3680026674659115,34.35,122,rep_visit,True,rep_visit,0.3101
328,Lynn,Morales,dermatology,medium_value,TERR_36,Indianapolis,IN,hospital,0.8,False,Digital-Heavy,0.0,3.0,2.0,2.0,3.0,0.0,0.0,0.5,0.5,0.3333333333333333,,92.0,133.0,228.0,221.0,0.11764705882352941,0.11627906976744186,0.5,0.125,0.18404907975460122,0.5,0.3,0.1195219123505976,0.3333333333333333,0.17647058823529413,0.24590163934426232,0.0,0.0,0.0,0.0,0.3413312970641323,0.3568342366181657,0.2823135440801115,0.08741711147308087,0.0,19.63,416,phone_call,True,rep_visit,0.6502
329,Charles,Soto,cardiology,high_value,TERR_26,Houston,TX,private_practice,0.5,False,In-Person-Heavy,4.0,9.0,4.0,9.0,5.0,0.0,0.2222222222222222,0.0,0.5555555555555556,0.4,158.0,15.0,37.0,3.0,25.0,0.5294117647058824,0.9090909090909091,0.5555555555555556,0.25,0.44776119402985076,0.0,0.5,0.5454545454545454,0.4,0.5294117647058824,0.6666666666666666,0.2222222222222222,0.25,0.1595744680851064,0.0,0.623009524592947,0.1443357243249028,0.4507962067633513,0.3777728177837264,0.08491618656393643,32.31,158,rep_visit,True,rep_visit,0.2761
330,Brian,Hernandez,oncology,medium_value,TERR_40,Sacramento,CA,hospital,1.2,False,In-Person-Heavy,2.0,2.0,6.0,13.0,5.0,0.0,0.0,0.0,0.15384615384615385,0.0,193.0,42.0,1.0,14.0,8.0,0.7647058823529411,0.6818181818181818,0.15384615384615385,0.375,0.9677419354838709,0.0,0.5,0.7894736842105263,0.0,0.11764705882352941,0.4166666666666667,0.0,0.125,0.13452914798206278,0.0,0.389799775795752,0.2775547457864116,0.26680588581997633,0.11038745879463183,0.053745008776680925,20.73,402,rep_visit,True,rep_visit,0.1612
331,Anna,Torres,primary_care,high_value,TERR_49,Raleigh,NC,clinic,1.6,False,Digital-Heavy,7.0,8.0,9.0,4.0,6.0,0.0,0.25,0.2222222222222222,0.5,0.3333333333333333,51.0,3.0,7.0,93.0,43.0,0.23529411764705882,0.24390243902439027,0.5,0.5625,0.8108108108108107,0.2222222222222222,0.6,0.410958904109589,0.3333333333333333,0.47058823529411764,0.9090909090909091,0.25,0.4375,0.37037037037037035,0.0,0.3921226066305584,0.41437732357550816,0.40482058601701465,0.43178921580091895,0.16738980670694736,34.89,108,email,True,rep_visit,0.1584
332,Victoria,Wilson,primary_care,medium_value,TERR_02,New Orleans,LA,clinic,1.1,False,Digital-Heavy,3.0,4.0,1.0,2.0,3.0,0.6666666666666666,0.0,0.0,0.0,0.0,49.0,65.0,249.0,135.0,87.0,0.11764705882352941,0.18181818181818182,0.0,0.0625,0.1075268817204301,0.0,0.3,0.25641025641025644,0.0,0.23529411764705882,0.31578947368421056,0.0,0.1875,0.379746835443038,0.6666666666666666,0.061965421423500866,0.035173954452106956,0.11528508396200125,0.11406557207529425,0.5078139626952921,19.08,422,digital_ad,True,rep_visit,0.3673
333,Kathy,Obrien,dermatology,low_value,TERR_28,Austin,TX,private_practice,1.8,False,Digital-Heavy,0.0,0.0,6.0,4.0,1.0,0.0,0.0,0.3333333333333333,1.0,0.0,,,22.0,85.0,79.0,0.23529411764705882,0.2608695652173913,1.0,0.375,0.5769230769230769,0.3333333333333333,0.1,0.27522935779816515,0.0,0.0,0.0,0.0,0.0,0.0,0.0,0.6884999616263466,0.3922267562949905,0.07755371732250364,0.0,0.0,21.48,384,rep_visit,True,rep_visit,0.7236
334,Krystal,Perez,oncology,high_value,TERR_49,Charlotte,NC,hospital,1.7,False,Digital-Heavy,2.0,1.0,10.0,7.0,7.0,0.0,0.0,0.7,0.5714285714285714,0.0,53.0,10.0,18.0,45.0,4.0,0.4117647058823529,0.4,0.5714285714285714,0.625,0.625,0.7,0.7,0.8823529411764706,0.0,0.058823529411764705,0.75,0.0,0.125,0.3614457831325301,0.0,0.5028633971972797,0.668931850352328,0.3275676845527178,0.16687681559202117,0.10053162438749101,33.11,147,phone_call,True,rep_visit,0.4064
335,Alexandra,Hayes,primary_care,high_value,TERR_01,Nashville,TN,private_practice,3.5,False,Mixed,0.0,4.0,10.0,10.0,3.0,0.0,0.5,0.1,0.7,0.6666666666666666,,16.0,2.0,24.0,56.0,0.5882352941176471,0.5555555555555556,0.7,0.625,0.9375,0.1,0.3,0.3488372093023256,0.6666666666666666,0.23529411764705882,0.6521739130434783,0.5,0.0,0.0,0.0,0.6469643208149501,0.3819095972614178,0.5248473939900179,0.47630171719741354,0.0,38.03,56,rep_visit,True,rep_visit,0.4273
336,Scott,Dalton,dermatology,low_value,TERR_23,Miami,FL,private_practice,3.1,False,Mixed,2.0,2.0,6.0,5.0,2.0,0.0,0.5,0.16666666666666666,0.2,0.5,65.0,143.0,18.0,28.0,185.0,0.29411764705882354,0.5172413793103449,0.2,0.375,0.625,0.16666666666666666,0.2,0.13953488372093023,0.5,0.11764705882352941,0.17341040462427745,0.5,0.125,0.31578947368421056,0.0,0.2849920610267381,0.3045131221368158,0.3632604522526941,0.3531108733014883,0.09111801661497013,26.67,272,webinar,True,rep_visit,0.4537
337,Veronica,Torres,primary_care,medium_value,TERR_46,Kansas City,MO,private_practice,2.9,False,Digital-Heavy,6.0,6.0,3.0,2.0,8.0,0.0,0.16666666666666666,0.0,0.5,0.0,42.0,93.0,113.0,9.0,23.0,0.11764705882352941,0.7692307692307692,0.5,0.1875,0.2097902097902098,0.0,0.8,0.5660377358490566,0.0,0.35294117647058826,0.24390243902439027,0.16666666666666666,0.375,0.4166666666666667,0.0,0.4759595941696253,0.08226626228157616,0.28315428354002764,0.2213473308890015,0.1639317548687214,24.28,328,rep_visit,True,rep_visit,0.3872
338,Christine,Lynch,cardiology,medium_value,TERR_28,Miami,FL,clinic,2.2,False,In-Person-Heavy,12.0,5.0,5.0,0.0,5.0,0.16666666666666666,0.4,0.2,0.0,0.0,0.0,42.0,17.0,,21.0,0.0,0.0,0.0,0.3125,0.6382978723404256,0.2,0.5,0.5882352941176471,0.0,0.29411764705882354,0.4166666666666667,0.4,0.75,1.0,0.16666666666666666,0.0,0.3137765848259336,0.22531371757426538,0.3814067494102336,0.4598538703751752,28.78,230,digital_ad,True,rep_visit,0.1811
339,Jody,Meza,oncology,high_value,TERR_38,Wichita,KS,hospital,1.6,False,Mixed,5.0,10.0,4.0,5.0,4.0,0.2,0.1,0.0,0.4,0.25,50.0,18.0,148.0,192.0,108.0,0.29411764705882354,0.13513513513513511,0.4,0.25,0.16853932584269662,0.0,0.4,0.2173913043478261,0.25,0.5882352941176471,0.625,0.1,0.3125,0.37499999999999994,0.2,0.32335940731319346,0.08676459822239346,0.27448527893271407,0.30982786238026194,0.2594887344170507,25.44,305,rep_visit,True,rep_visit,0.3949
340,Jared,Clark,endocrinology,high_value,TERR_40,Oklahoma City,OK,hospital,1.9,False,Digital-Heavy,0.0,1.0,4.0,12.0,2.0,0.0,0.0,0.0,0.6666666666666666,0.5,,315.0,86.0,1.0,154.0,0.7058823529411765,0.9677419354838709,0.6666666666666666,0.25,0.25862068965517243,0.0,0.2,0.16304347826086957,0.5,0.058823529411764705,0.08695652173913043,0.0,0.0,0.0,0.0,0.7369027486325226,0.10533794847323408,0.36810755205020873,0.03016775356104416,0.0,23.31,346,rep_visit,True,rep_visit,0.3479
341,Donna,Moore,primary_care,high_value,TERR_14,Raleigh,NC,private_practice,3.2,False,Mixed,2.0,12.0,4.0,3.0,5.0,0.0,0.0,0.25,0.3333333333333333,0.0,232.0,22.0,10.0,71.0,37.0,0.17647058823529413,0.297029702970297,0.3333333333333333,0.25,0.75,0.25,0.5,0.44776119402985076,0.0,0.7058823529411765,0.5769230769230769,0.0,0.125,0.11450381679389311,0.0,0.29321157651226215,0.3530920795643433,0.19635018336830412,0.2658167544433936,0.04961610270437471,21.85,381,phone_call,True,rep_visit,0.3955
342,Glenn,Jones,primary_care,high_value,TERR_50,San Jose,CA,hospital,1.4,False,Mixed,8.0,5.0,8.0,6.0,2.0,0.375,0.0,0.125,0.16666666666666666,0.5,9.0,16.0,3.0,45.0,94.0,0.35294117647058826,0.4,0.16666666666666666,0.5,0.9090909090909091,0.125,0.2,0.24193548387096778,0.5,0.29411764705882354,0.6521739130434783,0.0,0.5,0.7692307692307692,0.375,0.2535321752407965,0.36468881333645853,0.38437383388890245,0.19566141109406573,0.4822913691782021,34.35,122,digital_ad,True,rep_visit,0.2042
343,Aaron,Hayes,dermatology,high_value,TERR_32,Milwaukee,WI,private_practice,2.7,False,Digital-Heavy,2.0,4.0,8.0,13.0,3.0,0.0,0.25,0.625,0.23076923076923078,0.3333333333333333,276.0,122.0,15.0,2.0,78.0,0.7647058823529411,0.9375,0.23076923076923078,0.5,0.6666666666666666,0.625,0.3,0.2777777777777778,0.3333333333333333,0.23529411764705882,0.19736842105263158,0.25,0.125,0.09803921568627452,0.0,0.4875756245357338,0.6075837771086612,0.3149433966203972,0.23608852808974518,0.04622136276961112,31.5,171,phone_call,True,rep_visit,0.2748
344,Brittney,Carter,endocrinology,low_value,TERR_17,Virginia Beach,VA,private_practice,2.5,False,Digital-Heavy,1.0,4.0,7.0,3.0,6.0,0.0,0.0,0.14285714285714285,0.6666666666666666,0.0,84.0,56.0,25.0,120.0,7.0,0.17647058823529413,0.2,0.6666666666666666,0.4375,0.5454545454545454,0.14285714285714285,0.6,0.8108108108108107,0.0,0.23529411764705882,0.3488372093023256,0.0,0.0625,0.2631578947368421,0.0,0.4684582570273946,0.2871691050802332,0.29201104694363883,0.12087949165482244,0.06726260400524155,23.42,345,rep_visit,True,rep_visit,0.4203
345,Jesse,Mann,oncology,medium_value,TERR_25,Cleveland,OH,hospital,0.5,False,Mixed,6.0,11.0,8.0,3.0,1.0,0.0,0.09090909090909091,0.125,0.6666666666666666,1.0,52.0,11.0,35.0,1.0,23.0,0.17647058823529413,0.9677419354838709,0.6666666666666666,0.5,0.46153846153846145,0.125,0.1,0.5660377358490566,1.0,0.6470588235294118,0.7317073170731707,0.09090909090909091,0.375,0.36585365853658536,0.0,0.6267544824229668,0.27241058827187153,0.7232718029162118,0.3387428442993988,0.15345491751462148,40.55,34,webinar,True,rep_visit,0.2965
346,Jacqueline,Gibson,endocrinology,medium_value,TERR_32,Tulsa,OK,private_practice,0.6,False,In-Person-Heavy,2.0,3.0,5.0,1.0,7.0,0.0,0.6666666666666666,0.4,1.0,0.2857142857142857,140.0,66.0,50.0,210.0,4.0,0.058823529411764705,0.125,1.0,0.3125,0.37499999999999994,0.4,0.7,0.8823529411764706,0.2857142857142857,0.17647058823529413,0.3125,0.6666666666666666,0.125,0.1764705882352941,0.0,0.6237697208343,0.37664033535659236,0.4949271144663486,0.4916539749293718,0.06239266936793948,38.84,46,rep_visit,True,rep_visit,0.3572
347,Grace,Bradshaw,primary_care,low_value,TERR_49,Jacksonville,FL,clinic,3.3,False,Digital-Heavy,4.0,2.0,5.0,3.0,0.0,0.5,0.0,0.2,1.0,0.0,112.0,206.0,95.0,21.0,,0.17647058823529413,0.5882352941176471,1.0,0.3125,0.24000000000000005,0.2,0.0,0.0,0.0,0.11764705882352941,0.1271186440677966,0.0,0.25,0.2112676056338028,0.5,0.7437588929216893,0.23165387293467804,0.0,0.050687243227709844,0.38845349501099197,29.23,223,rep_visit,True,rep_visit,0.7119
348,Kristin,Weber,primary_care,low_value,TERR_21,San Diego,CA,private_practice,3.2,True,Digital-Heavy,2.0,0.0,0.0,6.0,1.0,0.0,0.0,0.0,0.8333333333333334,1.0,60.0,,,102.0,274.0,0.35294117647058826,0.22727272727272727,0.8333333333333334,0.0,0.0,0.0,0.1,0.09868421052631579,1.0,0.0,0.0,0.0,0.125,0.3333333333333333,0.0,0.6084238842200712,0.0,0.6269109092817152,0.0,0.0947352825645962,25.54,302,Do Not Contact,False,rep_visit,0.6615
349,Donna,Peck,endocrinology,medium_value,TERR_28,Louisville,KY,private_practice,1.6,False,In-Person-Heavy,2.0,3.0,2.0,2.0,2.0,0.0,0.0,1.0,0.5,0.5,168.0,114.0,9.0,3.0,32.0,0.11764705882352941,0.9090909090909091,0.5,0.125,0.7692307692307692,1.0,0.2,0.48387096774193555,0.5,0.17647058823529413,0.20833333333333334,0.0,0.125,0.15151515151515152,0.0,0.5047965395023087,0.7703684335491676,0.43425709819422986,0.07967112188832831,0.057247253632107725,34.03,129,phone_call,True,rep_visit,0.3098
350,Ronald,Stephens,dermatology,low_value,TERR_15,Las Vegas,NV,private_practice,6.3,False,In-Person-Heavy,5.0,3.0,3.0,5.0,0.0,0.0,0.3333333333333333,0.0,0.6,0.0,0.0,25.0,112.0,14.0,,0.29411764705882354,0.6818181818181818,0.6,0.1875,0.2112676056338028,0.0,0.0,0.0,0.0,0.17647058823529413,0.5454545454545454,0.3333333333333333,0.3125,1.0,0.0,0.5532283925429875,0.08257087790128761,0.0,0.34443284376655336,0.27120223293293827,25.78,294,rep_visit,True,rep_visit,0.3276
351,Deborah,Kerr,oncology,high_value,TERR_43,Mesa,AZ,hospital,3.5,False,Mixed,6.0,12.0,6.0,7.0,4.0,0.16666666666666666,0.0,0.3333333333333333,0.7142857142857143,0.5,120.0,39.0,21.0,9.0,107.0,0.4117647058823529,0.7692307692307692,0.7142857142857143,0.375,0.5882352941176471,0.3333333333333333,0.4,0.21897810218978103,0.5,0.7058823529411765,0.4347826086956522,0.0,0.375,0.2,0.16666666666666666,0.6626726478323794,0.39455915628513405,0.4212519526858918,0.2365096415237642,0.21688485450712397,37.46,65,rep_visit,True,rep_visit,0.4728
352,Margaret,Jones,dermatology,medium_value,TERR_19,Nashville,TN,clinic,3.9,False,Mixed,7.0,6.0,5.0,1.0,6.0,0.14285714285714285,0.0,0.2,1.0,0.5,85.0,60.0,23.0,213.0,11.0,0.058823529411764705,0.1234567901234568,1.0,0.3125,0.5660377358490566,0.2,0.6,0.7317073170731707,0.5,0.35294117647058826,0.3333333333333333,0.0,0.4375,0.2608695652173913,0.14285714285714285,0.6234515354035459,0.29887768934493664,0.5685801619520562,0.1421602305159327,0.22849219022938164,36.16,87,rep_visit,True,rep_visit,0.397
353,Gabriel,Parker,dermatology,medium_value,TERR_08,Omaha,NE,private_practice,2.5,False,Digital-Heavy,4.0,6.0,7.0,5.0,6.0,0.0,0.0,0.0,0.2,0.5,92.0,11.0,45.0,70.0,21.0,0.29411764705882354,0.3,0.2,0.4375,0.4,0.0,0.6,0.5882352941176471,0.5,0.35294117647058826,0.7317073170731707,0.0,0.25,0.24590163934426232,0.0,0.24020032990567858,0.17349896697742698,0.53899850354048,0.22429863537207617,0.10271548177996362,24.49,324,webinar,True,rep_visit,0.3093
354,Kaitlyn,Carroll,oncology,medium_value,TERR_05,Chicago,IL,hospital,4.3,False,In-Person-Heavy,3.0,0.0,7.0,6.0,2.0,0.0,0.0,0.42857142857142855,0.8333333333333334,0.5,2.0,,172.0,37.0,157.0,0.35294117647058826,0.44776119402985076,0.8333333333333334,0.4375,0.1485148514851485,0.42857142857142855,0.2,0.16042780748663102,0.5,0.0,0.0,0.0,0.1875,0.9375,0.0,0.653885113335962,0.3726858579679857,0.3675682421710649,0.0,0.2323084934656947,31.67,169,rep_visit,True,rep_visit,0.6668
355,Keith,Martinez,primary_care,low_value,TERR_25,San Jose,CA,private_practice,5.2,False,In-Person-Heavy,0.0,2.0,6.0,12.0,5.0,0.0,0.0,0.6666666666666666,0.8333333333333334,0.6,,213.0,49.0,0.0,165.0,0.7058823529411765,1.0,0.8333333333333334,0.375,0.379746835443038,0.6666666666666666,0.5,0.15384615384615385,0.6,0.11764705882352941,0.1234567901234568,0.0,0.0,0.0,0.0,0.8411801846561844,0.5468248069778432,0.48720436077137924,0.04993222695134407,0.0,35.54,95,rep_visit,True,rep_visit,0.5068
356,Haley,Lyons,dermatology,medium_value,TERR_27,Los Angeles,CA,clinic,4.0,False,In-Person-Heavy,2.0,3.0,6.0,6.0,2.0,0.0,0.3333333333333333,0.0,0.3333333333333333,0.0,29.0,4.0,63.0,21.0,211.0,0.35294117647058826,0.5882352941176471,0.3333333333333333,0.375,0.3225806451612903,0.0,0.2,0.12448132780082988,0.0,0.17647058823529413,0.8823529411764706,0.3333333333333333,0.125,0.5084745762711864,0.0,0.3899696451930692,0.14453270763887188,0.06727764513455757,0.41389595620028197,0.13084663246849046,22.73,360,email,True,rep_visit,0.3442
357,Sherri,Mason,primary_care,low_value,TERR_12,Indianapolis,IN,private_practice,4.6,False,Digital-Heavy,0.0,2.0,9.0,5.0,2.0,0.0,0.0,0.3333333333333333,0.4,0.0,,126.0,95.0,24.0,50.0,0.29411764705882354,0.5555555555555556,0.4,0.5625,0.24000000000000005,0.3333333333333333,0.2,0.37499999999999994,0.0,0.11764705882352941,0.1923076923076923,0.0,0.0,0.0,0.0,0.4100434381781068,0.3617693992711071,0.11893062690797854,0.06412819232345213,0.0,17.6,433,rep_visit,True,rep_visit,0.7688
358,Troy,Miller,primary_care,low_value,TERR_11,San Francisco,CA,hospital,2.9,False,Mixed,2.0,4.0,4.0,0.0,1.0,0.0,0.25,0.5,0.0,0.0,318.0,44.0,171.0,,330.0,0.0,0.0,0.0,0.25,0.14925373134328357,0.5,0.1,0.08333333333333333,0.0,0.23529411764705882,0.4054054054054054,0.25,0.125,0.08620689655172414,0.0,0.0,0.3756672164860892,0.037987796878084415,0.2789824587761896,0.04378172599831158,13.83,473,phone_call,True,rep_visit,0.46
359,Bill,Reynolds,cardiology,medium_value,TERR_47,Houston,TX,clinic,1.2,False,Mixed,6.0,10.0,6.0,0.0,3.0,0.16666666666666666,0.2,0.0,0.0,0.3333333333333333,30.0,11.0,107.0,,43.0,0.0,0.0,0.0,0.375,0.21897810218978103,0.0,0.3,0.410958904109589,0.3333333333333333,0.5882352941176471,0.7317073170731707,0.2,0.375,0.5,0.16666666666666666,0.0,0.12317150443269761,0.3424032351649331,0.3904050212936425,0.27874010224573,23.17,349,email,True,rep_visit,0.274
360,Marcus,Wright,endocrinology,high_value,TERR_26,Mesa,AZ,clinic,2.8,False,In-Person-Heavy,4.0,3.0,4.0,5.0,3.0,0.0,0.3333333333333333,0.5,0.8,1.0,16.0,60.0,161.0,1.0,73.0,0.29411764705882354,0.9677419354838709,0.8,0.25,0.15706806282722513,0.5,0.3,0.29126213592233013,1.0,0.17647058823529413,0.3333333333333333,0.3333333333333333,0.25,0.6521739130434783,0.0,0.7293329422070071,0.37727840785225847,0.7082289941309604,0.30069681001198345,0.18648238890993607,44.16,10,rep_visit,True,rep_visit,0.473
361,Christopher,Hayden,dermatology,high_value,TERR_17,San Antonio,TX,private_practice,3.7,False,In-Person-Heavy,10.0,7.0,6.0,6.0,6.0,0.0,0.14285714285714285,0.3333333333333333,0.6666666666666666,0.5,32.0,24.0,4.0,137.0,49.0,0.35294117647058826,0.17964071856287425,0.6666666666666666,0.375,0.8823529411764706,0.3333333333333333,0.6,0.379746835443038,0.5,0.4117647058823529,0.5555555555555556,0.14285714285714285,0.625,0.48387096774193555,0.0,0.5009765844403351,0.45520155602886536,0.49601148600061973,0.2838973437468514,0.22980267621915815,38.03,56,rep_visit,True,rep_visit,0.2692
362,Mary,Johnston,endocrinology,high_value,TERR_37,San Francisco,CA,clinic,0.5,False,Digital-Heavy,5.0,8.0,7.0,7.0,8.0,0.0,0.125,0.0,0.8571428571428571,0.5,100.0,53.0,11.0,18.0,74.0,0.4117647058823529,0.625,0.8571428571428571,0.4375,0.7317073170731707,0.0,0.8,0.28846153846153844,0.5,0.47058823529411764,0.3614457831325301,0.125,0.3125,0.23076923076923073,0.0,0.716614262914865,0.24189176122499131,0.5188014710363978,0.24565371541705341,0.11259903360317933,35.15,101,rep_visit,True,rep_visit,0.424
363,Stephanie,Key,oncology,high_value,TERR_18,Denver,CO,cancer_center,5.2,False,In-Person-Heavy,9.0,8.0,5.0,11.0,2.0,0.0,0.125,0.6,0.45454545454545453,0.0,58.0,17.0,85.0,10.0,4.0,0.6470588235294118,0.75,0.45454545454545453,0.3125,0.2608695652173913,0.6,0.2,0.8823529411764706,0.0,0.47058823529411764,0.6382978723404256,0.125,0.5625,0.3409090909090909,0.0,0.5555174165460413,0.4702600485694904,0.22353876646591514,0.3027362306334035,0.1873225870960689,33.67,136,rep_visit,True,rep_visit,0.313
364,Emily,Adams,endocrinology,high_value,TERR_46,Denver,CO,hospital,4.2,False,In-Person-Heavy,5.0,10.0,6.0,2.0,6.0,0.2,0.5,0.3333333333333333,0.5,0.6666666666666666,95.0,88.0,0.0,44.0,7.0,0.11764705882352941,0.4054054054054054,0.5,0.375,1.0,0.3333333333333333,0.6,0.8108108108108107,0.6666666666666666,0.5882352941176471,0.2542372881355932,0.5,0.3125,0.24000000000000005,0.2,0.4009445674596042,0.4794585159263579,0.6825163834087775,0.4676856662773109,0.23165387293467804,43.59,15,webinar,True,rep_visit,0.2153
365,Billy,Avila,dermatology,high_value,TERR_19,New Orleans,LA,clinic,1.6,False,In-Person-Heavy,7.0,9.0,4.0,2.0,3.0,0.14285714285714285,0.0,0.0,0.5,0.3333333333333333,98.0,52.0,70.0,161.0,92.0,0.11764705882352941,0.15706806282722513,0.5,0.25,0.3,0.0,0.3,0.24590163934426232,0.3333333333333333,0.5294117647058824,0.36585365853658536,0.0,0.4375,0.234375,0.14285714285714285,0.3497413412998695,0.11386970678200731,0.3083710418212132,0.18558149515907524,0.22302943057855368,23.66,340,rep_visit,True,rep_visit,0.4665
366,Thomas,Pearson,dermatology,low_value,TERR_33,Seattle,WA,private_practice,2.1,False,Mixed,3.0,3.0,7.0,4.0,5.0,0.0,0.0,0.14285714285714285,0.75,0.6,73.0,184.0,10.0,3.0,99.0,0.23529411764705882,0.9090909090909091,0.75,0.4375,0.75,0.14285714285714285,0.5,0.23255813953488372,0.6,0.17647058823529413,0.14018691588785046,0.0,0.1875,0.29126213592233013,0.0,0.6757134331677481,0.3293431376292827,0.5034335253539592,0.06562041010969896,0.09906448286372187,31.71,168,rep_visit,True,rep_visit,0.3389
367,Sabrina,White,endocrinology,high_value,TERR_45,Tucson,AZ,private_practice,1.8,False,In-Person-Heavy,8.0,8.0,6.0,2.0,10.0,0.0,0.25,0.16666666666666666,0.0,0.0,57.0,0.0,98.0,120.0,50.0,0.11764705882352941,0.2,0.0,0.375,0.234375,0.16666666666666666,1.0,0.37499999999999994,0.0,0.47058823529411764,1.0,0.25,0.5,0.3448275862068966,0.0,0.06571422431674973,0.2239724349771726,0.28537689584686277,0.4505332302671632,0.17512690399324632,23.69,338,email,True,email,0.1593
368,Brenda,Walters,primary_care,medium_value,TERR_47,Las Vegas,NV,clinic,4.1,False,Digital-Heavy,2.0,7.0,4.0,1.0,3.0,0.5,0.14285714285714285,0.5,1.0,0.0,254.0,15.0,74.0,106.0,66.0,0.058823529411764705,0.22058823529411764,1.0,0.25,0.28846153846153844,0.5,0.3,0.3125,0.0,0.4117647058823529,0.6666666666666666,0.14285714285714285,0.125,0.1056338028169014,0.5,0.6434785007510128,0.40436966114091494,0.12684990057979617,0.30680669476114986,0.34066624867992296,36.44,79,rep_visit,True,rep_visit,0.4504
369,Travis,Davis,endocrinology,high_value,TERR_10,Cleveland,OH,private_practice,0.9,False,Mixed,1.0,4.0,7.0,17.0,2.0,0.0,0.0,0.2857142857142857,0.8823529411764706,0.0,128.0,80.0,4.0,24.0,107.0,1.0,0.5555555555555556,0.8823529411764706,0.4375,0.8823529411764706,0.2857142857142857,0.2,0.21897810218978103,0.0,0.23529411764705882,0.27272727272727276,0.0,0.0625,0.189873417721519,0.0,0.8394498895077814,0.44031193247077727,0.08676138310231668,0.1051868283807575,0.05215250573465159,28.78,230,rep_visit,True,rep_visit,0.4857
370,Michael,Cook,cardiology,low_value,TERR_45,Philadelphia,PA,private_practice,5.2,False,Digital-Heavy,1.0,2.0,8.0,2.0,0.0,0.0,0.5,0.5,1.0,0.0,287.0,107.0,1.0,165.0,,0.11764705882352941,0.15384615384615385,1.0,0.5,0.9677419354838709,0.5,0.0,0.0,0.0,0.11764705882352941,0.21897810218978103,0.5,0.0625,0.09463722397476342,0.0,0.6419560370546722,0.5964409776569662,0.0,0.36250621070746203,0.032516311208360106,30.69,189,rep_visit,True,rep_visit,0.3508
371,Elizabeth,Hodge,primary_care,medium_value,TERR_37,Washington,DC,hospital,0.7,False,Digital-Heavy,1.0,2.0,6.0,10.0,2.0,0.0,0.5,0.8333333333333334,0.7,0.0,120.0,162.0,135.0,35.0,113.0,0.5882352941176471,0.46153846153846145,0.7,0.375,0.18181818181818182,0.8333333333333334,0.2,0.2097902097902098,0.0,0.11764705882352941,0.15625,0.5,0.0625,0.2,0.0,0.6275794853413129,0.6036413880790138,0.08486698523374622,0.3495726697037237,0.05424044658658766,32.38,156,rep_visit,True,rep_visit,0.5092
372,Mark,Steele,primary_care,high_value,TERR_36,Philadelphia,PA,private_practice,0.5,False,Digital-Heavy,1.0,2.0,8.0,6.0,8.0,0.0,0.0,0.25,0.8333333333333334,0.125,100.0,304.0,37.0,7.0,4.0,0.35294117647058826,0.8108108108108107,0.8333333333333334,0.5,0.44776119402985076,0.25,0.8,0.8823529411764706,0.125,0.11764705882352941,0.08982035928143713,0.0,0.0625,0.23076923076923073,0.0,0.7287401932939362,0.3427896845427311,0.42159321875729183,0.04299692774209203,0.060584574559778004,30.05,207,rep_visit,True,rep_visit,0.3433
373,Keith,Landry,oncology,medium_value,TERR_36,Philadelphia,PA,hospital,0.5,False,In-Person-Heavy,0.0,1.0,8.0,13.0,7.0,0.0,1.0,0.125,0.5384615384615384,0.14285714285714285,,217.0,9.0,1.0,22.0,0.7647058823529411,0.9677419354838709,0.5384615384615384,0.5,0.7692307692307692,0.125,0.7,0.5769230769230769,0.14285714285714285,0.058823529411764705,0.12145748987854249,1.0,0.0,0.0,0.0,0.674044264788579,0.3358518680037751,0.34827259977565833,0.6230393113637025,0.0,37.43,66,rep_visit,True,rep_visit,0.3867
374,Lisa,Pierce,primary_care,high_value,TERR_31,Washington,DC,private_practice,2.6,False,Mixed,6.0,9.0,5.0,3.0,3.0,0.0,0.3333333333333333,0.2,0.6666666666666666,0.0,30.0,106.0,57.0,23.0,17.0,0.17647058823529413,0.5660377358490566,0.6666666666666666,0.3125,0.3448275862068966,0.2,0.3,0.6382978723404256,0.0,0.5294117647058824,0.22058823529411764,0.3333333333333333,0.375,0.5,0.0,0.5439294398028006,0.2532676606502369,0.19402426093422198,0.3508827342499236,0.1811137681294453,29.93,209,rep_visit,True,rep_visit,0.4937
375,Shawn,Edwards,primary_care,medium_value,TERR_28,San Antonio,TX,hospital,4.3,False,In-Person-Heavy,0.0,1.0,14.0,12.0,3.0,0.0,0.0,0.2857142857142857,0.3333333333333333,0.3333333333333333,,51.0,16.0,25.0,7.0,0.7058823529411765,0.5454545454545454,0.3333333333333333,0.875,0.6521739130434783,0.2857142857142857,0.3,0.8108108108108107,0.3333333333333333,0.058823529411764705,0.37037037037037035,0.0,0.0,0.0,0.0,0.4545811099761091,0.48387796643207026,0.4248463643241266,0.08860319962650123,0.0,26.64,274,phone_call,True,rep_visit,0.5974
376,Marcus,Cordova,cardiology,low_value,TERR_10,San Francisco,CA,private_practice,1.0,False,Mixed,1.0,7.0,3.0,1.0,2.0,0.0,0.2857142857142857,0.0,1.0,0.0,74.0,63.0,95.0,150.0,210.0,0.058823529411764705,0.16666666666666666,1.0,0.1875,0.24000000000000005,0.0,0.2,0.125,0.0,0.4117647058823529,0.3225806451612903,0.2857142857142857,0.0625,0.28846153846153844,0.0,0.632360727464662,0.0884950424734358,0.06738458712580689,0.3195413227059441,0.07247981450950994,23.08,352,rep_visit,True,rep_visit,0.4904
377,Richard,Robertson,oncology,high_value,TERR_43,Washington,DC,private_practice,3.1,False,In-Person-Heavy,8.0,16.0,5.0,1.0,1.0,0.0,0.0625,0.0,0.0,0.0,29.0,16.0,11.0,147.0,119.0,0.058823529411764705,0.1694915254237288,0.0,0.3125,0.7317073170731707,0.0,0.1,0.20134228187919462,0.0,0.9411764705882353,0.6521739130434783,0.0625,0.5,0.5084745762711864,0.0,0.047185163894436125,0.21588453170329064,0.06231937270367327,0.36689694508824067,0.20886832103359246,18.34,428,email,True,rep_visit,0.2359
378,Vanessa,Sandoval,oncology,low_value,TERR_04,Cleveland,OH,private_practice,4.2,True,Digital-Heavy,0.0,0.0,0.0,8.0,2.0,0.0,0.0,0.0,1.0,0.0,,,,21.0,192.0,0.47058823529411764,0.5882352941176471,1.0,0.0,0.0,0.0,0.2,0.13513513513513511,0.0,0.0,0.0,0.0,0.0,0.0,0.0,0.8049523741492203,0.0,0.06947429144130034,0.0,0.0,16.76,441,Do Not Contact,False,rep_visit,0.8649
379,Amy,Gutierrez,primary_care,high_value,TERR_11,Washington,DC,clinic,6.1,False,Mixed,10.0,13.0,6.0,0.0,1.0,0.2,0.3076923076923077,0.16666666666666666,0.0,0.0,51.0,94.0,2.0,,119.0,0.0,0.0,0.0,0.375,0.9375,0.16666666666666666,0.1,0.20134228187919462,0.0,0.7647058823529411,0.24193548387096778,0.3076923076923077,0.625,0.37037037037037035,0.2,0.0,0.36894567186453037,0.06231937270367327,0.38921954771158734,0.32355225192903997,23.45,343,email,True,rep_visit,0.2058
380,Jacob,Cox,dermatology,low_value,TERR_14,Mesa,AZ,private_practice,1.5,False,Digital-Heavy,0.0,3.0,3.0,8.0,2.0,0.0,0.0,0.3333333333333333,0.375,0.0,,154.0,63.0,58.0,113.0,0.47058823529411764,0.3409090909090909,0.375,0.1875,0.3225806451612903,0.3333333333333333,0.2,0.2097902097902098,0.0,0.17647058823529413,0.16304347826086957,0.0,0.0,0.0,0.0,0.38785887597410595,0.30077453158889017,0.08486698523374622,0.07033307120315227,0.0,15.62,456,rep_visit,True,rep_visit,0.6755
381,Katherine,Garrett,oncology,low_value,TERR_49,Denver,CO,private_practice,2.8,True,Digital-Heavy,1.0,0.0,0.0,11.0,4.0,0.0,0.0,0.0,0.18181818181818182,0.25,325.0,,,4.0,140.0,0.6470588235294118,0.8823529411764706,0.18181818181818182,0.0,0.0,0.0,0.4,0.1764705882352941,0.25,0.0,0.0,0.0,0.0625,0.08450704225352113,0.0,0.4230543133313455,0.0,0.26604807549010795,0.0,0.03042762820834498,13.76,474,Do Not Contact,False,phone_call,0.1605
382,Kathleen,Harris,cardiology,medium_value,TERR_41,Tucson,AZ,clinic,3.7,False,In-Person-Heavy,5.0,8.0,6.0,3.0,1.0,0.0,0.125,0.16666666666666666,0.6666666666666666,1.0,85.0,10.0,18.0,4.0,338.0,0.17647058823529413,0.8823529411764706,0.6666666666666666,0.375,0.625,0.16666666666666666,0.1,0.08152173913043478,1.0,0.47058823529411764,0.75,0.125,0.3125,0.2608695652173913,0.0,0.6091486244328513,0.3045131221368158,0.6233722795483854,0.325767439897778,0.11880524575086557,37.81,61,webinar,True,rep_visit,0.3016
383,Andrea,Pennington,oncology,low_value,TERR_33,Indianapolis,IN,cancer_center,3.2,False,Digital-Heavy,4.0,5.0,2.0,4.0,3.0,0.0,0.0,0.5,0.25,0.0,21.0,126.0,220.0,39.0,30.0,0.23529411764705882,0.4347826086956522,0.25,0.125,0.12000000000000002,0.5,0.3,0.5,0.0,0.29411764705882354,0.1923076923076923,0.0,0.25,0.5882352941176471,0.0,0.2850395727341416,0.34362833096599704,0.1655094304164249,0.1008442810599707,0.17329925853086406,20.87,398,phone_call,True,rep_visit,0.3917
384,Samuel,Wolfe,dermatology,high_value,TERR_43,Raleigh,NC,private_practice,1.9,False,Digital-Heavy,8.0,13.0,4.0,1.0,8.0,0.25,0.46153846153846156,0.25,1.0,0.0,84.0,17.0,25.0,343.0,1.0,0.058823529411764705,0.08042895442359249,1.0,0.25,0.5454545454545454,0.25,0.8,0.9677419354838709,0.0,0.7647058823529411,0.6382978723404256,0.46153846153846156,0.5,0.2631578947368421,0.25,0.6145798772806421,0.31091804701529374,0.3659793261601939,0.56105980959574,0.30472740850562086,42.71,23,rep_visit,True,rep_visit,0.2527
385,David,Dudley,primary_care,medium_value,TERR_21,Phoenix,AZ,private_practice,2.4,False,In-Person-Heavy,6.0,6.0,0.0,2.0,5.0,0.0,0.16666666666666666,0.0,0.5,0.8,57.0,4.0,,136.0,21.0,0.11764705882352941,0.18072289156626506,0.5,0.0,0.0,0.0,0.5,0.5882352941176471,0.8,0.35294117647058826,0.8823529411764706,0.16666666666666666,0.375,0.3448275862068966,0.0,0.35461859227276155,0.0,0.6939201213324319,0.3529857108205159,0.14911967447154567,30.21,204,webinar,True,rep_visit,0.2248
386,Chelsea,Allen,oncology,low_value,TERR_10,Fresno,CA,cancer_center,0.5,True,In-Person-Heavy,4.0,0.0,0.0,0.0,4.0,0.25,0.0,0.0,0.0,0.0,17.0,,,,217.0,0.0,0.0,0.0,0.0,0.0,0.0,0.4,0.12145748987854249,0.0,0.0,0.0,0.0,0.25,0.6382978723404256,0.25,0.0,0.0,0.10826574488993038,0.0,0.3300608702999687,10.38,489,Do Not Contact,False,rep_visit,0.5072
387,Eric,Pierce,cardiology,high_value,TERR_10,Sacramento,CA,hospital,2.8,False,In-Person-Heavy,2.0,5.0,12.0,11.0,5.0,0.0,0.2,0.3333333333333333,0.7272727272727273,0.8,156.0,100.0,2.0,21.0,143.0,0.6470588235294118,0.5882352941176471,0.7272727272727273,0.75,0.9375,0.3333333333333333,0.5,0.17341040462427745,0.8,0.29411764705882354,0.23076923076923073,0.2,0.125,0.16129032258064516,0.0,0.681916279786364,0.544593694545917,0.6083898003065911,0.22592604196600027,0.0592627390585856,39.62,39,rep_visit,True,rep_visit,0.3823
388,Andrea,Davis,cardiology,high_value,TERR_07,Boston,MA,hospital,1.7,False,Mixed,1.0,2.0,5.0,14.0,4.0,0.0,0.0,0.6,0.8571428571428571,0.0,95.0,86.0,63.0,9.0,141.0,0.8235294117647058,0.7692307692307692,0.8571428571428571,0.3125,0.3225806451612903,0.6,0.4,0.17543859649122806,0.0,0.11764705882352941,0.25862068965517243,0.0,0.0625,0.24000000000000005,0.0,0.8320232365077382,0.48298389569664635,0.11939579396570293,0.07780088192084514,0.06248781295173513,29.7,215,rep_visit,True,rep_visit,0.6755
389,Victoria,Durham,endocrinology,high_value,TERR_28,Columbus,OH,clinic,1.5,False,In-Person-Heavy,16.0,10.0,3.0,1.0,5.0,0.3125,0.2,0.0,0.0,0.2,7.0,72.0,39.0,49.0,108.0,0.058823529411764705,0.379746835443038,0.0,0.1875,0.4347826086956522,0.0,0.5,0.2173913043478261,0.2,0.5882352941176471,0.29411764705882354,0.2,1.0,0.8108108108108107,0.3125,0.09053647819310871,0.12865613086024086,0.2660031623151892,0.3001809631383349,0.5582835578811147,28.96,228,digital_ad,True,rep_visit,0.2543
390,Steven,Wilson,cardiology,low_value,TERR_28,Portland,OR,clinic,1.5,False,Mixed,5.0,10.0,4.0,0.0,3.0,0.2,0.0,0.25,0.0,0.0,4.0,11.0,16.0,,50.0,0.0,0.0,0.0,0.25,0.6521739130434783,0.25,0.3,0.37499999999999994,0.0,0.5882352941176471,0.7317073170731707,0.0,0.3125,0.8823529411764706,0.2,0.0,0.33292189008436307,0.13973641052533908,0.27325342035410094,0.36409687397498736,22.99,355,digital_ad,True,rep_visit,0.2083
391,Marilyn,Jimenez,primary_care,medium_value,TERR_33,Omaha,NE,private_practice,6.3,False,Digital-Heavy,9.0,7.0,4.0,0.0,3.0,0.0,0.2857142857142857,0.5,0.0,0.0,28.0,2.0,17.0,,65.0,0.0,0.0,0.0,0.25,0.6382978723404256,0.5,0.3,0.31578947368421056,0.0,0.4117647058823529,0.9375,0.2857142857142857,0.5625,0.5172413793103449,0.0,0.0,0.4765003714743957,0.12752813794535106,0.4463279528153179,0.22367951170731848,25.09,314,phone_call,True,rep_visit,0.1733
392,Jennifer,Hicks,endocrinology,medium_value,TERR_23,Oklahoma City,OK,clinic,2.7,False,In-Person-Heavy,6.0,3.0,8.0,7.0,3.0,0.0,0.3333333333333333,0.0,0.5714285714285714,0.3333333333333333,46.0,77.0,29.0,65.0,1.0,0.4117647058823529,0.31578947368421056,0.5714285714285714,0.5,0.5084745762711864,0.0,0.3,0.9677419354838709,0.3333333333333333,0.17647058823529413,0.2803738317757009,0.3333333333333333,0.375,0.39473684210526316,0.0,0.4855005206390745,0.20886832103359246,0.4572030763059606,0.28977739971544864,0.1594101724316888,31.07,182,rep_visit,True,rep_visit,0.3697
393,Joshua,Davenport,cardiology,low_value,TERR_28,Raleigh,NC,private_practice,0.5,False,Mixed,3.0,6.0,1.0,1.0,3.0,0.0,0.3333333333333333,0.0,0.0,0.0,178.0,0.0,353.0,344.0,164.0,0.058823529411764705,0.08021390374331551,0.0,0.0625,0.07832898172323759,0.0,0.3,0.15463917525773196,0.0,0.35294117647058826,1.0,0.3333333333333333,0.1875,0.14423076923076922,0.0,0.02877753253925111,0.029153809992862337,0.09430149917095065,0.47486900483429306,0.06874894415688079,13.89,471,email,True,rep_visit,0.1877
394,Tina,Sanchez,endocrinology,high_value,TERR_09,Wichita,KS,private_practice,3.1,False,In-Person-Heavy,9.0,9.0,3.0,1.0,4.0,0.2222222222222222,0.3333333333333333,0.3333333333333333,0.0,0.5,52.0,22.0,46.0,18.0,2.0,0.058823529411764705,0.625,0.0,0.1875,0.39473684210526316,0.3333333333333333,0.4,0.9375,0.5,0.5294117647058824,0.5769230769230769,0.3333333333333333,0.5625,0.36585365853658536,0.2222222222222222,0.14110379570093534,0.31565199638170716,0.5693997860014398,0.4243533339394443,0.32263420728555203,35.15,101,webinar,True,rep_visit,0.1982
395,Andrea,Reyes,oncology,high_value,TERR_03,Minneapolis,MN,hospital,1.8,False,Mixed,6.0,5.0,8.0,9.0,4.0,0.16666666666666666,0.0,0.125,0.4444444444444444,0.75,38.0,106.0,101.0,0.0,44.0,0.5294117647058824,1.0,0.4444444444444444,0.5,0.22900763358778622,0.125,0.4,0.4054054054054054,0.75,0.29411764705882354,0.22058823529411764,0.0,0.375,0.4411764705882353,0.16666666666666666,0.5766693163150015,0.22446641503936426,0.606129810612461,0.1066752810353295,0.2666116222969837,34.93,105,webinar,True,rep_visit,0.3712
396,Sandra,Romero,cardiology,medium_value,TERR_38,Tucson,AZ,clinic,6.6,False,Digital-Heavy,4.0,5.0,5.0,0.0,4.0,0.5,0.0,0.0,0.0,1.0,182.0,57.0,0.0,,18.0,0.0,0.0,0.0,0.3125,1.0,0.0,0.4,0.625,1.0,0.29411764705882354,0.3448275862068966,0.0,0.25,0.14150943396226415,0.5,0.0,0.27120223293293827,0.7978462386225792,0.13229146713397466,0.3740704650425412,31.37,173,webinar,True,rep_visit,0.2265
397,Natasha,Shields,endocrinology,low_value,TERR_43,Mesa,AZ,private_practice,5.1,False,Digital-Heavy,2.0,5.0,2.0,0.0,3.0,0.5,0.4,0.5,0.0,0.3333333333333333,163.0,15.0,129.0,,43.0,0.0,0.0,0.0,0.125,0.18867924528301888,0.5,0.3,0.410958904109589,0.3333333333333333,0.29411764705882354,0.6666666666666666,0.4,0.125,0.15544041450777202,0.5,0.0,0.3577889034042691,0.3424032351649331,0.43295278919240526,0.35093558303045413,29.92,210,email,True,rep_visit,0.35
398,Joshua,Tyler,endocrinology,high_value,TERR_19,Albuquerque,NM,clinic,1.8,False,In-Person-Heavy,7.0,10.0,5.0,9.0,4.0,0.0,0.1,0.6,0.5555555555555556,0.0,95.0,0.0,126.0,120.0,16.0,0.5294117647058824,0.2,0.5555555555555556,0.3125,0.1923076923076923,0.6,0.4,0.6521739130434783,0.0,0.5882352941176471,1.0,0.1,0.4375,0.24000000000000005,0.0,0.476806211756242,0.4561236764553162,0.21769106433597687,0.3871469220535194,0.1405095015168371,32.27,159,rep_visit,True,rep_visit,0.2218
399,Robert,Villa,primary_care,low_value,TERR_21,Baltimore,MD,clinic,2.7,False,Digital-Heavy,3.0,7.0,1.0,0.0,0.0,0.0,0.2857142857142857,1.0,0.0,0.0,49.0,30.0,137.0,,,0.0,0.0,0.0,0.0625,0.17964071856287425,1.0,0.0,0.0,0.0,0.4117647058823529,0.5,0.2857142857142857,0.1875,0.379746835443038,0.0,0.0,0.6358006899607176,0.0,0.3561223831965175,0.11730862623015352,21.05,390,phone_call,True,rep_visit,0.3911
400,William,Hoover,dermatology,medium_value,TERR_31,Las Vegas,NV,private_practice,1.6,False,Mixed,13.0,11.0,5.0,0.0,5.0,0.15384615384615385,0.18181818181818182,0.2,0.0,0.4,7.0,2.0,46.0,,106.0,0.0,0.0,0.0,0.3125,0.39473684210526316,0.2,0.5,0.22058823529411764,0.4,0.6470588235294118,0.9375,0.18181818181818182,0.8125,0.8108108108108107,0.15384615384615385,0.0,0.26355815861038007,0.3838139197736844,0.43442476328329516,0.42633995323786966,30.99,184,email,True,rep_visit,0.1875
401,Justin,Evans,dermatology,medium_value,TERR_05,Sacramento,CA,clinic,3.7,True,Digital-Heavy,0.0,0.0,0.0,5.0,1.0,0.0,0.0,0.0,0.6,0.0,,,,11.0,113.0,0.29411764705882354,0.7317073170731707,0.6,0.0,0.0,0.0,0.1,0.2097902097902098,0.0,0.0,0.0,0.0,0.0,0.0,0.0,0.5635147419451948,0.0,0.0640612016163857,0.0,0.0,12.01,483,Do Not Contact,False,rep_visit,0.7752
402,Brenda,Duarte,dermatology,medium_value,TERR_38,Cleveland,OH,private_practice,3.3,False,Mixed,9.0,8.0,5.0,1.0,5.0,0.0,0.25,0.0,1.0,0.2,16.0,23.0,99.0,322.0,30.0,0.058823529411764705,0.08522727272727273,1.0,0.3125,0.23255813953488372,0.0,0.5,0.5,0.2,0.47058823529411764,0.5660377358490566,0.25,0.5625,0.6521739130434783,0.0,0.6155692145053182,0.11296787825278343,0.3242725985906876,0.3610570857396199,0.25150046271418774,33.23,144,rep_visit,True,rep_visit,0.3573
403,Tracy,Hernandez,cardiology,medium_value,TERR_09,Boston,MA,hospital,1.4,False,Mixed,3.0,8.0,6.0,5.0,3.0,0.3333333333333333,0.0,0.6666666666666666,0.4,0.0,191.0,1.0,95.0,7.0,71.0,0.29411764705882354,0.8108108108108107,0.4,0.375,0.24000000000000005,0.6666666666666666,0.3,0.297029702970297,0.0,0.47058823529411764,0.9677419354838709,0.0,0.1875,0.13574660633484165,0.3333333333333333,0.4626730283460898,0.5180112232211255,0.12366017039525584,0.2974426271853592,0.2622523123968425,32.69,152,phone_call,True,rep_visit,0.2542
404,Amanda,Reed,oncology,high_value,TERR_30,Portland,OR,private_practice,1.8,False,Digital-Heavy,6.0,4.0,5.0,3.0,6.0,0.16666666666666666,0.25,0.6,0.0,0.5,4.0,37.0,64.0,277.0,22.0,0.17647058823529413,0.09771986970684039,0.0,0.3125,0.3191489361702128,0.6,0.6,0.5769230769230769,0.5,0.23529411764705882,0.44776119402985076,0.25,0.375,0.8823529411764706,0.16666666666666666,0.05686437790218829,0.4822763316639467,0.5366661035503364,0.28771555143795324,0.35757522191258073,34.02,130,webinar,True,rep_visit,0.2233
405,Andrea,Daniels,dermatology,low_value,TERR_34,Raleigh,NC,private_practice,3.3,False,Digital-Heavy,4.0,6.0,1.0,3.0,5.0,0.0,0.16666666666666666,0.0,0.3333333333333333,0.4,51.0,8.0,115.0,63.0,119.0,0.17647058823529413,0.3225806451612903,0.3333333333333333,0.0625,0.2068965517241379,0.0,0.5,0.20134228187919462,0.4,0.35294117647058826,0.7894736842105263,0.16666666666666666,0.25,0.37037037037037035,0.0,0.2984797760428578,0.05566240630471652,0.3798457090521986,0.33383547932249547,0.12837896242439636,23.48,342,webinar,True,rep_visit,0.3499
406,Stanley,Morris,cardiology,high_value,TERR_23,New Orleans,LA,private_practice,2.5,False,Mixed,6.0,9.0,5.0,0.0,6.0,0.3333333333333333,0.0,0.0,0.0,0.5,28.0,25.0,60.0,,9.0,0.0,0.0,0.0,0.3125,0.3333333333333333,0.0,0.6,0.7692307692307692,0.5,0.5294117647058824,0.5454545454545454,0.0,0.375,0.5172413793103449,0.3333333333333333,0.0,0.1337461268471472,0.5763169033827762,0.22261235300702117,0.3799213356573368,26.88,267,webinar,True,rep_visit,0.265
407,Jacob,Terry,primary_care,medium_value,TERR_20,San Francisco,CA,clinic,2.9,False,Mixed,3.0,8.0,4.0,9.0,4.0,0.0,0.125,0.5,0.2222222222222222,0.25,233.0,9.0,140.0,43.0,1.0,0.5294117647058824,0.410958904109589,0.2222222222222222,0.25,0.1764705882352941,0.5,0.4,0.9677419354838709,0.25,0.47058823529411764,0.7692307692307692,0.125,0.1875,0.1140684410646388,0.0,0.3250499277782175,0.3812789012384942,0.4291956928651788,0.329732519881022,0.0625299498865837,28.78,230,webinar,True,rep_visit,0.2306
408,Ashley,Hall,oncology,medium_value,TERR_28,Wichita,KS,hospital,3.0,False,In-Person-Heavy,1.0,3.0,8.0,4.0,4.0,0.0,0.0,0.0,0.0,0.5,161.0,136.0,143.0,4.0,50.0,0.23529411764705882,0.8823529411764706,0.0,0.5,0.17341040462427745,0.0,0.4,0.37499999999999994,0.5,0.17647058823529413,0.18072289156626506,0.0,0.0625,0.15706806282722513,0.0,0.23088198421321887,0.13978339654842462,0.4534211964915536,0.07397828616941377,0.04538856122085347,17.74,432,webinar,True,rep_visit,0.3123
409,Kimberly,Williams,primary_care,high_value,TERR_47,Atlanta,GA,clinic,1.9,False,Digital-Heavy,6.0,6.0,2.0,2.0,3.0,0.0,0.3333333333333333,0.0,0.0,0.0,39.0,64.0,112.0,165.0,142.0,0.11764705882352941,0.15384615384615385,0.0,0.125,0.2112676056338028,0.0,0.3,0.1744186046511628,0.0,0.35294117647058826,0.3191489361702128,0.3333333333333333,0.375,0.4347826086956522,0.0,0.05619803235696418,0.06956726314043728,0.09837970418848042,0.3344883007466767,0.16766697514279183,14.94,463,email,True,rep_visit,0.2758
410,Julie,Thornton,dermatology,low_value,TERR_46,Columbus,OH,private_practice,2.2,False,In-Person-Heavy,1.0,2.0,3.0,4.0,0.0,0.0,0.5,0.6666666666666666,1.0,0.0,277.0,88.0,56.0,45.0,,0.23529411764705882,0.4,1.0,0.1875,0.3488372093023256,0.6666666666666666,0.0,0.0,0.0,0.11764705882352941,0.2542372881355932,0.5,0.0625,0.09771986970684039,0.0,0.7171864533312075,0.5014408874204872,0.0,0.3697760963132613,0.03315190392652004,30.64,191,rep_visit,True,rep_visit,0.7096
411,Lisa,Hughes,endocrinology,low_value,TERR_18,Tucson,AZ,hospital,1.7,False,In-Person-Heavy,2.0,9.0,3.0,2.0,2.0,0.0,0.2222222222222222,0.0,0.0,0.5,205.0,2.0,51.0,136.0,162.0,0.11764705882352941,0.18072289156626506,0.0,0.1875,0.37037037037037035,0.0,0.2,0.15625,0.5,0.5294117647058824,0.9375,0.2222222222222222,0.125,0.12765957446808512,0.0,0.061739589923907566,0.11537534766354604,0.36670684444743235,0.433614360881079,0.05232861153812875,19.75,415,email,True,rep_visit,0.1704
412,Elizabeth,Hoover,cardiology,low_value,TERR_34,Tulsa,OK,private_practice,6.7,False,Digital-Heavy,5.0,4.0,1.0,1.0,1.0,0.2,0.25,0.0,0.0,0.0,59.0,15.0,302.0,67.0,193.0,0.058823529411764705,0.30927835051546393,0.0,0.0625,0.09036144578313253,0.0,0.1,0.13452914798206278,0.0,0.23529411764705882,0.6666666666666666,0.25,0.3125,0.33707865168539325,0.2,0.07600699288324432,0.03163471347729792,0.048543562872340795,0.33285039224224283,0.25166995310177753,15.87,450,email,True,phone_call,0.3167
413,Tina,Simpson,endocrinology,low_value,TERR_20,Arlington,TX,private_practice,7.1,False,Mixed,4.0,8.0,0.0,1.0,3.0,0.25,0.125,0.0,0.0,0.3333333333333333,53.0,23.0,,227.0,56.0,0.058823529411764705,0.11673151750972763,0.0,0.0,0.0,0.0,0.3,0.3488372093023256,0.3333333333333333,0.47058823529411764,0.5660377358490566,0.125,0.25,0.3614457831325301,0.25,0.036306886027064944,0.0,0.3295947257574486,0.28783733515240645,0.2729783550836187,19.33,419,webinar,True,rep_visit,0.3701
414,Benjamin,Shaw,primary_care,medium_value,TERR_38,Nashville,TN,private_practice,3.7,False,Digital-Heavy,6.0,6.0,5.0,2.0,0.0,0.3333333333333333,0.16666666666666666,0.4,0.5,0.0,11.0,114.0,59.0,140.0,,0.11764705882352941,0.1764705882352941,0.5,0.3125,0.33707865168539325,0.4,0.0,0.0,0.0,0.35294117647058826,0.20833333333333334,0.16666666666666666,0.375,0.7317073170731707,0.3333333333333333,0.3537418346861052,0.3688215540413191,0.0,0.21401354474113155,0.4241408146967103,28.23,244,digital_ad,True,rep_visit,0.4189
415,Brittany,Kane,primary_care,medium_value,TERR_20,Minneapolis,MN,private_practice,1.8,False,Digital-Heavy,6.0,7.0,5.0,6.0,3.0,0.0,0.14285714285714285,0.2,0.8333333333333334,0.6666666666666666,15.0,70.0,170.0,21.0,63.0,0.35294117647058826,0.5882352941176471,0.8333333333333334,0.3125,0.15,0.2,0.3,0.3225806451612903,0.6666666666666666,0.4117647058823529,0.3,0.14285714285714285,0.375,0.6666666666666666,0.0,0.6828486475419233,0.21309729861309623,0.5194337063909901,0.23120583641396478,0.21547779465089306,36.35,81,rep_visit,True,rep_visit,0.5696
416,Morgan,Alexander,primary_care,medium_value,TERR_19,Wichita,KS,private_practice,1.7,False,Digital-Heavy,2.0,3.0,3.0,2.0,0.0,0.5,0.0,0.3333333333333333,0.5,0.0,122.0,39.0,22.0,169.0,,0.11764705882352941,0.1507537688442211,0.5,0.1875,0.5769230769230769,0.3333333333333333,0.0,0.0,0.0,0.17647058823529413,0.4347826086956522,0.0,0.125,0.19736842105263158,0.5,0.3484394339044925,0.3532159120124395,0.0,0.12636137531420844,0.35958047380384806,24.49,324,digital_ad,True,rep_visit,0.5533
417,Alicia,Bryant,endocrinology,high_value,TERR_30,Dallas,TX,private_practice,0.5,False,Digital-Heavy,4.0,2.0,6.0,3.0,4.0,0.0,0.0,0.3333333333333333,0.6666666666666666,0.25,39.0,154.0,98.0,241.0,7.0,0.17647058823529413,0.11070110701107011,0.6666666666666666,0.375,0.234375,0.3333333333333333,0.4,0.8108108108108107,0.25,0.11764705882352941,0.16304347826086957,0.0,0.25,0.4347826086956522,0.0,0.4500462398653495,0.32159876909345725,0.3968389808833448,0.05809437495764608,0.14165974562109118,26.23,283,rep_visit,True,rep_visit,0.3607
418,Jennifer,Ortiz,primary_care,low_value,TERR_11,Sacramento,CA,private_practice,2.9,False,Digital-Heavy,2.0,7.0,5.0,3.0,2.0,0.5,0.0,0.8,0.3333333333333333,0.5,114.0,57.0,30.0,53.0,25.0,0.17647058823529413,0.3614457831325301,0.3333333333333333,0.3125,0.5,0.8,0.2,0.5454545454545454,0.5,0.4117647058823529,0.3448275862068966,0.0,0.125,0.20833333333333334,0.5,0.30649315183487824,0.6367165571267613,0.4469546563810405,0.15676885962498704,0.36184126502236436,37.4,68,phone_call,True,rep_visit,0.4987
419,Diana,Moore,primary_care,high_value,TERR_46,El Paso,TX,private_practice,1.5,False,In-Person-Heavy,6.0,11.0,6.0,4.0,5.0,0.0,0.0,0.16666666666666666,0.75,0.0,11.0,3.0,18.0,73.0,37.0,0.23529411764705882,0.29126213592233013,0.75,0.375,0.625,0.16666666666666666,0.5,0.44776119402985076,0.0,0.6470588235294118,0.9090909090909091,0.0,0.375,0.7317073170731707,0.0,0.5483269270864767,0.3045131221368158,0.19635018336830412,0.32206580336301055,0.228888146464141,31.59,170,rep_visit,True,rep_visit,0.2216
420,Terrance,Costa,primary_care,low_value,TERR_16,Louisville,KY,hospital,4.1,False,Digital-Heavy,6.0,8.0,0.0,1.0,0.0,0.0,0.25,0.0,1.0,0.0,70.0,2.0,,212.0,,0.058823529411764705,0.12396694214876033,1.0,0.0,0.0,0.0,0.0,0.0,0.0,0.47058823529411764,0.9375,0.25,0.375,0.3,0.0,0.6235567206699109,0.0,0.0,0.4376467203216203,0.13987693630370798,24.19,330,rep_visit,True,rep_visit,0.1534
421,Matthew,Schwartz,primary_care,high_value,TERR_21,Boston,MA,private_practice,4.1,False,Digital-Heavy,8.0,15.0,4.0,4.0,3.0,0.25,0.26666666666666666,0.0,0.5,0.0,28.0,3.0,122.0,147.0,15.0,0.23529411764705882,0.1694915254237288,0.5,0.25,0.19736842105263158,0.0,0.3,0.6666666666666666,0.0,0.8823529411764706,0.9090909090909091,0.26666666666666666,0.5,0.5172413793103449,0.25,0.3767802549798087,0.09270870097669474,0.19987345693787267,0.5272227229310908,0.35711539812089516,31.99,162,email,True,rep_visit,0.1608
422,Debra,Christian,dermatology,high_value,TERR_44,Tucson,AZ,private_practice,1.8,False,Digital-Heavy,5.0,16.0,4.0,1.0,6.0,0.2,0.3125,0.5,0.0,0.3333333333333333,203.0,7.0,143.0,102.0,1.0,0.058823529411764705,0.22727272727272727,0.0,0.25,0.17341040462427745,0.5,0.6,0.9677419354838709,0.3333333333333333,0.9411764705882353,0.8108108108108107,0.3125,0.3125,0.12875536480686695,0.2,0.059098732411116794,0.3806479398538773,0.5196204271580421,0.5460448616356085,0.2087169913698044,33.29,140,email,True,email,0.2605
423,Melissa,Villarreal,dermatology,medium_value,TERR_24,Albuquerque,NM,private_practice,2.0,False,Mixed,1.0,3.0,10.0,5.0,1.0,0.0,0.0,0.7,0.4,0.0,200.0,99.0,7.0,109.0,277.0,0.29411764705882354,0.21582733812949642,0.4,0.625,0.8108108108108107,0.7,0.1,0.09771986970684039,0.0,0.17647058823529413,0.23255813953488372,0.0,0.0625,0.13043478260869565,0.0,0.3399968613358271,0.7072430961363746,0.04095407278303023,0.08466589318505036,0.039897200734157284,22.26,370,phone_call,True,rep_visit,0.4806
424,Norman,Stewart,primary_care,medium_value,TERR_40,Jacksonville,FL,private_practice,3.6,False,In-Person-Heavy,7.0,4.0,3.0,3.0,1.0,0.14285714285714285,0.0,0.0,0.3333333333333333,0.0,10.0,15.0,3.0,32.0,332.0,0.17647058823529413,0.48387096774193555,0.3333333333333333,0.1875,0.9090909090909091,0.0,0.1,0.08287292817679558,0.0,0.23529411764705882,0.6666666666666666,0.0,0.4375,0.75,0.14285714285714285,0.33173528557974274,0.22645098894499338,0.03789286862802517,0.18641089106781583,0.3293431376292827,23.07,353,rep_visit,True,rep_visit,0.2171
425,Jennifer,Malone,endocrinology,low_value,TERR_22,Virginia Beach,VA,private_practice,2.5,False,In-Person-Heavy,3.0,4.0,5.0,7.0,6.0,0.0,0.0,0.6,0.5714285714285714,0.0,58.0,114.0,2.0,11.0,25.0,0.4117647058823529,0.7317073170731707,0.5714285714285714,0.3125,0.9375,0.6,0.6,0.5454545454545454,0.0,0.23529411764705882,0.20833333333333334,0.0,0.1875,0.3409090909090909,0.0,0.5712561914448441,0.6097705258060202,0.2372987885016286,0.0919098181338345,0.10930089853096689,30.5,198,phone_call,True,rep_visit,0.3068
426,Monique,Johnson,dermatology,high_value,TERR_29,Houston,TX,clinic,2.1,False,In-Person-Heavy,2.0,8.0,8.0,7.0,4.0,0.5,0.0,0.25,0.8571428571428571,0.5,71.0,4.0,15.0,183.0,11.0,0.4117647058823529,0.14084507042253522,0.8571428571428571,0.5,0.6666666666666666,0.25,0.4,0.7317073170731707,0.5,0.47058823529411764,0.8823529411764706,0.0,0.125,0.297029702970297,0.5,0.6167891858719269,0.3879245253470207,0.5269685947173351,0.27983676919524364,0.3801290514137289,43.4,18,rep_visit,True,rep_visit,0.2621
427,Casey,Welch,endocrinology,high_value,TERR_02,Detroit,MI,private_practice,6.1,False,Mixed,4.0,12.0,6.0,4.0,3.0,0.0,0.5833333333333334,0.16666666666666666,0.5,0.0,1.0,14.0,39.0,73.0,176.0,0.23529411764705882,0.29126213592233013,0.5,0.375,0.4347826086956522,0.16666666666666666,0.3,0.14563106796116507,0.0,0.7058823529411765,0.6818181818181818,0.5833333333333334,0.25,0.9677419354838709,0.0,0.4018874259120496,0.2652933092590765,0.09244417014266704,0.6291366328499025,0.25154751626471095,32.83,149,email,True,rep_visit,0.3877
428,Samantha,Bright,oncology,high_value,TERR_08,Nashville,TN,hospital,1.1,False,Digital-Heavy,8.0,17.0,5.0,3.0,0.0,0.125,0.23529411764705882,0.0,0.0,0.0,114.0,4.0,24.0,80.0,,0.17647058823529413,0.27272727272727276,0.0,0.3125,0.5555555555555556,0.0,0.0,0.0,0.0,1.0,0.8823529411764706,0.23529411764705882,0.5,0.20833333333333334,0.125,0.09294813213525131,0.17956482887574424,0.0,0.5278104482748484,0.22020370182582588,20.92,396,email,True,rep_visit,0.1269
429,Julie,Hamilton,primary_care,high_value,TERR_19,Omaha,NE,private_practice,6.1,False,In-Person-Heavy,1.0,8.0,5.0,7.0,4.0,0.0,0.5,0.2,0.7142857142857143,0.25,73.0,7.0,86.0,21.0,53.0,0.4117647058823529,0.5882352941176471,0.7142857142857143,0.3125,0.25862068965517243,0.2,0.4,0.3614457831325301,0.25,0.47058823529411764,0.8108108108108107,0.5,0.0625,0.29126213592233013,0.0,0.6253542479900832,0.235493164173626,0.30418703050965945,0.5579649175523792,0.0730572533420212,34.52,118,rep_visit,True,rep_visit,0.4471
430,Corey,Schultz,primary_care,low_value,TERR_35,Virginia Beach,VA,private_practice,3.1,False,Mixed,1.0,3.0,9.0,6.0,0.0,0.0,0.3333333333333333,0.5555555555555556,0.6666666666666666,0.0,14.0,51.0,113.0,59.0,,0.35294117647058826,0.33707865168539325,0.6666666666666666,0.5625,0.2097902097902098,0.5555555555555556,0.0,0.0,0.0,0.17647058823529413,0.37037037037037035,0.3333333333333333,0.0625,0.6818181818181818,0.0,0.5334377922961601,0.485709064567627,0.0,0.30833326035008296,0.1535837232576821,28.69,234,rep_visit,True,rep_visit,0.7419
431,Monique,Wallace,cardiology,low_value,TERR_49,Tulsa,OK,private_practice,4.2,False,In-Person-Heavy,0.0,1.0,4.0,6.0,0.0,0.0,0.0,0.5,0.8333333333333334,0.0,,287.0,50.0,3.0,,0.35294117647058826,0.9090909090909091,0.8333333333333334,0.25,0.37499999999999994,0.5,0.0,0.0,0.0,0.058823529411764705,0.09463722397476342,0.0,0.0,0.0,0.0,0.749003992716903,0.4222125210655128,0.0,0.03175139269301597,0.0,22.37,367,rep_visit,True,rep_visit,0.5452
432,Heather,Berger,primary_care,medium_value,TERR_33,Portland,OR,private_practice,9.2,False,Digital-Heavy,11.0,4.0,1.0,1.0,1.0,0.09090909090909091,0.0,0.0,1.0,0.0,50.0,3.0,116.0,67.0,190.0,0.058823529411764705,0.30927835051546393,1.0,0.0625,0.2054794520547945,0.0,0.1,0.13636363636363638,0.0,0.23529411764705882,0.9090909090909091,0.0,0.6875,0.37499999999999994,0.09090909090909091,0.6617649975809523,0.055370222800991416,0.048921805316726893,0.23639492964446718,0.27360954974240276,26.22,284,rep_visit,True,rep_visit,0.2476
433,Brandon,Flynn,dermatology,low_value,TERR_41,Dallas,TX,private_practice,2.0,False,In-Person-Heavy,1.0,3.0,5.0,5.0,6.0,0.0,0.0,0.4,0.8,0.3333333333333333,155.0,64.0,164.0,43.0,16.0,0.29411764705882354,0.410958904109589,0.8,0.3125,0.15463917525773196,0.4,0.6,0.6521739130434783,0.3333333333333333,0.17647058823529413,0.3191489361702128,0.0,0.0625,0.16216216216216214,0.0,0.6145331010659796,0.33120542400220393,0.45455529980326725,0.10251954377758879,0.04643888380874545,29.06,226,rep_visit,True,rep_visit,0.6765
434,Kelly,Brooks,dermatology,low_value,TERR_21,Colorado Springs,CO,private_practice,1.1,False,Digital-Heavy,0.0,0.0,6.0,3.0,4.0,0.0,0.0,0.3333333333333333,0.3333333333333333,0.0,,,156.0,84.0,70.0,0.17647058823529413,0.2631578947368421,0.3333333333333333,0.375,0.16129032258064516,0.3333333333333333,0.4,0.3,0.0,0.0,0.0,0.0,0.0,0.0,0.0,0.28622774621347913,0.30652986633455626,0.1450783822080481,0.0,0.0,13.47,475,phone_call,True,rep_visit,0.6602
435,Dustin,Schmidt,primary_care,high_value,TERR_46,Minneapolis,MN,private_practice,2.7,False,In-Person-Heavy,1.0,3.0,11.0,14.0,4.0,0.0,0.0,0.7272727272727273,0.7142857142857143,0.0,165.0,36.0,0.0,8.0,109.0,0.8235294117647058,0.7894736842105263,0.7142857142857143,0.6875,1.0,0.7272727272727273,0.4,0.21582733812949642,0.0,0.17647058823529413,0.45454545454545453,0.0,0.0625,0.15384615384615385,0.0,0.7525172899543375,0.7752297430963734,0.12772331269865506,0.13043616106773978,0.04472425462680212,33.98,132,phone_call,True,rep_visit,0.3703
436,Ashlee,Sparks,primary_care,medium_value,TERR_08,San Diego,CA,private_practice,0.7,False,Mixed,6.0,9.0,4.0,0.0,2.0,0.16666666666666666,0.4444444444444444,0.0,0.0,0.0,37.0,8.0,52.0,,207.0,0.0,0.0,0.0,0.25,0.36585365853658536,0.0,0.2,0.12658227848101264,0.0,0.5294117647058824,0.7894736842105263,0.4444444444444444,0.375,0.44776119402985076,0.16666666666666666,0.0,0.12744768799292083,0.0677108278839219,0.5332621249194885,0.2679692879628881,20.78,401,email,True,rep_visit,0.2863
437,George,Miller,dermatology,medium_value,TERR_39,Memphis,TN,clinic,4.2,False,Digital-Heavy,3.0,1.0,5.0,15.0,4.0,0.0,0.0,0.4,0.6666666666666666,0.25,32.0,77.0,126.0,3.0,121.0,0.8823529411764706,0.9090909090909091,0.6666666666666666,0.3125,0.1923076923076923,0.4,0.4,0.19867549668874174,0.25,0.058823529411764705,0.2803738317757009,0.0,0.1875,0.48387096774193555,0.0,0.761525924810174,0.33897207551577463,0.2706263758681115,0.07004733899186692,0.13877737289320582,30.39,200,rep_visit,True,rep_visit,0.4376
438,Monica,Harvey,oncology,low_value,TERR_46,Nashville,TN,cancer_center,0.8,False,Mixed,5.0,1.0,4.0,2.0,4.0,0.2,1.0,0.0,0.5,0.0,29.0,240.0,65.0,245.0,95.0,0.11764705882352941,0.1090909090909091,0.5,0.25,0.31578947368421056,0.0,0.4,0.24000000000000005,0.0,0.058823529411764705,0.1111111111111111,1.0,0.3125,0.5084745762711864,0.2,0.3398492121993595,0.1171252461366708,0.13270733266032692,0.6209060519575127,0.28700907769058304,30.54,195,email,True,rep_visit,0.3466
439,John,Durham,dermatology,medium_value,TERR_04,Baltimore,MD,hospital,3.7,False,Digital-Heavy,4.0,5.0,4.0,2.0,6.0,0.0,0.0,0.25,1.0,0.0,73.0,10.0,60.0,288.0,2.0,0.11764705882352941,0.09433962264150944,1.0,0.25,0.3333333333333333,0.25,0.6,0.9375,0.0,0.29411764705882354,0.75,0.0,0.25,0.29126213592233013,0.0,0.6296867329555776,0.2671820132607239,0.3181323508873069,0.21583160057404596,0.1120680976245722,29.66,217,rep_visit,True,rep_visit,0.2648
440,Douglas,Murray,primary_care,low_value,TERR_19,Wichita,KS,private_practice,3.7,False,Mixed,1.0,0.0,6.0,3.0,3.0,0.0,0.0,0.16666666666666666,1.0,0.0,242.0,,123.0,158.0,67.0,0.17647058823529413,0.1595744680851064,1.0,0.375,0.19607843137254904,0.16666666666666666,0.3,0.30927835051546393,0.0,0.0,0.0,0.0,0.0625,0.11029411764705882,0.0,0.6553758209547617,0.21607628917720756,0.12618564748981972,0.0,0.035744514664749594,19.57,417,rep_visit,True,rep_visit,0.6864
441,Jonathan,Scott,endocrinology,high_value,TERR_41,Colorado Springs,CO,clinic,0.5,False,In-Person-Heavy,0.0,2.0,4.0,11.0,1.0,0.0,0.5,0.5,0.5454545454545454,0.0,,37.0,11.0,58.0,17.0,0.6470588235294118,0.3409090909090909,0.5454545454545454,0.25,0.7317073170731707,0.5,0.1,0.6382978723404256,0.0,0.11764705882352941,0.44776119402985076,0.5,0.0,0.0,0.0,0.5244200791477338,0.49575991929129437,0.15241269369950095,0.40967766012136786,0.0,29.55,218,rep_visit,True,rep_visit,0.709
442,Albert,Ballard,oncology,medium_value,TERR_02,Austin,TX,cancer_center,1.5,False,Digital-Heavy,8.0,3.0,5.0,1.0,1.0,0.375,0.3333333333333333,0.6,0.0,0.0,17.0,53.0,108.0,77.0,46.0,0.058823529411764705,0.2803738317757009,0.0,0.3125,0.2173913043478261,0.6,0.1,0.39473684210526316,0.0,0.17647058823529413,0.3614457831325301,0.3333333333333333,0.5,0.6382978723404256,0.375,0.07004733899186692,0.4612955199117214,0.10219426748394736,0.30649315183487824,0.4552950799305836,28.86,229,phone_call,True,rep_visit,0.3022
443,Rachel,Byrd,dermatology,low_value,TERR_28,Chicago,IL,private_practice,3.1,False,Digital-Heavy,3.0,4.0,4.0,4.0,1.0,0.0,0.0,0.0,0.75,0.0,147.0,206.0,114.0,57.0,268.0,0.23529411764705882,0.3448275862068966,0.75,0.25,0.20833333333333334,0.0,0.1,0.10067114093959731,0.0,0.23529411764705882,0.1271186440677966,0.0,0.1875,0.1694915254237288,0.0,0.5593712744117494,0.09496949219521104,0.0415625781605169,0.07516463571872223,0.07395731193148093,16.54,444,rep_visit,True,rep_visit,0.6092
444,Eric,Alexander,endocrinology,medium_value,TERR_29,Atlanta,GA,clinic,1.8,False,Mixed,6.0,9.0,5.0,4.0,5.0,0.0,0.3333333333333333,0.2,0.5,0.6,46.0,107.0,23.0,30.0,164.0,0.23529411764705882,0.5,0.5,0.3125,0.5660377358490566,0.2,0.5,0.15463917525773196,0.6,0.5294117647058824,0.21897810218978103,0.3333333333333333,0.375,0.39473684210526316,0.0,0.44492586689522207,0.29887768934493664,0.4873678692242965,0.3505507503097207,0.1594101724316888,33.6,137,webinar,True,rep_visit,0.4467
445,Michael,Matthews,cardiology,low_value,TERR_35,Miami,FL,hospital,4.4,False,Digital-Heavy,9.0,10.0,2.0,2.0,3.0,0.1111111111111111,0.0,0.5,0.0,0.3333333333333333,8.0,86.0,2.0,24.0,93.0,0.11764705882352941,0.5555555555555556,0.0,0.125,0.9375,0.5,0.3,0.24390243902439027,0.3333333333333333,0.5882352941176471,0.25862068965517243,0.0,0.5625,0.7894736842105263,0.1111111111111111,0.13902414756250497,0.5121838810536984,0.3079588383843306,0.1757104518848947,0.34489372332501644,29.43,222,phone_call,True,rep_visit,0.2089
446,Danielle,Coleman,primary_care,high_value,TERR_37,Boston,MA,private_practice,2.5,False,Digital-Heavy,9.0,10.0,1.0,1.0,5.0,0.0,0.0,1.0,0.0,0.0,42.0,56.0,303.0,287.0,38.0,0.058823529411764705,0.09463722397476342,0.0,0.0625,0.0900900900900901,1.0,0.5,0.4411764705882353,0.0,0.5882352941176471,0.3488372093023256,0.0,0.5625,0.4166666666666667,0.0,0.03175139269301597,0.6173367689296112,0.1949925177023997,0.19431166912785963,0.20294259915127244,23.88,336,phone_call,True,rep_visit,0.2515
447,John,Bruce,primary_care,high_value,TERR_36,Sacramento,CA,private_practice,4.4,False,Digital-Heavy,9.0,8.0,4.0,2.0,7.0,0.0,0.25,0.5,0.0,0.14285714285714285,9.0,106.0,50.0,133.0,43.0,0.11764705882352941,0.18404907975460122,0.0,0.25,0.37499999999999994,0.5,0.7,0.410958904109589,0.14285714285714285,0.47058823529411764,0.22058823529411764,0.25,0.5625,0.7692307692307692,0.0,0.06242539723862343,0.4222125210655128,0.3140534163586213,0.2898308709462751,0.2756357321774119,26.99,264,phone_call,True,rep_visit,0.2978
448,James,Cruz,dermatology,low_value,TERR_30,Oakland,CA,private_practice,2.3,False,In-Person-Heavy,5.0,4.0,2.0,1.0,4.0,0.4,0.5,0.0,0.0,0.0,58.0,148.0,135.0,87.0,37.0,0.058823529411764705,0.25641025641025644,0.0,0.125,0.18181818181818182,0.0,0.4,0.44776119402985076,0.0,0.23529411764705882,0.16853932584269662,0.5,0.3125,0.3409090909090909,0.4,0.06510642935542585,0.06349525845418914,0.1755443997509436,0.3765839265098709,0.3696113299317508,22.39,366,email,True,rep_visit,0.2843
449,Timothy,Young,oncology,low_value,TERR_23,Virginia Beach,VA,hospital,5.0,False,In-Person-Heavy,3.0,5.0,4.0,2.0,3.0,0.0,0.2,0.75,0.0,0.6666666666666666,17.0,22.0,161.0,93.0,107.0,0.11764705882352941,0.24390243902439027,0.0,0.25,0.15706806282722513,0.75,0.3,0.21897810218978103,0.6666666666666666,0.29411764705882354,0.5769230769230769,0.2,0.1875,0.6382978723404256,0.0,0.07476621179069207,0.5237179090266855,0.4980725031848159,0.2972974816643918,0.1706177543646914,29.81,212,phone_call,True,rep_visit,0.3543
450,Ashley,Andrews,cardiology,medium_value,TERR_36,Tucson,AZ,hospital,3.5,False,Digital-Heavy,1.0,2.0,11.0,7.0,6.0,0.0,0.0,0.2727272727272727,0.5714285714285714,0.3333333333333333,8.0,121.0,0.0,66.0,70.0,0.4117647058823529,0.3125,0.5714285714285714,0.6875,1.0,0.2727272727272727,0.6,0.3,0.3333333333333333,0.11764705882352941,0.19867549668874174,0.0,0.0625,0.7894736842105263,0.0,0.4848222832735196,0.5089761045974152,0.38194261767533844,0.06544113271525477,0.17578058249402398,30.89,185,phone_call,True,rep_visit,0.3339
451,Victoria,Phillips,oncology,low_value,TERR_29,San Jose,CA,hospital,1.4,False,Digital-Heavy,3.0,11.0,1.0,1.0,7.0,0.3333333333333333,0.18181818181818182,1.0,0.0,0.0,15.0,9.0,32.0,316.0,3.0,0.058823529411764705,0.08670520231213873,0.0,0.0625,0.48387096774193555,1.0,0.7,0.9090909090909091,0.0,0.6470588235294118,0.7692307692307692,0.18181818181818182,0.1875,0.6666666666666666,0.3333333333333333,0.030115935476317173,0.6985281480692132,0.3330806299839661,0.3997303134299104,0.3717196186009114,36.12,89,phone_call,True,rep_visit,0.1797
452,Tiffany,Barrett,endocrinology,high_value,TERR_47,Milwaukee,WI,private_practice,3.6,False,Digital-Heavy,4.0,8.0,8.0,3.0,4.0,0.0,0.125,0.5,0.3333333333333333,0.25,72.0,155.0,53.0,64.0,119.0,0.17647058823529413,0.3191489361702128,0.3333333333333333,0.5,0.3614457831325301,0.5,0.4,0.20134228187919462,0.25,0.47058823529411764,0.16216216216216214,0.125,0.25,0.29411764705882354,0.0,0.29777221201015813,0.471432315301447,0.2711762247301819,0.2045645895991582,0.11265685878713269,25.76,297,phone_call,True,rep_visit,0.4682
453,Joshua,Knight,cardiology,high_value,TERR_34,New Orleans,LA,private_practice,4.2,False,Digital-Heavy,8.0,7.0,7.0,1.0,3.0,0.375,0.0,0.2857142857142857,0.0,0.3333333333333333,18.0,45.0,50.0,185.0,121.0,0.058823529411764705,0.13953488372093023,0.0,0.4375,0.37499999999999994,0.2857142857142857,0.3,0.19867549668874174,0.3333333333333333,0.4117647058823529,0.4,0.0,0.5,0.625,0.375,0.041008578914625254,0.33570379291284064,0.2986337593088933,0.168144537370018,0.4525532693038723,26.9,265,digital_ad,True,rep_visit,0.326
454,Gina,Garner,endocrinology,medium_value,TERR_31,Houston,TX,clinic,5.2,False,In-Person-Heavy,7.0,10.0,3.0,1.0,3.0,0.14285714285714285,0.4,0.0,0.0,0.0,66.0,8.0,15.0,304.0,0.0,0.058823529411764705,0.08982035928143713,0.0,0.1875,0.6666666666666666,0.0,0.3,1.0,0.0,0.5882352941176471,0.7894736842105263,0.4,0.4375,0.3125,0.14285714285714285,0.030758231496585832,0.17646695036834206,0.2686015099807682,0.5194671320673189,0.2391375680104823,24.88,319,email,True,email,0.1836
455,Brandon,Obrien,primary_care,low_value,TERR_11,Minneapolis,MN,private_practice,2.8,False,Mixed,1.0,2.0,3.0,10.0,2.0,0.0,0.0,0.0,0.4,0.0,330.0,198.0,51.0,43.0,7.0,0.5882352941176471,0.410958904109589,0.4,0.1875,0.37037037037037035,0.0,0.2,0.8108108108108107,0.0,0.11764705882352941,0.13157894736842105,0.0,0.0625,0.08333333333333333,0.0,0.44142338041442736,0.11537534766354604,0.2087879124741967,0.051606887113208,0.030185628021574214,16.09,448,rep_visit,True,rep_visit,0.4456
456,Tyler,Strong,endocrinology,high_value,TERR_43,Las Vegas,NV,private_practice,2.1,False,Digital-Heavy,9.0,6.0,3.0,2.0,4.0,0.1111111111111111,0.3333333333333333,0.0,0.0,0.5,17.0,144.0,190.0,46.0,213.0,0.11764705882352941,0.39473684210526316,0.0,0.1875,0.13636363636363638,0.0,0.4,0.1234567901234568,0.5,0.35294117647058826,0.1724137931034483,0.3333333333333333,0.5625,0.6382978723404256,0.1111111111111111,0.10586587635759923,0.06712686598191736,0.40155697127862783,0.3042338386588283,0.31372366567398313,24.5,323,webinar,True,webinar,0.3259
457,Justin,Lindsey,oncology,high_value,TERR_42,Mesa,AZ,hospital,2.7,False,Digital-Heavy,2.0,7.0,6.0,14.0,4.0,0.5,0.0,0.16666666666666666,0.7142857142857143,0.5,294.0,10.0,91.0,3.0,32.0,0.8235294117647058,0.9090909090909091,0.7142857142857143,0.375,0.24793388429752067,0.16666666666666666,0.4,0.48387096774193555,0.5,0.4117647058823529,0.75,0.0,0.125,0.09259259259259259,0.5,0.7771804668836063,0.22676806213478004,0.47586866542895095,0.24030899306505832,0.3379773577158034,40.9,30,rep_visit,True,rep_visit,0.3751
458,Catherine,Gomez,oncology,low_value,TERR_37,Sacramento,CA,hospital,0.5,False,Digital-Heavy,4.0,0.0,5.0,5.0,3.0,0.25,0.0,0.2,0.6,0.3333333333333333,71.0,,255.0,100.0,44.0,0.29411764705882354,0.23076923076923073,0.6,0.3125,0.10526315789473684,0.2,0.3,0.4054054054054054,0.3333333333333333,0.0,0.0,0.0,0.25,0.297029702970297,0.25,0.46022924384508346,0.20387327044154974,0.34125819170438876,0.0,0.2596967797610026,25.23,311,rep_visit,True,rep_visit,0.6707
459,Dana,Oliver,endocrinology,high_value,TERR_17,Minneapolis,MN,hospital,3.1,False,Mixed,3.0,6.0,8.0,9.0,3.0,0.0,0.0,0.375,0.8888888888888888,0.0,238.0,24.0,35.0,44.0,86.0,0.5294117647058824,0.4054054054054054,0.8888888888888888,0.5,0.46153846153846145,0.375,0.3,0.25862068965517243,0.0,0.35294117647058826,0.5555555555555556,0.0,0.1875,0.11194029850746269,0.0,0.7144102207828118,0.41885008944629853,0.11574084028191434,0.18797893254452974,0.06209116060292637,28.42,239,rep_visit,True,rep_visit,0.6266
460,Erica,Le,endocrinology,medium_value,TERR_13,Fresno,CA,hospital,1.6,False,Mixed,0.0,1.0,6.0,2.0,3.0,0.0,0.0,0.5,0.5,0.3333333333333333,,197.0,114.0,120.0,22.0,0.11764705882352941,0.2,0.5,0.375,0.20833333333333334,0.5,0.3,0.5769230769230769,0.3333333333333333,0.058823529411764705,0.13215859030837004,0.0,0.0,0.0,0.0,0.3585932266656037,0.4138557240657657,0.3766224185819701,0.039487704059870066,0.0,21.73,382,phone_call,True,rep_visit,0.6714
461,Donna,Massey,dermatology,medium_value,TERR_32,Minneapolis,MN,clinic,0.5,False,Mixed,3.0,2.0,7.0,11.0,8.0,0.0,1.0,0.14285714285714285,0.7272727272727273,0.0,113.0,22.0,28.0,50.0,57.0,0.6470588235294118,0.37499999999999994,0.7272727272727273,0.4375,0.5172413793103449,0.14285714285714285,0.8,0.3448275862068966,0.0,0.11764705882352941,0.5769230769230769,1.0,0.1875,0.2097902097902098,0.0,0.6379505399721588,0.28135199714243325,0.23754425484532793,0.7291877966860396,0.08226626228157616,37.96,59,email,True,rep_visit,0.6241
462,Courtney,Berger,cardiology,low_value,TERR_44,Boston,MA,private_practice,2.0,False,Digital-Heavy,3.0,4.0,7.0,5.0,2.0,0.0,0.25,0.2857142857142857,0.0,0.5,190.0,154.0,32.0,94.0,57.0,0.29411764705882354,0.24193548387096778,0.0,0.4375,0.48387096774193555,0.2857142857142857,0.2,0.3448275862068966,0.5,0.23529411764705882,0.16304347826086957,0.25,0.1875,0.13636363636363638,0.0,0.1110767455328584,0.358151261850238,0.4055885554900187,0.22901126862308546,0.06712686598191736,21.97,379,webinar,True,rep_visit,0.372
463,Debbie,Parker,endocrinology,low_value,TERR_35,Fort Worth,TX,hospital,3.2,False,Digital-Heavy,2.0,3.0,3.0,1.0,1.0,0.0,0.3333333333333333,0.0,1.0,0.0,148.0,4.0,31.0,294.0,330.0,0.058823529411764705,0.09259259259259259,1.0,0.1875,0.49180327868852464,0.0,0.1,0.08333333333333333,0.0,0.17647058823529413,0.8823529411764706,0.3333333333333333,0.125,0.16853932584269662,0.0,0.617087826788463,0.14041288975567556,0.037987796878084415,0.41389595620028197,0.06075736870069279,24.71,322,rep_visit,True,rep_visit,0.2525
464,Scott,Riley,oncology,high_value,TERR_17,Sacramento,CA,hospital,1.0,False,Digital-Heavy,5.0,6.0,3.0,6.0,5.0,0.2,0.3333333333333333,0.0,0.6666666666666666,0.6,81.0,44.0,67.0,25.0,10.0,0.35294117647058826,0.5454545454545454,0.6666666666666666,0.1875,0.30927835051546393,0.0,0.5,0.75,0.6,0.35294117647058826,0.4054054054054054,0.3333333333333333,0.3125,0.27027027027027023,0.2,0.5764016007356413,0.10277914092028913,0.6101218402519424,0.3522730183253443,0.2378951231569518,36.99,71,webinar,True,rep_visit,0.3386
465,Jessica,Davis,endocrinology,medium_value,TERR_39,Boston,MA,private_practice,2.5,False,Digital-Heavy,4.0,3.0,4.0,0.0,3.0,0.0,0.3333333333333333,0.0,0.0,0.6666666666666666,42.0,15.0,24.0,,119.0,0.0,0.0,0.0,0.25,0.5555555555555556,0.0,0.3,0.20134228187919462,0.6666666666666666,0.17647058823529413,0.6666666666666666,0.3333333333333333,0.25,0.4166666666666667,0.0,0.0,0.1665612141148939,0.494436276403533,0.369424863054879,0.13792452534702077,22.69,361,webinar,True,rep_visit,0.4516
466,Kenneth,Burgess,endocrinology,medium_value,TERR_19,Las Vegas,NV,hospital,2.4,False,In-Person-Heavy,3.0,3.0,6.0,4.0,2.0,0.0,0.3333333333333333,0.3333333333333333,0.25,0.5,161.0,197.0,2.0,70.0,39.0,0.23529411764705882,0.3,0.25,0.375,0.9375,0.3333333333333333,0.2,0.4347826086956522,0.5,0.17647058823529413,0.13215859030837004,0.3333333333333333,0.1875,0.15706806282722513,0.0,0.2572495338950578,0.46657200598081505,0.42413585616126487,0.25921776478345177,0.07139579074255414,27.71,252,phone_call,True,rep_visit,0.2119
467,Gregory,Anderson,dermatology,high_value,TERR_11,Colorado Springs,CO,clinic,2.0,False,Mixed,1.0,4.0,10.0,17.0,3.0,0.0,0.0,0.4,0.7058823529411765,1.0,144.0,50.0,9.0,3.0,114.0,1.0,0.9090909090909091,0.7058823529411765,0.625,0.7692307692307692,0.4,0.3,0.20833333333333334,1.0,0.23529411764705882,0.37499999999999994,0.0,0.0625,0.1724137931034483,0.0,0.8089742194461946,0.5229425488173454,0.6911303887015993,0.12627384465528224,0.04855260771407217,40.96,28,rep_visit,True,rep_visit,0.449
468,Amber,Mata,endocrinology,medium_value,TERR_41,Tulsa,OK,private_practice,2.7,False,Mixed,5.0,13.0,3.0,1.0,6.0,0.2,0.46153846153846156,0.3333333333333333,0.0,0.6666666666666666,17.0,38.0,126.0,185.0,77.0,0.058823529411764705,0.13953488372093023,0.0,0.1875,0.1923076923076923,0.3333333333333333,0.6,0.2803738317757009,0.6666666666666666,0.7647058823529411,0.4411764705882353,0.46153846153846156,0.3125,0.6382978723404256,0.2,0.041008578914625254,0.27391431234756003,0.5731486809156626,0.5204164991291966,0.3137765848259336,34.23,125,webinar,True,rep_visit,0.3505
469,Alyssa,Mcintyre,oncology,medium_value,TERR_44,Albuquerque,NM,private_practice,5.3,False,Mixed,3.0,6.0,9.0,11.0,5.0,0.0,0.16666666666666666,0.1111111111111111,0.8181818181818182,0.2,17.0,28.0,86.0,38.0,1.0,0.6470588235294118,0.4411764705882353,0.8181818181818182,0.5625,0.25862068965517243,0.1111111111111111,0.5,0.9677419354838709,0.2,0.35294117647058826,0.5172413793103449,0.16666666666666666,0.1875,0.6382978723404256,0.0,0.70484580761429,0.23544024502167551,0.42071357624765393,0.27770549044898735,0.1706177543646914,35.13,103,rep_visit,True,rep_visit,0.3561
470,Maria,Scott,oncology,low_value,TERR_24,Nashville,TN,hospital,2.8,False,Digital-Heavy,6.0,5.0,2.0,1.0,2.0,0.16666666666666666,0.0,0.0,1.0,0.5,17.0,50.0,10.0,85.0,147.0,0.058823529411764705,0.2608695652173913,1.0,0.125,0.75,0.0,0.2,0.1694915254237288,0.5,0.29411764705882354,0.37499999999999994,0.0,0.375,0.6382978723404256,0.16666666666666666,0.6517838728898281,0.18064534886821565,0.369437037232505,0.13851254090078846,0.30725493276352706,32.96,148,rep_visit,True,rep_visit,0.439
471,Makayla,Olson,cardiology,low_value,TERR_14,Las Vegas,NV,hospital,4.4,False,In-Person-Heavy,0.0,1.0,6.0,5.0,0.0,0.0,0.0,0.6666666666666666,0.6,0.0,,88.0,157.0,8.0,,0.29411764705882354,0.7894736842105263,0.6,0.375,0.16042780748663102,0.6666666666666666,0.0,0.0,0.0,0.058823529411764705,0.2542372881355932,0.0,0.0,0.0,0.0,0.5754252517793295,0.5016046976177304,0.0,0.0646583977189011,0.0,21.06,389,rep_visit,True,rep_visit,0.7027
472,Lindsay,Francis,oncology,low_value,TERR_47,Houston,TX,hospital,3.1,True,Digital-Heavy,5.0,0.0,0.0,0.0,2.0,0.0,0.0,0.0,0.0,1.0,25.0,,,,127.0,0.0,0.0,0.0,0.0,0.0,0.0,0.2,0.19108280254777069,1.0,0.0,0.0,0.0,0.3125,0.5454545454545454,0.0,0.0,0.0,0.6667678188996939,0.0,0.17748216060171706,16.66,442,Do Not Contact,False,rep_visit,0.5596
473,Matthew,Wilson,dermatology,low_value,TERR_08,Denver,CO,private_practice,0.5,True,Digital-Heavy,1.0,0.0,0.0,4.0,1.0,0.0,0.0,0.0,0.5,0.0,259.0,,,1.0,95.0,0.23529411764705882,0.9677419354838709,0.5,0.0,0.0,0.0,0.1,0.24000000000000005,0.0,0.0,0.0,0.0,0.0625,0.10380622837370243,0.0,0.5413668445521884,0.0,0.07028998180824533,0.0,0.03440681467040258,12.57,479,Do Not Contact,False,rep_visit,0.2668
474,Sydney,Taylor,cardiology,high_value,TERR_46,Milwaukee,WI,private_practice,4.2,False,Mixed,14.0,11.0,4.0,1.0,2.0,0.21428571428571427,0.0,0.5,0.0,0.5,46.0,30.0,21.0,112.0,11.0,0.058823529411764705,0.2112676056338028,0.0,0.25,0.5882352941176471,0.5,0.2,0.7317073170731707,0.5,0.6470588235294118,0.5,0.0,0.875,0.39473684210526316,0.21428571428571427,0.05579872986424281,0.4661782608797181,0.485357027482614,0.2377177382649115,0.3889586629537146,32.6,153,webinar,True,rep_visit,0.2618
475,Tammy,Dalton,oncology,high_value,TERR_42,Boston,MA,hospital,4.2,False,Digital-Heavy,0.0,4.0,10.0,10.0,1.0,0.0,0.25,0.6,0.5,1.0,,14.0,37.0,32.0,93.0,0.5882352941176471,0.48387096774193555,0.5,0.625,0.44776119402985076,0.6,0.1,0.24390243902439027,1.0,0.23529411764705882,0.6818181818181818,0.25,0.0,0.0,0.0,0.5150324934145708,0.5738122157086296,0.6568526076147482,0.33597439465328355,0.0,38.46,52,webinar,True,rep_visit,0.7363
476,Jennifer,Whitney,endocrinology,high_value,TERR_30,Baltimore,MD,hospital,4.5,False,In-Person-Heavy,8.0,10.0,6.0,2.0,3.0,0.0,0.5,0.0,0.5,0.0,84.0,25.0,94.0,255.0,119.0,0.11764705882352941,0.10526315789473684,0.5,0.375,0.24193548387096778,0.0,0.3,0.20134228187919462,0.0,0.5882352941176471,0.5454545454545454,0.5,0.5,0.2631578947368421,0.0,0.33905999053762287,0.1279049528704294,0.10393093993839433,0.5277300516013814,0.15828790733119388,25.07,315,email,True,rep_visit,0.28
477,Tammy,Ballard,cardiology,high_value,TERR_07,Chicago,IL,clinic,2.0,False,Digital-Heavy,0.0,2.0,11.0,11.0,3.0,0.0,0.5,0.8181818181818182,0.6363636363636364,0.3333333333333333,,234.0,1.0,17.0,51.0,0.6470588235294118,0.6382978723404256,0.6363636363636364,0.6875,0.9677419354838709,0.8181818181818182,0.3,0.37037037037037035,0.3333333333333333,0.11764705882352941,0.11363636363636363,0.5,0.0,0.0,0.0,0.6389876626812501,0.8218293688887881,0.33403452246564597,0.3407864129226717,0.0,39.37,42,phone_call,True,rep_visit,0.4605
478,Michael,Gibbs,primary_care,high_value,TERR_15,Mesa,AZ,private_practice,4.1,False,In-Person-Heavy,6.0,7.0,9.0,6.0,6.0,0.16666666666666666,0.2857142857142857,0.2222222222222222,0.5,0.3333333333333333,105.0,43.0,15.0,10.0,84.0,0.35294117647058826,0.75,0.5,0.5625,0.6666666666666666,0.2222222222222222,0.6,0.2631578947368421,0.3333333333333333,0.4117647058823529,0.410958904109589,0.2857142857142857,0.375,0.2222222222222222,0.16666666666666666,0.5209492991684062,0.3846570844218236,0.3743463591811237,0.3377635197124564,0.2214667247099837,35.82,91,rep_visit,True,rep_visit,0.3849
479,Alexander,Herrera,dermatology,medium_value,TERR_36,Sacramento,CA,clinic,2.2,False,Mixed,14.0,8.0,3.0,1.0,4.0,0.07142857142857142,0.125,0.3333333333333333,1.0,0.0,25.0,11.0,100.0,332.0,134.0,0.058823529411764705,0.08287292817679558,1.0,0.1875,0.23076923076923073,0.3333333333333333,0.4,0.18292682926829268,0.0,0.47058823529411764,0.7317073170731707,0.125,0.875,0.5454545454545454,0.07142857142857142,0.6150837859538789,0.28184447231404797,0.12093974894420187,0.32199577845030203,0.3363545509277778,33.85,135,rep_visit,True,rep_visit,0.3116
480,Shawn,Chambers,oncology,high_value,TERR_34,Tulsa,OK,hospital,3.9,False,Digital-Heavy,4.0,9.0,7.0,5.0,2.0,0.0,0.2222222222222222,0.2857142857142857,0.6,0.0,15.0,30.0,3.0,51.0,254.0,0.29411764705882354,0.37037037037037035,0.6,0.4375,0.9090909090909091,0.2857142857142857,0.2,0.1056338028169014,0.0,0.5294117647058824,0.5,0.2222222222222222,0.25,0.6666666666666666,0.0,0.4890127874271508,0.4458248779020255,0.06339158404408937,0.34340879126227863,0.1894705651291924,29.9,211,rep_visit,True,rep_visit,0.2349
481,Emily,Richards,endocrinology,high_value,TERR_13,Minneapolis,MN,private_practice,2.9,False,Mixed,2.0,7.0,8.0,2.0,8.0,0.0,0.2857142857142857,0.125,1.0,0.25,60.0,87.0,1.0,53.0,17.0,0.11764705882352941,0.3614457831325301,1.0,0.5,0.9677419354838709,0.125,0.8,0.6382978723404256,0.25,0.4117647058823529,0.25641025641025644,0.2857142857142857,0.125,0.3333333333333333,0.0,0.6847597920545108,0.37678172589532577,0.44449268019545163,0.30589803674209387,0.0947352825645962,36.26,83,rep_visit,True,rep_visit,0.2895
482,Lynn,Bentley,oncology,low_value,TERR_38,San Francisco,CA,hospital,3.9,False,Digital-Heavy,3.0,4.0,2.0,4.0,1.0,0.0,0.0,0.0,1.0,0.0,74.0,94.0,235.0,1.0,288.0,0.23529411764705882,0.9677419354838709,1.0,0.125,0.11320754716981134,0.0,0.1,0.09433962264150944,0.0,0.23529411764705882,0.24193548387096778,0.0,0.1875,0.28846153846153844,0.0,0.8342458469010424,0.04934883244192934,0.04025711938421776,0.0988380492873522,0.0984870440312106,22.1,377,rep_visit,True,rep_visit,0.4002
483,Daniel,Hall,oncology,low_value,TERR_02,Los Angeles,CA,hospital,3.8,False,In-Person-Heavy,4.0,4.0,5.0,4.0,6.0,0.0,0.0,0.2,0.25,0.16666666666666666,74.0,37.0,87.0,45.0,0.0,0.23529411764705882,0.4,0.25,0.3125,0.25641025641025644,0.2,0.6,1.0,0.16666666666666666,0.23529411764705882,0.44776119402985076,0.0,0.25,0.28846153846153844,0.0,0.2778679498079264,0.2350374078537129,0.42864519494913444,0.14127605026352624,0.11149065879206094,22.86,358,webinar,True,rep_visit,0.3126
484,Angel,Henson,oncology,medium_value,TERR_34,Colorado Springs,CO,hospital,4.2,False,Mixed,8.0,10.0,7.0,4.0,6.0,0.0,0.1,0.2857142857142857,0.25,0.6666666666666666,2.0,32.0,9.0,151.0,114.0,0.23529411764705882,0.16574585635359115,0.25,0.4375,0.7692307692307692,0.2857142857142857,0.6,0.20833333333333334,0.6666666666666666,0.5882352941176471,0.48387096774193555,0.1,0.5,0.9375,0.0,0.22956845617778104,0.4169879325693421,0.5582950713211116,0.2807292915354876,0.2973265672699464,34.93,105,webinar,True,rep_visit,0.2348
485,Anna,Herman,cardiology,low_value,TERR_29,Colorado Springs,CO,clinic,1.9,False,In-Person-Heavy,2.0,2.0,4.0,1.0,2.0,0.0,0.5,0.25,1.0,1.0,52.0,86.0,25.0,186.0,164.0,0.058823529411764705,0.1388888888888889,1.0,0.25,0.5454545454545454,0.25,0.2,0.15463917525773196,1.0,0.11764705882352941,0.25862068965517243,0.5,0.125,0.36585365853658536,0.0,0.6266333897110874,0.31091804701529374,0.6592537202512981,0.3706798842696991,0.10144045847122016,39.35,44,webinar,True,rep_visit,0.5509
486,Jeffrey,Brown,dermatology,low_value,TERR_30,Fort Worth,TX,hospital,2.5,False,Mixed,6.0,4.0,1.0,1.0,2.0,0.0,0.0,0.0,0.0,0.0,11.0,31.0,273.0,198.0,185.0,0.058823529411764705,0.13157894736842105,0.0,0.0625,0.09900990099009901,0.0,0.2,0.13953488372093023,0.0,0.23529411764705882,0.49180327868852464,0.0,0.375,0.7317073170731707,0.0,0.039368190867701804,0.03341788794190841,0.07038144990384013,0.15035683045514936,0.228888146464141,11.41,484,digital_ad,True,rep_visit,0.2993
487,Madison,Blankenship,dermatology,low_value,TERR_23,Albuquerque,NM,private_practice,1.7,False,Digital-Heavy,1.0,1.0,6.0,4.0,5.0,0.0,0.0,0.0,0.0,0.2,18.0,21.0,59.0,94.0,37.0,0.23529411764705882,0.24193548387096778,0.0,0.375,0.33707865168539325,0.0,0.5,0.44776119402985076,0.2,0.058823529411764705,0.5882352941176471,0.0,0.0625,0.625,0.0,0.0988380492873522,0.14752196692308625,0.31350178430784575,0.13352349573296893,0.14186871421627947,16.42,445,webinar,True,rep_visit,0.4156
488,Kevin,Ortiz,oncology,medium_value,TERR_20,Albuquerque,NM,cancer_center,3.7,True,In-Person-Heavy,0.0,0.0,0.0,6.0,1.0,0.0,0.0,0.0,0.6666666666666666,0.0,,,,57.0,137.0,0.35294117647058826,0.3448275862068966,0.6666666666666666,0.0,0.0,0.0,0.1,0.17964071856287425,0.0,0.0,0.0,0.0,0.0,0.0,0.0,0.5350354998446195,0.0,0.057844854119519805,0.0,0.0,11.35,485,Do Not Contact,False,rep_visit,0.7474
489,Donald,Shah,oncology,high_value,TERR_22,Baltimore,MD,hospital,1.6,False,In-Person-Heavy,9.0,12.0,4.0,2.0,3.0,0.0,0.25,0.0,0.5,0.0,29.0,45.0,79.0,16.0,7.0,0.11764705882352941,0.6521739130434783,0.5,0.25,0.27522935779816515,0.0,0.3,0.8108108108108107,0.0,0.7058823529411765,0.4,0.25,0.5625,0.5084745762711864,0.0,0.4518243247064011,0.10876239274854443,0.22959369609155722,0.37577751977197604,0.2218719357944428,27.82,250,rep_visit,True,rep_visit,0.2676
490,Kevin,Vasquez,endocrinology,high_value,TERR_18,Jacksonville,FL,private_practice,1.6,False,Mixed,11.0,11.0,3.0,2.0,6.0,0.18181818181818182,0.18181818181818182,0.0,0.5,0.3333333333333333,1.0,35.0,133.0,106.0,88.0,0.11764705882352941,0.22058823529411764,0.5,0.1875,0.18404907975460122,0.0,0.6,0.2542372881355932,0.3333333333333333,0.6470588235294118,0.46153846153846145,0.18181818181818182,0.6875,0.9677419354838709,0.18181818181818182,0.3628381946476649,0.07695884903016204,0.3725070714101274,0.3362890336980068,0.44907427499024655,33.17,145,digital_ad,True,rep_visit,0.2714
491,Colton,Clay,oncology,low_value,TERR_32,El Paso,TX,hospital,1.9,False,Digital-Heavy,4.0,5.0,6.0,2.0,1.0,0.0,0.0,0.6666666666666666,0.0,0.0,95.0,70.0,116.0,63.0,144.0,0.11764705882352941,0.3225806451612903,0.0,0.375,0.2054794520547945,0.6666666666666666,0.1,0.1724137931034483,0.0,0.29411764705882354,0.3,0.0,0.25,0.24000000000000005,0.0,0.09098841156478227,0.5108936330703817,0.05635477657058237,0.12304872896613697,0.10149865723428614,16.66,442,phone_call,True,rep_visit,0.3941
492,Derek,Chavez,primary_care,high_value,TERR_41,Philadelphia,PA,private_practice,1.2,False,Mixed,6.0,3.0,5.0,8.0,4.0,0.16666666666666666,0.0,0.4,1.0,0.75,32.0,1.0,101.0,42.0,51.0,0.47058823529411764,0.4166666666666667,1.0,0.3125,0.22900763358778622,0.4,0.4,0.37037037037037035,0.75,0.17647058823529413,0.9677419354838709,0.0,0.375,0.48387096774193555,0.16666666666666666,0.769577640965377,0.346539022048683,0.5989061413737182,0.2362491459578282,0.2754145512920415,43.41,17,rep_visit,True,rep_visit,0.343
493,Ellen,Paul,dermatology,high_value,TERR_34,Oakland,CA,hospital,4.9,False,In-Person-Heavy,1.0,3.0,7.0,8.0,5.0,0.0,0.3333333333333333,0.14285714285714285,0.375,0.6,220.0,100.0,3.0,14.0,58.0,0.47058823529411764,0.6818181818181818,0.375,0.4375,0.9090909090909091,0.14285714285714285,0.5,0.3409090909090909,0.6,0.17647058823529413,0.23076923076923073,0.3333333333333333,0.0625,0.12000000000000002,0.0,0.45814893022252184,0.36214516294521015,0.5257737751538434,0.2795497167680156,0.03774571385629273,31.15,178,webinar,True,rep_visit,0.3427
494,Sonya,Barnes,endocrinology,low_value,TERR_13,Denver,CO,clinic,0.5,False,Digital-Heavy,0.0,2.0,5.0,6.0,0.0,0.0,0.0,0.4,0.5,0.0,,70.0,60.0,105.0,,0.35294117647058826,0.2222222222222222,0.5,0.3125,0.3333333333333333,0.4,0.0,0.0,0.0,0.11764705882352941,0.3,0.0,0.0,0.0,0.0,0.4121298818504882,0.3680493287262304,0.0,0.08633264022961837,0.0,16.03,449,rep_visit,True,rep_visit,0.696
495,Julia,Moore,primary_care,high_value,TERR_23,Portland,OR,private_practice,0.6,False,In-Person-Heavy,2.0,11.0,8.0,7.0,4.0,0.0,0.2727272727272727,0.25,0.2857142857142857,0.25,207.0,16.0,141.0,8.0,4.0,0.4117647058823529,0.7894736842105263,0.2857142857142857,0.5,0.17543859649122806,0.25,0.4,0.8823529411764706,0.25,0.6470588235294118,0.6521739130434783,0.2727272727272727,0.125,0.12658227848101264,0.0,0.4158072713653479,0.28664107875749045,0.4115898348750632,0.42884577166647786,0.0521064901709015,30.25,202,email,True,rep_visit,0.2422
496,Robert,Garcia,dermatology,medium_value,TERR_10,Wichita,KS,private_practice,3.3,False,Digital-Heavy,2.0,9.0,6.0,6.0,1.0,0.0,0.1111111111111111,0.0,0.6666666666666666,0.0,158.0,0.0,128.0,25.0,206.0,0.35294117647058826,0.5454545454545454,0.6666666666666666,0.375,0.189873417721519,0.0,0.1,0.1271186440677966,0.0,0.5294117647058824,1.0,0.1111111111111111,0.125,0.1595744680851064,0.0,0.5764016007356413,0.11717057953890325,0.04701563435405798,0.38141664808243214,0.05890895704223577,23.0,354,rep_visit,True,rep_visit,0.2773
497,Tracy,Russell,dermatology,low_value,TERR_30,Dallas,TX,clinic,2.9,False,In-Person-Heavy,2.0,3.0,4.0,2.0,3.0,0.0,0.3333333333333333,0.5,0.0,0.0,259.0,14.0,114.0,178.0,51.0,0.11764705882352941,0.14423076923076922,0.0,0.25,0.20833333333333334,0.5,0.3,0.37037037037037035,0.0,0.17647058823529413,0.6818181818181818,0.3333333333333333,0.125,0.10380622837370243,0.0,0.05421549236534219,0.38784849454406506,0.13878185423307665,0.3725488654659197,0.04741042943125291,18.86,425,phone_call,True,rep_visit,0.3447
498,Stephanie,Johnson,dermatology,low_value,TERR_37,Omaha,NE,private_practice,3.1,False,Mixed,3.0,2.0,11.0,4.0,4.0,0.0,0.0,0.18181818181818182,1.0,0.0,164.0,16.0,59.0,31.0,9.0,0.23529411764705882,0.49180327868852464,1.0,0.6875,0.33707865168539325,0.18181818181818182,0.4,0.7692307692307692,0.0,0.11764705882352941,0.6521739130434783,0.0,0.1875,0.15463917525773196,0.0,0.7361148351528574,0.3190414961269212,0.24182633379920104,0.15894532235754713,0.07089499260142007,29.05,227,rep_visit,True,rep_visit,0.5118
499,Mitchell,Ramos,primary_care,medium_value,TERR_47,New Orleans,LA,private_practice,0.5,False,In-Person-Heavy,6.0,4.0,1.0,3.0,3.0,0.0,0.5,0.0,0.3333333333333333,0.3333333333333333,4.0,49.0,154.0,186.0,31.0,0.17647058823529413,0.1388888888888889,0.3333333333333333,0.0625,0.16304347826086957,0.0,0.3,0.49180327868852464,0.3333333333333333,0.23529411764705882,0.379746835443038,0.5,0.375,0.8823529411764706,0.0,0.26060544573696104,0.04662059722748402,0.3590720645577755,0.4201315692784813,0.2599488877962961,27.26,260,email,True,rep_visit,0.2279
500,Stephanie,Foley,oncology,medium_value,TERR_41,San Antonio,TX,cancer_center,1.2,False,In-Person-Heavy,2.0,10.0,3.0,1.0,1.0,0.5,0.2,0.6666666666666666,1.0,0.0,88.0,81.0,105.0,121.0,214.0,0.058823529411764705,0.19867549668874174,1.0,0.1875,0.2222222222222222,0.6666666666666666,0.1,0.12295081967213116,0.0,0.5882352941176471,0.27027027027027023,0.2,0.125,0.2542372881355932,0.5,0.6389604411674566,0.4753348827762866,0.04615629498564168,0.2952640118077621,0.37130593334394957,36.67,73,rep_visit,True,rep_visit,0.4272
